element_type,xG_per_90,xA_per_90,bps_per_90,form,was_home,FDR,last_minutes_5_match,ict_index,Defensive_Contribution_per_90,xGC_per_90,Saves_per_90,total_points,xG_per_90_L5M,ict_index_per_90,Opponent_xGC_per_90,xG_match,xA_per_90_L5M,is_setpiece_taker,xA_match
2,0.0,0.0,20.7692,1.0,0,2,13.0,0.1,3.1154,0.9,0.0,1,0.0,0.6923,1.5,0.0,0.0,0,0.0
2,0.0,0.0429,12.8571,1.0,0,3,17.0,0.2,1.9286,0.6429,0.0,1,0.0,0.8571,1.5,0.0,0.0265,1,0.01
2,0.0,0.036,32.4,1.0,0,4,19.6667,0.3,4.86,0.396,0.0,1,0.0,1.08,1.5,0.0,0.0305,0,0.01
3,0.0,0.0,1080.0,4.0,1,3,1.0,0.4,108.0,0.0,0.0,4,0.0,36.0,1.5,0.0,0.0,0,0.0
3,0.313,0.0391,3.913,2.5,0,3,12.0,1.1,0.3913,0.5087,0.0,1,0.3,4.3043,1.5,0.08,0.0375,1,0.01
3,0.0,0.0,270.0,2.0,1,2,8.3333,0.1,27.0,0.0,0.0,1,0.288,9.0,1.5,0.0,0.036,0,0.0
3,0.1059,0.5824,58.2353,7.0,1,3,34.0,6.3,5.8235,0.6618,0.0,7,0.1059,16.6765,1.5,0.04,0.5824,0,0.22
3,0.0,0.0692,103.8462,5.5,1,3,23.5,3.4,10.3846,0.4154,0.0,4,0.0766,23.5385,1.5,0.0,0.4404,0,0.01
3,0.4215,0.0684,6.8354,4.6667,0,4,42.0,3.7,0.6835,0.2278,0.0,3,0.2929,4.2152,1.5,0.37,0.2071,1,0.06
3,0.0,0.0,0.0,2.6667,1,4,42.75,0.5,0.0,1.8,0.0,1,0.2158,1.0,1.5,0.0,0.1526,0,0.0
3,0.0,0.1929,12.8571,1.6667,0,2,37.0,2.0,1.2857,0.0,0.0,1,0.1995,12.8571,1.5,0.0,0.1557,0,0.03
3,4.1824,0.1059,116.4706,2.6667,1,3,33.6,5.8,11.6471,0.0,0.0,6,0.6214,30.7059,1.5,0.79,0.0643,0,0.02
3,0.0,0.0818,16.3636,2.6667,0,2,33.2,0.2,1.6364,0.0,0.0,1,0.6289,1.6364,1.5,0.0,0.0651,0,0.01
3,0.0,0.0,-27.3913,1.6667,1,2,22.0,0.0,-2.7391,0.2739,0.0,-2,0.6464,0.0,1.5,0.0,0.0491,0,0.0
3,0.0,0.46,6.0,0.0,0,3,22.0,1.9,0.6,0.4,0.0,1,0.6464,3.8,1.5,0.0,0.2373,1,0.23
3,0.0,0.9,180.0,0.0,0,2,19.4,0.0,18.0,13.5,0.0,1,0.733,0.0,1.5,0.0,0.2505,1,0.01
3,0.5625,0.5625,0.0,1.0,1,3,17.6,1.7,0.0,0.0,0.0,1,0.0511,19.125,1.5,0.05,0.3068,0,0.05
2,0.0,0.0,45.0,1.0,1,3,4.0,0.0,6.75,0.45,0.0,1,0.0,0.0,1.5,0.0,0.0,1,0.0
2,0.0,0.0,22.5,1.0,0,3,12.0,1.3,3.375,3.285,0.0,1,0.0,5.85,1.5,0.0,0.0,1,0.0
2,0.0,0.01,16.0,1.3333,1,2,38.0,2.3,2.4,0.96,0.0,2,0.0,2.3,1.5,0.0,0.0079,1,0.01
2,0.0,0.02,23.0,2.6667,0,3,51.0,2.4,3.45,0.3,0.0,5,0.0,2.4,1.5,0.0,0.0132,0,0.02
2,0.07,0.01,11.0,2.6667,1,3,58.8,1.8,1.65,1.5,0.0,1,0.0214,1.8,1.5,0.07,0.0122,0,0.01
2,0.0,0.0,25.0,4.0,0,4,76.0,2.5,3.75,0.69,0.0,6,0.0166,2.5,1.5,0.0,0.0095,0,0.0
2,0.0,0.0,27.0,5.0,1,3,90.0,1.3,4.05,0.55,0.0,8,0.014,1.3,1.5,0.0,0.008,0,0.0
2,0.13,0.01,11.0,5.0,0,2,90.0,3.0,1.65,1.36,0.0,1,0.04,3.0,1.5,0.13,0.008,0,0.01
2,0.0,0.03,12.0,3.6667,0,3,90.0,2.3,1.8,1.09,0.0,2,0.04,2.3,1.5,0.0,0.01,0,0.03
2,0.14,0.03,10.0,1.6667,1,3,90.0,4.2,1.5,0.3,0.0,2,0.054,4.2,1.5,0.14,0.014,0,0.03
2,0.06,0.02,23.0,3.3333,0,4,90.0,2.3,3.45,1.11,0.0,6,0.066,2.3,1.5,0.06,0.018,1,0.02
2,0.35,0.01,15.0,3.3333,1,2,90.0,3.4,2.25,0.71,0.0,2,0.136,3.4,1.5,0.35,0.02,0,0.01
2,0.0,0.02,12.0,3.0,0,3,90.0,1.9,1.8,0.5,0.0,1,0.11,1.9,1.5,0.0,0.022,0,0.02
2,0.0,0.01,18.0,1.6667,0,3,90.0,4.2,2.7,0.51,0.0,2,0.11,4.2,1.5,0.0,0.018,0,0.01
2,0.06,0.05,24.0,3.0,1,4,90.0,3.1,3.6,0.69,0.0,6,0.094,3.1,1.5,0.06,0.022,0,0.05
2,0.12,0.0,25.0,6.0,0,3,90.0,7.3,3.75,0.95,0.0,10,0.106,7.3,1.5,0.12,0.018,0,0.0
2,0.19,0.1,18.0,5.6667,1,3,90.0,4.0,2.7,1.48,0.0,1,0.074,4.0,1.5,0.19,0.036,1,0.1
2,0.0,0.02,19.0,4.0,0,2,90.0,3.7,2.85,1.34,0.0,1,0.074,3.7,1.5,0.0,0.036,1,0.02
2,1.1138,0.0112,48.375,6.3333,1,2,88.0,9.3,7.2562,0.315,0.0,17,0.2782,10.4625,1.5,0.99,0.0368,0,0.01
2,0.0,0.04,12.0,6.6667,0,3,88.0,2.9,1.8,0.4,0.0,2,0.2659,2.9,1.5,0.0,0.0348,0,0.04
2,0.14,0.01,1.0,6.0,1,2,88.0,2.5,0.15,0.41,0.0,-1,0.27,2.5,1.5,0.14,0.0368,0,0.01
2,0.63,0.01,38.0,4.3333,0,3,88.0,12.9,5.7,0.21,0.0,12,0.36,12.9,1.5,0.63,0.0184,0,0.01
2,0.02,0.01,31.0,5.6667,0,2,88.0,4.6,4.65,0.26,0.0,6,0.3641,4.6,1.5,0.02,0.0164,0,0.01
2,0.21,0.03,14.0,6.6667,1,4,90.0,5.5,2.1,0.16,0.0,2,0.2,5.5,1.5,0.21,0.02,0,0.03
2,0.0,0.06,28.0,4.6667,0,4,90.0,3.0,4.2,0.23,0.0,6,0.2,3.0,1.5,0.0,0.024,0,0.06
2,0.28,0.03,12.0,3.0,1,3,90.0,3.8,1.8,0.97,0.0,1,0.228,3.8,1.5,0.28,0.028,0,0.03
2,0.0,0.0,19.0,4.3333,0,4,90.0,0.7,2.85,0.95,0.0,6,0.102,0.7,1.5,0.0,0.026,0,0.0
2,0.0,0.01,25.0,4.3333,1,4,90.0,2.1,3.75,0.27,0.0,6,0.098,2.1,1.5,0.0,0.026,0,0.01
2,0.69,0.01,18.0,6.0,0,3,90.0,7.3,2.7,0.53,0.0,6,0.194,7.3,1.5,0.69,0.022,0,0.01
2,0.0,0.01,10.0,4.0,1,3,90.0,1.9,1.5,1.13,0.0,0,0.194,1.9,1.5,0.0,0.012,0,0.01
2,0.0,0.0,24.0,4.0,0,3,90.0,0.9,3.6,0.14,0.0,6,0.138,0.9,1.5,0.0,0.006,0,0.0
2,0.0,0.01,27.0,4.0,1,3,90.0,2.2,4.05,1.61,0.0,6,0.138,2.2,1.5,0.0,0.008,0,0.01
2,0.0,0.03,14.0,4.3333,0,3,90.0,1.5,2.1,2.37,0.0,1,0.138,1.5,1.5,0.0,0.012,1,0.03
2,0.13,0.01,27.0,4.6667,1,2,90.0,1.7,4.05,0.37,0.0,7,0.026,1.7,1.5,0.13,0.012,0,0.01
2,0.22,0.01,27.0,5.0,0,3,90.0,2.4,4.05,0.64,0.0,7,0.07,2.4,1.5,0.22,0.012,0,0.01
2,0.0776,0.031,15.5172,5.0,1,4,83.6,1.7,2.3276,0.7138,0.0,1,0.0861,2.6379,1.5,0.05,0.0172,0,0.02
3,0.05,0.24,11.0,2.0,1,3,90.0,5.5,1.1,1.18,0.0,2,0.05,5.5,1.5,0.05,0.24,0,0.24
3,0.02,0.05,-1.0,2.0,0,3,90.0,1.9,-0.1,1.06,0.0,2,0.035,1.9,1.5,0.02,0.145,0,0.05
3,0.4418,0.2291,3.2727,1.6667,1,2,78.3333,4.2,0.3273,0.4745,0.0,1,0.1302,6.8727,1.5,0.27,0.1647,0,0.14
3,0.4263,0.0474,5.9211,1.6667,1,3,77.75,4.1,0.5921,1.0658,0.0,2,0.2026,4.8553,1.5,0.36,0.136,0,0.04
3,0.0,0.0,36.0,1.3333,0,3,64.2,0.5,3.6,0.9,0.0,1,0.1963,4.5,1.5,0.0,0.1318,0,0.0
3,0.12,0.02,-2.0,1.0,1,3,55.2,1.0,-0.2,1.2,0.0,0,0.2315,2.0,1.5,0.06,0.0783,0,0.01
3,0.9225,0.0225,20.25,2.6667,0,3,53.2,6.9,2.025,0.7762,0.0,7,0.5109,7.7625,1.5,0.82,0.0711,0,0.02
3,0.0,0.18,72.0,3.6667,1,2,45.2,3.5,7.2,0.0,0.0,4,0.4938,21.0,1.5,0.0,0.0398,0,0.03
3,0.0,0.075,15.0,4.0,0,3,32.4,0.1,1.5,0.15,0.0,1,0.4889,0.75,1.5,0.0,0.0389,0,0.01
3,0.28,0.04,7.0,2.6667,1,3,48.4,3.0,0.7,0.03,0.0,3,0.4314,3.0,1.5,0.28,0.0409,0,0.04
3,0.08,0.06,5.0,1.6667,0,2,57.4,3.2,0.5,1.09,0.0,1,0.37,3.2,1.5,0.08,0.0502,1,0.06
3,0.5586,0.0776,0.0,1.6667,1,3,53.0,3.4,0.0,0.4034,0.0,1,0.2445,5.2759,1.5,0.36,0.0645,0,0.05
3,2.6182,0.0,180.0,2.6667,0,2,52.2,7.3,18.0,0.0,0.0,6,0.3586,59.7273,1.5,0.32,0.0552,0,0.0
3,0.0,0.0,22.5,2.6667,1,3,52.2,0.2,2.25,0.975,0.0,1,0.3586,1.5,1.5,0.0,0.0517,1,0.0
3,0.92,0.07,25.0,4.6667,0,2,52.2,12.0,2.5,0.5,0.0,7,0.5793,12.0,1.5,0.92,0.0621,0,0.07
3,0.02,0.27,6.0,3.3333,0,3,52.2,5.2,0.6,0.51,0.0,2,0.5586,5.2,1.5,0.02,0.1345,0,0.27
3,0.6443,0.0409,24.5455,5.6667,1,2,58.2,6.7,2.4545,0.6852,0.0,8,0.5845,6.8523,1.5,0.63,0.1175,0,0.04
3,0.02,0.02,2.0,3.6667,0,2,74.0,1.6,0.2,0.95,0.0,1,0.3868,1.6,1.5,0.02,0.0973,0,0.02
3,0.0,0.0118,7.1053,3.6667,0,3,86.8,1.7,0.7105,1.3855,0.0,2,0.3297,2.0132,1.5,0.0,0.085,0,0.01
3,0.0,0.1588,6.6176,2.0,1,4,82.4,1.2,0.6618,0.3706,0.0,3,0.1464,1.5882,1.5,0.0,0.1005,0,0.12
3,0.0,0.0,18.9474,2.0,0,2,68.2,1.8,1.8947,1.5158,0.0,1,0.1716,8.5263,1.5,0.0,0.0501,0,0.0
3,1.02,0.04,4.0,2.6667,1,3,68.6,8.6,0.4,0.41,0.0,4,0.2729,8.6,1.5,1.02,0.0499,0,0.04
3,0.08,0.19,13.0,2.6667,0,3,68.6,7.9,1.3,0.21,0.0,3,0.2886,7.9,1.5,0.08,0.0945,0,0.19
3,0.8458,0.0542,41.2048,6.3333,0,2,70.0,8.8,4.1205,0.1952,0.0,12,0.4834,9.5422,1.5,0.78,0.1029,1,0.05
3,1.344,0.072,37.2,9.6667,1,4,71.4,9.5,3.72,0.108,0.0,14,0.7563,11.4,1.5,1.12,0.0857,0,0.06
3,0.17,0.16,41.0,13.3333,0,4,85.6,16.1,4.1,0.23,0.0,14,0.6666,16.1,1.5,0.17,0.1051,1,0.16
3,0.53,0.06,26.0,11.6667,1,3,85.6,8.8,2.6,0.97,0.0,7,0.5636,8.8,1.5,0.53,0.1093,0,0.06
3,0.33,0.01,2.0,8.0,0,2,85.6,4.1,0.2,0.95,0.0,3,0.6161,4.1,1.5,0.33,0.0715,0,0.01
3,0.0969,0.1662,19.3846,5.0,1,2,82.0,6.3,1.9385,0.1385,0.0,5,0.4873,8.7231,1.5,0.07,0.09,0,0.12
3,0.6239,0.5011,38.8636,7.3333,0,4,84.6,15.6,3.8864,0.3886,0.0,14,0.3638,15.9545,1.5,0.61,0.1787,0,0.49
3,0.19,0.29,1.0,6.6667,1,3,84.6,8.8,0.1,1.13,0.0,1,0.3681,8.8,1.5,0.19,0.2064,0,0.29
3,0.3,0.13,10.0,6.0,0,4,84.6,9.7,1.0,0.14,0.0,3,0.3191,9.7,1.5,0.3,0.2213,1,0.13
3,1.3056,0.1268,46.9014,6.0,1,3,80.8,19.7,4.6901,2.0408,0.0,14,0.4901,24.9718,1.5,1.03,0.2517,1,0.1
3,0.41,0.26,40.0,10.0,0,4,85.8,12.5,4.0,2.37,0.0,13,0.5329,12.5,1.5,0.41,0.2664,0,0.26
3,0.27,0.16,23.0,10.6667,1,3,86.2,10.6,2.3,0.37,0.0,5,0.4594,10.6,1.5,0.27,0.1963,0,0.16
3,0.0,0.5,18.0,8.0,0,3,86.2,5.6,1.8,0.64,0.0,6,0.4197,5.6,1.5,0.0,0.2401,1,0.5
3,1.24,0.04,18.0,5.6667,1,3,86.2,12.6,1.8,0.5,0.0,6,0.616,12.6,1.5,1.24,0.2213,0,0.04
4,12.6,0.9,90.0,1.0,1,3,1.0,3.8,0.0,10.8,0.0,1,12.6,342.0,1.5,0.14,0.9,0,0.01
4,4.3071,0.2571,160.7143,3.5,1,2,7.5,6.9,0.0,0.3857,0.0,6,4.86,44.3571,1.5,0.67,0.3,0,0.04
4,0.0,0.0,-3.75,2.6667,0,3,13.0,0.3,0.0,0.7125,0.0,1,1.8692,1.125,1.5,0.0,0.1154,0,0.0
4,0.5921,0.0118,1.1842,3.0,1,3,28.75,4.5,0.0,1.5513,0.0,2,1.0252,5.3289,1.5,0.5,0.047,0,0.01
4,0.11,0.19,20.0,2.6667,0,3,41.0,6.5,0.0,0.69,0.0,5,0.6234,6.5,1.5,0.11,0.1098,1,0.19
4,0.02,0.05,-1.0,2.6667,1,2,58.8,3.4,0.0,0.55,0.0,1,0.398,3.4,1.5,0.02,0.0888,1,0.05
4,0.3627,0.0,8.0597,2.6667,0,3,69.4,1.5,0.0,1.7463,0.0,2,0.2334,2.0149,1.5,0.27,0.0648,0,0.0
4,0.7062,0.0138,0.0,1.6667,0,3,77.6,5.4,0.0,0.8446,0.0,2,0.3271,7.4769,1.5,0.51,0.0603,0,0.01
4,0.7091,0.0545,1.3636,2.0,1,2,75.6,4.9,0.0,0.7909,0.0,2,0.3405,6.6818,1.5,0.52,0.069,0,0.04
4,0.7,0.44,48.0,5.0,0,3,75.6,21.5,0.0,0.5,0.0,11,0.481,21.5,1.5,0.7,0.1286,0,0.44
4,0.0444,0.1889,3.3333,5.0,0,3,73.8,5.5,0.0,0.4667,0.0,2,0.4976,6.1111,1.5,0.04,0.161,0,0.17
4,0.495,0.0562,45.0,7.3333,1,2,76.4,13.3,0.0,0.09,0.0,9,0.5207,14.9625,1.5,0.44,0.1673,0,0.05
4,0.3857,0.1753,1.1688,4.3333,0,3,78.8,5.8,0.0,1.1104,0.0,2,0.4637,6.7792,1.5,0.33,0.1942,0,0.15
4,0.46,0.27,8.0,4.0,1,3,83.6,11.0,0.0,1.48,0.0,1,0.4242,11.0,1.5,0.46,0.2325,0,0.27
4,0.1565,0.0,3.913,1.3333,0,2,70.2,0.7,0.0,1.0174,0.0,1,0.3359,2.7391,1.5,0.04,0.1641,0,0.0
4,0.135,0.4725,29.25,2.3333,1,3,70.0,9.3,0.0,0.315,0.0,5,0.3574,10.4625,1.5,0.12,0.2289,0,0.42
4,0.5026,0.187,36.2338,5.3333,0,3,69.4,17.0,0.0,0.1052,0.0,10,0.3579,19.8701,1.5,0.43,0.2594,0,0.16
4,0.1731,0.4154,6.9231,5.3333,0,4,59.2,3.1,0.0,0.3808,0.0,1,0.3345,10.7308,1.5,0.05,0.2949,0,0.12
4,0.0,0.045,-4.5,4.0,1,4,45.2,0.5,0.0,1.98,0.0,1,0.2549,2.25,1.5,0.0,0.2827,0,0.01
4,0.2408,0.3296,6.338,1.0,0,3,54.8,4.3,0.0,0.9,0.0,1,0.2595,5.4507,1.5,0.19,0.3186,0,0.26
4,0.5429,0.0857,8.5714,2.3333,0,4,51.4,5.5,0.0,0.5429,0.0,5,0.3677,7.8571,1.5,0.38,0.2136,0,0.06
4,0.2769,0.6692,9.2308,2.6667,1,4,51.6,5.5,0.0,0.4615,0.0,2,0.3,6.3462,1.5,0.24,0.3593,0,0.58
4,0.0797,0.0684,15.9494,4.0,0,3,62.2,5.4,0.0,0.1595,0.0,5,0.2547,6.1519,1.5,0.07,0.2807,0,0.06
4,0.0,0.25,25.0,2.6667,1,3,61.8,1.0,0.0,0.0,0.0,1,0.2563,5.0,1.5,0.0,0.2942,0,0.05
4,0.0,1.125,270.0,3.3333,1,2,48.4,3.2,0.0,0.0,0.0,4,0.2566,72.0,1.5,0.0,0.2975,0,0.05
4,0.0,0.0,45.0,2.0,0,3,37.4,0.5,0.0,0.225,0.0,1,0.1492,5.625,1.5,0.0,0.3561,0,0.0
4,0.3,0.45,45.0,2.0,1,3,24.2,2.4,0.0,0.0,0.0,1,0.0818,18.0,1.5,0.04,0.1636,0,0.06
3,0.0,0.0818,40.9091,1.0,0,2,11.0,0.4,4.0909,4.8273,0.0,1,0.0,3.2727,1.5,0.0,0.0818,0,0.01
3,0.0,0.45,60.0,1.0,1,2,8.5,1.1,6.0,3.75,0.0,1,0.0,16.5,1.5,0.0,0.2118,0,0.03
3,0.0,0.0,270.0,1.0,1,3,6.0,0.0,27.0,0.0,0.0,1,0.0,0.0,1.5,0.0,0.2,0,0.0
3,0.0,0.02,-2.0,1.0,1,2,15.75,0.7,-0.2,1.2,0.0,1,0.0,1.4,1.5,0.0,0.0714,0,0.01
3,0.0,0.1,30.0,1.0,0,2,14.4,0.5,3.0,0.0,0.0,1,0.0,5.0,1.5,0.0,0.075,0,0.01
3,0.0,0.0486,10.9459,1.3333,1,4,27.0,1.2,1.0946,0.6689,0.0,2,0.0,1.4595,1.5,0.0,0.06,0,0.04
3,0.0537,0.1343,14.7761,1.6667,0,2,39.2,3.3,1.4776,1.7463,0.0,2,0.0184,4.4328,1.5,0.04,0.0735,1,0.1
3,0.0577,0.0577,15.0,2.0,0,3,54.6,2.5,1.5,1.2577,0.0,2,0.0297,2.8846,1.5,0.05,0.0692,0,0.05
3,0.0,0.05,13.0,2.0,1,3,63.6,2.6,1.3,0.3,0.0,2,0.0255,2.6,1.5,0.0,0.0708,0,0.05
3,0.0,0.0,270.0,1.6667,0,3,62.0,0.1,27.0,0.0,0.0,1,0.0261,9.0,1.5,0.0,0.0697,0,0.0
3,0.0,0.0,270.0,1.3333,1,2,47.4,0.0,27.0,0.0,0.0,1,0.0342,0.0,1.5,0.0,0.0759,0,0.0
3,0.0529,1.1118,84.7059,2.0,1,4,37.4,4.0,8.4706,0.2647,0.0,4,0.0289,21.1765,1.5,0.01,0.1492,1,0.21
3,0.0,0.0,270.0,2.0,0,4,22.0,0.1,27.0,13.5,0.0,1,0.0082,9.0,1.5,0.0,0.2127,0,0.0
3,0.0,0.08,11.0,2.3333,1,4,22.0,3.1,1.1,0.41,0.0,2,0.0082,3.1,1.5,0.0,0.2373,0,0.08
3,0.0,0.1636,24.5455,1.3333,0,4,24.0,0.6,2.4545,1.2273,0.0,1,0.0075,4.9091,1.5,0.0,0.2325,0,0.02
3,0.0,0.133,12.2727,1.6667,1,3,41.4,3.2,1.2273,0.1636,0.0,2,0.0043,3.2727,1.5,0.0,0.1913,0,0.13
3,0.0,0.225,19.6875,2.0,0,2,50.8,3.0,1.9688,0.1828,0.0,3,0.0,4.2188,1.5,0.0,0.1382,0,0.16
3,0.0,0.3391,14.3478,2.3333,1,4,64.4,2.6,1.4348,0.6913,0.0,2,0.0,3.3913,1.5,0.0,0.1817,0,0.26
3,0.0,0.0,5.5385,2.6667,0,3,59.4,0.0,0.5538,0.9831,0.0,3,0.0,0.0,1.5,0.0,0.1727,1,0.0
3,0.0,0.0,126.0,2.0,1,4,58.2,1.7,12.6,3.06,0.0,1,0.0,30.6,1.5,0.0,0.1701,0,0.0
3,0.0,0.56,25.0,3.6667,0,3,58.6,4.5,2.5,0.53,0.0,7,0.0,4.5,1.5,0.0,0.301,0,0.56
3,0.0,0.2455,24.5455,3.0,1,4,48.0,0.5,2.4545,5.9727,0.0,1,0.0,4.0909,1.5,0.0,0.3188,0,0.03
3,0.0,0.1,20.0,3.0,1,3,37.8,1.1,2.0,0.0,0.0,1,0.0,5.5,1.5,0.0,0.2905,0,0.02
3,0.0,0.0,270.0,1.0,0,2,25.0,0.0,27.0,1.8,0.0,1,0.0,0.0,1.5,0.0,0.4392,0,0.0
2,0.0,0.0,270.0,1.0,0,3,1.0,0.1,40.5,23.4,0.0,1,0.0,9.0,1.5,0.0,0.0,0,0.0
2,0.32,0.03,11.0,1.0,1,2,45.5,3.5,1.65,0.53,0.0,1,0.3165,3.5,1.5,0.32,0.0297,1,0.03
2,0.0,0.02,25.0,2.6667,1,4,60.3333,1.7,3.75,0.03,0.0,6,0.1591,1.7,1.5,0.0,0.0249,1,0.02
2,0.0,0.0,270.0,2.6667,1,2,45.5,0.0,40.5,4.5,0.0,1,0.1582,0.0,1.5,0.0,0.0247,0,0.0
2,0.0,0.0,270.0,2.6667,1,4,36.6,0.2,40.5,0.0,0.0,1,0.1574,18.0,1.5,0.0,0.0246,1,0.0
2,0.0714,0.0286,11.4286,1.0,0,2,49.0,1.7,1.7143,0.6857,0.0,1,0.1359,2.4286,1.5,0.05,0.0257,0,0.02
2,0.0,0.0,450.0,1.0,1,3,31.2,0.2,67.5,1.8,0.0,1,0.0288,18.0,1.5,0.0,0.0231,1,0.0
2,0.0,0.02,12.0,1.0,0,2,22.2,1.0,1.8,1.1,0.0,1,0.0405,2.0,1.5,0.0,0.0243,0,0.01
2,0.0,0.0,30.0,1.0,1,4,23.8,0.2,4.5,0.5,0.0,1,0.0378,2.0,1.5,0.0,0.0227,0,0.0
2,0.0,0.0,270.0,1.0,0,4,23.8,0.0,40.5,13.5,0.0,1,0.0378,0.0,1.5,0.0,0.0227,0,0.0
2,0.52,0.0,16.0,1.6667,1,3,20.2,5.9,2.4,0.62,0.0,3,0.2317,11.8,1.5,0.26,0.0089,0,0.0
2,0.0,0.29,30.0,3.3333,0,3,38.0,4.0,4.5,0.21,0.0,6,0.1232,4.0,1.5,0.0,0.1421,0,0.29
2,0.0,0.01,34.0,6.0,0,4,47.0,4.0,5.1,0.26,0.0,9,0.0996,4.0,1.5,0.0,0.1149,0,0.01
2,0.05,0.02,23.0,7.6667,1,3,63.2,7.7,3.45,0.16,0.0,8,0.0883,7.7,1.5,0.05,0.0911,0,0.02
2,0.06,0.1,35.0,9.0,0,3,81.0,5.9,5.25,0.23,0.0,10,0.0822,5.9,1.5,0.06,0.0933,1,0.1
2,0.0,0.0462,15.0,6.6667,1,2,87.6,3.3,2.25,1.1192,0.0,2,0.0226,3.8077,1.5,0.0,0.0945,0,0.04
2,0.0,0.0415,27.6923,6.0,0,3,82.6,2.1,4.1538,0.9831,0.0,6,0.024,2.9077,1.5,0.0,0.0436,0,0.03
2,0.0,0.03,21.0,4.6667,0,4,82.6,1.2,3.15,0.14,0.0,6,0.024,1.2,1.5,0.0,0.0479,0,0.03
2,0.0,0.0,270.0,4.3333,0,3,64.8,0.0,40.5,1.8,0.0,1,0.0167,0.0,1.5,0.0,0.0556,0,0.0
2,0.0,0.0,270.0,2.6667,0,2,47.0,0.0,40.5,1.8,0.0,1,0.0,0.0,1.5,0.0,0.0383,0,0.0
3,0.0,0.2329,24.3529,5.0,1,3,85.0,7.6,2.4353,1.2282,0.0,5,0.0,8.0471,1.5,0.0,0.2329,1,0.22
3,0.1435,0.0522,5.2174,4.0,0,4,77.0,2.4,0.5217,0.4435,0.0,3,0.0643,3.1304,1.5,0.11,0.1519,1,0.04
3,0.54,0.11,12.0,3.3333,1,2,81.3333,9.6,1.2,0.53,0.0,2,0.2398,9.6,1.5,0.54,0.1365,0,0.11
3,0.1416,0.1618,20.2247,3.3333,1,3,83.25,7.6,2.0225,0.9708,0.0,5,0.2135,7.6854,1.5,0.14,0.1432,0,0.16
3,0.0,0.0391,7.8261,2.6667,0,3,71.2,0.4,0.7826,0.0,0.0,1,0.1997,1.5652,1.5,0.0,0.1365,0,0.01
3,0.14,0.02,50.0,4.0,1,3,63.2,7.7,5.0,0.28,0.0,6,0.2449,15.4,1.5,0.07,0.094,0,0.01
3,0.0468,0.1987,15.1948,3.0,0,3,64.8,5.2,1.5195,1.5662,0.0,2,0.2194,6.0779,1.5,0.04,0.1278,0,0.17
3,0.1246,0.5262,23.5385,3.6667,1,2,59.8,9.3,2.3538,0.0415,0.0,3,0.1023,12.8769,1.5,0.09,0.2197,0,0.38
3,0.14,0.22,11.0,2.3333,0,4,60.0,12.0,1.1,1.09,0.0,2,0.102,12.0,1.5,0.14,0.237,0,0.22
3,0.092,0.2148,10.2273,2.3333,1,4,73.0,9.9,1.0227,0.3068,0.0,2,0.106,10.125,1.5,0.09,0.2441,0,0.21
3,0.0808,0.0692,2.3077,2.0,0,2,79.6,3.3,0.2308,1.2808,0.0,2,0.0972,3.8077,1.5,0.07,0.2352,1,0.06
3,0.1519,0.0584,2.3377,2.3333,1,2,79.6,3.2,0.2338,0.6779,0.0,3,0.1176,3.7403,1.5,0.13,0.208,0,0.05
3,0.3286,0.0571,31.4286,4.0,0,3,79.2,8.3,3.1429,0.6857,0.0,7,0.15,11.8571,1.5,0.23,0.1318,0,0.04
3,0.0913,0.1304,1.3043,4.0,0,3,75.0,4.0,0.1304,0.5348,0.0,2,0.1416,5.2174,1.5,0.07,0.1104,0,0.1
3,0.2667,0.8111,20.0,4.0,1,3,73.6,12.4,2.0,0.0889,0.0,3,0.181,13.7778,1.5,0.24,0.2397,1,0.73
3,0.1881,0.0403,4.0299,2.3333,0,3,71.4,2.4,0.403,0.591,0.0,2,0.2042,3.2239,1.5,0.14,0.2395,0,0.03
3,0.1143,0.4143,10.0,2.3333,1,3,68.6,4.4,1.0,0.8571,0.0,2,0.1994,6.2857,1.5,0.08,0.3122,0,0.29
3,0.4091,0.0409,24.5455,3.0,0,3,69.2,5.2,2.4545,1.4727,0.0,5,0.2159,7.0909,1.5,0.3,0.3069,0,0.03
3,3.1714,0.1286,188.5714,7.0,1,4,59.6,12.1,18.8571,0.2143,0.0,14,0.453,51.8571,1.5,0.74,0.3352,0,0.03
3,0.0234,0.0468,9.3506,7.3333,0,4,58.8,3.3,0.9351,0.1052,0.0,3,0.3918,3.8571,1.5,0.02,0.1286,1,0.04
3,1.0726,0.2342,40.6849,9.0,1,3,60.0,8.4,4.0685,0.4438,0.0,10,0.603,10.3562,1.5,0.87,0.174,0,0.19
3,0.1539,0.2842,8.2895,5.3333,0,4,62.6,5.6,0.8289,0.0947,0.0,3,0.5923,6.6316,1.5,0.13,0.1524,0,0.24
3,0.02,0.17,3.0,5.3333,0,4,67.4,5.4,0.3,0.26,0.0,3,0.4754,5.4,1.5,0.02,0.1789,1,0.17
3,0.4571,1.1429,27.1429,4.0,1,3,75.8,6.8,2.7143,0.1286,0.0,6,0.323,9.7143,1.5,0.32,0.342,0,0.8
3,0.8429,0.2143,45.7143,6.6667,0,2,73.0,12.4,4.5714,0.1857,0.0,11,0.4759,17.7143,1.5,0.59,0.3822,0,0.15
3,0.75,0.0,22.5,6.0,0,3,60.8,0.3,2.25,1.5,0.0,1,0.3434,2.25,1.5,0.1,0.4026,0,0.0
3,0.0,0.0,0.0,4.3333,1,3,48.6,0.0,0.0,1.02,0.0,1,0.3815,0.0,1.5,0.0,0.4148,0,0.0
3,0.0,0.8308,31.1538,1.0,0,3,35.8,2.4,3.1154,0.5192,0.0,1,0.5078,8.3077,1.5,0.0,0.5983,0,0.24
3,0.0,0.0391,15.6522,1.0,1,2,27.8,1.6,1.5652,2.8565,0.0,1,0.4468,6.2609,1.5,0.0,0.259,1,0.01
3,0.8,0.0,5.0,1.0,0,3,18.8,4.4,0.5,0.1,0.0,1,0.2489,22.0,1.5,0.16,0.2394,0,0.0
3,2.7,0.05,-5.0,1.0,1,3,20.0,2.4,-0.5,0.0,0.0,1,0.63,12.0,1.5,0.54,0.234,0,0.01
3,0.0667,0.0,26.6667,1.0,0,4,22.4,1.5,2.6667,4.1,0.0,1,0.5786,5.0,1.5,0.02,0.2089,0,0.0
3,0.0,0.0,20.0,1.0,1,2,19.0,0.4,2.0,0.0,0.0,1,0.6821,4.0,1.5,0.0,0.0189,0,0.0
3,0.7125,0.0,0.0,1.0,0,3,19.2,3.9,0.0,0.5625,0.0,1,0.8531,14.625,1.5,0.19,0.0094,0,0.0
3,0.18,0.44,22.0,1.3333,1,4,33.6,15.0,2.2,0.5,0.0,2,0.4982,15.0,1.5,0.18,0.2411,1,0.44
4,0.2625,0.0125,32.5,8.0,1,3,72.0,7.2,0.0,0.375,0.0,8,0.2625,9.0,1.5,0.21,0.0125,0,0.01
4,0.9346,0.0231,6.9231,6.5,0,3,75.0,4.9,0.0,0.5423,0.0,5,0.612,5.6538,1.5,0.81,0.018,0,0.02
4,0.86,0.2,48.0,6.0,1,3,65.0,6.9,0.0,0.5,0.0,5,0.6692,13.8,1.5,0.43,0.06,0,0.1
4,0.108,0.072,9.6,4.0,1,3,67.5,5.6,0.0,1.08,0.0,2,0.5133,6.72,1.5,0.09,0.0633,1,0.06
4,0.0554,0.0138,4.1538,3.0,0,3,67.0,0.4,0.0,0.1523,0.0,2,0.4245,0.5538,1.5,0.04,0.0537,0,0.01
4,0.11,0.0,0.0,1.6667,1,3,70.6,2.6,0.0,1.5,0.0,1,0.3773,2.6,1.5,0.11,0.0484,0,0.0
4,0.1588,0.1059,21.1765,2.6667,0,2,68.6,2.1,0.0,0.45,0.0,5,0.2073,2.7794,1.5,0.12,0.0656,1,0.08
4,0.1946,0.0,-1.2162,2.6667,1,2,74.4,1.6,0.0,0.6689,0.0,2,0.1258,1.9459,1.5,0.16,0.0363,0,0.0
4,0.2455,0.0,-12.2727,2.3333,0,2,63.8,1.5,0.0,0.2455,0.0,0,0.1382,6.1364,1.5,0.06,0.0254,0,0.0
4,0.96,0.02,77.0,6.3333,1,3,68.8,17.8,0.0,0.03,0.0,17,0.3689,17.8,1.5,0.96,0.0262,0,0.02
4,0.1731,0.0115,1.1538,6.3333,0,3,66.4,2.8,0.0,1.2577,0.0,2,0.3931,3.2308,1.5,0.15,0.0298,0,0.01
4,0.0,0.0,20.0,6.6667,1,3,54.6,0.0,0.0,0.3,0.0,1,0.4385,0.0,1.5,0.0,0.0099,0,0.0
4,0.15,0.0,11.25,1.3333,0,2,44.6,2.5,0.0,1.9125,0.0,1,0.4883,9.375,1.5,0.04,0.0121,0,0.0
4,2.0348,0.0,-7.8261,1.0,1,2,44.8,0.3,0.0,0.5087,0.0,1,0.671,1.1739,1.5,0.52,0.0121,0,0.0
4,0.5625,0.0,22.5,1.0,0,3,28.4,0.2,0.0,1.0125,0.0,1,0.4817,2.25,1.5,0.05,0.0063,1,0.0
4,0.0,0.0,150.0,2.0,1,4,14.6,2.7,0.0,6.1,0.0,4,0.7521,27.0,1.5,0.0,0.0,1,0.0
4,0.0,0.0,-15.0,1.6667,0,3,15.2,0.3,0.0,0.0,0.0,0,0.7224,2.25,1.5,0.0,0.0,0,0.0
4,0.6923,0.0,3.4615,1.6667,1,3,15.6,3.4,0.0,3.0115,0.0,1,0.8885,11.7692,1.5,0.2,0.0,0,0.0
4,0.21,0.01,4.0,1.0,0,4,29.0,2.6,0.0,1.34,0.0,2,0.2855,2.6,1.5,0.21,0.0062,0,0.01
4,0.0,1.5,160.0,2.3333,1,3,29.2,3.7,0.0,0.5,0.0,4,0.2527,37.0,1.5,0.0,0.0986,0,0.15
4,0.225,0.0,15.0,2.3333,0,3,29.8,0.5,0.0,2.325,0.0,1,0.2658,3.75,1.5,0.03,0.0966,0,0.0
4,0.2739,0.1174,-3.913,2.0,0,3,32.0,2.0,0.0,0.5087,0.0,1,0.2869,7.8261,1.5,0.07,0.1069,0,0.03
4,1.1143,0.0857,0.0,1.0,0,3,31.0,1.4,0.0,0.6429,0.0,1,0.331,6.0,1.5,0.26,0.1219,0,0.02
4,0.0,0.0,51.4286,1.0,1,2,15.8,1.6,0.0,0.45,0.0,1,0.4101,10.2857,1.5,0.0,0.2278,1,0.0
4,0.1125,0.0375,-3.75,1.0,1,3,18.8,1.6,0.0,0.6375,0.0,1,0.3734,6.0,1.5,0.03,0.0574,0,0.01
4,9.0,0.0,180.0,1.0,0,2,16.6,0.4,0.0,13.5,0.0,1,0.4988,36.0,1.5,0.1,0.0651,1,0.0
4,0.0,0.0,0.0,1.0,1,3,12.6,0.6,0.0,0.0,0.0,1,0.5571,18.0,1.5,0.0,0.0429,1,0.0
3,0.11,0.09,11.0,2.0,1,2,90.0,4.9,1.1,1.18,0.0,2,0.11,4.9,1.5,0.11,0.09,0,0.09
3,0.8393,0.091,32.3596,6.5,0,3,89.5,9.1,3.236,0.809,0.0,11,0.4726,9.2022,1.5,0.83,0.0905,1,0.09
3,0.1193,0.1518,10.8434,5.0,1,4,87.3333,4.8,1.0843,0.3145,0.0,2,0.3607,5.2048,1.5,0.11,0.1099,0,0.14
3,0.34,0.06,24.0,6.6667,1,3,88.0,8.4,2.4,0.96,0.0,7,0.3554,8.4,1.5,0.34,0.0972,0,0.06
3,0.31,0.08,12.0,4.0,0,4,88.4,9.4,1.2,0.3,0.0,3,0.3462,9.4,1.5,0.31,0.0937,0,0.08
3,0.04,0.05,1.0,3.6667,1,3,88.4,5.6,0.1,1.5,0.0,1,0.3319,5.6,1.5,0.04,0.0855,0,0.05
3,0.79,0.38,56.0,7.0,0,4,88.6,14.0,5.6,0.69,0.0,17,0.323,14.0,1.5,0.79,0.1442,0,0.38
3,0.08,0.16,7.0,7.0,1,3,90.0,5.4,0.7,0.55,0.0,3,0.312,5.4,1.5,0.08,0.146,0,0.16
3,0.0,0.1286,9.3506,7.3333,0,3,87.4,3.7,0.9351,1.5662,0.0,2,0.2513,4.3247,1.5,0.0,0.1606,1,0.11
3,0.09,0.14,10.0,2.6667,0,3,87.4,4.1,1.0,1.11,0.0,3,0.2059,4.1,1.5,0.09,0.173,1,0.14
3,0.17,0.78,46.0,5.0,1,3,87.4,16.1,4.6,0.71,0.0,10,0.2327,16.1,1.5,0.17,0.3233,0,0.78
3,0.06,0.44,24.0,6.0,0,2,87.4,12.5,2.4,0.5,0.0,5,0.0824,12.5,1.5,0.06,0.3357,0,0.44
3,0.38,0.14,9.0,5.6667,0,3,87.4,5.5,0.9,0.51,0.0,2,0.1442,5.5,1.5,0.38,0.3316,0,0.14
3,0.42,0.12,13.0,3.3333,1,3,90.0,10.7,1.3,0.69,0.0,3,0.224,10.7,1.5,0.42,0.324,0,0.12
3,0.06,0.16,26.0,4.3333,0,3,90.0,8.6,2.6,0.95,0.0,8,0.218,8.6,1.5,0.06,0.328,0,0.16
3,0.09,1.02,12.0,4.3333,1,3,90.0,16.4,1.2,1.48,0.0,2,0.202,16.4,1.5,0.09,0.376,0,1.02
3,0.11,0.24,13.0,4.0,0,4,90.0,6.6,1.3,1.34,0.0,2,0.212,6.6,1.5,0.11,0.336,0,0.24
3,0.06,0.07,11.0,2.3333,1,3,90.0,6.0,1.1,0.33,0.0,3,0.148,6.0,1.5,0.06,0.322,0,0.07
3,0.28,0.6,14.0,2.3333,0,3,90.0,10.0,1.4,0.25,0.0,2,0.12,10.0,1.5,0.28,0.418,0,0.6
3,0.22,0.6,17.0,2.3333,1,4,90.0,6.8,1.7,0.41,0.0,2,0.152,6.8,1.5,0.22,0.506,0,0.6
3,0.05,0.52,45.0,4.6667,0,3,90.0,15.5,4.5,0.21,0.0,10,0.144,15.5,1.5,0.05,0.406,0,0.52
3,0.13,0.41,45.0,8.6667,0,2,90.0,13.8,4.5,0.26,0.0,14,0.148,13.8,1.5,0.13,0.44,0,0.41
3,0.0,0.108,9.6,8.6667,1,2,87.0,4.2,0.96,0.108,0.0,2,0.1407,5.04,1.5,0.0,0.4593,0,0.09
3,0.69,0.21,40.0,8.6667,0,3,87.0,15.2,4.0,0.23,0.0,10,0.2255,15.2,1.5,0.69,0.3786,0,0.21
3,0.15,0.19,12.0,4.6667,1,2,87.0,7.4,1.2,0.97,0.0,2,0.211,7.4,1.5,0.15,0.2938,0,0.19
3,0.0,0.2,5.0,5.0,0,3,87.0,4.9,0.5,0.95,0.0,3,0.2007,4.9,1.5,0.0,0.2276,0,0.2
3,0.25,0.21,32.0,5.3333,1,2,87.0,10.3,3.2,0.27,0.0,11,0.2255,10.3,1.5,0.25,0.1862,0,0.21
3,0.0614,0.2966,18.4091,5.6667,0,3,89.6,5.9,1.8409,0.3886,0.0,3,0.231,6.0341,1.5,0.06,0.221,1,0.29
3,0.1731,0.1615,16.1538,5.6667,1,2,87.2,6.3,1.6154,0.4615,0.0,3,0.1259,7.2692,1.5,0.15,0.2126,0,0.14
3,0.21,0.17,26.0,5.0,0,4,87.2,11.0,2.6,0.14,0.0,9,0.1383,11.0,1.5,0.21,0.2085,0,0.17
3,0.08,1.13,44.0,7.6667,1,3,87.2,18.1,4.4,1.61,0.0,11,0.1548,18.1,1.5,0.08,0.4005,0,1.13
3,0.0614,0.1125,3.0682,7.3333,0,4,86.8,5.8,0.3068,2.4239,0.0,2,0.1161,5.9318,1.5,0.06,0.3816,0,0.11
3,0.7,0.4,10.0,5.3333,1,3,87.2,7.1,1.0,0.37,0.0,3,0.2477,7.1,1.5,0.7,0.4025,0,0.4
3,0.08,0.04,11.0,2.6667,0,2,89.6,4.2,1.1,0.62,0.0,3,0.227,4.2,1.5,0.08,0.3717,0,0.04
3,0.37,0.58,34.0,5.3333,1,2,89.6,18.7,3.4,0.5,0.0,10,0.2592,18.7,1.5,0.37,0.454,0,0.58
3,0.0,0.06,18.0,2.0,1,3,90.0,5.3,1.8,1.18,0.0,2,0.0,5.3,1.5,0.0,0.06,0,0.06
3,0.07,0.05,21.0,2.5,0,3,90.0,5.6,2.1,1.06,0.0,3,0.035,5.6,1.5,0.07,0.055,0,0.05
3,0.0,0.1309,26.1818,2.0,1,3,78.3333,1.8,2.6182,0.4745,0.0,1,0.0268,2.9455,1.5,0.0,0.0728,0,0.08
3,0.0,0.12,18.0,1.6667,1,2,62.5,0.4,1.8,0.0,0.0,1,0.0252,2.4,1.5,0.0,0.0756,0,0.02
3,0.0,0.144,25.2,1.0,0,2,55.0,0.6,2.52,0.396,0.0,1,0.0229,2.16,1.5,0.0,0.0818,1,0.04
3,0.0,0.0,270.0,1.0,1,3,37.2,0.0,27.0,0.0,0.0,1,0.0339,0.0,1.5,0.0,0.0919,1,0.0
3,0.0,0.0,11.25,1.0,0,4,24.0,0.5,1.125,0.9,0.0,1,0.0,1.875,1.5,0.0,0.105,0,0.0
3,0.0,0.1364,15.0,1.6667,1,4,26.2,0.9,1.5,0.1364,0.0,3,0.0,1.2273,1.5,0.0,0.1099,1,0.1
3,0.0,0.0,27.0,1.6667,0,3,25.2,0.0,2.7,0.0,0.0,1,0.0,0.0,1.5,0.0,0.1,0,0.0
3,0.1901,0.038,16.4789,2.3333,1,4,34.4,4.4,1.6479,2.0408,0.0,3,0.0785,5.5775,1.5,0.15,0.068,0,0.03
3,0.0,0.02,13.0,1.6667,0,2,52.2,1.8,1.3,2.37,0.0,1,0.0517,1.8,1.5,0.0,0.0517,0,0.02
3,0.15,0.09,10.0,2.0,1,3,65.4,4.1,1.0,0.37,0.0,2,0.0826,4.1,1.5,0.15,0.0661,0,0.09
3,0.0,0.02,14.0,2.0,0,2,70.2,0.9,1.4,0.62,0.0,3,0.0769,0.9,1.5,0.0,0.041,0,0.02
3,0.0794,0.0926,9.2647,2.0,1,2,81.8,1.5,0.9265,0.6618,0.0,1,0.0792,1.9853,1.5,0.06,0.0506,0,0.07
1,0.0,0.0,10.0,2.0,1,3,90.0,1.3,0.0,1.18,1.0,2,0.0,1.3,1.5,0.0,0.0,0,0.0
1,0.0,0.01,25.0,4.0,0,4,90.0,1.5,0.0,1.06,2.0,6,0.0,1.5,1.5,0.0,0.005,0,0.01
1,0.0,0.0,10.0,3.0,1,2,90.0,1.2,0.0,0.53,1.0,1,0.0,1.2,1.5,0.0,0.0033,0,0.0
1,0.0,0.0,10.0,3.0,1,3,90.0,1.1,0.0,0.96,1.0,2,0.0,1.1,1.5,0.0,0.0025,0,0.0
1,0.0,0.0,22.0,3.0,0,3,90.0,0.5,0.0,1.11,1.0,6,0.0,0.5,1.5,0.0,0.002,0,0.0
1,0.0,0.0,13.0,3.6667,1,3,90.0,1.7,0.0,0.97,3.0,3,0.0,1.7,1.5,0.0,0.002,0,0.0
3,0.19,0.17,37.0,10.0,1,3,90.0,13.9,3.7,1.18,0.0,10,0.19,13.9,1.5,0.19,0.17,0,0.17
3,0.1636,0.1125,15.3409,6.5,0,3,89.0,7.1,1.5341,0.8182,0.0,3,0.177,7.2614,1.5,0.16,0.1416,0,0.11
3,1.36,1.08,26.0,7.0,1,3,89.3333,17.9,2.6,0.53,0.0,8,0.5743,17.9,1.5,1.36,0.4567,0,1.08
3,0.45,0.24,22.0,5.0,1,3,89.5,13.5,2.2,0.96,0.0,4,0.543,13.5,1.5,0.45,0.4022,1,0.24
3,0.0,0.14,20.0,6.0,0,3,89.6,5.4,2.0,0.3,0.0,6,0.4339,5.4,1.5,0.0,0.3496,0,0.14
3,0.86,0.27,46.0,7.6667,1,3,89.6,15.3,4.6,1.41,0.0,13,0.5685,15.3,1.5,0.86,0.3696,0,0.27
3,1.152,0.54,34.8,9.3333,0,3,87.0,12.2,3.48,0.828,0.0,9,0.751,14.64,1.5,0.96,0.451,0,0.45
3,0.0,0.16,20.0,9.0,0,3,87.0,8.2,2.0,1.36,0.0,5,0.4697,8.2,1.5,0.0,0.2607,1,0.16
3,0.0,0.075,20.0,6.6667,1,4,83.4,3.6,2.0,0.0375,0.0,6,0.3928,4.5,1.5,0.0,0.2331,0,0.06
3,0.02,0.25,13.0,4.3333,0,3,83.4,4.8,1.3,1.09,0.0,2,0.3971,4.8,1.5,0.02,0.2568,0,0.25
3,0.1687,0.45,22.5,4.3333,1,3,81.4,9.4,2.25,0.3038,0.0,5,0.2499,10.575,1.5,0.15,0.2919,0,0.4
3,0.0,0.46,29.0,5.0,0,3,84.4,10.4,2.9,1.11,0.0,8,0.0363,10.4,1.5,0.0,0.2836,0,0.46
3,0.32,0.69,27.0,7.0,1,3,84.4,16.2,2.7,0.71,0.0,8,0.1045,16.2,1.5,0.32,0.3967,0,0.69
3,0.1,0.39,22.0,7.0,0,2,88.0,9.8,2.2,0.5,0.0,5,0.1207,9.8,1.5,0.1,0.448,0,0.39
3,0.39,0.09,4.0,5.0,0,3,88.0,6.2,0.4,0.51,0.0,2,0.1964,6.2,1.5,0.39,0.4152,1,0.09
3,0.2352,0.7261,15.3409,3.3333,1,4,89.6,10.3,1.5341,0.6852,0.0,3,0.2089,10.5341,1.5,0.23,0.4701,0,0.71
3,0.04,0.08,3.0,2.0,0,4,89.6,6.8,0.3,0.95,0.0,1,0.217,6.8,1.5,0.04,0.3937,0,0.08
3,0.58,0.57,6.0,2.0,1,2,89.6,17.6,0.6,1.48,0.0,2,0.2692,17.6,1.5,0.58,0.3696,0,0.57
3,1.0,0.09,18.0,3.3333,0,4,89.6,10.6,1.8,1.34,0.0,7,0.45,10.6,1.5,1.0,0.3094,0,0.09
3,0.1,0.41,17.0,4.0,1,2,89.6,8.4,1.7,0.33,0.0,3,0.3917,8.4,1.5,0.1,0.3737,1,0.41
3,0.36,0.19,35.0,6.6667,0,2,90.0,14.5,3.5,0.4,0.0,10,0.416,14.5,1.5,0.36,0.268,0,0.19
3,1.3615,0.0346,27.6923,7.3333,1,3,87.6,7.9,2.7692,0.45,0.0,9,0.6616,9.1154,1.5,1.18,0.2651,1,0.03
3,2.3455,0.6409,68.1818,11.3333,0,3,82.8,20.3,6.8182,0.1091,0.0,15,0.9478,27.6818,1.5,1.72,0.2587,1,0.47
3,1.1382,0.3176,59.5588,13.0,0,4,78.4,11.7,5.9559,0.1456,0.0,15,0.9689,15.4853,1.5,0.86,0.3077,0,0.24
3,0.18,0.852,33.6,13.3333,1,3,75.4,12.2,3.36,0.108,0.0,10,1.0194,14.64,1.5,0.15,0.3915,0,0.71
3,0.52,0.52,46.0,10.6667,0,2,66.4,7.8,4.6,0.06,0.0,7,1.1304,15.6,1.5,0.26,0.4636,0,0.26
3,0.09,0.36,14.0,6.3333,1,3,68.8,7.7,1.4,0.97,0.0,2,0.8058,7.7,1.5,0.09,0.5337,0,0.36
3,0.0,0.0117,0.0,4.0,0,3,71.0,1.0,0.0,0.8766,0.0,3,0.3448,1.1688,1.5,0.0,0.4006,0,0.01
3,1.4143,0.3286,41.4286,5.0,0,3,70.0,12.5,4.1429,0.5429,0.0,10,0.3831,17.8571,1.5,0.99,0.4037,0,0.23
3,0.54,0.27,15.0,5.0,1,2,73.0,8.8,1.5,1.13,0.0,2,0.4636,8.8,1.5,0.54,0.2786,0,0.27
3,0.21,0.28,10.0,5.0,0,3,82.0,10.3,1.0,0.14,0.0,3,0.4017,10.3,1.5,0.21,0.2524,0,0.28
3,0.1778,0.2333,32.2222,3.6667,1,2,80.2,12.4,3.2222,1.7889,0.0,6,0.4264,13.7778,1.5,0.16,0.2244,0,0.21
3,0.41,0.02,31.0,7.0,0,2,82.8,10.9,3.1,2.37,0.0,12,0.5022,10.9,1.5,0.41,0.2196,1,0.02
3,1.2918,0.5612,34.9412,9.3333,1,3,87.2,19.9,3.4941,0.3918,0.0,10,0.5243,21.0706,1.5,1.22,0.2704,0,0.53
3,0.3778,0.3,5.5556,8.0,0,2,85.4,10.2,0.5556,0.6889,0.0,2,0.4932,11.3333,1.5,0.34,0.2761,0,0.27
2,0.0,0.03,22.0,5.0,1,4,90.0,4.9,3.3,1.18,0.0,5,0.0,4.9,1.5,0.0,0.03,0,0.03
2,0.0,0.01,29.0,6.5,0,4,90.0,2.9,4.35,1.06,0.0,8,0.0,2.9,1.5,0.0,0.02,1,0.01
2,0.04,0.03,14.0,4.6667,1,3,90.0,3.9,2.1,0.53,0.0,1,0.0133,3.9,1.5,0.04,0.0233,1,0.03
2,0.0,0.01,17.0,3.6667,1,3,90.0,2.3,2.55,0.96,0.0,2,0.01,2.3,1.5,0.0,0.02,0,0.01
2,0.0,0.01,27.0,3.0,0,2,90.0,2.7,4.05,0.3,0.0,6,0.008,2.7,1.5,0.0,0.018,0,0.01
2,0.0,0.01,11.0,3.0,1,4,90.0,2.3,1.65,1.5,0.0,1,0.008,2.3,1.5,0.0,0.014,0,0.01
2,0.0,0.0,25.0,4.3333,0,3,90.0,0.8,3.75,0.69,0.0,6,0.008,0.8,1.5,0.0,0.012,0,0.0
2,0.0,0.01,26.0,4.6667,1,4,90.0,1.5,3.9,0.55,0.0,7,0.0,1.5,1.5,0.0,0.008,0,0.01
2,0.0,0.01,14.0,4.6667,0,2,90.0,1.2,2.1,1.36,0.0,1,0.0,1.2,1.5,0.0,0.008,1,0.01
2,0.0,0.3,27.0,5.0,1,2,90.0,2.1,4.05,0.03,0.0,7,0.0,2.1,1.5,0.0,0.066,1,0.3
2,0.02,0.01,11.0,3.3333,0,4,90.0,1.7,1.65,1.09,0.0,2,0.004,1.7,1.5,0.02,0.066,0,0.01
2,0.64,0.03,27.0,6.0,1,3,90.0,8.6,4.05,0.3,0.0,9,0.132,8.6,1.5,0.64,0.072,0,0.03
2,0.01,0.03,22.0,5.6667,0,2,90.0,1.1,3.3,1.11,0.0,6,0.134,1.1,1.5,0.01,0.076,0,0.03
2,0.0,0.01,8.0,5.3333,1,3,90.0,1.0,1.2,0.71,0.0,1,0.134,1.0,1.5,0.0,0.076,0,0.01
2,0.0,0.01,14.0,2.6667,0,3,90.0,1.7,2.1,0.5,0.0,1,0.134,1.7,1.5,0.0,0.018,0,0.01
2,0.36,0.01,11.0,1.3333,0,2,90.0,2.8,1.65,0.51,0.0,2,0.202,2.8,1.5,0.36,0.018,1,0.01
2,0.0,0.01,29.0,3.3333,1,4,90.0,2.3,4.35,0.69,0.0,7,0.074,2.3,1.5,0.0,0.014,0,0.01
2,0.0,0.0,15.0,3.6667,0,2,90.0,2.0,2.25,0.95,0.0,2,0.072,2.0,1.5,0.0,0.008,0,0.0
2,0.1,0.04,16.0,3.3333,1,3,90.0,5.1,2.4,1.48,0.0,1,0.092,5.1,1.5,0.1,0.014,1,0.04
2,0.0,0.02,11.0,1.0,0,4,90.0,1.8,1.65,1.34,0.0,0,0.092,1.8,1.5,0.0,0.016,0,0.02
2,0.0,0.0,27.0,2.3333,1,3,90.0,1.3,4.05,0.33,0.0,6,0.02,1.3,1.5,0.0,0.014,0,0.0
2,0.0,0.04,16.0,2.6667,0,3,90.0,3.0,2.4,0.4,0.0,2,0.02,3.0,1.5,0.0,0.02,0,0.04
2,0.0,0.0,7.0,3.0,1,3,90.0,0.6,1.05,0.41,0.0,1,0.02,0.6,1.5,0.0,0.02,0,0.0
2,0.25,0.04,44.0,5.0,0,3,90.0,10.6,6.6,0.21,0.0,12,0.05,10.6,1.5,0.25,0.02,0,0.04
2,0.0,0.01,25.0,6.3333,0,3,90.0,1.3,3.75,0.26,0.0,6,0.05,1.3,1.5,0.0,0.018,1,0.01
2,0.12,0.01,15.0,6.6667,1,3,90.0,1.7,2.25,0.16,0.0,2,0.074,1.7,1.5,0.12,0.02,0,0.01
2,0.0,0.07,27.0,4.6667,0,3,90.0,3.1,4.05,0.23,0.0,6,0.074,3.1,1.5,0.0,0.026,0,0.07
2,0.0,0.01,10.0,3.3333,1,3,90.0,2.4,1.5,0.97,0.0,2,0.074,2.4,1.5,0.0,0.028,1,0.01
2,0.0,0.0,28.0,5.0,0,2,90.0,2.4,4.2,0.95,0.0,7,0.024,2.4,1.5,0.0,0.02,1,0.0
2,0.0,0.01,28.0,5.3333,1,4,90.0,1.0,4.2,0.27,0.0,7,0.024,1.0,1.5,0.0,0.02,0,0.01
2,0.0,0.01,24.0,6.3333,0,2,90.0,0.9,3.6,0.53,0.0,5,0.0,0.9,1.5,0.0,0.02,0,0.01
2,0.0,0.01,13.0,4.3333,1,4,90.0,1.9,1.95,1.13,0.0,1,0.0,1.9,1.5,0.0,0.008,0,0.01
2,0.0,0.01,27.0,4.6667,0,2,90.0,1.3,4.05,0.14,0.0,8,0.0,1.3,1.5,0.0,0.008,0,0.01
2,0.0,0.0,28.0,5.0,1,3,90.0,1.6,4.2,1.61,0.0,6,0.0,1.6,1.5,0.0,0.008,0,0.0
2,0.0,0.0,14.0,5.0,0,3,90.0,2.4,2.1,2.37,0.0,1,0.0,2.4,1.5,0.0,0.006,0,0.0
2,0.11,0.01,26.0,4.3333,1,2,90.0,5.1,3.9,0.37,0.0,6,0.022,5.1,1.5,0.11,0.006,1,0.01
2,0.05,0.0,30.0,5.3333,0,4,90.0,3.7,4.5,0.64,0.0,9,0.032,3.7,1.5,0.05,0.004,0,0.0
2,0.0,0.08,16.0,5.6667,1,2,90.0,2.1,2.4,0.5,0.0,2,0.032,2.1,1.5,0.0,0.018,1,0.08
3,0.0,0.0,4.8649,2.0,0,2,74.0,1.2,0.4865,1.1311,0.0,2,0.0,1.4595,1.5,0.0,0.0,1,0.0
3,0.0964,0.0161,11.25,1.5,1,3,65.0,1.7,1.125,0.225,0.0,1,0.0415,2.7321,1.5,0.06,0.0069,0,0.01
3,0.0,0.0,15.0,1.3333,1,3,49.3333,0.6,1.5,0.35,0.0,1,0.0365,3.0,1.5,0.0,0.0061,0,0.0
3,0.0,0.0342,10.2532,1.6667,1,3,56.75,1.0,1.0253,1.4582,0.0,3,0.0238,1.1392,1.5,0.0,0.0159,0,0.03
3,0.03,0.01,25.0,3.3333,0,4,63.4,5.8,2.5,2.59,0.0,6,0.0256,5.8,1.5,0.03,0.0142,0,0.01
3,0.0,0.01,11.0,3.6667,1,3,66.6,0.8,1.1,1.5,0.0,2,0.0243,0.8,1.5,0.0,0.0162,0,0.01
3,0.1482,0.0424,13.7647,3.3333,0,2,72.4,3.7,1.3765,1.0482,0.0,2,0.0423,3.9176,1.5,0.14,0.0224,0,0.04
3,0.0269,0.1746,24.1791,3.0,1,2,82.2,3.9,2.4179,0.4836,0.0,5,0.0416,5.2388,1.5,0.02,0.0482,0,0.13
3,0.0,0.04,14.0,2.6667,0,2,84.4,4.1,1.4,2.28,0.0,1,0.0405,4.1,1.5,0.0,0.0491,0,0.04
3,0.0,0.05,19.0,2.6667,1,2,84.4,2.7,1.9,1.81,0.0,2,0.0341,2.7,1.5,0.0,0.0576,0,0.05
3,0.02,0.32,19.0,1.6667,1,3,84.4,6.5,1.9,2.81,0.0,2,0.0384,6.5,1.5,0.02,0.1237,0,0.32
3,0.0,0.0,8.0,1.6667,0,4,76.4,0.4,0.8,2.2,0.0,1,0.0094,0.8,1.5,0.0,0.1272,0,0.0
3,0.0,0.0257,16.7143,1.6667,1,2,77.0,1.0,1.6714,3.0857,0.0,2,0.0047,1.2857,1.5,0.0,0.1005,1,0.02
3,0.0,0.01,8.0,1.3333,0,3,77.0,2.2,0.8,1.21,0.0,1,0.0047,2.2,1.5,0.0,0.0935,0,0.01
3,0.0,0.09,25.0,3.0,1,4,77.0,5.6,2.5,1.43,0.0,6,0.0047,5.6,1.5,0.0,0.1029,0,0.09
3,0.28,0.02,32.0,5.3333,0,2,77.0,7.0,3.2,3.24,0.0,9,0.0655,7.0,1.5,0.28,0.0327,0,0.02
3,0.0,0.01,7.0,5.3333,1,2,86.0,1.7,0.7,1.06,0.0,1,0.0586,1.7,1.5,0.0,0.0314,0,0.01
3,0.0,0.9,450.0,1.0,1,4,1.0,0.5,45.0,7.2,0.0,1,0.0,45.0,1.5,0.0,0.9,0,0.01
3,4.6,0.0,-10.0,1.0,0,3,5.0,4.1,-1.0,0.0,0.0,1,4.14,41.0,1.5,0.46,0.09,0,0.0
3,0.0,0.0,8.1818,1.0,0,4,10.6667,0.0,0.8182,0.2455,0.0,1,1.2938,0.0,1.5,0.0,0.0281,0,0.0
3,0.425,0.05,22.5,2.6667,1,2,26.0,4.5,2.25,0.0375,0.0,6,0.6923,5.625,1.5,0.34,0.0433,0,0.04
3,8.1,0.0,270.0,2.6667,1,3,21.0,2.0,27.0,1.8,0.0,1,0.7629,180.0,1.5,0.09,0.0429,0,0.0
3,0.6545,0.0818,24.5455,2.6667,1,3,23.0,1.5,2.4545,6.4636,0.0,1,0.7591,12.2727,1.5,0.08,0.0391,0,0.01
3,0.0,0.1286,8.5714,1.0,1,4,25.4,0.3,0.8571,0.2143,0.0,1,0.3614,1.2857,1.5,0.0,0.0567,1,0.03
3,0.1029,0.2443,14.1429,1.6667,0,2,35.0,2.7,1.4143,0.1029,0.0,3,0.3034,3.4714,1.5,0.08,0.1389,1,0.19
3,0.6,0.45,45.0,1.6667,0,4,21.8,0.3,4.5,1.35,0.0,1,0.2394,4.5,1.5,0.04,0.2147,0,0.03
3,1.6714,0.2571,6.4286,1.6667,1,3,24.4,1.5,0.6429,0.45,0.0,1,0.3393,9.6429,1.5,0.26,0.2213,0,0.04
3,0.2786,0.0429,23.5714,2.6667,1,4,39.0,6.9,2.3571,0.1071,0.0,6,0.2954,7.3929,1.5,0.26,0.1523,0,0.04
3,0.0,0.0,24.5455,2.6667,1,4,37.0,0.4,2.4545,5.9727,0.0,1,0.3114,3.2727,1.5,0.0,0.1459,0,0.0
3,1.0714,0.0429,4.2857,2.6667,1,4,27.2,0.9,0.4286,0.0,0.0,1,0.536,3.8571,1.5,0.25,0.0794,0,0.01
2,0.0,0.0,20.0,0.0,0,2,18.0,0.7,3.0,2.95,0.0,0,0.0,3.5,1.5,0.0,0.0,0,0.0
2,0.0,0.0486,9.7297,0.5,1,2,27.5,0.4,1.4595,0.9,0.0,1,0.0,0.973,1.5,0.0,0.0327,0,0.02
2,0.0,0.0237,0.0,0.0,0,2,31.0,0.7,0.0,1.7053,0.0,-1,0.0,1.6579,1.5,0.0,0.029,0,0.01
2,0.03,0.04,12.0,0.3333,0,3,45.75,2.8,1.8,1.29,0.0,1,0.0148,2.8,1.5,0.03,0.0344,0,0.04
2,0.01,0.04,10.0,0.6667,0,2,54.6,1.9,1.5,0.96,0.0,2,0.0132,1.9,1.5,0.01,0.0363,0,0.04
2,0.08,0.08,13.0,1.3333,1,2,69.0,3.2,1.95,0.48,0.0,1,0.0313,3.2,1.5,0.08,0.0496,1,0.08
2,0.04,0.19,22.0,3.0,1,3,79.6,3.7,3.3,0.56,0.0,6,0.0362,3.7,1.5,0.04,0.0814,0,0.19
2,0.0,0.0,360.0,2.6667,1,3,72.2,0.4,54.0,0.0,0.0,1,0.0399,36.0,1.5,0.0,0.0873,0,0.0
2,0.0675,0.045,20.25,1.0,1,3,40.0,2.3,3.0375,2.025,0.0,1,0.0675,5.175,1.5,0.03,0.045,1,0.02
2,0.0,0.0409,17.7273,2.0,0,4,53.0,0.2,2.6591,2.4409,0.0,3,0.0255,0.2727,1.5,0.0,0.0425,0,0.03
2,0.0,0.1286,19.2857,1.6667,1,2,40.0,0.3,2.8929,0.3857,0.0,1,0.0225,1.9286,1.5,0.0,0.0525,1,0.02
2,0.0,0.0,18.0,1.6667,0,3,32.5,0.2,2.7,0.9,0.0,1,0.0208,1.8,1.5,0.0,0.0485,0,0.0
2,0.0,0.0,12.8571,1.0,0,2,30.2,0.3,1.9286,1.5,0.0,1,0.0179,1.2857,1.5,0.0,0.0417,0,0.0
2,0.0,0.24,18.0,1.0,1,3,25.2,0.2,2.7,0.0,0.0,1,0.0,1.2,1.5,0.0,0.0643,0,0.04
2,0.22,0.02,6.0,1.0,0,3,21.0,1.0,0.9,0.36,0.0,1,0.0943,2.0,1.5,0.11,0.06,0,0.01
2,0.7875,0.0,56.25,3.0,1,3,23.0,6.0,8.4375,0.0,0.0,7,0.2504,22.5,1.5,0.21,0.0391,1,0.0
2,0.01,0.01,12.0,3.3333,0,2,39.0,1.7,1.8,1.09,0.0,2,0.1523,1.7,1.5,0.01,0.0277,0,0.01
2,0.02,0.1,13.0,3.6667,1,2,52.8,2.5,1.95,0.3,0.0,2,0.1193,2.5,1.5,0.02,0.0545,0,0.1
2,0.1,0.03,25.0,3.6667,0,2,67.8,2.6,3.75,1.11,0.0,7,0.1195,2.6,1.5,0.1,0.0398,0,0.03
2,0.0,0.1385,38.0769,6.6667,1,3,74.4,6.0,5.7115,0.6692,0.0,11,0.0823,6.9231,1.5,0.0,0.0629,0,0.12
2,0.0,0.06,26.0,6.3333,0,3,78.6,2.9,3.9,1.58,0.0,1,0.0298,5.8,1.5,0.0,0.0664,1,0.03
2,0.0,0.0,22.5,4.3333,0,3,65.4,1.1,3.375,0.9,0.0,1,0.033,4.125,1.5,0.0,0.0771,0,0.0
2,0.2812,0.0,11.25,1.0,1,3,50.6,0.1,1.6875,0.9562,0.0,1,0.0534,0.5625,1.5,0.05,0.064,1,0.0
2,0.0,0.0,15.0,1.0,0,3,36.2,0.1,2.25,0.75,0.0,1,0.0249,0.5,1.5,0.0,0.0746,0,0.0
2,0.0,0.1565,11.7391,0.6667,1,4,25.2,2.0,1.7609,2.8565,0.0,0,0.0357,7.8261,1.5,0.0,0.05,0,0.04
2,0.3676,0.0507,26.6197,2.3333,1,3,30.4,4.2,3.993,2.0408,0.0,6,0.2013,5.3239,1.5,0.29,0.0474,0,0.04
2,0.03,0.01,-1.0,2.3333,0,3,43.6,1.0,-0.15,2.37,0.0,1,0.1528,1.0,1.5,0.03,0.0372,0,0.01
2,0.44,0.09,20.0,4.3333,1,2,58.4,6.6,3.0,0.37,0.0,6,0.2342,6.6,1.5,0.44,0.0555,0,0.09
2,0.02,0.0,18.0,4.3333,0,3,72.8,1.6,2.7,0.64,0.0,6,0.1929,1.6,1.5,0.02,0.0445,0,0.0
2,0.43,0.09,25.0,7.0,1,4,86.2,9.9,3.75,0.5,0.0,9,0.2527,9.9,1.5,0.43,0.048,0,0.09
3,0.0,0.0529,42.3529,1.0,1,2,17.0,1.6,4.2353,4.6588,0.0,1,0.0,8.4706,1.5,0.0,0.0529,0,0.01
3,0.0,1.36,20.0,1.0,1,2,31.0,6.3,2.0,0.58,0.0,1,0.0,12.6,1.5,0.0,1.0016,0,0.68
3,0.1227,0.0682,47.7273,4.3333,0,2,42.6667,9.2,4.7727,0.4091,0.0,11,0.0633,12.5455,1.5,0.09,0.5203,1,0.05
3,0.0,0.02,6.0,4.3333,1,2,43.25,1.3,0.6,0.84,0.0,1,0.0468,2.6,1.5,0.0,0.3902,0,0.01
3,2.55,0.0,150.0,6.0,0,2,37.0,6.6,15.0,0.15,0.0,6,0.2092,49.5,1.5,0.34,0.3649,0,0.0
3,0.0,0.1125,11.25,2.6667,1,2,38.4,0.9,1.125,0.0,0.0,1,0.2016,3.375,1.5,0.0,0.3609,0,0.03
3,0.2455,0.3273,24.5455,2.6667,0,3,31.6,1.5,2.4545,0.0,0.0,1,0.262,12.2727,1.5,0.03,0.0741,0,0.04
3,0.6188,0.2588,40.5,5.0,1,3,34.4,16.3,4.05,0.3038,0.0,13,0.4814,18.3375,1.5,0.55,0.1622,1,0.23
3,0.27,0.24,0.0,5.6667,0,3,43.4,2.6,0.0,1.11,0.0,3,0.4935,2.6,1.5,0.27,0.224,0,0.24
3,0.75,0.03,3.0,6.0,1,3,59.0,8.9,0.3,0.71,0.0,2,0.4881,8.9,1.5,0.75,0.1739,0,0.03
3,0.6923,0.0692,-3.4615,2.0,0,3,59.4,2.8,-0.3462,0.0692,0.0,1,0.5455,9.6923,1.5,0.2,0.1697,0,0.02
3,0.0,0.0,9.0,1.3333,0,3,61.2,0.9,0.9,0.495,0.0,1,0.5206,4.05,1.5,0.0,0.1529,1,0.0
3,0.0,0.45,33.75,1.0,1,3,46.8,1.5,3.375,6.8625,0.0,1,0.4692,16.875,1.5,0.0,0.1269,1,0.04
3,0.0,0.1227,0.0,1.0,0,2,33.2,1.0,0.0,2.0864,0.0,1,0.5151,4.0909,1.5,0.0,0.0651,0,0.03
3,0.9577,0.1385,2.3077,1.3333,1,3,30.8,5.8,0.2308,0.7962,0.0,2,0.6019,6.6923,1.5,0.83,0.1227,0,0.12
3,0.0,0.0391,7.8261,1.3333,0,3,30.2,0.3,0.7826,1.0174,0.0,1,0.4947,1.1739,1.5,0.0,0.1192,0,0.01
3,1.5353,0.0265,22.5,3.6667,1,2,39.8,7.4,2.25,0.3706,0.0,8,0.9,9.7941,1.5,1.16,0.0995,0,0.02
3,0.225,0.0,30.0,3.3333,0,2,40.6,0.2,3.0,2.325,0.0,1,0.8956,1.5,1.5,0.03,0.0798,0,0.0
3,0.1687,0.0,135.0,5.6667,1,4,39.4,5.3,13.5,0.2812,0.0,8,0.9365,29.8125,1.5,0.03,0.0685,1,0.0
3,0.8455,0.1227,23.1818,5.6667,0,4,37.0,10.4,2.3182,0.1091,0.0,8,0.8951,14.1818,1.5,0.62,0.0584,0,0.09
3,0.3838,0.0,39.7059,9.0,0,3,46.0,7.8,3.9706,0.1456,0.0,11,0.8335,10.3235,1.5,0.29,0.043,0,0.0
3,0.0,0.0,10.3846,6.6667,1,3,37.6,0.9,1.0385,0.2423,0.0,1,0.4644,3.1154,1.5,0.0,0.0431,0,0.0
3,0.0,0.0562,11.25,4.3333,0,2,38.4,0.2,1.125,0.6188,0.0,1,0.4406,1.125,1.5,0.0,0.0469,1,0.01
3,0.1962,0.2538,13.8462,1.3333,1,3,50.8,8.2,1.3846,1.1192,0.0,2,0.3827,9.4615,1.5,0.17,0.1134,0,0.22
3,0.3,0.05,20.0,1.3333,0,3,41.2,2.4,2.0,1.2,0.0,1,0.2272,12.0,1.5,0.06,0.1049,0,0.01
3,0.07,0.08,13.0,2.0,1,3,45.6,4.7,1.3,0.27,0.0,3,0.1184,4.7,1.5,0.07,0.1263,1,0.08
3,1.2462,0.0,76.1538,3.3333,0,2,45.6,7.4,7.6154,0.5192,0.0,6,0.2605,25.6154,1.5,0.36,0.1263,0,0.0
3,0.7227,0.0955,4.0909,4.0,1,2,55.6,8.2,0.4091,0.5455,0.0,3,0.3853,11.1818,1.5,0.53,0.123,0,0.07
3,0.0887,0.0634,26.6197,5.3333,0,2,54.2,8.3,2.662,0.1648,0.0,7,0.362,10.5211,1.5,0.07,0.0697,1,0.05
3,0.7225,0.0634,36.7606,5.6667,1,3,64.8,9.4,3.6761,2.0408,0.0,7,0.4444,11.9155,1.5,0.57,0.0694,0,0.05
3,0.0871,0.0435,8.7097,5.6667,0,2,59.2,1.7,0.871,1.6403,0.0,3,0.4834,2.4677,1.5,0.06,0.0608,1,0.03
3,0.6188,0.045,25.875,6.0,1,3,70.0,7.0,2.5875,0.4162,0.0,8,0.4577,7.875,1.5,0.55,0.0617,0,0.04
3,0.8862,0.8585,41.5385,7.3333,0,2,69.8,9.2,4.1538,0.6646,0.0,11,0.4874,12.7385,1.5,0.64,0.2037,0,0.62
3,0.0234,0.1519,10.5195,7.0,1,3,71.0,3.3,1.0519,0.5844,0.0,2,0.4665,3.8571,1.5,0.02,0.2206,0,0.13
2,0.0,0.0,135.0,0.0,0,3,4.0,0.5,20.25,12.375,0.0,0,0.0,11.25,1.5,0.0,0.0,0,0.0
2,0.0,0.0,24.5455,0.5,0,3,7.5,0.2,3.6818,3.8455,0.0,1,0.0,1.6364,1.5,0.0,0.0,0,0.0
2,0.0,0.0,11.0,0.6667,0,3,35.0,5.1,1.65,2.14,0.0,1,0.0,5.1,1.5,0.0,0.0,0,0.0
2,0.0,0.0,9.0,0.6667,1,4,48.75,1.9,1.35,1.05,0.0,0,0.0,1.9,1.5,0.0,0.0,0,0.0
2,0.0,0.0,13.0,0.3333,0,3,57.0,1.6,1.95,2.78,0.0,0,0.0,1.6,1.5,0.0,0.0,0,0.0
2,0.0,0.02,8.0,0.6667,1,3,74.2,2.3,1.2,1.33,0.0,2,0.0,2.3,1.5,0.0,0.0049,1,0.02
2,0.0,0.01,14.0,1.3333,0,4,90.0,1.3,2.1,1.54,0.0,2,0.0,1.3,1.5,0.0,0.006,0,0.01
2,0.0,0.01,16.0,1.6667,1,4,90.0,1.7,2.4,2.71,0.0,1,0.0,1.7,1.5,0.0,0.008,0,0.01
2,0.0,0.0,12.0,1.0,0,3,90.0,3.2,1.8,1.81,0.0,0,0.0,3.2,1.5,0.0,0.008,0,0.0
2,0.0,0.0,9.3103,1.0,1,3,89.4,1.7,1.3966,1.3552,0.0,2,0.0,1.7586,1.5,0.0,0.0081,0,0.0
2,0.02,0.01,15.0,2.3333,1,4,89.4,1.8,2.25,0.64,0.0,5,0.004,1.8,1.5,0.02,0.006,0,0.01
2,0.0,0.0,14.0,2.6667,0,4,89.4,1.8,2.1,2.75,0.0,1,0.004,1.8,1.5,0.0,0.004,0,0.0
2,0.0,0.0,7.0,2.3333,0,3,89.4,1.8,1.05,0.89,0.0,1,0.004,1.8,1.5,0.0,0.002,0,0.0
2,0.15,0.01,4.0,1.0,1,3,89.4,1.7,0.6,0.63,0.0,1,0.0342,1.7,1.5,0.15,0.004,0,0.01
2,0.0,0.0,13.0,1.0,0,3,90.0,2.2,1.95,2.26,0.0,1,0.034,2.2,1.5,0.0,0.004,0,0.0
2,0.1025,0.2506,14.8101,1.0,1,2,87.8,5.5,2.2215,2.0392,0.0,1,0.0492,6.2658,1.5,0.09,0.0472,0,0.22
2,0.0,0.01,10.0,0.6667,0,2,87.8,3.8,1.5,1.13,0.0,0,0.0492,3.8,1.5,0.0,0.0492,0,0.01
2,0.0,0.0,15.0,0.3333,1,3,87.8,2.1,2.25,2.27,0.0,0,0.0492,2.1,1.5,0.0,0.0492,0,0.0
2,0.0,0.0,9.1525,0.0,1,4,81.6,1.1,1.3729,1.4797,0.0,0,0.0199,1.678,1.5,0.0,0.0507,0,0.0
2,0.0,0.0,13.0,0.6667,0,3,81.6,2.5,1.95,1.24,0.0,2,0.0199,2.5,1.5,0.0,0.0507,0,0.0
2,0.0,0.0,12.0,0.3333,1,4,83.8,2.1,1.8,2.25,0.0,-1,0.0,2.1,1.5,0.0,0.0021,0,0.0
2,0.03,0.0,13.0,0.6667,0,2,83.8,4.0,1.95,3.34,0.0,1,0.0064,4.0,1.5,0.03,0.0,0,0.0
2,0.0,0.0,72.0,0.0,1,3,66.8,0.4,10.8,6.3,0.0,0,0.0081,7.2,1.5,0.0,0.0,0,0.0
2,0.0468,0.0117,14.026,0.6667,0,3,70.4,2.1,2.1039,1.2039,0.0,1,0.0179,2.4545,1.5,0.04,0.0026,0,0.01
2,0.0,0.0,12.5581,0.6667,1,3,69.6,0.9,1.8837,0.3872,0.0,1,0.0181,0.9419,1.5,0.0,0.0026,0,0.0
2,0.0,0.05,7.0,1.0,0,4,69.6,3.1,1.05,1.02,0.0,1,0.0181,3.1,1.5,0.0,0.0155,0,0.05
2,0.05,0.08,12.0,0.6667,1,4,69.6,3.5,1.8,2.18,0.0,0,0.0233,3.5,1.5,0.05,0.0362,0,0.08
2,0.0,0.0,8.0,0.3333,0,2,86.6,1.1,1.2,2.99,0.0,0,0.0187,1.1,1.5,0.0,0.0291,0,0.0
2,0.0,0.33,17.0,0.0,0,3,89.2,5.3,2.55,2.82,0.0,0,0.0101,5.3,1.5,0.0,0.0928,0,0.33
2,0.0,0.0,15.0,0.3333,1,2,90.0,2.6,2.25,1.49,0.0,1,0.01,2.6,1.5,0.0,0.092,0,0.0
2,0.0,0.0,14.0,1.0,0,3,90.0,2.3,2.1,2.16,0.0,2,0.01,2.3,1.5,0.0,0.082,1,0.0
2,0.0,0.0,12.0,1.3333,1,3,90.0,2.2,1.8,3.28,0.0,1,0.0,2.2,1.5,0.0,0.066,1,0.0
1,0.0,0.0,20.0,2.0,0,3,90.0,3.0,0.0,0.83,5.0,2,0.0,3.0,1.5,0.0,0.0,1,0.0
1,0.0,0.0,13.0,2.0,1,4,90.0,1.6,0.0,0.51,2.0,2,0.0,1.6,1.5,0.0,0.0,0,0.0
1,0.0,0.0,23.0,2.3333,0,3,90.0,3.9,0.0,2.91,7.0,3,0.0,3.9,1.5,0.0,0.0,0,0.0
1,0.0,0.0,22.0,3.3333,0,2,90.0,1.4,0.0,2.13,2.0,5,0.0,1.4,1.5,0.0,0.0,1,0.0
1,0.0,0.0,15.0,3.3333,1,3,90.0,1.2,0.0,0.56,2.0,2,0.0,1.2,1.5,0.0,0.0,1,0.0
1,0.0,0.0,11.0,2.6667,0,2,90.0,0.9,0.0,1.33,2.0,1,0.0,0.9,1.5,0.0,0.0,0,0.0
1,0.0,0.0,14.0,2.0,1,3,90.0,1.8,0.0,1.7,3.0,3,0.0,1.8,1.5,0.0,0.0,0,0.0
1,0.0,0.0,25.0,3.3333,0,2,90.0,1.7,0.0,0.81,2.0,6,0.0,1.7,1.5,0.0,0.0,0,0.0
1,0.0,0.0,16.0,3.3333,1,3,90.0,1.7,0.0,1.71,2.0,1,0.0,1.7,1.5,0.0,0.0,1,0.0
1,0.0,0.0,17.0,3.0,0,3,90.0,3.0,0.0,2.95,5.0,2,0.0,3.0,1.5,0.0,0.0,1,0.0
1,0.0,0.0,14.0,2.0,0,2,90.0,2.2,0.0,1.17,3.0,3,0.0,2.2,1.5,0.0,0.0,0,0.0
1,0.0,0.0,13.0,2.3333,1,3,90.0,2.9,0.0,1.53,4.0,2,0.0,2.9,1.5,0.0,0.0,0,0.0
1,0.0,0.0,17.0,2.3333,1,3,90.0,2.4,0.0,1.57,3.0,2,0.0,2.4,1.5,0.0,0.0,0,0.0
1,0.0,0.0,23.0,2.3333,0,2,90.0,4.5,0.0,2.43,5.0,3,0.0,4.5,1.5,0.0,0.0,0,0.0
1,0.0,0.0,14.0,2.6667,1,3,90.0,2.4,0.0,0.77,4.0,3,0.0,2.4,1.5,0.0,0.0,1,0.0
1,0.0,0.0,13.0,2.3333,0,3,90.0,1.8,0.0,1.29,2.0,1,0.0,1.8,1.5,0.0,0.0,0,0.0
1,0.0,0.0,11.0,1.6667,1,3,90.0,1.5,0.0,1.23,2.0,1,0.0,1.5,1.5,0.0,0.0,0,0.0
2,0.0,0.03,8.0,1.0,1,3,90.0,2.0,1.2,1.18,0.0,1,0.0,2.0,1.5,0.0,0.03,0,0.03
2,0.0,0.02,26.0,4.0,0,3,90.0,2.6,3.9,1.06,0.0,7,0.0,2.6,1.5,0.0,0.025,0,0.02
2,0.0,0.1,18.0,3.0,1,2,90.0,5.7,2.7,0.53,0.0,1,0.0,5.7,1.5,0.0,0.05,0,0.1
2,0.0,0.29,19.0,3.3333,1,2,90.0,5.5,2.85,0.96,0.0,2,0.0,5.5,1.5,0.0,0.11,1,0.29
2,0.04,0.13,28.0,3.3333,0,4,90.0,6.5,4.2,0.3,0.0,7,0.008,6.5,1.5,0.04,0.114,1,0.13
2,0.36,0.02,19.0,4.3333,1,3,90.0,2.9,2.85,1.5,0.0,4,0.08,2.9,1.5,0.36,0.112,0,0.02
2,0.12,0.01,40.0,8.3333,0,2,90.0,7.9,6.0,0.69,0.0,14,0.104,7.9,1.5,0.12,0.11,0,0.01
2,0.0,0.07,31.0,9.0,1,3,90.0,4.6,4.65,0.55,0.0,9,0.104,4.6,1.5,0.0,0.104,0,0.07
2,0.0,0.07,8.0,7.6667,0,3,90.0,4.1,1.2,1.36,0.0,0,0.104,4.1,1.5,0.0,0.06,0,0.07
2,0.0554,0.0138,33.2308,5.0,1,2,85.0,3.1,4.9846,0.0415,0.0,6,0.1101,4.2923,1.5,0.04,0.0381,1,0.01
2,0.0,0.0875,18.75,2.6667,0,4,81.4,3.3,2.8125,1.35,0.0,2,0.0354,4.125,1.5,0.0,0.0509,0,0.07
2,0.0,0.0,270.0,3.0,0,4,63.6,0.0,40.5,0.0,0.0,1,0.0113,0.0,1.5,0.0,0.0623,0,0.0
2,0.0,0.0,24.5455,1.3333,1,3,47.8,0.2,3.6818,1.0636,0.0,1,0.0151,1.6364,1.5,0.0,0.0565,0,0.0
2,0.0,0.51,29.0,2.0,0,3,47.8,7.8,4.35,0.5,0.0,4,0.0151,7.8,1.5,0.0,0.2222,0,0.51
2,0.0,0.01,10.0,2.3333,0,3,52.8,2.2,1.5,0.51,0.0,2,0.0,2.2,1.5,0.0,0.2011,1,0.01
2,0.05,0.04,21.0,3.6667,1,3,56.4,3.7,3.15,0.69,0.0,5,0.016,3.7,1.5,0.05,0.1787,0,0.04
2,0.0,0.01,12.0,2.6667,0,3,74.2,3.8,1.8,0.95,0.0,1,0.0121,3.8,1.5,0.0,0.1383,0,0.01
2,0.1,0.51,16.0,2.3333,1,2,90.0,4.9,2.4,1.48,0.0,1,0.03,4.9,1.5,0.1,0.216,0,0.51
2,0.0,0.0136,17.7273,1.0,0,3,85.2,0.7,2.6591,1.4727,0.0,1,0.0317,0.9545,1.5,0.0,0.1225,0,0.01
2,0.04,0.15,26.0,2.6667,1,4,85.2,4.1,3.9,0.33,0.0,6,0.0401,4.1,1.5,0.04,0.1521,0,0.15
2,0.0,0.16,12.0,3.0,0,4,85.2,4.8,1.8,0.4,0.0,2,0.0296,4.8,1.5,0.0,0.1775,1,0.16
2,0.0,0.01,14.0,3.0,1,2,85.2,2.3,2.1,0.41,0.0,1,0.0296,2.3,1.5,0.0,0.1775,0,0.01
2,0.0,0.0592,43.8158,4.0,0,2,82.4,4.1,6.5724,0.0947,0.0,9,0.0087,4.8553,1.5,0.0,0.083,0,0.05
2,0.0,0.0265,38.3824,5.3333,0,4,82.8,1.1,5.7574,0.1456,0.0,6,0.0087,1.4559,1.5,0.0,0.0848,1,0.02
2,0.0,0.25,10.0,5.6667,1,3,82.8,1.4,1.5,0.16,0.0,2,0.0,1.4,1.5,0.0,0.1065,0,0.25
2,0.0562,0.0703,49.2188,7.0,0,4,77.6,6.5,7.3828,0.1828,0.0,13,0.0093,9.1406,1.5,0.04,0.0881,0,0.05
2,0.0,0.26,37.0,8.6667,1,3,77.6,9.9,5.55,0.97,0.0,11,0.0093,9.9,1.5,0.0,0.1461,1,0.26
2,0.0,0.05,23.0,10.0,0,4,80.4,4.1,3.45,0.95,0.0,6,0.009,4.1,1.5,0.0,0.141,0,0.05
2,0.0,0.02,24.0,7.6667,1,4,84.8,2.0,3.6,0.27,0.0,6,0.0085,2.0,1.5,0.0,0.1337,0,0.02
2,0.0,0.07,21.0,5.6667,0,2,84.8,3.5,3.15,0.53,0.0,5,0.0085,3.5,1.5,0.0,0.0955,0,0.07
2,0.0,0.0409,28.6364,5.3333,1,3,85.2,5.0,4.2955,0.5455,0.0,5,0.0,6.8182,1.5,0.0,0.0908,0,0.03
2,0.05,0.21,25.0,5.3333,0,3,85.2,5.4,3.75,0.14,0.0,6,0.0106,5.4,1.5,0.05,0.0803,0,0.21
2,0.3,0.07,51.0,10.3333,1,2,85.2,16.1,7.65,1.61,0.0,20,0.0739,16.1,1.5,0.3,0.0845,0,0.07
2,0.0,0.01,9.0,9.0,0,4,85.2,2.9,1.35,2.37,0.0,1,0.0739,2.9,1.5,0.0,0.0824,1,0.01
2,0.09,0.24,22.0,9.0,1,4,85.2,5.7,3.3,0.37,0.0,6,0.093,5.7,1.5,0.09,0.1183,0,0.24
2,0.04,0.05,25.0,4.3333,0,4,90.0,4.4,3.75,0.64,0.0,6,0.096,4.4,1.5,0.04,0.116,0,0.05
2,0.0,0.0662,15.8824,4.6667,1,4,85.6,4.2,2.3824,0.6618,0.0,2,0.0904,5.5588,1.5,0.0,0.0883,0,0.05
2,0.0,0.0,180.0,1.0,0,4,1.0,0.2,27.0,23.4,0.0,1,0.0,18.0,1.5,0.0,0.0,0,0.0
2,0.0,0.0794,29.1176,1.0,1,3,17.5,3.5,4.3676,0.6618,0.0,1,0.0,9.2647,1.5,0.0,0.0771,0,0.03
2,0.0,0.036,18.0,1.3333,1,4,36.6667,2.0,2.7,1.08,0.0,2,0.0,2.4,1.5,0.0,0.0491,0,0.03
2,0.0911,0.1481,31.8987,3.3333,0,2,47.25,3.8,4.7848,0.2278,0.0,7,0.0381,4.3291,1.5,0.08,0.0905,0,0.13
2,0.0,0.06,14.0,3.3333,1,3,55.8,2.3,2.1,1.5,0.0,1,0.0258,2.3,1.5,0.0,0.0806,0,0.06
2,0.1588,0.1324,37.0588,4.6667,0,2,69.2,7.1,5.5588,0.45,0.0,6,0.052,9.3971,1.5,0.12,0.091,1,0.1
2,0.0973,0.0122,31.6216,4.6667,1,4,77.2,2.7,4.7432,0.6689,0.0,7,0.0653,3.2838,1.5,0.08,0.0769,0,0.01
2,0.0,0.02,0.0,4.3333,0,3,71.2,0.0,0.0,2.36,0.0,0,0.0708,0.0,1.5,0.0,0.0784,0,0.01
2,0.02,0.37,29.0,5.0,1,2,73.4,4.7,4.35,0.03,0.0,8,0.054,4.7,1.5,0.02,0.1349,0,0.37
2,0.0,0.1059,52.9412,3.0,0,3,58.8,2.7,7.9412,0.0529,0.0,1,0.0673,14.2941,1.5,0.0,0.1561,0,0.02
2,0.04,0.24,28.0,6.3333,1,3,63.2,11.0,4.2,0.3,0.0,10,0.0399,11.0,1.5,0.04,0.1851,0,0.24
2,0.02,0.27,32.0,6.6667,0,3,66.4,6.4,4.8,1.11,0.0,9,0.0217,6.4,1.5,0.02,0.2467,0,0.27
2,0.0,0.12,25.0,8.0,1,3,75.4,5.0,3.75,0.71,0.0,5,0.0191,5.0,1.5,0.0,0.2435,0,0.12
2,0.0,1.1769,13.8462,5.0,0,4,62.6,2.1,2.0769,0.0692,0.0,1,0.0173,7.2692,1.5,0.0,0.2847,0,0.34
2,0.0,0.04,13.0,2.3333,0,2,77.2,4.4,1.95,0.42,0.0,1,0.014,4.4,1.5,0.0,0.2355,0,0.04
2,0.0,0.05,30.0,3.3333,1,3,77.2,4.0,4.5,0.67,0.0,8,0.0047,4.0,1.5,0.0,0.1912,0,0.05
2,0.07,0.03,12.0,3.6667,0,4,77.2,1.7,1.8,0.95,0.0,2,0.0163,1.7,1.5,0.07,0.1352,0,0.03
2,0.0,0.4286,18.5714,3.6667,1,4,71.8,4.1,2.7857,0.8571,0.0,1,0.0175,5.8571,1.5,0.0,0.1905,0,0.3
2,0.06,0.09,26.0,3.0,1,3,84.6,7.6,3.9,0.33,0.0,6,0.0277,7.6,1.5,0.06,0.1085,0,0.09
2,0.0,0.19,31.0,4.6667,0,3,84.6,11.3,4.65,0.25,0.0,7,0.0277,11.3,1.5,0.0,0.1404,0,0.19
2,0.0,0.0,4.0,4.6667,1,4,75.6,0.7,0.6,0.2,0.0,1,0.031,1.4,1.5,0.0,0.1452,0,0.0
2,0.0,0.0818,24.5455,3.0,1,2,59.8,0.2,3.6818,0.0,0.0,1,0.0181,1.6364,1.5,0.0,0.1776,0,0.01
2,0.0493,0.074,39.4521,3.6667,1,2,61.8,3.5,5.9178,0.1233,0.0,9,0.0291,4.3151,1.5,0.04,0.1019,0,0.06
2,0.0,0.0761,27.8873,5.3333,0,4,58.0,2.0,4.1831,0.4817,0.0,6,0.0124,2.5352,1.5,0.0,0.0993,0,0.06
2,0.0733,0.0314,17.7907,5.3333,1,4,57.2,3.3,2.6686,1.1826,0.0,1,0.0346,3.4535,1.5,0.07,0.0503,0,0.03
2,0.0,0.1,35.0,2.6667,1,3,51.8,2.0,5.25,0.0,0.0,1,0.0382,10.0,1.5,0.0,0.0625,0,0.02
2,0.0,0.1161,23.2258,1.0,1,2,55.8,2.1,3.4839,0.1161,0.0,1,0.0355,6.0968,1.5,0.0,0.0677,0,0.04
2,0.0,0.0,11.25,1.0,0,3,16.0,0.5,1.6875,0.8438,0.0,1,0.0,2.8125,1.5,0.0,0.0,0,0.0
2,0.0,0.0,270.0,1.0,1,3,8.5,0.0,40.5,0.0,0.0,1,0.0,0.0,1.5,0.0,0.0,0,0.0
2,0.0,0.0,15.0,1.0,1,3,9.6667,0.5,2.25,0.375,0.0,1,0.0,3.75,1.5,0.0,0.0,0,0.0
2,0.68,0.05,22.0,4.0,0,2,29.75,11.1,3.3,0.51,0.0,10,0.5143,11.1,1.5,0.68,0.0378,0,0.05
2,0.9562,0.0562,-5.625,4.0,1,4,27.0,2.2,-0.8438,3.15,0.0,1,0.5667,12.375,1.5,0.17,0.04,0,0.01
2,0.0,0.7425,24.75,3.6667,0,3,31.8,4.3,3.7125,1.5975,0.0,0,0.4811,9.675,1.5,0.0,0.2208,1,0.33
2,0.0,0.22,8.0,0.6667,1,4,49.6,4.5,1.2,0.98,0.0,1,0.3085,4.5,1.5,0.0,0.2214,0,0.22
2,0.0,0.17,28.0,2.6667,0,4,65.2,6.3,4.2,1.13,0.0,7,0.2347,6.3,1.5,0.0,0.2153,0,0.17
2,0.0,0.03,8.0,2.3333,1,2,65.2,1.3,1.2,2.54,0.0,-1,0.0469,1.3,1.5,0.0,0.2098,1,0.03
2,0.2,0.01,39.0,6.6667,0,2,80.0,7.4,5.85,1.26,0.0,14,0.045,7.4,1.5,0.2,0.171,0,0.01
2,0.0314,0.0314,16.7442,4.6667,1,4,89.2,6.9,2.5116,1.8314,0.0,1,0.0464,7.2209,1.5,0.03,0.0928,0,0.03
2,0.0,0.0112,7.875,5.3333,0,2,87.2,0.2,1.1812,0.9225,0.0,1,0.0475,0.225,1.5,0.0,0.0516,0,0.01
2,0.0,0.1397,4.6552,0.3333,1,2,80.8,2.3,0.6983,2.9017,0.0,-1,0.0512,3.569,1.5,0.0,0.0379,0,0.09
2,0.0,0.0,21.9231,0.3333,0,3,78.4,1.4,3.2885,2.4808,0.0,1,0.0528,1.6154,1.5,0.0,0.0321,0,0.0
2,0.0,0.0,11.25,0.0,1,3,66.8,0.3,1.6875,1.9125,0.0,0,0.0081,0.8438,1.5,0.0,0.035,0,0.0
2,0.0435,0.0435,17.4194,1.0,0,2,62.0,2.0,2.6129,1.8145,0.0,2,0.0087,2.9032,1.5,0.03,0.0377,0,0.03
2,0.0,0.0,26.129,2.6667,1,3,58.4,0.7,3.9194,1.9016,0.0,6,0.0092,1.0161,1.5,0.0,0.037,0,0.0
2,0.0,0.0,9.4737,3.0,0,4,50.6,0.2,1.4211,3.3158,0.0,1,0.0107,0.9474,1.5,0.0,0.0107,0,0.0
2,0.0,0.0,180.0,2.6667,1,4,35.2,0.1,27.0,0.0,0.0,1,0.0153,9.0,1.5,0.0,0.0153,1,0.0
2,0.0,0.0,27.0,1.0,0,3,30.8,0.4,4.05,0.27,0.0,1,0.0175,3.6,1.5,0.0,0.0175,0,0.0
2,0.0,0.0,270.0,1.0,0,3,18.6,0.1,40.5,4.5,0.0,1,0.0,9.0,1.5,0.0,0.0,0,0.0
4,0.0,0.0,-18.0,0.0,1,3,5.0,0.3,0.0,0.0,0.0,0,0.0,5.4,1.5,0.0,0.0,0,0.0
4,0.2068,0.0,38.9189,6.0,1,3,39.5,5.5,0.0,3.0284,0.0,12,0.1937,6.6892,1.5,0.17,0.0,0,0.0
4,0.0,0.07,-2.0,4.3333,0,2,56.3333,2.5,0.0,1.87,0.0,1,0.0905,2.5,1.5,0.0,0.0373,0,0.07
4,0.0,0.02,3.0,5.0,1,2,64.75,1.9,0.0,3.94,0.0,2,0.0591,1.9,1.5,0.0,0.0313,0,0.02
4,0.1846,0.0462,6.9231,1.6667,0,3,67.4,3.7,0.0,1.9269,0.0,2,0.0881,4.2692,1.5,0.16,0.0347,0,0.04
4,0.0,0.0115,8.0769,2.0,0,2,82.0,4.4,0.0,2.0885,0.0,2,0.0724,5.0769,1.5,0.0,0.0307,0,0.01
4,0.21,0.01,6.0,2.0,1,4,85.2,5.8,0.0,1.05,0.0,2,0.0782,5.8,1.5,0.21,0.0317,0,0.01
4,0.0,0.0,5.8065,1.6667,0,3,73.4,0.1,0.0,3.9774,0.0,1,0.0907,0.2903,1.5,0.0,0.0196,1,0.0
4,0.05,0.03,28.0,4.0,1,3,73.4,7.1,0.0,1.33,0.0,9,0.103,7.1,1.5,0.05,0.0221,0,0.03
4,0.0,0.15,12.0,4.0,0,2,75.8,2.4,0.0,1.54,0.0,2,0.0617,2.4,1.5,0.0,0.0475,0,0.15
4,0.0,0.03,6.0,4.3333,1,3,78.2,2.1,0.0,2.71,0.0,2,0.0598,2.1,1.5,0.0,0.0506,1,0.03
4,0.24,0.0,6.0,1.6667,0,2,69.2,1.6,0.0,1.4,0.0,1,0.0442,3.2,1.5,0.12,0.0546,0,0.0
4,0.48,0.01,0.0,1.6667,1,4,81.0,2.6,0.0,1.78,0.0,2,0.1444,2.6,1.5,0.48,0.0489,0,0.01
4,0.12,0.1,12.0,1.6667,1,4,81.0,7.9,0.0,0.64,0.0,2,0.16,7.9,1.5,0.12,0.0644,0,0.1
4,0.23,0.0,7.0,2.0,0,3,81.0,2.8,0.0,2.75,0.0,2,0.2111,2.8,1.5,0.23,0.0311,0,0.0
4,0.5056,0.0,25.2809,4.0,0,3,80.8,5.6,0.0,0.718,0.0,8,0.323,5.6629,1.5,0.5,0.0245,0,0.0
4,0.8047,0.2012,19.0588,5.0,1,4,88.8,6.7,0.0,0.6671,0.0,5,0.4236,7.0941,1.5,0.76,0.0608,0,0.19
4,0.0,0.1957,19.5652,4.6667,0,4,75.4,1.3,0.0,0.8609,0.0,1,0.3844,5.087,1.5,0.0,0.0812,0,0.05
4,0.1174,0.0391,19.5652,2.3333,1,4,62.0,1.4,0.0,5.2826,0.0,1,0.4413,5.4783,1.5,0.03,0.0726,0,0.01
4,0.0,0.0,60.0,1.0,0,3,44.6,0.0,0.0,0.0,0.0,1,0.5206,0.0,1.5,0.0,0.1009,0,0.0
4,0.432,0.108,18.0,1.0,1,2,31.8,1.8,0.0,1.332,0.0,1,0.5151,6.48,1.5,0.12,0.1585,0,0.03
4,0.8662,0.0225,28.125,3.0,0,2,30.8,5.7,0.0,1.7775,0.0,7,0.5377,6.4125,1.5,0.77,0.0643,0,0.02
4,0.0,3.9,480.0,4.0,1,3,26.8,3.0,0.0,0.0,0.0,4,0.6179,90.0,1.5,0.0,0.1276,0,0.13
4,0.7071,0.0643,19.2857,4.0,0,2,25.0,0.5,0.0,2.3143,0.0,1,0.72,3.2143,1.5,0.11,0.1368,0,0.01
4,0.0,1.5545,8.1818,2.0,1,2,28.8,1.8,0.0,3.8045,0.0,1,0.625,7.3636,1.5,0.0,0.3562,1,0.38
4,0.0885,0.0148,7.377,1.3333,0,2,36.0,0.3,0.0,3.1721,0.0,2,0.47,0.4426,1.5,0.06,0.275,0,0.01
4,0.3818,0.0409,12.2727,1.6667,0,4,33.2,4.6,0.0,2.85,0.0,2,0.244,6.2727,1.5,0.28,0.3036,1,0.03
4,0.9493,0.0493,0.0,2.0,1,4,47.2,6.1,0.0,1.5411,0.0,2,0.4653,7.5205,1.5,0.77,0.1792,1,0.04
4,0.1575,0.0112,0.0,2.0,0,2,60.4,1.5,0.0,2.16,0.0,2,0.3725,1.6875,1.5,0.14,0.1401,0,0.01
4,0.2951,0.0148,0.0,2.0,1,3,68.2,1.8,0.0,3.2016,0.0,2,0.3827,2.6557,1.5,0.2,0.0264,0,0.01
3,0.0,0.02,-2.0,1.0,0,3,45.0,0.4,-0.2,2.48,0.0,1,0.0,0.8,1.5,0.0,0.02,0,0.01
3,0.4645,0.9871,59.5161,7.5,1,2,53.5,9.4,5.9516,0.929,0.0,14,0.2692,13.6452,1.5,0.32,0.5804,0,0.68
3,0.0,0.137,13.6957,5.3333,0,3,51.0,2.2,1.3696,4.363,0.0,1,0.1882,4.3043,1.5,0.0,0.4471,0,0.07
3,2.1,0.1091,51.8182,6.6667,1,2,46.5,7.0,5.1818,2.1818,0.0,5,0.5274,19.0909,1.5,0.77,0.3871,0,0.04
3,0.0,1.14,-12.0,2.3333,0,3,40.2,1.7,-1.2,2.16,0.0,1,0.4881,10.2,1.5,0.0,0.4433,1,0.19
3,0.0,0.675,45.0,2.3333,0,2,32.8,2.1,4.5,1.575,0.0,1,0.5982,23.625,1.5,0.0,0.5707,0,0.06
3,1.9929,0.0643,135.0,2.6667,1,4,23.2,5.9,13.5,1.6071,0.0,6,0.8379,37.9286,1.5,0.31,0.2871,0,0.01
3,0.28,0.2,22.0,3.6667,1,2,23.0,5.0,2.2,0.96,0.0,4,0.9548,10.0,1.5,0.14,0.313,0,0.1
3,0.66,0.2,-4.0,3.6667,0,4,25.4,4.3,-0.4,0.22,0.0,1,0.5528,8.6,1.5,0.33,0.326,0,0.1
3,0.1929,1.9607,54.6429,3.0,1,3,28.0,4.8,5.4643,1.8,0.0,4,0.54,15.4286,1.5,0.06,0.5657,1,0.61
3,0.48,0.04,6.0,2.0,0,3,35.4,3.7,0.6,2.28,0.0,1,0.5492,7.4,1.5,0.24,0.4271,1,0.02
3,0.1479,0.1973,30.8219,4.0,0,4,47.2,7.5,3.0822,2.2932,0.0,7,0.3394,9.2466,1.5,0.12,0.3775,1,0.16
3,0.4071,0.0536,27.8571,5.6667,1,2,55.0,11.6,2.7857,0.8893,0.0,9,0.3698,12.4286,1.5,0.38,0.3076,0,0.05
3,0.0,0.66,26.0,6.6667,1,3,55.0,3.4,2.6,1.44,0.0,4,0.2618,6.8,1.5,0.0,0.3829,0,0.33
3,0.0,0.828,39.6,5.3333,0,4,54.4,3.5,3.96,0.0,0.0,3,0.2449,12.6,1.5,0.0,0.2614,0,0.23
3,0.0112,0.1125,-3.375,3.0,1,3,61.4,3.5,-0.3375,0.0225,0.0,2,0.1495,3.9375,1.5,0.01,0.255,0,0.1
3,0.1184,0.2842,5.9211,2.3333,0,3,62.0,5.5,0.5921,1.0066,0.0,2,0.1423,6.5132,1.5,0.1,0.2758,1,0.24
3,0.16,0.11,29.0,4.0,1,3,63.2,10.0,2.9,0.98,0.0,8,0.0769,10.0,1.5,0.16,0.2877,0,0.11
3,0.1,0.0714,7.1429,4.3333,0,3,66.8,3.9,0.7143,1.5,0.0,3,0.0916,5.5714,1.5,0.07,0.1967,0,0.05
3,0.1286,1.9607,67.5,5.0,1,2,67.4,9.8,6.75,2.475,0.0,4,0.1015,31.5,1.5,0.04,0.2964,0,0.61
3,0.1068,0.2288,45.7627,4.6667,0,3,63.2,9.0,4.5763,0.3661,0.0,7,0.1253,13.7288,1.5,0.07,0.3304,1,0.15
3,0.0875,0.5875,23.75,5.3333,1,4,62.4,5.5,2.375,1.825,0.0,5,0.1183,6.875,1.5,0.07,0.401,0,0.47
3,0.135,0.0562,4.5,4.6667,0,3,60.4,2.7,0.45,0.9225,0.0,2,0.1103,3.0375,1.5,0.12,0.3964,0,0.05
3,1.05,0.66,38.0,6.3333,1,2,65.8,13.3,3.8,2.58,0.0,12,0.3693,13.3,1.5,1.05,0.5307,0,0.66
3,0.0692,0.5538,19.6154,6.0,0,3,75.8,10.4,1.9615,2.4808,0.0,4,0.3253,12.0,1.5,0.06,0.4298,0,0.48
3,0.0662,0.0,5.2941,6.0,1,3,77.6,2.0,0.5294,1.2574,0.0,2,0.3131,2.6471,1.5,0.05,0.3851,0,0.0
3,0.14,0.07,17.0,2.6667,0,4,81.2,6.9,1.7,2.04,0.0,2,0.3148,6.9,1.5,0.14,0.2793,0,0.07
3,0.03,0.26,6.0,2.3333,1,3,83.2,4.8,0.6,1.38,0.0,3,0.2877,4.8,1.5,0.03,0.318,0,0.26
3,0.0,0.1333,-3.3333,2.0,0,3,70.6,1.7,-0.3333,3.3333,0.0,1,0.0714,5.6667,1.5,0.0,0.2167,0,0.04
3,0.07,0.1,17.0,3.0,1,2,73.0,4.6,1.7,1.56,0.0,5,0.0715,4.6,1.5,0.07,0.1159,0,0.1
3,1.3034,0.0,71.3793,4.0,0,3,65.2,5.3,7.1379,0.3103,0.0,6,0.1822,16.4483,1.5,0.42,0.1298,0,0.0
3,1.036,0.3035,49.186,8.0,1,4,64.4,17.0,4.9186,1.4337,0.0,13,0.422,17.7907,1.5,0.99,0.1929,0,0.29
3,0.0243,0.0,-2.4324,6.6667,1,3,61.2,1.9,-0.2432,1.3014,0.0,1,0.4412,2.3108,1.5,0.02,0.1265,0,0.0
3,0.0,0.02,4.0,5.3333,0,4,73.8,1.2,0.4,2.69,0.0,2,0.3659,1.2,1.5,0.0,0.1,0,0.02
3,0.15,0.81,9.0,1.6667,1,3,73.8,7.6,0.9,1.73,0.0,2,0.3854,7.6,1.5,0.15,0.2732,0,0.81
2,0.7744,0.0,1.0465,-1.0,0,3,86.0,1.7,0.157,2.9302,0.0,-1,0.7744,1.7791,1.5,0.74,0.0,1,0.0
2,0.0,0.27,27.0,2.5,1,4,88.0,4.1,4.05,0.68,0.0,6,0.3784,4.1,1.5,0.0,0.1381,1,0.27
2,1.35,0.02,45.0,7.3333,0,3,88.6667,16.5,6.75,0.73,0.0,17,0.7071,16.5,1.5,1.35,0.0981,0,0.02
2,0.06,0.0,0.0,7.3333,0,3,89.0,5.7,0.0,2.47,0.0,-1,0.5435,5.7,1.5,0.06,0.0733,0,0.0
2,0.68,0.04,6.0,5.6667,1,3,89.2,4.3,0.9,1.17,0.0,1,0.5711,4.3,1.5,0.68,0.0666,1,0.04
2,0.06,0.01,26.0,2.0,0,3,90.0,4.6,3.9,1.35,0.0,6,0.43,4.6,1.5,0.06,0.068,0,0.01
2,0.0,0.48,26.0,4.3333,1,2,90.0,5.5,3.9,1.71,0.0,6,0.43,5.5,1.5,0.0,0.11,0,0.48
2,0.2556,0.0111,6.6667,4.6667,0,3,88.2,3.7,1.0,1.1667,0.0,2,0.2102,4.1111,1.5,0.23,0.1102,0,0.01
2,0.0,0.01,14.0,3.3333,1,2,88.2,3.0,2.1,1.15,0.0,2,0.198,3.0,1.5,0.0,0.1122,1,0.01
2,0.0,0.3692,30.0,3.0,1,3,85.8,3.5,4.5,0.1269,0.0,5,0.0608,4.0385,1.5,0.0,0.1741,0,0.32
2,0.2328,0.2328,18.6207,2.3333,0,3,79.4,2.9,2.7931,0.6362,0.0,0,0.0861,4.5,1.5,0.15,0.2199,1,0.15
2,0.16,0.0,13.0,2.3333,1,3,79.4,4.8,1.95,0.93,0.0,2,0.1224,4.8,1.5,0.16,0.1111,0,0.0
2,0.18,0.0,-2.0,0.6667,0,3,72.2,0.3,-0.3,2.36,0.0,0,0.0997,0.6,1.5,0.09,0.1197,0,0.0
2,0.0,0.0562,45.0,1.0,0,4,57.4,0.8,6.75,0.8438,0.0,1,0.1254,4.5,1.5,0.0,0.1505,0,0.01
2,0.075,0.0,15.0,0.6667,1,2,46.6,0.7,2.25,0.45,0.0,1,0.1622,2.625,1.5,0.02,0.0618,0,0.0
2,0.2391,0.0281,4.2188,1.3333,0,3,47.8,1.3,0.6328,0.7172,0.0,2,0.1657,1.8281,1.5,0.17,0.0113,0,0.02
2,0.01,0.28,15.0,1.3333,1,3,47.8,7.8,2.25,0.56,0.0,1,0.1092,7.8,1.5,0.01,0.1167,0,0.28
2,0.675,1.2375,50.625,1.3333,0,3,42.0,4.1,7.5938,0.45,0.0,1,0.1371,23.0625,1.5,0.12,0.2271,1,0.22
2,0.12,0.02,9.0,1.0,1,3,56.8,5.2,1.35,2.54,0.0,1,0.1394,5.2,1.5,0.12,0.1711,0,0.02
2,0.0,0.029,11.6129,1.0,0,3,58.2,0.9,1.7419,2.9613,0.0,1,0.1299,2.6129,1.5,0.0,0.1701,0,0.01
2,0.02,0.27,16.0,0.6667,1,3,63.4,7.1,2.4,1.8,0.0,0,0.0767,7.1,1.5,0.02,0.2271,0,0.27
2,0.0,0.01,11.0,1.0,0,3,63.4,1.7,1.65,1.4,0.0,2,0.0738,1.7,1.5,0.0,0.1505,0,0.01
2,0.11,0.1,9.0,1.0,1,3,78.2,1.8,1.35,2.58,0.0,1,0.0575,1.8,1.5,0.11,0.0944,0,0.1
2,0.0,0.01,13.0,1.3333,0,4,78.2,2.8,1.95,2.28,0.0,1,0.0299,2.8,1.5,0.0,0.0921,0,0.01
2,0.29,0.03,3.0,0.6667,1,2,90.0,3.2,0.45,1.63,0.0,0,0.084,3.2,1.5,0.29,0.084,0,0.03
2,0.0,0.04,8.0,0.6667,0,3,81.0,2.0,1.2,1.58,0.0,1,0.0889,4.0,1.5,0.0,0.0378,0,0.02
2,0.01,0.01,3.0,0.6667,1,4,81.0,0.0,0.45,1.69,0.0,1,0.0911,0.0,1.5,0.01,0.0378,0,0.01
2,0.0,0.11,20.0,2.0,1,3,81.0,5.9,3.0,1.37,0.0,4,0.0667,5.9,1.5,0.0,0.04,0,0.11
2,0.0281,0.0562,7.0312,2.0,0,2,75.8,1.2,1.0547,3.5438,0.0,1,0.076,1.6875,1.5,0.02,0.0499,0,0.04
2,0.0,0.0,22.0,1.0,1,2,45.0,1.0,3.3,3.1,0.0,1,0.0,2.0,1.5,0.0,0.0,0,0.0
2,0.0,0.0,0.0,0.5,0,2,35.5,0.5,0.0,3.4615,0.0,0,0.0,1.7308,1.5,0.0,0.0,0,0.0
2,0.0,0.0,270.0,0.6667,0,3,24.0,0.1,40.5,4.5,0.0,1,0.0,9.0,1.5,0.0,0.0,0,0.0
2,0.0,0.0,117.0,1.6667,1,4,20.5,3.1,17.55,1.17,0.0,4,0.0,27.9,1.5,0.0,0.0,1,0.0
2,0.0,0.0134,13.4328,1.6667,0,4,29.8,0.4,2.0149,2.9015,0.0,0,0.0,0.5373,1.5,0.0,0.006,0,0.01
3,2.4,0.3,90.0,1.0,0,3,3.0,0.5,9.0,19.5,0.0,1,2.4,15.0,1.5,0.08,0.3,0,0.01
3,0.3,0.0429,17.1429,1.0,1,3,12.0,1.3,1.7143,0.1286,0.0,1,0.5625,5.5714,1.5,0.07,0.075,0,0.01
3,0.0,0.0,270.0,1.0,1,3,1.0,0.0,27.0,0.0,0.0,1,0.0,0.0,1.5,0.0,0.0,1,0.0
3,0.0,0.0,270.0,1.0,0,3,1.0,0.5,27.0,17.1,0.0,1,0.0,45.0,1.5,0.0,0.0,0,0.0
3,0.0,0.0,90.0,1.0,1,4,1.0,0.2,9.0,28.8,0.0,1,0.0,18.0,1.5,0.0,0.0,1,0.0
3,0.0,0.0,67.5,1.0,0,2,1.75,0.1,6.75,0.0,0.0,1,0.0,2.25,1.5,0.0,0.0,0,0.0
3,0.1125,0.0,11.25,1.0,1,2,6.2,0.8,1.125,0.45,0.0,1,0.0871,3.0,1.5,0.03,0.0,0,0.0
3,0.0,0.0,270.0,1.0,0,3,6.2,0.2,27.0,0.0,0.0,1,0.0871,18.0,1.5,0.0,0.0,0,0.0
3,0.7412,0.0106,47.6471,5.0,0,3,23.0,8.2,4.7647,1.0059,0.0,13,0.5713,8.6824,1.5,0.7,0.0078,0,0.01
3,0.0,0.0,270.0,5.0,1,4,23.0,0.0,27.0,0.0,0.0,1,0.5713,0.0,1.5,0.0,0.0078,0,0.0
2,0.9346,0.0,20.7692,0.0,0,3,26.0,4.7,3.1154,5.6769,0.0,0,0.9346,16.2692,1.5,0.27,0.0,0,0.0
2,0.0,0.0,27.6923,0.5,1,3,26.0,1.5,4.1538,0.1038,0.0,1,0.4673,5.1923,1.5,0.0,0.0,0,0.0
2,0.1,0.01,10.0,1.0,0,2,47.3333,2.3,1.5,0.73,0.0,2,0.2345,2.3,1.5,0.1,0.0063,0,0.01
2,0.0,0.0,15.0,1.3333,0,3,40.0,0.2,2.25,0.3,0.0,1,0.2081,1.0,1.5,0.0,0.0056,1,0.0
2,0.0,0.01,13.0,1.6667,0,3,50.0,2.2,1.95,1.19,0.0,2,0.1332,2.2,1.5,0.0,0.0072,1,0.01
2,0.0,0.0,24.5455,1.3333,1,3,47.0,0.2,3.6818,3.0273,0.0,1,0.0383,1.6364,1.5,0.0,0.0077,0,0.0
2,0.0,0.075,30.0,1.3333,0,2,44.2,0.4,4.5,0.0,0.0,1,0.0407,3.0,1.5,0.0,0.0122,0,0.01
2,0.11,0.0,14.0,1.3333,0,2,44.2,1.9,2.1,2.32,0.0,2,0.0448,1.9,1.5,0.11,0.0081,0,0.0
2,0.0,0.01,13.0,1.3333,0,4,58.6,2.3,1.95,2.02,0.0,1,0.0338,2.3,1.5,0.0,0.0092,0,0.01
2,0.0,0.01,24.0,3.0,1,2,58.6,2.0,3.6,0.83,0.0,6,0.0338,2.0,1.5,0.0,0.0092,1,0.01
2,0.0,0.01,26.0,4.3333,1,2,74.4,2.3,3.9,1.36,0.0,6,0.0266,2.3,1.5,0.0,0.0097,0,0.01
2,0.0,0.18,16.0,4.6667,0,3,90.0,3.6,2.4,0.51,0.0,2,0.022,3.6,1.5,0.0,0.042,0,0.18
2,0.1,0.01,11.0,2.6667,0,4,90.0,2.6,1.65,1.04,0.0,0,0.02,2.6,1.5,0.1,0.044,0,0.01
2,0.0,0.01,12.0,1.0,1,3,90.0,2.7,1.8,0.98,0.0,1,0.02,2.7,1.5,0.0,0.044,1,0.01
2,0.0,0.0123,23.4247,2.0,0,3,86.6,0.7,3.5137,1.2945,0.0,5,0.0208,0.863,1.5,0.0,0.0457,0,0.01
2,0.0,0.01,26.0,4.0,0,4,86.6,2.3,3.9,1.26,0.0,6,0.0208,2.3,1.5,0.0,0.0457,0,0.01
2,0.0,0.01,14.0,4.0,1,3,86.6,2.5,2.1,1.8,0.0,1,0.0208,2.5,1.5,0.0,0.0104,1,0.01
2,0.0,0.0,54.0,2.3333,1,2,69.6,0.5,8.1,8.82,0.0,0,0.0,9.0,1.5,0.0,0.0103,0,0.0
2,0.26,0.01,22.0,2.3333,1,4,69.6,3.5,3.3,1.49,0.0,6,0.0672,3.5,1.5,0.26,0.0103,0,0.01
2,0.06,0.0,14.0,2.0,0,4,73.0,2.3,2.1,3.28,0.0,0,0.0789,2.3,1.5,0.06,0.0074,1,0.0
2,0.0,0.03,9.0,2.0,1,4,73.0,2.5,1.35,1.56,0.0,0,0.0789,2.5,1.5,0.0,0.0123,0,0.03
2,0.0,0.01,25.0,2.0,0,4,73.0,1.7,3.75,1.62,0.0,6,0.0789,1.7,1.5,0.0,0.0123,1,0.01
2,0.0,0.0,90.0,2.3333,1,2,72.6,0.2,13.5,9.9,0.0,1,0.0793,6.0,1.5,0.0,0.0124,0,0.0
2,0.0,0.0,18.0,2.6667,1,3,57.6,0.3,2.7,1.86,0.0,1,0.0188,1.8,1.5,0.0,0.0125,0,0.0
2,0.0,0.0,16.0,1.3333,0,3,57.6,3.2,2.4,2.69,0.0,2,0.0,3.2,1.5,0.0,0.0125,1,0.0
2,1.0,0.01,6.0,1.3333,1,3,57.6,2.2,0.9,1.73,0.0,1,0.3125,2.2,1.5,1.0,0.0062,0,0.01
2,0.05,0.0,15.0,1.0,0,2,57.6,2.4,2.25,2.48,0.0,0,0.3281,2.4,1.5,0.05,0.0031,0,0.0
2,0.0,0.15,13.0,-1.0,0,4,90.0,6.0,1.95,3.44,0.0,-1,0.0,6.0,1.5,0.0,0.15,0,0.15
2,0.02,0.05,31.0,4.5,1,3,90.0,3.8,4.65,0.68,0.0,10,0.01,3.8,1.5,0.02,0.1,0,0.05
2,0.0,0.09,19.125,4.6667,0,2,86.6667,5.4,2.8688,0.315,0.0,5,0.0069,6.075,1.5,0.0,0.0969,0,0.08
2,0.0,0.23,17.0,5.3333,0,2,87.5,9.1,2.55,2.47,0.0,1,0.0051,9.1,1.5,0.0,0.1311,0,0.23
2,0.03,0.21,19.0,3.6667,1,2,88.0,8.8,2.85,1.17,0.0,5,0.0102,8.8,1.5,0.03,0.1473,0,0.21
2,0.01,0.03,17.0,3.6667,0,3,88.0,2.9,2.55,1.35,0.0,5,0.0123,2.9,1.5,0.01,0.1227,1,0.03
2,0.08,0.06,6.0,3.6667,1,3,88.0,3.4,0.9,1.71,0.0,1,0.0245,3.4,1.5,0.08,0.1248,0,0.06
2,0.0,0.18,13.0,2.6667,0,2,90.0,4.2,1.95,1.19,0.0,2,0.024,4.2,1.5,0.0,0.142,0,0.18
2,0.0,0.01,14.0,1.6667,1,3,90.0,2.4,2.1,1.15,0.0,2,0.024,2.4,1.5,0.0,0.098,0,0.01
2,0.0,0.39,18.0,2.0,1,3,90.0,7.4,2.7,0.48,0.0,2,0.018,7.4,1.5,0.0,0.134,0,0.39
2,0.03,0.71,18.0,1.6667,0,3,90.0,11.4,2.7,0.41,0.0,1,0.022,11.4,1.5,0.03,0.27,0,0.71
2,0.0,0.19,12.0,1.6667,1,2,90.0,2.5,1.8,0.93,0.0,2,0.006,2.5,1.5,0.0,0.296,0,0.19
2,0.06,0.23,21.0,1.6667,0,3,90.0,5.7,3.15,2.32,0.0,2,0.018,5.7,1.5,0.06,0.306,0,0.23
2,0.0247,0.0247,7.3973,1.6667,0,3,86.6,3.1,1.1096,2.2932,0.0,1,0.0229,3.8219,1.5,0.02,0.3201,1,0.02
2,0.0202,0.0708,22.2472,3.0,1,2,86.4,3.7,3.3371,0.8393,0.0,6,0.0271,3.7416,1.5,0.02,0.2542,0,0.07
2,0.1052,0.0117,15.1948,4.0,1,3,83.8,2.6,2.2792,1.5429,0.0,5,0.0408,3.039,1.5,0.09,0.1117,0,0.01
2,0.0123,0.0247,25.8904,5.6667,1,4,80.4,0.7,3.8836,0.0,0.0,6,0.0448,0.863,1.5,0.01,0.0784,0,0.02
2,0.0,0.1837,9.1837,4.0,0,3,72.2,3.7,1.3776,0.5878,0.0,1,0.0349,6.7959,1.5,0.0,0.0548,0,0.1
2,0.0,0.0,60.0,2.6667,1,3,58.2,0.0,9.0,1.5,0.0,1,0.0371,0.0,1.5,0.0,0.0619,0,0.0
2,0.0,0.0,20.0,1.0,0,4,42.2,0.0,3.0,5.7,0.0,1,0.0427,0.0,1.5,0.0,0.0555,0,0.0
2,0.1742,0.0581,8.7097,1.0,1,3,33.0,1.2,1.3065,2.0613,0.0,1,0.0382,3.4839,1.5,0.06,0.0764,0,0.02
2,2.2909,0.0,147.2727,3.0,0,2,20.6,7.0,22.0909,1.0636,0.0,7,0.2971,57.2727,1.5,0.28,0.1049,0,0.0
2,0.0316,0.0,9.4737,2.6667,1,4,22.2,1.0,1.4211,1.5,0.0,0,0.2919,1.5789,1.5,0.02,0.0162,0,0.0
2,0.0,0.0333,10.0,2.6667,0,2,27.0,1.1,1.5,2.6333,0.0,1,0.24,3.6667,1.5,0.0,0.02,1,0.01
2,0.0,0.0,6.6667,0.3333,1,2,30.6,1.9,1.0,0.6,0.0,0,0.2118,6.3333,1.5,0.0,0.0176,0,0.0
2,0.0,0.01,6.0,0.3333,0,3,42.4,1.0,0.9,3.28,0.0,0,0.1274,1.0,1.5,0.0,0.0085,0,0.01
2,0.12,0.08,11.0,0.3333,1,2,58.2,2.8,1.65,1.56,0.0,1,0.0433,2.8,1.5,0.12,0.0309,0,0.08
2,0.09,0.04,38.0,4.3333,0,3,64.8,5.1,5.7,1.62,0.0,12,0.0583,5.1,1.5,0.09,0.0389,1,0.04
2,0.0,0.02,9.0,5.0,1,3,77.4,1.1,1.35,1.69,0.0,2,0.0488,1.1,1.5,0.0,0.0349,0,0.02
2,0.04,0.22,8.0,5.0,1,3,90.0,5.1,1.2,1.37,0.0,1,0.05,5.1,1.5,0.04,0.074,1,0.22
2,0.0,0.0101,11.1236,1.6667,0,4,89.8,1.1,1.6685,2.6596,0.0,2,0.0501,1.1124,1.5,0.0,0.0742,0,0.01
2,0.01,0.04,10.0,1.3333,1,3,89.8,3.6,1.5,1.73,0.0,1,0.0281,3.6,1.5,0.01,0.0661,1,0.04
2,0.0,0.3,8.0,0.6667,0,3,89.8,6.3,1.2,2.48,0.0,-1,0.01,6.3,1.5,0.0,0.1183,0,0.3
3,0.19,0.15,10.0,1.0,0,4,90.0,5.1,1.0,3.44,0.0,1,0.19,5.1,1.5,0.19,0.15,0,0.15
3,1.1286,0.1429,42.8571,4.0,1,3,76.5,7.7,4.2857,0.9143,0.0,7,0.5765,11.0,1.5,0.79,0.1471,0,0.1
3,0.0,0.1376,12.7059,3.3333,0,2,79.3333,4.5,1.2706,0.4129,0.0,2,0.3706,4.7647,1.5,0.0,0.1437,0,0.13
3,0.0,0.038,24.0845,3.6667,0,4,77.25,1.3,2.4085,2.9789,0.0,2,0.2854,1.6479,1.5,0.0,0.1194,0,0.03
3,0.79,0.1,41.0,4.6667,1,2,79.8,10.1,4.1,1.17,0.0,10,0.3992,10.1,1.5,0.79,0.115,0,0.1
3,0.05,0.08,9.0,4.6667,0,3,79.8,2.3,0.9,1.35,0.0,2,0.3677,2.3,1.5,0.05,0.0992,0,0.08
3,0.14,0.19,27.0,6.6667,1,3,85.2,6.9,2.7,1.71,0.0,8,0.207,6.9,1.5,0.14,0.112,0,0.19
3,0.33,0.11,13.0,4.0,0,3,86.2,4.6,1.3,1.19,0.0,2,0.2735,4.6,1.5,0.33,0.1065,1,0.11
3,0.9,0.07,54.0,8.3333,1,2,90.0,16.3,5.4,1.15,0.0,15,0.442,16.3,1.5,0.9,0.11,0,0.07
3,0.0,0.1315,28.3146,8.0,1,2,89.8,8.1,2.8315,0.1719,0.0,7,0.2846,8.191,1.5,0.0,0.1163,1,0.13
3,0.0212,0.1906,14.8235,8.0,0,2,88.8,2.4,1.4824,0.4341,0.0,2,0.2818,2.5412,1.5,0.02,0.1378,0,0.18
3,0.0,0.04,13.0,3.6667,1,3,88.8,2.9,1.3,0.93,0.0,2,0.2534,2.9,1.5,0.0,0.1074,0,0.04
3,0.0,0.12,29.0,3.6667,0,3,88.8,6.1,2.9,2.32,0.0,7,0.1865,6.1,1.5,0.0,0.1095,0,0.12
3,0.33,0.07,18.0,3.6667,0,3,88.8,6.3,1.8,2.02,0.0,2,0.0709,6.3,1.5,0.33,0.1095,1,0.07
3,0.39,0.48,14.0,4.0,1,3,89.0,10.2,1.4,0.83,0.0,3,0.1497,10.2,1.5,0.39,0.18,0,0.48
3,0.01,0.01,7.0,2.3333,1,2,90.0,2.7,0.7,1.36,0.0,2,0.146,2.7,1.5,0.01,0.144,0,0.01
3,0.04,0.21,26.0,4.3333,1,3,90.0,6.6,2.6,0.56,0.0,8,0.154,6.6,1.5,0.04,0.178,0,0.21
3,0.04,0.09,7.0,4.0,0,4,90.0,3.8,0.7,1.04,0.0,2,0.162,3.8,1.5,0.04,0.172,1,0.09
3,0.97,0.04,32.0,6.6667,1,3,90.0,8.6,3.2,0.98,0.0,10,0.29,8.6,1.5,0.97,0.166,0,0.04
3,0.03,0.11,15.0,5.0,0,3,90.0,4.4,1.5,1.13,0.0,3,0.218,4.4,1.5,0.03,0.092,0,0.11
3,0.0,0.48,16.0,4.6667,1,3,90.0,6.2,1.6,2.54,0.0,1,0.216,6.2,1.5,0.0,0.186,0,0.48
3,0.02,0.9,60.0,3.0,0,2,81.0,9.5,6.0,0.44,0.0,5,0.2333,19.0,1.5,0.01,0.26,0,0.45
3,0.73,0.07,33.0,5.3333,1,2,81.0,12.0,3.3,1.8,0.0,10,0.3867,12.0,1.5,0.73,0.2556,0,0.07
3,0.0,0.15,18.0,5.6667,0,3,81.0,7.7,1.8,1.4,0.0,2,0.1711,7.7,1.5,0.0,0.28,0,0.15
3,0.55,0.05,47.0,9.0,1,3,81.0,12.2,4.7,2.58,0.0,15,0.2867,12.2,1.5,0.55,0.2667,0,0.05
3,0.04,0.02,18.0,7.0,0,2,81.0,3.2,1.8,2.28,0.0,4,0.2956,3.2,1.5,0.04,0.1644,0,0.02
3,0.0,0.12,15.0,7.0,1,3,90.0,4.2,1.5,1.63,0.0,2,0.264,4.2,1.5,0.0,0.082,1,0.12
3,0.03,0.19,16.0,2.3333,0,3,90.0,4.3,1.6,2.04,0.0,1,0.124,4.3,1.5,0.03,0.106,0,0.19
3,0.0,0.09,8.0,2.0,1,4,90.0,2.5,0.8,1.49,0.0,3,0.124,2.5,1.5,0.0,0.094,0,0.09
3,0.2714,0.1571,2.8571,1.6667,0,3,84.6,6.5,0.2857,3.2571,0.0,1,0.0553,9.2857,1.5,0.19,0.1128,0,0.11
3,0.0,0.21,7.0,1.6667,1,4,84.6,4.7,0.7,1.56,0.0,1,0.0468,4.7,1.5,0.0,0.1532,0,0.21
3,0.0,0.0365,0.0,1.0,1,3,81.4,0.3,0.0,1.3014,0.0,1,0.0486,0.3649,1.5,0.0,0.1393,1,0.03
3,0.0,0.01,14.0,1.3333,0,3,81.4,1.4,1.4,2.69,0.0,2,0.042,1.4,1.5,0.0,0.0995,1,0.01
3,0.1367,0.0228,11.3924,1.6667,1,2,79.2,1.9,1.1392,1.8114,0.0,2,0.0705,2.1646,1.5,0.12,0.0864,0,0.02
3,0.0,0.42,14.0,1.6667,0,3,84.6,3.6,1.4,2.48,0.0,1,0.0255,3.6,1.5,0.0,0.1468,0,0.42
4,3.0938,0.0,174.375,7.0,1,2,16.0,6.9,0.0,0.1687,0.0,7,3.0938,38.8125,1.5,0.55,0.0,1,0.0
4,0.0,0.0,67.5,4.0,0,3,10.0,0.2,0.0,7.425,0.0,1,2.475,4.5,1.5,0.0,0.0,0,0.0
4,0.4235,0.0529,-5.2941,3.0,0,3,12.3333,0.4,0.0,0.6353,0.0,1,1.5324,2.1176,1.5,0.08,0.0243,0,0.01
4,0.4737,0.0,108.9474,2.3333,1,4,14.0,6.1,0.0,1.6579,0.0,5,1.1732,28.8947,1.5,0.1,0.0161,1,0.0
4,0.0,0.0,0.0,2.3333,0,2,11.4,0.0,0.0,17.1,0.0,1,1.1526,0.0,1.5,0.0,0.0158,0,0.0
4,0.0,0.0,-8.1818,2.0,1,2,10.4,0.1,0.0,0.8182,0.0,0,0.3115,0.8182,1.5,0.0,0.0173,0,0.0
4,0.9,0.0,180.0,0.6667,0,4,9.8,0.2,0.0,3.6,0.0,1,0.349,18.0,1.5,0.01,0.0184,0,0.0
4,0.144,0.0,0.0,0.3333,0,2,11.4,0.4,0.0,1.188,0.0,0,0.2368,1.44,1.5,0.04,0.0,0,0.0
4,0.0,0.0,270.0,0.6667,1,2,7.8,0.1,0.0,0.0,0.0,1,0.1154,9.0,1.5,0.0,0.0,0,0.0
4,0.108,0.0,3.6,0.3333,0,3,12.6,0.9,0.0,0.0,0.0,0,0.1143,3.24,1.5,0.03,0.0,1,0.0
4,0.0,0.225,5.625,0.6667,1,2,13.6,1.3,0.0,3.15,0.0,1,0.1059,7.3125,1.5,0.0,0.0529,1,0.04
4,0.0,0.0,45.0,0.6667,0,4,14.2,0.0,0.0,2.025,0.0,1,0.0887,0.0,1.5,0.0,0.0507,0,0.0
4,0.0,0.0,146.25,2.0,1,3,10.8,1.1,0.0,0.0,0.0,4,0.05,12.375,1.5,0.0,0.0667,0,0.0
4,1.4538,0.0,-17.3077,2.0,0,4,15.8,3.1,0.0,0.2769,0.0,1,0.5127,10.7308,1.5,0.42,0.0456,1,0.0
4,0.0,0.0,-2.0,2.0,0,3,19.8,0.1,0.0,2.5,0.0,1,0.3818,0.2,1.5,0.0,0.0364,0,0.0
4,0.06,0.1,-4.0,0.6667,1,3,25.6,1.1,0.0,1.06,0.0,0,0.3164,2.2,1.5,0.03,0.0352,1,0.05
4,0.2571,0.0643,34.7143,2.6667,0,2,38.8,6.6,0.0,3.3171,0.0,7,0.3015,8.4857,1.5,0.2,0.0464,0,0.05
4,0.0,0.0,270.0,2.6667,1,2,37.4,0.0,0.0,0.0,0.0,1,0.3128,0.0,1.5,0.0,0.0481,0,0.0
4,0.0,0.0,180.0,3.0,1,3,32.4,0.0,0.0,29.7,0.0,1,0.1278,0.0,1.5,0.0,0.0556,0,0.0
4,1.2857,0.0,25.7143,1.0,1,4,24.8,0.4,0.0,2.5714,0.0,1,0.2395,5.1429,1.5,0.1,0.0726,0,0.0
4,0.0,0.0,15.8824,1.0,0,2,19.2,0.0,0.0,7.6235,0.0,1,0.2813,0.0,1.5,0.0,0.0469,0,0.0
4,3.2727,0.0,433.6364,4.6667,1,2,7.4,9.1,0.0,1.0636,0.0,12,1.2162,74.4545,1.5,0.4,0.0,0,0.0
4,0.08,0.0,3.0,5.0,0,2,25.2,2.1,0.0,2.48,0.0,2,0.4143,2.1,1.5,0.08,0.0,1,0.0
3,0.0,0.0,45.0,1.0,0,3,4.0,0.0,4.5,2.025,0.0,1,0.0,0.0,1.5,0.0,0.0,0,0.0
3,0.0,0.0,9.4737,1.0,0,3,11.5,0.1,0.9474,4.8316,0.0,1,0.0,0.4737,1.5,0.0,0.0,0,0.0
3,0.0,0.0,450.0,1.0,0,3,8.0,0.3,45.0,0.0,0.0,1,0.0,27.0,1.5,0.0,0.0,0,0.0
3,0.0,0.0,24.5455,1.0,0,2,8.75,0.1,2.4545,1.0636,0.0,1,0.0,0.8182,1.5,0.0,0.0,0,0.0
3,0.0,0.0,17.1429,1.0,1,3,11.2,0.4,1.7143,2.9143,0.0,1,0.0,1.7143,1.5,0.0,0.0,0,0.0
3,0.0,0.0,225.0,1.0,1,2,10.8,0.2,22.5,4.95,0.0,1,0.0,9.0,1.5,0.0,0.0,1,0.0
3,0.0,0.0,7.2581,1.3333,0,3,19.4,0.9,0.7258,3.3097,0.0,2,0.0,1.3065,1.5,0.0,0.0,0,0.0
3,0.0,0.0,12.0,1.3333,1,3,22.2,0.1,1.2,1.86,0.0,1,0.0,0.6,1.5,0.0,0.0,0,0.0
3,0.0,0.0,4.0909,1.3333,0,2,24.4,0.0,0.4091,1.35,0.0,1,0.0,0.0,1.5,0.0,0.0,1,0.0
3,0.03,0.02,10.0,2.0,0,3,90.0,3.1,1.0,3.44,0.0,2,0.03,3.1,1.5,0.03,0.02,1,0.02
3,0.02,0.03,12.0,2.5,1,2,90.0,0.9,1.2,0.68,0.0,3,0.025,0.9,1.5,0.02,0.025,0,0.03
3,0.0,0.03,23.0,2.6667,0,3,90.0,4.1,2.3,0.73,0.0,3,0.0167,4.1,1.5,0.0,0.0267,0,0.03
3,0.0,0.01,12.0,2.3333,0,4,90.0,2.3,1.2,2.47,0.0,1,0.0125,2.3,1.5,0.0,0.0225,0,0.01
3,0.0,0.0474,11.0526,1.6667,1,4,83.4,1.1,1.1053,0.5842,0.0,1,0.0108,1.7368,1.5,0.0,0.0259,0,0.03
3,0.0,0.0506,20.2247,1.6667,0,3,83.2,6.7,2.0225,1.173,0.0,3,0.0043,6.7753,1.5,0.0,0.0325,0,0.05
3,0.0,0.0101,11.1236,2.0,1,3,83.0,1.4,1.1124,1.7292,0.0,2,0.0,1.4157,1.5,0.0,0.0282,1,0.01
3,0.0,0.0,2.2222,2.0,0,4,81.2,2.0,0.2222,1.1667,0.0,1,0.0,2.2222,1.5,0.0,0.0222,1,0.0
3,0.0,0.07,18.0,1.6667,1,3,81.2,6.8,1.8,1.15,0.0,2,0.0,6.8,1.5,0.0,0.0355,0,0.07
3,0.0,0.2423,13.8462,1.6667,1,4,85.4,3.2,1.3846,0.1269,0.0,2,0.0,3.6923,1.5,0.0,0.0717,0,0.21
3,0.0,0.0818,15.1948,1.6667,0,2,83.0,3.0,1.5195,0.4792,0.0,1,0.0,3.5065,1.5,0.0,0.0781,0,0.07
3,0.03,0.02,10.0,1.6667,1,3,83.2,0.9,1.0,0.93,0.0,2,0.0065,0.9,1.5,0.03,0.08,1,0.02
3,0.03,0.03,12.0,1.3333,0,3,85.0,2.2,1.2,2.32,0.0,1,0.0127,2.2,1.5,0.03,0.0847,0,0.03
3,0.0,0.1,13.0,1.6667,1,3,85.0,5.7,1.3,0.83,0.0,2,0.0127,5.7,1.5,0.0,0.0911,0,0.1
3,0.0,0.0136,9.5455,2.0,1,3,82.6,1.9,0.9545,1.7045,0.0,3,0.0131,2.5909,1.5,0.0,0.0501,0,0.01
3,0.02,0.52,18.0,2.3333,0,2,85.2,6.4,1.8,0.51,0.0,2,0.0169,6.4,1.5,0.02,0.1437,0,0.52
3,0.0,0.11,16.0,2.6667,0,3,85.2,3.4,1.6,1.13,0.0,3,0.0106,3.4,1.5,0.0,0.1627,0,0.11
3,0.0,0.029,5.8065,2.0,1,3,79.6,0.5,0.5806,2.5694,0.0,1,0.0045,0.7258,1.5,0.0,0.1719,0,0.02
3,0.0,0.01,8.0,2.3333,0,3,79.6,1.7,0.8,1.26,0.0,3,0.0045,1.7,1.5,0.0,0.1515,0,0.01
3,0.0,0.0562,26.7188,2.0,1,3,79.2,1.8,2.6719,1.9687,0.0,2,0.0045,2.5312,1.5,0.0,0.1591,0,0.04
2,0.0,0.01,16.0,0.0,0,3,90.0,1.5,2.4,3.44,0.0,0,0.0,1.5,1.5,0.0,0.01,0,0.01
2,0.0,0.0,29.0,3.0,1,2,90.0,1.6,4.35,0.68,0.0,6,0.0,1.6,1.5,0.0,0.005,0,0.0
2,0.0,0.01,12.0,2.6667,0,3,90.0,1.7,1.8,0.73,0.0,2,0.0,1.7,1.5,0.0,0.0067,0,0.01
2,0.0,0.0,16.0,3.0,0,3,90.0,2.7,2.4,2.47,0.0,1,0.0,2.7,1.5,0.0,0.005,0,0.0
2,0.0,0.02,15.0,1.6667,1,4,90.0,2.8,2.25,1.17,0.0,2,0.0,2.8,1.5,0.0,0.008,0,0.02
2,0.21,0.0,29.0,3.3333,0,2,90.0,3.1,4.35,1.35,0.0,7,0.042,3.1,1.5,0.21,0.006,0,0.0
2,0.0,0.0,10.0,3.3333,1,2,90.0,2.0,1.5,1.71,0.0,1,0.042,2.0,1.5,0.0,0.006,0,0.0
2,0.23,0.02,11.0,3.3333,0,3,90.0,5.1,1.65,1.19,0.0,2,0.088,5.1,1.5,0.23,0.008,0,0.02
2,0.14,0.0,25.0,3.0,1,3,90.0,6.0,3.75,1.15,0.0,6,0.116,6.0,1.5,0.14,0.008,0,0.0
2,0.12,0.18,13.0,3.3333,1,2,90.0,4.1,1.95,0.48,0.0,2,0.14,4.1,1.5,0.12,0.04,1,0.18
2,0.0,0.02,19.0,3.0,0,3,90.0,2.5,2.85,0.41,0.0,1,0.098,2.5,1.5,0.0,0.044,0,0.02
2,0.0,0.0,11.0,1.3333,1,3,90.0,1.3,1.65,0.93,0.0,1,0.098,1.3,1.5,0.0,0.044,0,0.0
2,0.0,0.01,11.0,1.3333,0,4,90.0,1.1,1.65,2.32,0.0,2,0.052,1.1,1.5,0.0,0.042,0,0.01
2,0.0,0.0,16.0274,1.3333,0,4,86.6,2.4,2.4041,2.2932,0.0,1,0.0249,2.9589,1.5,0.0,0.0436,0,0.0
2,0.74,0.02,27.0,3.6667,1,3,86.6,3.5,4.05,0.83,0.0,8,0.1538,3.5,1.5,0.74,0.0104,0,0.02
2,0.0,0.0,27.6923,5.0,1,3,81.6,0.9,4.1538,1.7308,0.0,6,0.1632,1.2462,1.5,0.0,0.0066,0,0.0
2,0.03,0.12,12.0,5.0,0,2,81.6,4.3,1.8,0.51,0.0,1,0.1699,4.3,1.5,0.03,0.0331,0,0.12
2,0.19,0.03,12.0,3.0,1,2,81.6,2.7,1.8,0.56,0.0,2,0.2118,2.7,1.5,0.19,0.0375,0,0.03
2,0.08,0.02,10.0,1.0,0,4,85.0,2.1,1.5,1.04,0.0,0,0.2202,2.1,1.5,0.08,0.0402,0,0.02
2,0.0,0.29,16.0,0.6667,1,2,85.0,3.4,2.4,0.98,0.0,0,0.0635,3.4,1.5,0.0,0.0974,0,0.29
2,0.0,0.01,24.0,2.0,0,3,90.0,2.1,3.6,1.13,0.0,6,0.06,2.1,1.5,0.0,0.094,1,0.01
2,0.0,0.01,16.0,2.3333,1,3,90.0,3.0,2.4,2.54,0.0,1,0.054,3.0,1.5,0.0,0.072,0,0.01
2,0.2017,0.0155,10.8621,2.6667,0,4,83.6,4.7,1.6293,0.3724,0.0,1,0.0452,7.2931,1.5,0.13,0.0732,1,0.01
2,0.0,0.0,17.0,1.0,0,2,83.6,1.8,2.55,2.28,0.0,1,0.028,1.8,1.5,0.0,0.0689,0,0.0
2,0.15,0.0107,9.6429,1.0,1,2,82.4,1.2,1.4464,1.2214,0.0,1,0.059,1.2857,1.5,0.14,0.0087,0,0.01
2,0.07,0.01,18.0,1.3333,0,4,82.4,5.4,2.7,2.04,0.0,2,0.0743,5.4,1.5,0.07,0.0087,0,0.01
2,0.13,0.04,35.0,6.0,1,4,82.4,6.3,5.25,1.49,0.0,15,0.1027,6.3,1.5,0.13,0.0153,0,0.04
2,0.0,0.0,16.0,5.6667,0,3,88.8,1.8,2.4,3.28,0.0,0,0.0689,1.8,1.5,0.0,0.0122,0,0.0
2,0.24,0.05,14.0,5.3333,1,3,88.8,4.4,2.1,1.56,0.0,1,0.1176,4.4,1.5,0.24,0.0223,0,0.05
2,0.0,0.01,23.0,2.3333,0,2,90.0,1.4,3.45,1.62,0.0,6,0.088,1.4,1.5,0.0,0.022,0,0.01
2,0.0,0.07,19.0,3.0,1,3,90.0,4.1,2.85,1.69,0.0,2,0.074,4.1,1.5,0.0,0.034,0,0.07
2,0.04,0.0,8.0,3.0,1,4,90.0,0.7,1.2,1.37,0.0,1,0.056,0.7,1.5,0.04,0.026,0,0.0
2,0.0,0.0101,12.1348,1.6667,0,3,89.8,0.2,1.8202,2.6596,0.0,2,0.0561,0.2022,1.5,0.0,0.0281,0,0.01
2,0.0,0.02,12.0,1.3333,1,4,89.8,2.0,1.8,1.73,0.0,1,0.008,2.0,1.5,0.0,0.022,0,0.02
2,0.07,0.01,5.0,1.0,0,3,89.8,1.1,0.75,2.48,0.0,0,0.022,1.1,1.5,0.07,0.022,1,0.01
1,0.0,0.0,18.0,1.0,0,3,90.0,4.6,0.0,3.44,7.0,1,0.0,4.6,1.5,0.0,0.0,0,0.0
1,0.0,0.0,31.0,4.5,1,4,90.0,2.2,0.0,0.68,2.0,8,0.0,2.2,1.5,0.0,0.0,0,0.0
1,0.0,0.0,16.0,3.3333,0,3,90.0,2.1,0.0,2.47,2.0,1,0.0,2.1,1.5,0.0,0.0,1,0.0
1,0.0,0.0,13.0,3.6667,1,3,90.0,1.7,0.0,1.17,2.0,2,0.0,1.7,1.5,0.0,0.0,0,0.0
1,0.0,0.0,27.0,3.0,0,3,90.0,3.5,0.0,1.35,4.0,6,0.0,3.5,1.5,0.0,0.0,0,0.0
1,0.0,0.0,10.0,3.3333,1,3,90.0,1.5,0.0,1.71,2.0,2,0.0,1.5,1.5,0.0,0.0,0,0.0
1,0.0,0.0,18.0,3.6667,0,4,90.0,1.9,0.0,1.19,2.0,3,0.0,1.9,1.5,0.0,0.0,0,0.0
1,0.0,0.0,22.0,2.6667,1,3,90.0,2.4,0.0,1.15,3.0,3,0.0,2.4,1.5,0.0,0.0,0,0.0
1,0.0,0.0,5.0,2.0,1,4,90.0,0.4,0.0,0.48,1.0,0,0.0,0.4,1.5,0.0,0.0,0,0.0
1,0.0,0.0,8.0,1.3333,0,2,90.0,0.7,0.0,0.41,1.0,1,0.0,0.7,1.5,0.0,0.0,0,0.0
1,0.0,0.0,19.0,1.3333,1,3,90.0,2.8,0.0,0.93,4.0,3,0.0,2.8,1.5,0.0,0.0,0,0.0
1,0.0,0.0,21.0,2.6667,0,4,90.0,4.8,0.0,2.32,6.0,4,0.0,4.8,1.5,0.0,0.0,0,0.0
1,0.0,0.0,25.0,3.0,0,2,90.0,4.6,0.0,2.02,5.0,2,0.0,4.6,1.5,0.0,0.0,0,0.0
1,0.0,0.0,28.0,5.0,1,3,90.0,2.0,0.0,0.83,2.0,9,0.0,2.0,1.5,0.0,0.0,0,0.0
1,0.0,0.0,29.0,7.0,1,4,90.0,3.9,0.0,1.36,3.0,10,0.0,3.9,1.5,0.0,0.0,0,0.0
1,0.0,0.0,9.0,6.6667,0,3,90.0,2.1,0.0,0.51,2.0,1,0.0,2.1,1.5,0.0,0.0,0,0.0
1,0.0,0.0,10.0,4.3333,1,4,90.0,0.9,0.0,0.56,1.0,2,0.0,0.9,1.5,0.0,0.0,0,0.0
1,0.0,0.0,23.0,1.6667,0,3,90.0,3.3,0.0,1.04,4.0,2,0.0,3.3,1.5,0.0,0.0,0,0.0
1,0.0,0.0,16.0,1.6667,1,4,90.0,2.0,0.0,0.98,3.0,1,0.0,2.0,1.5,0.0,0.0,0,0.0
1,0.0,0.0,30.0,4.0,0,2,90.0,3.4,0.0,1.13,2.0,9,0.0,3.4,1.5,0.0,0.0,0,0.0
1,0.0,0.0,16.0,4.0,1,2,90.0,3.0,0.0,2.54,3.0,2,0.0,3.0,1.5,0.0,0.0,0,0.0
1,0.0,0.0,27.0,6.0,0,2,90.0,3.6,0.0,1.26,4.0,7,0.0,3.6,1.5,0.0,0.0,0,0.0
1,0.0,0.0,21.0,3.6667,1,3,90.0,2.7,0.0,1.8,3.0,2,0.0,2.7,1.5,0.0,0.0,0,0.0
1,0.0,0.0,20.0,4.0,0,2,90.0,2.9,0.0,1.4,3.0,3,0.0,2.9,1.5,0.0,0.0,0,0.0
1,0.0,0.0,15.0,2.0,1,4,90.0,1.0,0.0,2.58,1.0,1,0.0,1.0,1.5,0.0,0.0,0,0.0
1,0.0,0.01,16.0,1.6667,0,4,90.0,2.3,0.0,2.28,2.0,1,0.0,2.3,1.5,0.0,0.002,0,0.01
1,0.0,0.0,13.0,0.6667,1,3,90.0,0.7,0.0,1.63,1.0,0,0.0,0.7,1.5,0.0,0.002,0,0.0
1,0.0,0.0,21.0,2.0,0,2,90.0,2.7,0.0,2.04,3.0,5,0.0,2.7,1.5,0.0,0.002,0,0.0
1,0.0,0.0,35.0,5.0,1,2,90.0,2.7,0.0,1.49,3.0,10,0.0,2.7,1.5,0.0,0.002,0,0.0
1,0.0,0.0,9.0,5.3333,1,4,90.0,0.4,0.0,1.56,0.0,1,0.0,0.4,1.5,0.0,0.002,0,0.0
1,0.0,0.0,31.0,6.6667,0,3,90.0,3.0,0.0,1.62,4.0,9,0.0,3.0,1.5,0.0,0.0,0,0.0
1,0.0,0.0,17.0,4.3333,1,3,90.0,3.3,0.0,1.69,4.0,3,0.0,3.3,1.5,0.0,0.0,1,0.0
1,0.0,0.0,12.0,4.3333,1,2,81.0,0.5,0.0,1.04,2.0,1,0.0,1.0,1.5,0.0,0.0,1,0.0
1,0.0,0.0,15.0,1.3333,1,2,81.0,2.6,0.0,1.73,5.0,0,0.0,2.6,1.5,0.0,0.0,1,0.0
3,0.0,0.0429,8.5714,2.0,0,4,63.0,1.9,0.8571,2.5714,0.0,2,0.0,2.7143,1.5,0.0,0.0429,0,0.03
3,0.86,0.09,31.0,6.0,1,4,76.5,8.1,3.1,0.68,0.0,10,0.5059,8.1,1.5,0.86,0.0706,0,0.09
3,0.0,0.15,18.0,4.6667,0,3,81.0,3.9,1.8,0.73,0.0,2,0.3185,3.9,1.5,0.0,0.1,0,0.15
3,0.19,0.0,7.0,4.6667,0,2,83.25,3.1,0.7,2.47,0.0,2,0.2838,3.1,1.5,0.19,0.073,1,0.0
3,0.0,0.0771,7.7143,1.6667,1,4,80.6,2.4,0.7714,1.0543,0.0,1,0.2345,3.0857,1.5,0.0,0.0737,1,0.06
3,0.0,0.0243,8.5135,2.0,0,3,82.8,0.5,0.8514,1.2041,0.0,3,0.2283,0.6081,1.5,0.0,0.0696,0,0.02
3,0.04,0.28,19.0,3.0,1,3,82.8,8.0,1.9,1.71,0.0,5,0.05,8.0,1.5,0.04,0.1109,0,0.28
3,0.09,0.17,9.0,3.0,0,4,82.8,7.0,0.9,1.19,0.0,1,0.0696,7.0,1.5,0.09,0.1152,0,0.17
3,0.02,0.2,18.0,3.6667,1,3,82.8,6.3,1.8,1.15,0.0,5,0.0326,6.3,1.5,0.02,0.1587,0,0.2
3,0.37,0.01,27.0,4.6667,1,3,86.8,8.1,2.7,0.48,0.0,8,0.1078,8.1,1.5,0.37,0.141,0,0.01
3,0.1,0.48,14.0,5.0,0,3,90.0,6.2,1.4,0.41,0.0,2,0.124,6.2,1.5,0.1,0.228,1,0.48
3,0.13,0.14,37.0,6.6667,1,3,90.0,7.2,3.7,0.93,0.0,10,0.142,7.2,1.5,0.13,0.2,1,0.14
3,0.08,0.63,12.0,4.3333,0,3,90.0,6.0,1.2,2.29,0.0,1,0.14,6.0,1.5,0.08,0.292,0,0.63
3,0.0,0.2391,9.8438,4.3333,0,3,84.8,0.9,0.9844,2.3766,0.0,2,0.1443,1.2656,1.5,0.0,0.3035,0,0.17
3,0.18,0.06,10.0,2.0,1,3,84.8,9.2,1.0,0.83,0.0,3,0.104,9.2,1.5,0.18,0.3142,0,0.06
3,0.2,0.02,27.0,4.6667,1,4,84.8,8.6,2.7,1.36,0.0,9,0.1252,8.6,1.5,0.2,0.2165,0,0.02
3,0.02,0.11,12.0,4.6667,0,3,84.8,4.5,1.2,0.51,0.0,2,0.1019,4.5,1.5,0.02,0.2101,0,0.11
3,0.0,0.33,11.0,4.3333,1,3,84.8,5.5,1.1,0.56,0.0,2,0.0849,5.5,1.5,0.0,0.1465,0,0.33
3,0.5824,0.0847,21.1765,3.6667,0,4,89.0,8.4,2.1176,1.0059,0.0,7,0.1921,8.8941,1.5,0.55,0.1213,0,0.08
3,0.12,0.03,4.0,3.3333,1,3,89.0,4.9,0.4,0.98,0.0,1,0.18,4.9,1.5,0.12,0.1153,1,0.03
3,0.1227,0.2352,4.0909,3.6667,0,2,88.6,2.1,0.4091,1.1148,0.0,3,0.1646,2.1477,1.5,0.12,0.1585,0,0.23
3,0.2,0.07,5.0,1.6667,1,3,88.6,3.2,0.5,2.54,0.0,1,0.2011,3.2,1.5,0.2,0.1503,1,0.07
3,1.3114,0.0129,36.0,4.0,0,2,84.6,7.0,3.6,0.3086,0.0,8,0.4277,9.0,1.5,1.02,0.0894,0,0.01
3,0.2512,0.2407,11.5116,3.6667,1,3,84.8,8.8,1.1512,1.8314,0.0,2,0.3608,9.2093,1.5,0.24,0.121,0,0.23
3,0.0,0.0,8.0,3.6667,0,3,84.8,1.0,0.8,1.4,0.0,1,0.3354,1.0,1.5,0.0,0.1146,0,0.0
3,0.0,0.15,37.0,3.0,1,3,85.2,7.1,3.7,2.58,0.0,6,0.3085,7.1,1.5,0.0,0.0972,0,0.15
3,0.0,0.37,15.0,3.0,0,3,85.2,4.2,1.5,2.28,0.0,2,0.2662,4.2,1.5,0.0,0.1606,0,0.37
3,0.0,0.1969,2.8125,2.3333,1,3,84.0,4.9,0.2812,3.2344,0.0,-1,0.0514,6.8906,1.5,0.0,0.1907,0,0.14
3,0.0,0.38,27.0,2.0,1,3,84.8,7.7,2.7,1.56,0.0,5,0.0,7.7,1.5,0.0,0.2208,0,0.38
3,0.03,0.02,15.0,2.3333,0,3,84.8,2.3,1.5,1.62,0.0,3,0.0064,2.3,1.5,0.03,0.225,1,0.02
3,0.07,0.03,9.0,3.3333,1,3,84.8,1.3,0.9,1.69,0.0,2,0.0212,1.3,1.5,0.07,0.1995,0,0.03
3,0.36,0.02,15.0,3.3333,1,2,84.8,2.2,1.5,1.37,0.0,5,0.0976,2.2,1.5,0.36,0.1252,1,0.02
3,0.0,0.01,6.0,3.0,0,2,90.0,1.3,0.6,2.69,0.0,2,0.092,1.3,1.5,0.0,0.092,1,0.01
3,0.02,0.26,15.0,2.6667,1,3,90.0,5.3,1.5,1.73,0.0,1,0.096,5.3,1.5,0.02,0.068,1,0.26
3,0.0,0.0105,3.1395,1.3333,0,3,89.2,0.3,0.314,2.5953,0.0,1,0.0908,0.314,1.5,0.0,0.0666,0,0.01
2,0.03,0.48,15.0,0.0,0,3,30.0,2.2,2.25,3.24,0.0,0,0.03,6.6,1.5,0.01,0.48,1,0.16
3,0.01,0.01,9.0,2.0,0,2,90.0,2.6,0.9,4.1,0.0,2,0.01,2.6,1.5,0.01,0.01,0,0.01
3,0.0,0.02,11.0,1.5,0,2,90.0,3.5,1.1,2.09,0.0,1,0.005,3.5,1.5,0.0,0.015,0,0.02
3,0.0,0.22,17.0,1.3333,1,4,90.0,4.2,1.7,1.06,0.0,1,0.0033,4.2,1.5,0.0,0.0833,0,0.22
3,0.0,0.0,19.0,1.3333,0,3,90.0,2.4,1.9,0.98,0.0,2,0.0025,2.4,1.5,0.0,0.0625,1,0.0
3,0.08,0.05,14.0,1.6667,1,4,90.0,2.1,1.4,0.59,0.0,2,0.018,2.1,1.5,0.08,0.06,0,0.05
3,0.04,0.02,14.0,2.0,0,3,90.0,3.4,1.4,2.9,0.0,2,0.024,3.4,1.5,0.04,0.062,0,0.02
3,0.0,0.03,8.0,1.6667,1,3,90.0,1.4,0.8,1.04,0.0,1,0.024,1.4,1.5,0.0,0.064,1,0.03
3,0.03,0.1,4.0,1.6667,1,3,90.0,2.8,0.4,1.99,0.0,2,0.03,2.8,1.5,0.03,0.04,0,0.1
3,0.02,0.02,12.0,1.6667,0,2,90.0,1.0,1.2,2.97,0.0,2,0.034,1.0,1.5,0.02,0.044,1,0.02
3,0.0,0.012,7.2,2.0,0,3,87.0,0.3,0.72,2.364,0.0,2,0.0186,0.36,1.5,0.0,0.0372,0,0.01
3,0.0,0.0,4.0,1.6667,1,4,87.0,0.3,0.4,3.04,0.0,1,0.0103,0.3,1.5,0.0,0.0331,0,0.0
3,0.0,0.0,5.2941,1.6667,0,2,86.0,0.5,0.5294,2.1282,0.0,2,0.0105,0.5294,1.5,0.0,0.0272,0,0.0
3,0.0,0.0127,10.1408,1.3333,1,2,82.2,2.0,1.0141,1.9268,0.0,1,0.0044,2.5352,1.5,0.0,0.0088,0,0.01
1,0.0,0.0,12.0,2.0,0,3,90.0,1.2,0.0,0.73,1.0,2,0.0,1.2,1.5,0.0,0.0,0,0.0
1,0.0,0.0,25.0,2.0,0,4,90.0,5.5,0.0,3.28,7.0,2,0.0,5.5,1.5,0.0,0.0,0,0.0
1,0.0,0.0,16.0,1.3333,1,3,75.0,1.4,0.0,1.7,4.0,0,0.0,2.8,1.5,0.0,0.0,0,0.0
1,0.0,0.0,42.0,4.6667,0,3,78.75,8.0,0.0,2.69,7.0,12,0.0,8.0,1.5,0.0,0.0,0,0.0
1,0.0,0.0,20.0,4.3333,0,3,81.0,3.4,0.0,2.48,4.0,1,0.0,3.4,1.5,0.0,0.0,0,0.0
3,0.0,0.0,90.0,1.0,0,4,3.0,0.3,9.0,19.5,0.0,1,0.0,9.0,1.5,0.0,0.0,1,0.0
3,0.72,0.0,12.0,1.0,0,3,15.0,2.9,1.2,2.16,0.0,1,0.72,17.4,1.5,0.12,0.0,0,0.0
3,0.1909,0.1091,51.8182,3.5,1,4,24.0,4.5,5.1818,1.0091,0.0,6,0.3562,12.2727,1.5,0.07,0.075,1,0.04
3,0.0,0.0,270.0,2.6667,0,2,16.3333,0.2,27.0,3.6,0.0,1,0.349,18.0,1.5,0.0,0.0735,1,0.0
3,0.0,0.04,-2.0,2.6667,0,2,23.5,0.6,-0.2,1.9,0.0,1,0.1819,1.2,1.5,0.0,0.0574,0,0.02
3,0.0,0.0,36.0,1.0,1,2,19.8,0.1,3.6,0.0,0.0,1,0.1727,1.8,1.5,0.0,0.0545,0,0.0
3,0.0,0.0,0.0,1.0,1,3,23.6,0.8,0.0,1.6941,0.0,1,0.0534,2.1176,1.5,0.0,0.0458,0,0.0
3,0.1517,0.2933,10.1124,1.3333,0,4,34.8,7.8,1.0112,0.5157,0.0,2,0.0776,7.8876,1.5,0.15,0.1603,0,0.29
3,0.0,0.21,8.0,1.6667,1,2,52.6,2.0,0.8,0.56,0.0,2,0.0513,2.0,1.5,0.0,0.1779,0,0.21
3,0.1184,0.0237,2.3684,1.6667,0,3,58.8,2.8,0.2368,1.0066,0.0,1,0.0765,3.3158,1.5,0.1,0.1592,1,0.02
3,0.33,0.28,3.0,1.3333,1,2,75.8,5.1,0.3,0.98,0.0,1,0.1377,5.1,1.5,0.33,0.19,1,0.28
3,0.0,0.0333,16.6667,1.0,1,3,74.4,0.9,1.6667,2.5667,0.0,1,0.1403,3.0,1.5,0.0,0.196,0,0.01
3,0.0,0.02,8.0,1.0,0,3,65.6,1.5,0.8,2.08,0.0,1,0.118,3.0,1.5,0.0,0.1454,0,0.01
3,0.3,0.06,6.0,1.3333,1,3,65.6,3.5,0.6,1.8,0.0,2,0.2003,3.5,1.5,0.3,0.1043,0,0.06
3,0.16,0.02,12.0,1.6667,0,2,68.4,3.9,1.2,1.4,0.0,2,0.2079,3.9,1.5,0.16,0.1,0,0.02
3,0.17,0.42,24.0,3.0,1,3,68.4,7.7,2.4,2.58,0.0,5,0.1658,7.7,1.5,0.17,0.1368,0,0.42
3,2.2179,0.0,6.4286,2.6667,0,4,68.6,2.4,0.6429,0.0,0.0,1,0.3464,7.7143,1.5,0.69,0.1338,1,0.0
3,0.0,0.18,6.0,1.0,0,4,45.0,1.9,0.6,4.4,0.0,1,0.0,3.8,1.5,0.0,0.18,0,0.09
3,0.0,0.0333,30.0,1.0,1,3,36.0,0.4,3.0,0.1,0.0,1,0.0,1.3333,1.5,0.0,0.125,1,0.01
3,0.0,0.0,67.5,1.0,0,3,25.3333,0.0,6.75,7.425,0.0,1,0.0,0.0,1.5,0.0,0.1184,1,0.0
3,0.0,0.0,15.0,1.0,0,3,23.5,0.4,1.5,0.6,0.0,1,0.0,2.0,1.5,0.0,0.0957,0,0.0
3,0.225,0.0844,8.4375,1.0,1,3,25.2,1.5,0.8438,2.25,0.0,1,0.0571,4.2188,1.5,0.08,0.0929,0,0.03
3,0.0,0.1,30.0,1.0,0,2,18.0,0.8,3.0,1.9,0.0,1,0.08,8.0,1.5,0.0,0.05,0,0.01
3,0.0,0.0,270.0,1.0,1,3,12.8,0.1,27.0,0.0,0.0,1,0.1125,9.0,1.5,0.0,0.0562,0,0.0
3,0.0,0.0,33.75,1.0,0,3,13.6,0.2,3.375,1.575,0.0,1,0.1059,2.25,1.5,0.0,0.0529,1,0.0
3,0.0,0.54,324.0,2.0,1,3,11.0,3.1,32.4,0.54,0.0,4,0.1309,55.8,1.5,0.0,0.1145,0,0.03
3,0.0,0.1636,16.3636,2.0,1,2,6.8,0.6,1.6364,3.0273,0.0,1,0.0,4.9091,1.5,0.0,0.1588,0,0.02
3,0.1742,0.1161,20.3226,2.0,0,3,11.2,0.9,2.0323,0.0,0.0,1,0.0964,2.6129,1.5,0.06,0.1446,0,0.04
3,0.08,0.38,13.0,1.3333,1,4,29.0,4.4,1.3,0.93,0.0,2,0.0869,4.4,1.5,0.08,0.2917,1,0.38
3,0.0,0.14,28.0,2.3333,0,3,36.4,5.1,2.8,2.28,0.0,4,0.0692,10.2,1.5,0.0,0.267,1,0.07
3,0.0,0.02,17.0,2.6667,0,3,53.4,2.4,1.7,2.02,0.0,2,0.0472,2.4,1.5,0.0,0.1787,0,0.02
3,0.0429,0.0536,18.2143,4.0,1,4,68.0,4.5,1.8214,0.8893,0.0,6,0.0476,4.8214,1.5,0.04,0.1482,1,0.05
3,0.0,0.0164,1.6364,3.0,1,3,72.8,0.9,0.1636,1.1782,0.0,1,0.0297,1.4727,1.5,0.0,0.131,0,0.01
3,0.0,0.1731,-6.9231,2.3333,0,3,60.0,0.1,-0.6923,0.2769,0.0,0,0.012,0.3462,1.5,0.0,0.06,0,0.05
3,0.0,0.5661,10.1613,1.0,1,4,63.4,1.2,1.0161,2.5694,0.0,2,0.0114,1.7419,1.5,0.0,0.1476,1,0.39
3,0.2025,0.0562,31.5,3.3333,0,3,61.4,9.9,3.15,1.2488,0.0,8,0.0645,11.1375,1.5,0.18,0.1612,0,0.05
3,0.0,0.1059,47.6471,3.6667,1,2,48.0,2.1,4.7647,1.8,0.0,1,0.0675,11.1176,1.5,0.0,0.195,0,0.02
3,0.38,0.2,17.0,4.6667,0,3,55.0,6.0,1.7,1.4,0.0,5,0.1833,6.0,1.5,0.38,0.2324,0,0.2
3,0.1111,0.0333,5.5556,2.6667,1,3,66.0,3.1,0.5556,2.8667,0.0,2,0.18,3.4444,1.5,0.1,0.1882,0,0.03
3,0.0,0.0577,8.0769,3.0,0,3,69.2,3.1,0.8077,2.4808,0.0,2,0.1717,3.5769,1.5,0.0,0.091,0,0.05
3,0.1421,0.0,7.8947,1.6667,1,4,64.6,1.4,0.7895,1.5,0.0,1,0.1588,2.2105,1.5,0.09,0.0836,0,0.0
3,0.03,0.07,9.0,1.3333,0,4,79.2,4.6,0.9,2.04,0.0,1,0.1364,4.6,1.5,0.03,0.0795,0,0.07
3,0.0,0.11,15.0,1.3333,1,4,79.2,3.6,1.5,1.49,0.0,2,0.05,3.6,1.5,0.0,0.0591,0,0.11
3,0.0,0.0333,10.0,1.3333,0,3,68.4,0.8,1.0,3.3333,0.0,1,0.0316,2.6667,1.5,0.0,0.0632,0,0.01
3,0.0,0.08,28.0,3.0,1,3,70.8,6.2,2.8,1.56,0.0,6,0.0305,6.2,1.5,0.0,0.0686,0,0.08
3,0.02,0.02,23.0,4.3333,0,3,77.4,5.1,2.3,1.62,0.0,6,0.0116,5.1,1.5,0.02,0.0674,0,0.02
3,0.01,0.05,15.0,4.6667,1,3,77.4,2.0,1.5,1.69,0.0,2,0.007,2.0,1.5,0.01,0.0628,0,0.05
3,0.0,0.0,6.9231,3.0,1,2,64.6,0.3,0.6923,0.3462,0.0,1,0.0084,1.0385,1.5,0.0,0.0446,1,0.0
3,0.2391,0.1266,39.375,3.6667,1,3,72.0,6.6,3.9375,1.8844,0.0,8,0.05,9.2812,1.5,0.17,0.06,0,0.09
3,0.0,0.0,30.0,1.0,0,4,9.0,0.0,3.0,4.5,0.0,1,0.0,0.0,1.5,0.0,0.0,0,0.0
3,0.0,0.0,270.0,1.0,1,3,5.0,0.3,27.0,28.8,0.0,1,0.0,27.0,1.5,0.0,0.0,0,0.0
4,0.23,0.1,18.0,5.0,0,3,90.0,8.5,0.0,3.44,0.0,5,0.23,8.5,1.5,0.23,0.1,1,0.1
4,0.1849,0.0616,13.5616,5.0,1,2,81.5,5.2,0.0,0.789,0.0,5,0.2098,6.411,1.5,0.15,0.0828,0,0.05
4,0.8259,0.0106,8.4706,5.0,0,3,82.6667,11.1,0.0,0.4129,0.0,5,0.421,11.7529,1.5,0.78,0.0581,0,0.01
4,0.25,0.025,2.5,4.0,0,2,80.0,2.1,0.0,2.9375,0.0,2,0.3825,2.625,1.5,0.2,0.0506,0,0.02
4,0.61,0.04,9.0,4.0,1,3,82.0,6.0,0.0,1.17,0.0,5,0.4324,6.0,1.5,0.61,0.0483,1,0.04
4,0.2,0.14,37.0,5.3333,0,3,82.0,7.9,0.0,1.16,0.0,9,0.4259,7.9,1.5,0.2,0.0571,0,0.14
4,0.81,0.17,102.0,12.3333,1,2,85.4,27.4,0.0,1.71,0.0,23,0.548,27.4,1.5,0.81,0.0801,0,0.17
4,0.31,0.22,16.0,12.3333,0,2,86.4,6.4,0.0,1.19,0.0,5,0.4438,6.4,1.5,0.31,0.1229,0,0.22
4,0.6,0.04,36.0,13.0,1,2,90.0,12.6,0.0,1.15,0.0,11,0.506,12.6,1.5,0.6,0.122,0,0.04
4,0.79,0.61,7.0,6.0,1,2,90.0,9.0,0.0,0.48,0.0,2,0.542,9.0,1.5,0.79,0.236,0,0.61
4,0.3,0.07,0.0,5.0,0,2,90.0,4.5,0.0,0.41,0.0,2,0.562,4.5,1.5,0.3,0.222,0,0.07
4,1.91,0.08,22.0,3.3333,1,3,90.0,9.7,0.0,0.93,0.0,6,0.782,9.7,1.5,1.91,0.204,0,0.08
4,0.67,0.08,21.0,4.3333,0,3,90.0,7.9,0.0,2.29,0.0,5,0.854,7.9,1.5,0.67,0.176,0,0.08
4,0.14,0.04,38.0,7.3333,0,3,90.0,11.4,0.0,2.02,0.0,11,0.762,11.4,1.5,0.14,0.176,1,0.04
4,0.2528,0.0607,4.0449,5.6667,1,3,89.8,6.0,0.0,0.8393,0.0,1,0.6555,6.0674,1.5,0.25,0.0661,0,0.06
4,0.17,0.0,-1.0,4.6667,1,3,89.8,3.2,0.0,1.36,0.0,2,0.6294,3.2,1.5,0.17,0.0521,1,0.0
4,0.28,0.16,40.0,4.0,0,3,89.8,10.8,0.0,0.51,0.0,9,0.3027,10.8,1.5,0.28,0.0682,0,0.16
4,0.18,0.1,2.0,4.3333,1,4,89.8,5.3,0.0,0.56,0.0,2,0.2045,5.3,1.5,0.18,0.0722,0,0.1
4,0.0,0.04,6.0,4.3333,0,3,89.8,1.3,0.0,1.04,0.0,2,0.1764,1.3,1.5,0.0,0.0722,0,0.04
4,0.31,0.74,28.0,4.0,1,4,90.0,10.7,0.0,0.98,0.0,8,0.188,10.7,1.5,0.31,0.208,0,0.74
4,0.3,0.04,-2.0,3.6667,0,4,90.0,5.7,0.0,1.13,0.0,1,0.214,5.7,1.5,0.3,0.216,0,0.04
4,0.56,0.15,29.0,5.3333,1,2,90.0,10.7,0.0,2.54,0.0,7,0.27,10.7,1.5,0.56,0.214,0,0.15
4,0.73,0.17,53.0,8.6667,0,3,90.0,13.7,0.0,1.26,0.0,18,0.38,13.7,1.5,0.73,0.228,0,0.17
4,0.77,0.04,-6.0,9.0,1,3,90.0,8.8,0.0,1.8,0.0,2,0.534,8.8,1.5,0.77,0.228,0,0.04
4,0.93,0.25,59.0,11.0,0,3,90.0,13.3,0.0,1.4,0.0,13,0.658,13.3,1.5,0.93,0.13,0,0.25
4,1.4,0.04,35.0,8.0,1,2,90.0,11.3,0.0,2.58,0.0,9,0.878,11.3,1.5,1.4,0.13,0,0.04
4,0.62,0.02,47.0,11.6667,0,3,90.0,17.2,0.0,2.28,0.0,13,0.89,17.2,1.5,0.62,0.104,0,0.02
4,0.12,0.03,0.0,8.0,1,2,90.0,3.3,0.0,1.63,0.0,2,0.768,3.3,1.5,0.12,0.076,0,0.03
4,0.05,0.03,6.0,5.6667,0,3,90.0,4.4,0.0,2.04,0.0,2,0.624,4.4,1.5,0.05,0.074,0,0.03
4,0.46,0.02,-6.0,1.6667,1,2,81.0,0.9,0.0,1.92,0.0,1,0.5378,1.8,1.5,0.23,0.0289,0,0.01
4,0.46,0.02,54.0,5.3333,1,4,81.0,12.4,0.0,1.56,0.0,13,0.3289,12.4,1.5,0.46,0.0244,1,0.02
4,0.41,0.01,27.0,7.0,0,2,81.0,8.6,0.0,1.62,0.0,7,0.2822,8.6,1.5,0.41,0.0222,0,0.01
4,0.23,0.34,28.0,9.6667,1,3,81.0,12.0,0.0,1.69,0.0,9,0.3067,12.0,1.5,0.23,0.0911,1,0.34
4,0.25,0.02,3.0,6.0,1,3,81.0,4.9,0.0,1.37,0.0,2,0.3511,4.9,1.5,0.25,0.0889,0,0.02
4,0.0,0.01,5.0,4.3333,0,2,90.0,1.4,0.0,2.69,0.0,2,0.27,1.4,1.5,0.0,0.08,0,0.01
4,0.54,0.07,10.0,3.0,1,2,90.0,6.3,0.0,1.73,0.0,5,0.286,6.3,1.5,0.54,0.09,1,0.07
4,0.3309,0.0,1.3235,3.0,0,3,85.6,0.9,0.0,2.8588,0.0,2,0.2671,1.1912,1.5,0.25,0.0925,0,0.0
3,0.0,0.0,1.5254,1.0,1,4,59.0,0.9,0.1525,1.2814,0.0,1,0.0,1.3729,1.5,0.0,0.0,1,0.0
3,0.0,0.0,1.4516,1.0,0,2,60.5,0.4,0.1452,4.1806,0.0,1,0.0,0.5806,1.5,0.0,0.0,0,0.0
3,0.21,0.06,6.0,1.0,1,3,50.3333,1.7,0.6,2.16,0.0,1,0.0417,5.1,1.5,0.07,0.0119,0,0.02
3,0.07,0.06,13.0,2.0,1,3,90.0,4.7,1.3,1.07,0.0,2,0.07,4.7,1.5,0.07,0.06,1,0.06
3,0.41,0.07,5.0,2.0,0,3,90.0,2.7,0.5,3.08,0.0,2,0.24,2.7,1.5,0.41,0.065,0,0.07
3,0.3071,0.0318,7.4118,2.0,1,3,88.3333,8.1,0.7412,1.9376,0.0,2,0.2615,8.5765,1.5,0.29,0.0543,0,0.03
3,0.07,0.04,14.0,2.0,0,2,88.75,5.3,1.4,3.29,0.0,2,0.213,5.3,1.5,0.07,0.0507,0,0.04
3,0.29,0.02,12.0,2.3333,1,4,89.0,3.2,1.2,1.71,0.0,3,0.2285,3.2,1.5,0.29,0.0445,0,0.02
3,0.0444,0.0111,3.3333,2.3333,0,4,87.2,1.9,0.3333,1.9444,0.0,2,0.2271,2.1111,1.5,0.04,0.0351,0,0.01
3,0.1946,0.0122,7.2973,2.3333,1,4,84.0,2.1,0.7297,3.4054,0.0,2,0.1821,2.5541,1.5,0.16,0.0236,1,0.01
3,0.1,0.18,12.0,2.0,0,4,85.0,4.9,1.2,2.71,0.0,2,0.1398,4.9,1.5,0.1,0.0551,0,0.18
3,0.01,0.53,22.0,3.3333,1,3,85.0,7.1,2.2,2.06,0.0,6,0.1271,7.1,1.5,0.01,0.1588,0,0.53
3,0.1222,0.0556,30.0,5.3333,1,3,83.2,7.9,3.0,0.3111,0.0,8,0.0909,8.7778,1.5,0.11,0.1688,1,0.05
3,0.0,0.0514,6.4286,5.0,0,2,81.0,1.4,0.6429,1.4143,0.0,1,0.0844,1.8,1.5,0.0,0.18,0,0.04
3,0.525,0.0,0.0,3.0,0,2,71.0,3.0,0.0,1.5375,0.0,0,0.0913,11.25,1.5,0.14,0.2028,0,0.0
3,0.0,0.225,18.0,0.6667,1,3,57.0,2.1,1.8,0.495,0.0,1,0.0821,9.45,1.5,0.0,0.2116,0,0.05
3,0.0,1.1571,48.2143,1.6667,0,3,44.6,3.3,4.8214,0.8036,0.0,4,0.1009,10.6071,1.5,0.0,0.2018,0,0.36
3,0.9,0.5344,75.9375,3.6667,0,3,34.8,9.2,7.5938,1.0406,0.0,6,0.2379,25.875,1.5,0.32,0.331,0,0.19
3,0.0788,0.0112,12.375,5.0,0,3,36.8,2.7,1.2375,0.7988,0.0,5,0.2592,3.0375,1.5,0.07,0.2984,0,0.01
3,0.0,0.4235,26.4706,4.0,1,2,35.4,2.1,2.6471,0.0,0.0,1,0.1983,11.1176,1.5,0.0,0.3508,0,0.08
3,0.0,0.031,9.3103,2.3333,0,4,37.2,1.0,0.931,4.469,0.0,1,0.1887,3.1034,1.5,0.0,0.3145,1,0.01
3,0.0,0.0,38.5714,1.0,1,3,33.0,0.1,3.8571,5.1429,0.0,1,0.2127,1.2857,1.5,0.0,0.1582,0,0.0
3,0.0,0.0667,-26.6667,0.0,1,3,32.0,0.0,-2.6667,0.2333,0.0,-2,0.0394,0.0,1.5,0.0,0.0675,0,0.02
3,0.0,0.0,21.1765,0.0,0,4,19.4,0.1,2.1176,0.9,0.0,1,0.0,0.5294,1.5,0.0,0.1021,0,0.0
3,0.5062,0.9562,28.125,0.0,1,3,19.2,3.8,2.8125,0.0,0.0,1,0.0844,21.375,1.5,0.09,0.1875,1,0.17
3,0.0,5.4,630.0,1.0,1,2,13.6,1.5,63.0,0.0,0.0,1,0.1191,135.0,1.5,0.0,0.3309,0,0.06
3,0.0,0.0,10.5882,1.0,1,2,15.6,0.3,1.0588,3.7588,0.0,1,0.1038,1.5882,1.5,0.0,0.2885,0,0.0
3,0.4857,0.1714,10.0,1.6667,1,3,22.8,6.2,1.0,0.1429,0.0,3,0.3395,8.8571,1.5,0.34,0.2763,0,0.12
3,0.0,0.0,28.6364,1.6667,0,3,23.8,2.0,2.8636,3.3545,0.0,1,0.3252,8.1818,1.5,0.0,0.2647,1,0.0
3,0.0,0.0,25.7143,1.6667,0,3,23.4,1.3,2.5714,6.8786,0.0,1,0.2615,8.3571,1.5,0.0,0.1385,0,0.0
3,0.0,0.0,9.4737,1.0,0,3,27.0,0.1,0.9474,2.6526,0.0,1,0.2267,0.4737,1.5,0.0,0.08,0,0.0
3,0.0857,0.0,17.1429,1.0,0,3,27.8,0.2,1.7143,1.6286,0.0,1,0.2331,0.8571,1.5,0.02,0.0777,0,0.0
3,0.1946,0.0243,4.8649,2.0,1,4,74.0,3.5,0.4865,1.0703,0.0,2,0.1946,4.2568,1.5,0.16,0.0243,0,0.02
3,0.0,1.2214,45.0,1.5,0,2,44.0,3.3,4.5,0.5143,0.0,1,0.1636,21.2143,1.5,0.0,0.2148,0,0.19
3,0.0,0.0529,26.4706,1.3333,1,4,35.0,0.6,2.6471,1.4824,0.0,1,0.1371,3.1765,1.5,0.0,0.1886,1,0.01
3,3.06,0.0,69.0,3.3333,0,3,33.75,7.4,6.9,5.52,0.0,8,0.7867,22.2,1.5,1.02,0.1467,0,0.0
3,0.0,3.6,360.0,3.3333,1,2,27.2,1.3,36.0,0.0,0.0,1,0.7809,117.0,1.5,0.0,0.1721,0,0.04
3,4.6125,0.5625,-22.5,3.0,0,3,14.0,1.8,-2.25,1.35,0.0,0,1.8386,20.25,1.5,0.41,0.3729,0,0.05
3,0.0,0.0783,11.7391,0.6667,0,3,15.8,0.7,1.1739,1.9957,0.0,1,1.6291,2.7391,1.5,0.0,0.1367,1,0.02
3,0.0804,0.0804,11.25,0.6667,1,3,23.6,4.2,1.125,1.1893,0.0,1,1.1288,6.75,1.5,0.05,0.122,0,0.05
3,0.0,0.1125,22.5,1.0,0,3,19.2,0.1,2.25,4.6125,0.0,1,0.4312,1.125,1.5,0.0,0.1594,0,0.01
3,2.7,0.0,-20.0,1.0,0,3,20.8,0.4,-2.0,0.4,0.0,1,0.6317,4.0,1.5,0.27,0.1125,0,0.0
3,0.45,0.0,540.0,2.0,1,3,19.6,4.8,54.0,0.0,0.0,4,0.3031,216.0,1.5,0.01,0.0735,1,0.0
3,0.225,0.3375,22.5,2.0,0,4,16.6,0.0,2.25,5.9625,0.0,1,0.3795,0.0,1.5,0.02,0.0976,0,0.03
3,2.1857,0.2143,25.7143,2.0,1,4,9.6,3.3,2.5714,2.7857,0.0,1,1.5188,14.1429,1.5,0.51,0.1687,1,0.05
3,0.0273,0.0409,10.9091,2.0,1,3,66.0,3.5,1.0909,1.1455,0.0,2,0.0273,4.7727,1.5,0.02,0.0409,0,0.03
3,0.0,0.0,11.6129,2.0,0,4,64.0,1.1,1.1613,4.1806,0.0,2,0.0141,1.5968,1.5,0.0,0.0211,0,0.0
3,0.0305,0.2288,6.1017,1.6667,1,2,62.3333,3.7,0.6102,2.0441,0.0,1,0.0193,5.6441,1.5,0.02,0.0866,1,0.15
3,0.136,0.0105,10.4651,1.6667,0,2,68.25,5.8,1.0465,2.407,0.0,2,0.056,6.0698,1.5,0.13,0.0626,0,0.01
3,0.0205,0.4193,18.4091,2.0,1,3,72.2,7.8,1.8409,1.7489,0.0,3,0.0474,7.9773,1.5,0.02,0.1496,0,0.41
3,0.0778,0.0222,21.1111,3.3333,0,2,75.2,3.5,2.1111,1.9444,0.0,5,0.0574,3.8889,1.5,0.07,0.1412,0,0.02
3,0.1207,0.0768,3.2927,3.3333,1,3,79.2,4.5,0.3293,3.172,0.0,2,0.0795,4.939,1.5,0.11,0.15,0,0.07
3,0.0,0.02,4.0,2.6667,0,4,76.4,0.7,0.4,1.72,0.0,1,0.0777,1.4,1.5,0.0,0.1225,0,0.01
3,0.1091,0.0,8.1818,1.3333,1,4,65.8,1.6,0.8182,3.6,0.0,1,0.0657,4.3636,1.5,0.04,0.1395,0,0.0
3,0.0,0.09,6.0,1.3333,1,3,66.2,3.5,0.6,0.88,0.0,2,0.0598,3.5,1.5,0.0,0.0517,0,0.09
3,0.0,0.03,7.0,1.6667,0,2,68.0,1.9,0.7,1.88,0.0,2,0.0397,1.9,1.5,0.0,0.0529,0,0.03
3,0.13,0.2,14.0,2.3333,1,2,69.6,11.3,1.4,0.51,0.0,3,0.044,11.3,1.5,0.13,0.0853,0,0.2
3,0.1,0.02,10.0,2.3333,0,3,78.6,3.8,1.0,0.81,0.0,2,0.0618,3.8,1.5,0.1,0.0779,0,0.02
3,0.19,0.77,42.0,4.0,1,4,90.0,11.2,4.2,0.68,0.0,7,0.084,11.2,1.5,0.19,0.222,0,0.77
3,0.0,0.24,14.0,4.0,0,3,90.0,7.0,1.4,0.84,0.0,3,0.084,7.0,1.5,0.0,0.252,1,0.24
3,0.0,0.01,10.0,4.3333,0,2,90.0,3.0,1.0,1.16,0.0,3,0.084,3.0,1.5,0.0,0.248,0,0.01
3,0.0,0.08,8.0,2.3333,0,4,90.0,3.7,0.8,0.75,0.0,1,0.058,3.7,1.5,0.0,0.224,0,0.08
3,0.04,0.01,12.0,2.3333,1,2,90.0,2.5,1.2,0.28,0.0,3,0.046,2.5,1.5,0.04,0.222,0,0.01
3,0.0,0.1059,10.5882,2.0,0,2,85.6,0.8,1.0588,1.1779,0.0,2,0.0084,1.0588,1.5,0.0,0.0883,1,0.08
3,0.06,0.26,12.0,2.3333,1,2,85.6,5.7,1.2,1.61,0.0,2,0.021,5.7,1.5,0.06,0.0925,1,0.26
3,0.03,0.03,16.0,1.6667,0,3,85.6,4.3,1.6,1.31,0.0,1,0.0273,4.3,1.5,0.03,0.0967,1,0.03
3,0.0655,0.0164,6.5455,1.3333,1,2,78.6,1.1,0.6545,0.8345,0.0,1,0.0389,1.8,1.5,0.04,0.0893,0,0.01
3,0.15,0.91,4.0,1.3333,0,3,78.6,5.0,0.4,1.55,0.0,2,0.0641,5.0,1.5,0.15,0.2954,0,0.91
3,0.0,0.02,12.0,1.3333,0,3,83.0,3.5,1.2,2.23,0.0,1,0.0607,3.5,1.5,0.0,0.2667,0,0.02
3,0.0621,0.0207,12.4138,1.6667,1,3,82.4,5.6,1.2414,1.6966,0.0,2,0.0612,5.7931,1.5,0.06,0.2163,0,0.02
3,0.0,0.0,2.0,1.3333,0,3,73.4,0.8,0.2,2.46,0.0,1,0.0613,1.6,1.5,0.0,0.2354,0,0.0
3,0.3822,0.5425,44.3836,3.3333,1,2,77.0,13.1,4.4384,1.5658,0.0,7,0.1216,16.1507,1.5,0.31,0.3249,0,0.44
3,0.23,0.05,21.0,4.3333,1,2,77.0,8.2,2.1,2.1,0.0,5,0.1403,8.2,1.5,0.23,0.1239,0,0.05
3,0.02,0.03,12.0,5.0,1,4,77.0,1.9,1.2,0.11,0.0,3,0.1449,1.9,1.5,0.02,0.1262,0,0.03
3,0.0,0.32,10.0,3.3333,0,3,77.6,2.4,1.0,1.4,0.0,2,0.1299,2.4,1.5,0.0,0.1948,0,0.32
3,0.11,0.2,12.0,2.0,1,2,86.6,7.3,1.2,1.18,0.0,1,0.1393,7.3,1.5,0.11,0.2162,0,0.2
3,0.036,0.168,15.6,1.6667,0,4,87.0,8.8,1.56,1.536,0.0,2,0.0807,10.56,1.5,0.03,0.1531,0,0.14
3,0.2,0.28,16.0,2.0,0,4,87.0,8.9,1.6,0.54,0.0,3,0.0745,8.9,1.5,0.2,0.2007,0,0.28
3,0.0,0.0783,50.8696,3.0,1,2,73.6,4.6,5.087,1.2913,0.0,4,0.0832,18.0,1.5,0.0,0.2348,1,0.02
3,0.0,0.09,10.0,2.6667,0,3,73.6,3.4,1.0,3.98,0.0,1,0.0832,3.4,1.5,0.0,0.1785,0,0.09
3,0.0,0.1125,20.25,2.6667,1,2,71.6,5.2,2.025,0.8775,0.0,3,0.0578,5.85,1.5,0.0,0.1584,0,0.1
3,0.38,0.22,5.0,2.0,0,4,74.6,4.7,0.5,0.99,0.0,2,0.1399,4.7,1.5,0.38,0.1713,0,0.22
3,0.06,0.02,10.0,1.0,1,3,45.0,1.4,1.0,1.44,0.0,1,0.06,2.8,1.5,0.03,0.02,0,0.01
3,0.0,0.01,8.0,1.5,0,3,67.5,1.2,0.8,3.29,0.0,2,0.02,1.2,1.5,0.0,0.0133,0,0.01
3,0.04,0.02,19.0,2.0,1,4,75.0,4.8,1.9,1.71,0.0,3,0.028,4.8,1.5,0.04,0.016,0,0.02
3,0.0,0.08,16.0,2.3333,0,3,78.75,3.9,1.6,1.87,0.0,2,0.02,3.9,1.5,0.0,0.0343,0,0.08
3,0.0,0.03,12.0,2.3333,1,3,81.0,1.1,1.2,3.47,0.0,2,0.0156,1.1,1.5,0.0,0.0333,0,0.03
3,0.0,0.0955,21.8182,2.0,0,3,85.2,3.0,2.1818,3.0,0.0,2,0.0085,4.0909,1.5,0.0,0.0444,0,0.07
3,0.0,0.0,-1.6981,0.6667,1,4,77.8,0.3,-0.1698,5.7736,0.0,-2,0.0093,0.5094,1.5,0.0,0.0463,0,0.0
3,0.0,0.07,16.0,0.6667,1,3,77.8,4.3,1.6,0.51,0.0,2,0.0,4.3,1.5,0.0,0.0578,0,0.07
3,0.0,0.11,12.0,0.6667,0,2,77.8,5.2,1.2,0.81,0.0,2,0.0,5.2,1.5,0.0,0.0648,0,0.11
3,0.0,0.09,16.0,2.0,1,3,77.8,5.4,1.6,0.68,0.0,2,0.0,5.4,1.5,0.0,0.0787,0,0.09
3,0.0,0.07,12.0,2.3333,0,3,82.6,2.0,1.2,0.84,0.0,3,0.0,2.0,1.5,0.0,0.0741,1,0.07
3,0.0,0.2379,32.069,4.3333,0,3,89.4,8.2,3.2069,1.2,0.0,8,0.0,8.4828,1.5,0.0,0.1148,0,0.23
3,0.0,0.6107,12.8571,4.0,0,4,77.0,2.1,1.2857,0.8679,0.0,1,0.0,6.75,1.5,0.0,0.1613,1,0.19
3,0.0,0.29,17.0,3.6667,0,3,77.0,8.5,1.7,2.33,0.0,2,0.0,8.5,1.5,0.0,0.2034,0,0.29
3,0.0,0.0878,8.7805,1.3333,1,3,75.4,2.5,0.878,1.339,0.0,1,0.0,2.7439,1.5,0.0,0.2053,0,0.08
3,0.02,0.02,11.0,1.3333,0,3,75.4,1.0,1.1,1.31,0.0,1,0.0048,1.0,1.5,0.02,0.1934,0,0.02
3,0.0,0.31,15.0,1.3333,1,3,76.0,4.4,1.5,0.56,0.0,2,0.0047,4.4,1.5,0.0,0.2108,0,0.31
3,0.0,0.1,11.0,1.6667,0,3,88.4,2.6,1.1,1.55,0.0,2,0.0041,2.6,1.5,0.0,0.1629,0,0.1
3,0.02,0.01,16.0,2.0,0,3,88.4,3.7,1.6,2.26,0.0,2,0.0081,3.7,1.5,0.02,0.1059,0,0.01
3,0.01,0.01,6.0,1.6667,1,2,90.0,1.0,0.6,1.64,0.0,1,0.01,1.0,1.5,0.01,0.09,0,0.01
3,0.0,0.02,33.0,5.0,0,2,90.0,8.1,3.3,1.53,0.0,12,0.006,8.1,1.5,0.0,0.09,0,0.02
3,0.03,0.17,17.0,5.0,1,4,90.0,7.7,1.7,1.27,0.0,2,0.012,7.7,1.5,0.03,0.062,0,0.17
3,0.02,0.18,19.0,5.3333,1,4,90.0,8.2,1.9,2.1,0.0,2,0.016,8.2,1.5,0.02,0.078,0,0.18
3,0.22,0.19,9.0,2.0,1,3,90.0,7.1,0.9,1.12,0.0,2,0.056,7.1,1.5,0.22,0.114,1,0.19
3,0.0,0.04,13.0,2.3333,1,4,90.0,2.4,1.3,0.11,0.0,3,0.054,2.4,1.5,0.0,0.12,0,0.04
3,0.0,0.0105,9.4186,2.3333,0,2,89.2,0.6,0.9419,0.9314,0.0,2,0.0545,0.6279,1.5,0.0,0.1191,0,0.01
3,0.0,0.04,9.0,2.0,1,3,89.2,5.1,0.9,1.18,0.0,1,0.0484,5.1,1.5,0.0,0.0928,0,0.04
3,0.0,0.02,14.0,1.6667,0,3,89.2,2.1,1.4,2.35,0.0,2,0.0444,2.1,1.5,0.0,0.0605,0,0.02
3,0.0,0.02,18.0,2.0,0,2,89.2,1.4,1.8,0.54,0.0,3,0.0,1.4,1.5,0.0,0.0262,0,0.02
3,0.0,0.23,12.0,2.6667,1,4,89.2,5.3,1.2,1.0,0.0,3,0.0,5.3,1.5,0.0,0.0646,0,0.23
3,0.0,0.0,14.0,2.6667,0,2,90.0,2.3,1.4,3.98,0.0,2,0.0,2.3,1.5,0.0,0.062,0,0.0
3,0.01,0.12,13.0,2.3333,1,2,90.0,6.3,1.3,1.44,0.0,2,0.002,6.3,1.5,0.01,0.078,0,0.12
3,0.02,0.08,16.0,2.0,0,3,90.0,4.0,1.6,0.99,0.0,2,0.006,4.0,1.5,0.02,0.09,0,0.08
2,0.0,0.06,6.0,1.0,1,3,15.0,0.2,0.9,1.14,0.0,1,0.0,1.2,1.5,0.0,0.06,1,0.01
2,0.0,0.0,16.6667,1.0,1,3,34.5,2.3,2.5,1.6,0.0,1,0.0,3.8333,1.5,0.0,0.013,0,0.0
2,0.0,0.0,270.0,1.0,1,3,23.3333,0.0,40.5,0.0,0.0,1,0.0,0.0,1.5,0.0,0.0129,0,0.0
2,0.0,0.0,150.0,1.0,0,3,18.25,1.0,22.5,5.7,0.0,1,0.0,30.0,1.5,0.0,0.0123,0,0.0
2,0.0,0.0,270.0,1.0,1,2,14.8,0.0,40.5,0.0,0.0,1,0.0,0.0,1.5,0.0,0.0122,0,0.0
2,0.0,0.0,19.2857,1.0,0,4,14.0,0.2,2.8929,0.5143,0.0,1,0.0,1.2857,1.5,0.0,0.0,0,0.0
2,0.0,0.01,9.0,0.5,1,2,52.0,1.0,1.35,2.06,0.0,0,0.0,1.0,1.5,0.0,0.0087,1,0.01
2,0.0,0.02,32.0,3.0,1,3,64.6667,3.0,4.8,1.71,0.0,8,0.0,3.0,1.5,0.0,0.0139,1,0.02
2,0.0,0.0439,20.8537,3.0,0,3,69.0,4.4,3.128,1.9207,0.0,1,0.0,4.8293,1.5,0.0,0.0228,0,0.04
2,0.0,0.01,11.0,3.3333,1,2,73.2,1.7,1.65,2.06,0.0,1,0.0,1.7,1.5,0.0,0.0197,0,0.01
2,0.12,0.01,16.0,1.3333,1,2,88.4,1.9,2.4,0.88,0.0,2,0.0244,1.9,1.5,0.12,0.0183,0,0.01
2,0.0,0.0,12.0,0.6667,0,2,88.4,2.2,1.8,1.88,0.0,-1,0.0244,2.2,1.5,0.0,0.0163,0,0.0
2,0.0,0.01,26.0,2.6667,1,4,88.4,1.0,3.9,0.51,0.0,7,0.0244,1.0,1.5,0.0,0.0143,1,0.01
2,0.0,0.1,18.0,2.3333,0,4,81.0,4.1,2.7,0.1,0.0,1,0.0267,8.2,1.5,0.0,0.0178,0,0.05
2,0.0,0.0,20.5714,2.6667,1,4,70.0,0.7,3.0857,1.6714,0.0,0,0.0309,1.8,1.5,0.0,0.018,0,0.0
2,0.0818,0.0117,8.1818,1.0,0,2,67.4,3.2,1.2273,1.4961,0.0,2,0.0187,3.7403,1.5,0.07,0.0187,0,0.01
2,0.0,0.011,8.7805,1.3333,1,2,65.8,1.2,1.3171,0.6037,0.0,2,0.0191,1.3171,1.5,0.0,0.0219,1,0.01
2,0.0,0.0,10.0,1.3333,0,3,56.8,0.6,1.5,1.82,0.0,0,0.0222,1.2,1.5,0.0,0.0222,0,0.0
2,0.0,0.01,7.0,1.0,0,3,65.8,1.4,1.05,2.26,0.0,1,0.0191,1.4,1.5,0.0,0.0082,0,0.01
2,0.0,1.3333,56.6667,1.6667,1,2,64.2,3.9,8.5,2.4,0.0,4,0.0196,13.0,1.5,0.0,0.1206,0,0.4
2,0.12,0.01,26.0,4.0,1,4,66.8,2.4,3.9,0.11,0.0,7,0.0323,2.4,1.5,0.12,0.1159,0,0.01
2,0.0,0.0,15.0,4.0,0,3,68.4,2.2,2.25,1.4,0.0,1,0.0316,2.2,1.5,0.0,0.1105,0,0.0
2,0.0,0.1588,8.8235,3.0,1,2,69.6,4.1,1.3235,1.5353,0.0,1,0.031,7.2353,1.5,0.0,0.1319,0,0.09
2,0.0,0.08,21.0,1.0,0,3,69.6,2.8,3.15,2.35,0.0,1,0.031,2.8,1.5,0.0,0.15,1,0.08
2,0.0,0.0,40.0,1.0,0,4,66.0,0.6,6.0,2.5,0.0,1,0.0327,6.0,1.5,0.0,0.0491,1,0.0
2,0.0,0.0,22.0,2.6667,1,4,66.0,1.7,3.3,1.0,0.0,6,0.0,1.7,1.5,0.0,0.0464,1,0.0
2,0.03,0.01,8.0,2.6667,1,4,66.0,2.1,1.2,1.44,0.0,1,0.0082,2.1,1.5,0.03,0.0491,0,0.01
2,0.0,0.0,45.0,2.6667,0,2,57.0,0.5,6.75,4.05,0.0,1,0.0095,7.5,1.5,0.0,0.0284,0,0.0
3,0.0,0.03,6.0,1.0,1,3,30.0,0.0,0.6,0.69,0.0,1,0.0,0.0,1.5,0.0,0.03,1,0.01
3,0.7333,0.0333,6.6667,1.0,0,4,28.5,4.0,0.6667,0.6667,0.0,1,0.3474,13.3333,1.5,0.22,0.0316,0,0.01
3,0.0458,0.0305,0.0,1.0,1,2,38.6667,2.3,0.0,2.0441,0.0,1,0.194,3.5085,1.5,0.03,0.031,1,0.02
3,0.0643,0.0386,-3.8571,1.3333,0,3,46.5,2.2,-0.3857,1.89,0.0,2,0.1452,2.8286,1.5,0.05,0.0339,0,0.03
3,0.1667,1.8333,16.6667,1.3333,1,2,42.6,3.4,1.6667,3.4667,0.0,1,0.1479,11.3333,1.5,0.05,0.262,0,0.55
3,0.0,0.0286,11.4286,1.6667,0,4,49.2,1.1,1.1429,1.6714,0.0,2,0.128,1.5714,1.5,0.0,0.2305,1,0.02
3,0.0,0.0466,3.1034,1.3333,1,3,55.4,0.1,0.3103,4.2052,0.0,1,0.0422,0.1552,1.5,0.0,0.2112,1,0.03
3,0.0,0.0,72.0,1.3333,0,3,44.6,0.3,7.2,9.0,0.0,1,0.0404,5.4,1.5,0.0,0.2543,0,0.0
3,0.0403,0.0134,8.0597,1.6667,1,4,44.0,1.3,0.806,0.403,0.0,3,0.0327,1.7463,1.5,0.03,0.2495,1,0.01
3,0.36,0.0138,42.9231,4.6667,0,2,51.6,12.5,4.2923,0.5538,0.0,10,0.1012,17.3077,1.5,0.26,0.0244,0,0.01
3,0.0522,0.0261,-2.6087,4.6667,1,2,52.8,4.7,-0.2609,0.7435,0.0,1,0.1125,6.1304,1.5,0.04,0.0239,0,0.02
3,0.0885,0.0295,-1.4754,4.6667,0,3,53.4,0.8,-0.1475,0.8705,0.0,3,0.1315,1.1803,1.5,0.06,0.0202,0,0.02
3,0.0,0.0127,6.338,2.3333,0,3,66.6,0.9,0.6338,1.3817,0.0,3,0.1054,1.1408,1.5,0.0,0.0189,0,0.01
3,0.3625,0.0625,31.25,4.6667,1,3,67.6,10.3,3.125,0.35,0.0,8,0.1731,12.875,1.5,0.29,0.0293,0,0.05
3,0.255,0.135,-1.5,4.0,0,2,66.6,3.5,-0.15,1.335,0.0,1,0.1514,5.25,1.5,0.17,0.0514,0,0.09
3,0.3706,0.0265,6.6176,3.6667,1,2,66.4,3.7,0.6618,1.2706,0.0,2,0.2169,4.8971,1.5,0.28,0.0515,0,0.02
3,0.0,0.1636,12.2727,1.3333,0,2,58.6,2.7,1.2273,0.2864,0.0,1,0.2273,11.0455,1.5,0.0,0.0645,0,0.04
3,1.0964,0.0327,16.3636,2.6667,1,3,55.4,7.7,1.6364,0.8345,0.0,5,0.4581,12.6,1.5,0.67,0.0715,0,0.02
3,0.0771,0.1029,6.4286,2.6667,0,3,55.0,2.1,0.6429,1.9286,0.0,2,0.3862,2.7,1.5,0.06,0.0818,0,0.08
3,0.0397,0.0132,11.9118,3.0,1,2,56.6,1.6,1.1912,1.9588,0.0,2,0.3307,2.1176,1.5,0.03,0.0541,0,0.01
3,0.625,0.075,33.75,3.6667,0,2,57.4,8.3,3.375,1.7125,0.0,7,0.3951,10.375,1.5,0.5,0.0659,0,0.06
3,0.2213,0.0295,1.4754,3.6667,1,4,65.2,3.9,0.1475,1.6377,0.0,2,0.3893,5.7541,1.5,0.15,0.0525,0,0.02
3,0.2375,0.1625,3.75,4.0,1,3,68.6,6.0,0.375,0.5125,0.0,3,0.244,7.5,1.5,0.19,0.0787,0,0.13
3,1.4192,0.0,83.0769,3.6667,1,3,59.8,6.1,8.3077,0.0692,0.0,6,0.3853,21.1154,1.5,0.41,0.0662,0,0.0
3,0.2552,0.0134,18.806,5.0,0,4,59.6,4.8,1.8806,0.7791,0.0,6,0.4349,6.4478,1.5,0.19,0.0664,0,0.01
3,0.576,0.132,24.0,6.3333,1,2,60.2,9.0,2.4,1.38,0.0,7,0.4246,10.8,1.5,0.48,0.0807,1,0.11
3,0.084,0.024,3.6,5.0,0,3,63.0,3.1,0.36,1.536,0.0,2,0.3829,3.72,1.5,0.07,0.0771,0,0.02
3,0.8137,0.1233,-1.2329,4.0,0,4,63.2,7.6,-0.1233,0.3575,0.0,3,0.5155,9.3699,1.5,0.66,0.0684,1,0.1
3,0.61,0.02,13.0,4.0,1,2,76.0,8.0,1.3,1.0,0.0,7,0.4761,8.0,1.5,0.61,0.0616,1,0.02
3,0.1125,0.0102,7.1591,4.0,0,2,80.2,1.3,0.7159,3.9784,0.0,2,0.4332,1.3295,1.5,0.11,0.0584,0,0.01
3,0.0,0.2045,5.4545,4.0,1,3,78.4,2.0,0.5455,1.0091,0.0,3,0.3329,2.7273,1.5,0.0,0.0689,0,0.15
3,0.2328,0.0,-1.5517,2.0,0,3,75.0,0.6,-0.1552,0.869,0.0,1,0.3672,0.931,1.5,0.15,0.0672,0,0.0
2,0.0,0.03,6.0,0.0,1,4,30.0,1.7,0.9,0.69,0.0,0,0.0,5.1,1.5,0.0,0.03,0,0.01
2,0.0,0.0,120.0,0.5,0,3,16.5,0.9,18.0,29.7,0.0,1,0.0,27.0,1.5,0.0,0.0273,0,0.0
2,0.09,0.02,11.0,1.0,1,3,41.0,3.6,1.65,0.88,0.0,2,0.0659,3.6,1.5,0.09,0.022,0,0.02
2,0.0,0.0,10.0,1.0,0,2,42.0,0.6,1.5,1.76,0.0,0,0.0482,1.2,1.5,0.0,0.0161,0,0.0
2,0.0,0.0,38.5714,1.0,1,4,35.0,0.1,5.7857,0.9,0.0,1,0.0463,1.2857,1.5,0.0,0.0154,0,0.0
2,0.0,0.01,14.0,0.3333,1,3,47.0,1.8,2.1,1.61,0.0,0,0.0345,1.8,1.5,0.0,0.0115,0,0.01
2,0.0,0.0,23.0769,2.3333,0,3,62.0,1.4,3.4615,1.3731,0.0,6,0.0261,1.6154,1.5,0.0,0.0087,0,0.0
2,0.0,0.1,13.0,2.0,1,4,62.0,2.6,1.95,1.27,0.0,0,0.0,2.6,1.5,0.0,0.0319,0,0.1
2,0.0,0.03,26.0,3.3333,1,2,71.0,5.5,3.9,2.1,0.0,4,0.0,5.5,1.5,0.0,0.0355,0,0.03
2,0.0,0.0,15.0,2.0,1,2,87.6,2.8,2.25,1.12,0.0,2,0.0,2.8,1.5,0.0,0.0288,0,0.0
4,0.1565,0.1957,7.8261,1.0,1,2,23.0,0.9,0.0,0.9,0.0,1,0.1565,3.5217,1.5,0.04,0.1957,0,0.05
4,0.7667,0.0,-3.3333,1.0,0,3,25.0,0.8,0.0,0.6667,0.0,1,0.486,2.6667,1.5,0.23,0.09,1,0.0
4,0.0,0.225,67.5,1.0,1,2,18.0,0.4,0.0,5.175,0.0,1,0.45,9.0,1.5,0.0,0.1,0,0.01
4,0.75,0.9,15.0,1.0,0,2,19.5,4.1,0.0,1.9125,0.0,1,0.5423,15.375,1.5,0.2,0.3462,1,0.24
4,0.0,0.18,36.0,1.0,1,4,16.6,0.1,0.0,9.36,0.0,1,0.5096,1.8,1.5,0.0,0.3361,0,0.01
4,25.2,0.45,1260.0,3.0,0,4,12.4,6.8,0.0,5.85,0.0,7,1.4371,306.0,1.5,0.56,0.3919,0,0.01
4,0.0,0.0,11.25,3.0,0,4,8.6,0.0,0.0,0.45,0.0,1,1.5907,0.0,1.5,0.0,0.5651,0,0.0
4,5.2714,0.1286,-12.8571,3.0,1,3,9.2,1.0,0.0,5.1429,0.0,1,2.2891,12.8571,1.5,0.41,0.5283,0,0.01
1,0.0,0.01,11.0,2.0,1,3,90.0,1.4,0.0,1.07,1.0,2,0.0,1.4,1.5,0.0,0.01,0,0.01
1,0.0,0.0,37.0,6.0,0,2,90.0,7.0,0.0,3.08,8.0,10,0.0,7.0,1.5,0.0,0.005,0,0.0
1,0.0,0.0,15.0,4.6667,1,3,90.0,2.5,0.0,2.06,4.0,2,0.0,2.5,1.5,0.0,0.0033,0,0.0
1,0.0,0.0,15.0,4.3333,0,2,90.0,4.4,0.0,3.29,5.0,1,0.0,4.4,1.5,0.0,0.0025,1,0.0
1,0.0,0.0,32.0,4.3333,1,3,90.0,4.1,0.0,1.71,6.0,10,0.0,4.1,1.5,0.0,0.002,0,0.0
1,0.0,0.0,12.0,4.0,0,2,90.0,1.1,0.0,1.87,2.0,1,0.0,1.1,1.5,0.0,0.0,0,0.0
1,0.0,0.0,16.0,4.0,1,3,90.0,3.6,0.0,3.47,4.0,1,0.0,3.6,1.5,0.0,0.0,0,0.0
1,0.0,0.0,19.0,1.0,0,2,90.0,4.1,0.0,2.71,5.0,1,0.0,4.1,1.5,0.0,0.0,1,0.0
1,0.0,0.0,20.0,1.3333,1,3,90.0,3.1,0.0,2.06,5.0,2,0.0,3.1,1.5,0.0,0.0,0,0.0
1,0.0,0.0,31.0,4.0,1,4,90.0,3.1,0.0,0.51,5.0,9,0.0,3.1,1.5,0.0,0.0,1,0.0
1,0.0,0.0,10.0,4.3333,0,4,90.0,1.2,0.0,0.81,1.0,2,0.0,1.2,1.5,0.0,0.0,0,0.0
1,0.0,0.0,10.0,4.0,1,4,90.0,1.5,0.0,0.68,1.0,1,0.0,1.5,1.5,0.0,0.0,0,0.0
1,0.0,0.0,27.0,3.6667,0,2,90.0,2.4,0.0,0.84,3.0,8,0.0,2.4,1.5,0.0,0.0,0,0.0
1,0.0,0.0,27.0,5.3333,0,3,90.0,2.2,0.0,1.16,3.0,7,0.0,2.2,1.5,0.0,0.0,0,0.0
1,0.0,0.0,14.0,5.3333,0,3,90.0,2.1,0.0,0.75,2.0,1,0.0,2.1,1.5,0.0,0.0,0,0.0
1,0.0,0.0,28.0,5.6667,1,3,90.0,2.1,0.0,0.28,3.0,9,0.0,2.1,1.5,0.0,0.0,0,0.0
1,0.0,0.0,14.0,4.0,0,2,90.0,2.2,0.0,2.33,3.0,2,0.0,2.2,1.5,0.0,0.0,1,0.0
1,0.0,0.0,14.0,4.0,1,2,90.0,1.8,0.0,1.61,3.0,1,0.0,1.8,1.5,0.0,0.0,0,0.0
1,0.0,0.0,12.0,1.6667,0,3,90.0,1.6,0.0,1.31,2.0,2,0.0,1.6,1.5,0.0,0.0,0,0.0
1,0.0,0.0,17.0,2.0,1,4,90.0,3.5,0.0,0.56,5.0,3,0.0,3.5,1.5,0.0,0.0,0,0.0
1,0.0,0.0,17.0,2.3333,0,2,90.0,2.7,0.0,1.55,4.0,2,0.0,2.7,1.5,0.0,0.0,0,0.0
1,0.0,0.0,17.0,2.3333,0,4,90.0,2.0,0.0,2.26,4.0,2,0.0,2.0,1.5,0.0,0.0,1,0.0
1,0.0,0.0,21.0,2.3333,1,3,90.0,4.1,0.0,1.64,5.0,3,0.0,4.1,1.5,0.0,0.0,1,0.0
1,0.0,0.0,29.0,4.3333,0,4,90.0,3.4,0.0,1.53,5.0,8,0.0,3.4,1.5,0.0,0.0,0,0.0
1,0.0,0.0,24.0,4.6667,1,2,90.0,5.9,0.0,1.27,7.0,3,0.0,5.9,1.5,0.0,0.0,0,0.0
1,0.0,0.0,11.0,4.0,1,3,90.0,1.1,0.0,2.1,1.0,1,0.0,1.1,1.5,0.0,0.0,1,0.0
1,0.0,0.0,11.0,2.0,1,3,90.0,1.4,0.0,1.12,2.0,2,0.0,1.4,1.5,0.0,0.0,0,0.0
1,0.0,0.0,25.0,3.3333,1,3,90.0,1.9,0.0,0.11,2.0,7,0.0,1.9,1.5,0.0,0.0,0,0.0
1,0.0,0.0,24.0,4.3333,0,4,90.0,5.2,0.0,1.4,7.0,4,0.0,5.2,1.5,0.0,0.0,0,0.0
1,0.0,0.0,5.0,3.6667,1,3,90.0,0.2,0.0,1.18,0.0,0,0.0,0.2,1.5,0.0,0.0,0,0.0
1,0.0,0.0,11.0,1.6667,0,2,90.0,1.6,0.0,2.35,1.0,1,0.0,1.6,1.5,0.0,0.0,0,0.0
1,0.0,0.0,16.0,1.0,0,4,90.0,3.0,0.0,0.99,4.0,2,0.0,3.0,1.5,0.0,0.0,0,0.0
3,0.4645,0.0,7.2581,3.0,1,3,62.0,5.8,0.7258,0.9871,0.0,3,0.4645,8.4194,1.5,0.32,0.0,0,0.0
3,0.2667,0.0333,16.6667,2.0,0,4,44.5,2.4,1.6667,2.3333,0.0,1,0.4045,8.0,1.5,0.08,0.0101,0,0.01
3,0.4935,0.1161,11.6129,1.6667,1,3,40.0,1.7,1.1613,2.1774,0.0,1,0.4275,4.9355,1.5,0.17,0.0375,0,0.04
3,0.0482,0.2893,4.8214,1.0,0,2,44.0,2.6,0.4821,1.6393,0.0,1,0.3068,4.1786,1.5,0.03,0.1176,0,0.18
3,0.0,0.06,36.0,1.0,1,2,38.2,1.7,3.6,4.86,0.0,1,0.2827,10.2,1.5,0.0,0.1131,0,0.01
3,0.0,0.0,0.0,0.6667,1,3,30.0,0.0,0.0,2.5714,0.0,0,0.168,0.0,1.5,0.0,0.144,0,0.0
3,1.6,0.1,40.0,0.6667,1,3,26.4,3.5,4.0,0.8,0.0,1,0.2455,35.0,1.5,0.16,0.1636,0,0.01
3,0.0,0.0,270.0,0.6667,1,3,20.4,0.0,27.0,0.0,0.0,1,0.1676,0.0,1.5,0.0,0.1765,0,0.0
3,0.0818,0.0,-8.1818,0.6667,0,3,11.4,0.9,-0.8182,1.2273,0.0,0,0.2684,7.3636,1.5,0.01,0.0316,0,0.0
3,0.0,0.45,45.0,0.6667,0,4,8.8,0.2,4.5,0.0,0.0,1,0.3477,9.0,1.5,0.0,0.0409,0,0.01
3,0.1889,0.1222,8.8889,1.0,0,3,20.8,6.5,0.8889,0.7889,0.0,2,0.2942,7.2222,1.5,0.17,0.1125,1,0.11
3,0.16,0.01,21.0,2.0,1,2,37.0,3.0,2.1,0.28,0.0,3,0.1654,3.0,1.5,0.16,0.0632,0,0.01
3,0.2,0.2,12.0,2.0,0,2,45.8,2.5,1.2,0.66,0.0,1,0.1729,5.0,1.5,0.1,0.0904,0,0.1
3,0.0,0.0,33.1579,1.6667,1,3,47.4,0.7,3.3158,0.0947,0.0,1,0.1633,3.3158,1.5,0.0,0.0873,0,0.0
3,0.0,0.1286,17.1429,1.0,0,3,51.2,2.7,1.7143,0.0,0.0,1,0.1512,11.5714,1.5,0.0,0.0879,0,0.03
3,0.15,0.075,22.5,1.0,0,4,37.4,1.3,2.25,5.55,0.0,1,0.1348,9.75,1.5,0.02,0.0722,0,0.01
3,0.1636,0.0409,16.3636,1.0,1,3,23.8,2.4,1.6364,0.6545,0.0,1,0.121,9.8182,1.5,0.04,0.1134,0,0.01
3,0.0,0.0,180.0,1.0,0,2,15.0,0.2,18.0,3.6,0.0,1,0.072,18.0,1.5,0.0,0.06,0,0.0
3,1.4,0.3,82.0,4.6667,1,3,20.2,16.6,8.2,0.6,0.0,12,0.6772,33.2,1.5,0.7,0.1782,0,0.15
3,0.06,0.03,13.0,5.0,1,3,34.0,2.5,1.3,2.1,0.0,2,0.4341,2.5,1.5,0.06,0.1059,0,0.03
3,0.0,0.0,33.75,5.0,1,3,34.8,0.7,3.375,3.9938,0.0,1,0.4138,3.9375,1.5,0.0,0.0983,1,0.0
3,0.0,0.0143,5.7143,2.0,1,3,43.0,1.9,0.5714,0.1429,0.0,3,0.3181,2.7143,1.5,0.0,0.0795,1,0.01
3,0.0,0.1742,11.6129,1.6667,0,3,49.0,3.4,1.1613,2.7581,0.0,1,0.2792,9.871,1.5,0.0,0.0918,0,0.06
3,0.0783,0.0261,9.1304,2.0,1,2,53.8,2.0,0.913,1.5,0.0,2,0.0401,2.6087,1.5,0.06,0.0401,1,0.02
3,0.2667,0.0222,4.4444,1.6667,0,3,52.0,5.4,0.4444,2.6111,0.0,2,0.1038,6.0,1.5,0.24,0.0381,0,0.02
3,0.0,0.0,16.875,1.6667,0,4,52.0,0.2,1.6875,1.4062,0.0,1,0.1038,1.125,1.5,0.0,0.0381,1,0.0
3,0.0,0.17,19.0,3.0,1,2,57.4,6.0,1.9,1.0,0.0,6,0.0941,6.0,1.5,0.0,0.0847,0,0.17
3,0.04,0.04,15.0,3.0,0,3,69.2,2.6,1.5,3.98,0.0,2,0.0884,2.6,1.5,0.04,0.065,0,0.04
3,0.1364,0.0682,1.3636,3.3333,1,3,68.6,2.8,0.1364,1.0091,0.0,2,0.0997,3.8182,1.5,0.1,0.0735,0,0.05
3,0.5516,0.0581,14.5161,1.6667,0,4,58.6,5.6,1.4516,1.2484,0.0,1,0.1014,16.2581,1.5,0.19,0.086,1,0.02
3,0.03,0.04,13.0,2.0,1,3,90.0,3.5,1.3,1.07,0.0,2,0.03,3.5,1.5,0.03,0.04,0,0.04
3,0.0,0.012,9.6,2.0,0,3,82.5,1.3,0.96,3.6,0.0,2,0.0164,1.56,1.5,0.0,0.0273,0,0.01
3,0.0,0.04,8.0,1.6667,1,3,70.0,0.7,0.8,2.68,0.0,1,0.0129,1.4,1.5,0.0,0.03,0,0.02
3,0.0,0.06,18.0,1.3333,1,2,56.25,0.2,1.8,3.96,0.0,1,0.012,1.2,1.5,0.0,0.032,0,0.01
3,0.0,0.04,4.0,1.0,0,3,54.0,2.0,0.4,3.7,0.0,1,0.01,4.0,1.5,0.0,0.0333,0,0.02
3,0.0818,0.0,16.3636,1.0,1,3,42.6,1.2,1.6364,3.6,0.0,1,0.0127,3.2727,1.5,0.03,0.0254,0,0.0
3,0.0,0.0,33.75,1.0,1,2,29.2,0.0,3.375,6.75,0.0,1,0.0185,0.0,1.5,0.0,0.0308,1,0.0
3,0.0,0.1957,11.7391,1.0,0,2,29.4,2.0,1.1739,2.2696,0.0,1,0.0184,3.913,1.5,0.0,0.0796,0,0.1
3,0.0,0.0,270.0,1.0,1,3,26.6,0.0,27.0,0.0,0.0,1,0.0203,0.0,1.5,0.0,0.0812,0,0.0
3,0.0,0.0,135.0,1.0,0,2,18.0,0.1,13.5,0.0,0.0,1,0.03,4.5,1.5,0.0,0.1,0,0.0
3,0.0,0.09,13.5,1.0,0,3,15.4,0.6,1.35,1.08,0.0,1,0.0,2.7,1.5,0.0,0.1403,0,0.02
4,0.42,0.06,66.0,4.0,1,2,15.0,0.5,0.0,1.14,0.0,4,0.42,3.0,1.5,0.07,0.06,0,0.01
4,0.216,0.12,38.4,5.0,0,4,45.0,8.4,0.0,3.6,0.0,6,0.25,10.08,1.5,0.18,0.11,0,0.1
4,0.2125,0.025,-5.0,4.0,1,3,54.0,1.1,0.0,2.225,0.0,2,0.2333,1.375,1.5,0.17,0.0722,0,0.02
4,0.2898,0.0,-4.5763,3.0,0,3,55.25,2.7,0.0,2.2119,0.0,1,0.2484,4.1186,1.5,0.19,0.0529,0,0.0
4,0.3115,0.0,-3.4615,1.3333,0,4,49.4,4.8,0.0,2.4231,0.0,1,0.2551,16.6154,1.5,0.09,0.0474,0,0.0
4,0.0,0.0,0.0,1.0,1,4,47.8,0.2,0.0,7.4571,0.0,1,0.2372,2.5714,1.5,0.0,0.0452,0,0.0
4,0.1853,0.5029,50.2941,3.6667,1,3,46.4,9.9,0.0,0.3706,0.0,9,0.2289,13.1029,1.5,0.14,0.1552,0,0.38
4,0.0,0.0,0.0,3.6667,0,2,35.8,0.0,0.0,3.7421,0.0,1,0.2112,0.0,1.5,0.0,0.1911,0,0.0
4,0.2475,0.0112,2.25,4.0,1,4,40.0,4.4,0.0,0.4838,0.0,2,0.2025,4.95,1.5,0.22,0.1755,0,0.01
4,0.0969,0.0277,27.6923,2.6667,0,3,47.8,4.8,0.0,0.5538,0.0,5,0.1619,6.6462,1.5,0.07,0.1544,0,0.02
4,0.36,0.0257,24.4286,4.0,1,3,60.4,11.2,0.0,0.7329,0.0,5,0.2116,14.4,1.5,0.28,0.1281,1,0.02
4,0.118,0.059,16.2295,4.0,0,4,59.0,4.5,0.0,0.8705,0.0,2,0.1983,6.6393,1.5,0.08,0.0275,0,0.04
4,0.0,0.0789,3.1579,2.6667,0,3,66.6,2.7,0.0,1.2632,0.0,1,0.1757,4.2632,1.5,0.0,0.0378,0,0.05
4,0.4043,0.0652,6.5217,1.3333,0,3,64.4,6.7,0.0,0.6652,0.0,1,0.2068,8.7391,1.5,0.31,0.0503,0,0.05
4,0.0254,0.0634,25.3521,2.3333,1,2,65.6,2.1,0.0,0.3549,0.0,5,0.1893,2.662,1.5,0.02,0.0576,0,0.05
4,0.2483,0.031,12.4138,2.3333,0,3,57.4,3.2,0.0,4.469,0.0,1,0.1537,9.931,1.5,0.08,0.0627,0,0.01
4,0.5373,0.0134,4.0299,2.6667,0,4,58.6,6.1,0.0,1.6657,0.0,2,0.2488,8.194,1.5,0.4,0.0522,0,0.01
4,0.02,0.02,2.0,1.3333,1,3,56.2,1.7,0.0,1.0,0.0,1,0.2626,3.4,1.5,0.01,0.0416,1,0.01
4,0.2667,0.0667,6.6667,1.3333,0,2,47.8,3.1,0.0,0.0,0.0,1,0.2222,10.3333,1.5,0.08,0.0377,0,0.02
4,0.0818,0.0117,30.3896,3.3333,0,4,49.0,5.5,0.0,1.7766,0.0,8,0.2351,6.4286,1.5,0.07,0.022,0,0.01
4,0.0,0.08,11.0,3.6667,1,3,61.2,4.6,0.0,1.64,0.0,2,0.1647,4.6,1.5,0.0,0.0382,1,0.08
4,0.2,0.29,31.0,5.6667,0,2,65.8,7.8,0.0,1.53,0.0,7,0.0985,7.8,1.5,0.2,0.1122,0,0.29
4,0.54,0.04,-1.0,3.6667,1,4,74.8,6.4,0.0,1.27,0.0,2,0.2142,6.4,1.5,0.54,0.1059,0,0.04
4,0.44,0.13,63.0,7.3333,1,3,87.4,17.8,0.0,2.1,0.0,13,0.2574,17.8,1.5,0.44,0.1133,0,0.13
4,0.22,0.02,1.0,5.6667,1,3,90.0,5.1,0.0,1.12,0.0,2,0.28,5.1,1.5,0.22,0.112,0,0.02
4,0.24,0.12,24.0,6.0,1,2,81.0,7.3,0.0,0.04,0.0,3,0.3378,14.6,1.5,0.12,0.12,0,0.06
4,0.0,0.0132,7.9412,2.3333,0,2,76.6,1.6,0.0,0.7676,0.0,2,0.3102,2.1176,1.5,0.0,0.0611,0,0.01
4,0.3667,0.0,6.6667,2.0,0,3,64.0,1.8,0.0,3.8333,0.0,1,0.2503,6.0,1.5,0.11,0.0619,0,0.0
4,0.25,0.04,34.0,4.0,0,4,64.0,10.9,0.0,0.54,0.0,9,0.1969,10.9,1.5,0.25,0.0366,0,0.04
4,0.04,0.33,4.0,4.0,1,3,64.0,5.5,0.0,1.0,0.0,2,0.1463,5.5,1.5,0.04,0.1238,0,0.33
4,0.04,0.01,4.0,4.3333,0,3,73.0,1.1,0.0,3.98,0.0,2,0.1085,1.1,1.5,0.04,0.0962,0,0.01
4,0.13,0.05,-3.0,2.0,1,4,77.4,5.1,0.0,1.44,0.0,2,0.1326,5.1,1.5,0.13,0.1,0,0.05
4,0.14,0.32,11.0,1.6667,0,2,90.0,8.2,0.0,0.99,0.0,1,0.12,8.2,1.5,0.14,0.15,0,0.32
2,0.0,0.0305,13.7288,1.0,1,4,59.0,1.7,2.0593,1.2814,0.0,1,0.0,2.5932,1.5,0.0,0.0305,0,0.02
2,0.0,0.0651,19.5181,1.0,0,2,71.0,3.6,2.9277,3.3398,0.0,1,0.0,3.9036,1.5,0.0,0.0507,0,0.06
2,0.0,0.17,19.0,2.0,0,4,77.3333,4.1,2.85,3.29,0.0,4,0.0,4.1,1.5,0.0,0.097,1,0.17
2,0.0,0.0,22.5,2.0,1,3,62.0,1.0,3.375,2.8125,0.0,1,0.0,5.625,1.5,0.0,0.0907,0,0.0
2,0.0,0.1286,-25.7143,1.6667,0,3,51.0,1.0,-3.8571,1.5429,0.0,0,0.0,12.8571,1.5,0.0,0.0918,1,0.01
2,0.0,0.03,11.0,0.3333,1,3,57.2,2.3,1.65,3.47,0.0,0,0.0,2.3,1.5,0.0,0.085,0,0.03
2,0.0,0.03,11.0,0.3333,0,3,58.6,2.5,1.65,2.71,0.0,1,0.0,2.5,1.5,0.0,0.0737,0,0.03
2,0.0,0.0,36.0,0.6667,1,2,41.6,0.0,5.4,9.36,0.0,1,0.0,0.0,1.5,0.0,0.0303,1,0.0
2,0.0,0.04,14.0,0.6667,0,2,47.4,1.0,2.1,2.02,0.0,0,0.0,2.0,1.5,0.0,0.0342,0,0.02
2,0.0,0.01,24.0,2.0,1,4,64.0,1.3,3.6,0.51,0.0,5,0.0,1.3,1.5,0.0,0.0253,0,0.01
2,0.0,0.02,13.0,2.3333,0,4,64.0,3.4,1.95,0.81,0.0,2,0.0,3.4,1.5,0.0,0.0225,0,0.02
2,0.0,0.3,9.0,2.3333,1,2,64.0,3.2,1.35,0.68,0.0,0,0.0,3.2,1.5,0.0,0.0984,0,0.3
2,0.61,0.06,30.0,5.3333,0,3,81.0,9.4,4.5,0.84,0.0,14,0.1356,9.4,1.5,0.61,0.0911,1,0.06
2,0.11,0.01,39.0,9.6667,0,2,90.0,9.9,5.85,1.16,0.0,15,0.144,9.9,1.5,0.11,0.08,0,0.01
2,0.0,0.09,32.0,11.3333,0,3,90.0,10.0,4.8,0.75,0.0,5,0.144,10.0,1.5,0.0,0.096,0,0.09
2,0.0,0.02,24.0,8.6667,1,2,90.0,2.7,3.6,0.28,0.0,6,0.144,2.7,1.5,0.0,0.096,1,0.02
2,0.02,0.26,10.0,3.6667,0,2,90.0,4.5,1.5,2.33,0.0,0,0.148,4.5,1.5,0.02,0.088,0,0.26
2,0.07,0.02,14.0,2.6667,0,3,90.0,2.5,2.1,1.31,0.0,2,0.04,2.5,1.5,0.07,0.08,0,0.02
2,0.0,0.01,4.0,1.0,1,2,90.0,1.4,0.6,0.56,0.0,1,0.018,1.4,1.5,0.0,0.08,0,0.01
2,0.11,0.68,38.0,3.6667,0,2,90.0,11.7,5.7,1.55,0.0,8,0.04,11.7,1.5,0.11,0.198,0,0.68
2,0.01,0.0,0.0,3.0,0,2,90.0,0.6,0.0,2.26,0.0,0,0.042,0.6,1.5,0.01,0.194,0,0.0
2,0.0,0.0114,9.1139,3.0,1,3,87.8,1.7,1.3671,1.8456,0.0,1,0.039,1.9367,1.5,0.0,0.1476,0,0.01
2,0.0,0.2455,40.9091,0.6667,0,3,72.0,1.5,6.1364,2.7818,0.0,1,0.03,12.2727,1.5,0.0,0.1825,0,0.03
2,0.0,0.225,67.5,1.0,0,2,54.8,0.1,10.125,11.475,0.0,1,0.0394,2.25,1.5,0.0,0.2398,0,0.01
2,0.0,0.04,34.0,3.3333,1,4,54.8,7.7,5.1,1.18,0.0,8,0.0033,7.7,1.5,0.0,0.0296,1,0.04
2,0.0,0.029,8.7097,3.0,0,3,49.2,0.7,1.3065,1.7419,0.0,0,0.0,1.0161,1.5,0.0,0.0402,0,0.02
2,0.3767,0.0314,26.1628,4.6667,0,3,50.6,4.4,3.9244,0.3663,0.0,6,0.1281,4.6047,1.5,0.36,0.0462,0,0.03
2,0.58,0.02,30.0,6.3333,1,2,66.4,7.1,4.5,1.0,0.0,13,0.2548,7.1,1.5,0.58,0.0325,0,0.02
2,0.0,0.0114,12.5316,6.6667,0,2,81.4,2.4,1.8797,4.4316,0.0,1,0.2079,2.7342,1.5,0.0,0.0265,0,0.01
2,0.0,0.21,29.0,6.0,1,4,81.4,8.1,4.35,1.44,0.0,4,0.2079,8.1,1.5,0.0,0.0641,0,0.21
2,0.1193,0.0759,20.6024,1.6667,0,2,85.6,8.2,3.0904,0.7807,0.0,0,0.2208,8.8916,1.5,0.11,0.0715,0,0.07
2,0.0,0.3857,25.7143,1.0,1,3,7.0,0.2,3.8571,7.4571,0.0,1,0.0,2.5714,1.5,0.0,0.3857,0,0.03
2,0.0,0.1376,13.7647,1.0,0,3,46.0,4.1,2.0647,2.6894,0.0,1,0.0,4.3412,1.5,0.0,0.1565,1,0.13
2,0.0,0.0,54.0,1.0,1,2,32.3333,0.2,8.1,10.8,0.0,1,0.0,3.6,1.5,0.0,0.1485,1,0.0
2,0.0,0.0,12.2727,1.0,1,4,29.75,0.3,1.8409,0.8591,0.0,1,0.0,1.2273,1.5,0.0,0.121,0,0.0
2,0.0,0.37,21.0,2.3333,0,2,41.8,4.9,3.15,0.81,0.0,5,0.0,4.9,1.5,0.0,0.2282,0,0.37
2,0.0,0.05,10.0,2.3333,1,3,58.4,1.6,1.5,0.68,0.0,1,0.0,1.6,1.5,0.0,0.1695,0,0.05
2,0.0,0.15,21.0,4.0,0,3,59.4,5.6,3.15,0.84,0.0,6,0.0,5.6,1.5,0.0,0.1727,0,0.15
2,0.0,0.0,22.0,4.3333,0,3,76.4,1.6,3.3,1.16,0.0,6,0.0,1.6,1.5,0.0,0.1343,0,0.0
2,0.0,0.08,30.0,5.3333,0,3,90.0,7.8,4.5,0.75,0.0,4,0.0,7.8,1.5,0.0,0.13,0,0.08
2,0.0,0.0,24.0,5.3333,1,3,90.0,1.1,3.6,0.28,0.0,6,0.0,1.1,1.5,0.0,0.056,0,0.0
2,0.0,0.0333,11.1111,3.6667,0,3,88.2,2.4,1.6667,1.9889,0.0,1,0.0,2.6667,1.5,0.0,0.0531,0,0.03
2,0.0,0.01,10.0,3.0,0,3,88.2,1.6,1.5,1.31,0.0,2,0.0,1.6,1.5,0.0,0.0245,0,0.01
2,0.0,0.03,13.0,1.6667,1,4,88.2,1.4,1.95,0.56,0.0,2,0.0,1.4,1.5,0.0,0.0306,1,0.03
2,0.0,0.0107,3.2143,1.3333,0,4,87.0,0.2,0.4821,1.6607,0.0,0,0.0,0.2143,1.5,0.0,0.0166,0,0.01
2,0.0,0.0,3.0,1.0,0,3,87.0,0.4,0.45,2.26,0.0,1,0.0,0.4,1.5,0.0,0.0166,0,0.0
2,0.0,0.01,10.0,1.0,1,3,88.8,1.9,1.5,1.64,0.0,2,0.0,1.9,1.5,0.0,0.0122,1,0.01
2,0.0,0.0,19.0,2.6667,0,2,88.8,1.3,2.85,1.53,0.0,5,0.0,1.3,1.5,0.0,0.0101,0,0.0
2,0.0247,0.0986,11.0959,2.3333,1,4,85.4,3.8,1.6644,1.5658,0.0,0,0.0042,4.6849,1.5,0.02,0.0211,0,0.08
2,0.0,0.09,10.2857,1.6667,1,2,82.6,4.1,1.5429,2.6486,0.0,0,0.0044,5.2714,1.5,0.0,0.0349,0,0.07
2,0.0,0.01,15.0,1.6667,1,2,82.6,0.8,2.25,1.12,0.0,5,0.0044,0.8,1.5,0.0,0.037,1,0.01
2,0.0,0.1416,29.3258,4.6667,1,4,82.4,3.3,4.3989,0.1011,0.0,9,0.0044,3.3371,1.5,0.0,0.0655,0,0.14
2,0.0,0.12,8.0,5.0,0,2,82.4,5.0,1.2,1.4,0.0,1,0.0044,5.0,1.5,0.0,0.0917,1,0.12
2,0.0,0.1696,22.1739,3.6667,1,2,81.6,4.2,3.3261,1.5,0.0,1,0.0,5.4783,1.5,0.0,0.1037,0,0.13
2,0.0,0.02,0.0,0.6667,0,3,76.6,1.1,0.0,1.24,0.0,0,0.0,2.2,1.5,0.0,0.0963,0,0.01
2,0.0,0.02,25.0,2.3333,0,2,76.6,4.0,3.75,0.54,0.0,6,0.0,4.0,1.5,0.0,0.0987,1,0.02
2,0.03,0.0,23.0,4.3333,1,3,76.8,1.4,3.45,1.0,0.0,7,0.007,1.4,1.5,0.03,0.0656,0,0.0
2,0.0,0.0102,7.1591,4.3333,0,4,76.4,0.9,1.0739,3.9784,0.0,0,0.0071,0.9205,1.5,0.0,0.0401,0,0.01
2,0.0,0.0112,22.5,4.3333,1,4,78.6,0.9,3.375,0.8775,0.0,6,0.0069,1.0125,1.5,0.0,0.0115,0,0.01
4,0.98,0.14,22.0,7.0,1,4,90.0,13.6,0.0,1.07,0.0,7,0.98,13.6,1.5,0.98,0.14,0,0.14
4,0.15,0.01,11.0,6.0,0,3,90.0,5.6,0.0,3.08,0.0,5,0.565,5.6,1.5,0.15,0.075,0,0.01
4,0.07,0.04,3.0,4.6667,1,3,90.0,2.3,0.0,2.06,0.0,2,0.4,2.3,1.5,0.07,0.0633,0,0.04
4,0.56,0.02,22.0,4.6667,0,3,90.0,9.9,0.0,3.29,0.0,7,0.44,9.9,1.5,0.56,0.0525,0,0.02
4,0.4,0.03,2.0,3.6667,1,3,90.0,5.4,0.0,1.71,0.0,2,0.432,5.4,1.5,0.4,0.048,0,0.03
4,0.6,0.01,20.0,5.0,0,4,90.0,6.1,0.0,1.87,0.0,6,0.356,6.1,1.5,0.6,0.022,0,0.01
4,0.15,0.14,3.0,3.3333,1,3,90.0,4.4,0.0,3.47,0.0,2,0.356,4.4,1.5,0.15,0.048,0,0.14
4,0.11,0.17,-1.0,3.0,0,3,90.0,5.9,0.0,2.71,0.0,1,0.364,5.9,1.5,0.11,0.074,0,0.17
4,0.5143,0.0107,23.5714,3.3333,1,4,88.8,8.2,0.0,1.65,0.0,7,0.3527,8.7857,1.5,0.48,0.073,0,0.01
4,0.15,0.03,3.0,3.3333,1,4,88.8,3.7,0.0,0.88,0.0,2,0.302,3.7,1.5,0.15,0.073,0,0.03
4,0.4821,0.0107,2.1429,3.6667,0,4,87.6,1.6,0.0,1.4893,0.0,2,0.2753,1.7143,1.5,0.45,0.074,0,0.01
4,1.18,0.13,60.0,5.6667,1,4,87.6,19.2,0.0,0.51,0.0,13,0.487,19.2,1.5,1.18,0.0719,0,0.13
4,0.62,0.03,-6.0,5.6667,0,3,87.6,3.1,0.0,0.81,0.0,2,0.5918,3.1,1.5,0.62,0.0432,1,0.03
4,1.31,0.04,19.0,7.0,1,2,88.8,13.8,0.0,0.68,0.0,6,0.752,13.8,1.5,1.31,0.0486,0,0.04
4,0.1241,0.031,6.2069,3.3333,0,3,88.2,3.9,0.0,0.7345,0.0,2,0.751,4.0345,1.5,0.12,0.049,0,0.03
4,0.87,0.03,28.0,5.0,0,3,89.4,8.0,0.0,1.16,0.0,7,0.8255,8.0,1.5,0.87,0.0523,0,0.03
4,0.72,0.02,76.0,8.6667,0,3,89.4,20.0,0.0,0.75,0.0,17,0.7329,20.0,1.5,0.72,0.0302,0,0.02
4,1.01,0.05,25.0,10.0,1,4,89.4,7.2,0.0,0.28,0.0,6,0.8114,7.2,1.5,1.01,0.0342,0,0.05
4,0.84,0.0,-4.0,8.3333,0,2,89.4,8.3,0.0,2.33,0.0,2,0.7168,8.3,1.5,0.84,0.0262,0,0.0
4,0.0878,0.0,5.4878,3.3333,1,3,88.4,2.5,0.0,1.339,0.0,2,0.7167,2.7439,1.5,0.08,0.0204,0,0.0
4,0.52,0.07,34.0,4.0,0,2,88.4,9.4,0.0,1.31,0.0,8,0.6455,9.4,1.5,0.52,0.0285,0,0.07
4,0.0,0.02,5.0,4.0,1,4,88.4,2.2,0.0,0.56,0.0,2,0.4989,2.2,1.5,0.0,0.0285,0,0.02
4,0.72,0.25,11.0,4.6667,0,4,88.4,7.3,0.0,1.55,0.0,4,0.4398,7.3,1.5,0.72,0.0692,0,0.25
4,2.23,0.01,34.0,6.0,0,3,88.4,16.3,0.0,2.26,0.0,12,0.7229,16.3,1.5,2.23,0.0713,0,0.01
4,0.31,0.07,1.0,6.0,1,3,90.0,7.4,0.0,1.64,0.0,2,0.756,7.4,1.5,0.31,0.084,1,0.07
4,0.1943,0.1023,1.0227,5.3333,0,4,89.6,4.1,0.0,1.5239,0.0,2,0.6931,4.1932,1.5,0.19,0.0904,0,0.1
4,0.83,0.16,-5.0,1.3333,1,4,89.6,8.2,0.0,1.27,0.0,0,0.8598,8.2,1.5,0.83,0.1185,0,0.16
4,0.5,0.04,31.0,3.3333,1,3,89.6,11.1,0.0,2.1,0.0,8,0.8156,11.1,1.5,0.5,0.0763,0,0.04
4,0.8571,0.0321,26.7857,5.0,1,3,88.4,9.5,0.0,0.6964,0.0,7,0.5355,10.1786,1.5,0.8,0.0814,0,0.03
4,0.1921,0.0202,4.0449,5.6667,1,4,88.2,1.6,0.0,0.1011,0.0,2,0.5122,1.618,1.5,0.19,0.0714,0,0.02
4,0.07,0.04,2.0,3.6667,0,3,88.6,4.4,0.0,1.4,0.0,2,0.4856,4.4,1.5,0.07,0.0589,0,0.04
4,0.26,0.1,32.0,3.6667,1,2,88.6,9.5,0.0,1.18,0.0,7,0.3698,9.5,1.5,0.26,0.0467,0,0.1
4,0.85,0.0,25.0,5.0,0,3,88.6,6.7,0.0,2.35,0.0,6,0.4409,6.7,1.5,0.85,0.0386,0,0.0
4,0.136,0.1151,8.3721,5.0,0,3,89.0,5.5,0.0,0.3663,0.0,2,0.3034,5.7558,1.5,0.13,0.0546,0,0.11
4,0.29,0.1,13.0,3.3333,1,3,89.2,5.2,0.0,1.0,0.0,2,0.3229,5.2,1.5,0.29,0.0706,0,0.1
4,0.12,0.01,-3.0,2.0,0,2,89.2,3.2,0.0,3.98,0.0,2,0.333,3.2,1.5,0.12,0.0646,0,0.01
4,0.39,0.04,27.0,3.3333,1,3,89.2,7.6,0.0,1.44,0.0,6,0.3592,7.6,1.5,0.39,0.0525,0,0.04
4,1.1323,0.0,-8.7097,3.0,0,3,77.4,0.8,0.0,1.2484,0.0,1,0.307,2.3226,1.5,0.39,0.0605,1,0.0
3,0.0,1.3263,75.7895,4.0,0,2,19.0,3.0,7.5789,8.6684,0.0,4,0.0,14.2105,1.5,0.0,1.3263,0,0.28
3,0.0875,0.025,13.75,3.5,1,3,45.5,4.0,1.375,1.5125,0.0,3,0.0692,5.0,1.5,0.07,0.2967,0,0.02
3,0.0,0.1161,15.9677,3.0,0,3,51.0,3.3,1.5968,1.6984,0.0,2,0.0412,4.7903,1.5,0.0,0.2235,0,0.08
3,0.031,0.2948,4.6552,2.0,1,2,52.75,2.7,0.4655,4.2052,0.0,1,0.0384,4.1897,1.5,0.02,0.2431,1,0.19
3,0.05,0.05,9.0,1.6667,0,2,60.2,5.3,0.9,2.71,0.0,2,0.0419,5.3,1.5,0.05,0.1854,0,0.05
3,0.0,0.0486,6.0811,1.6667,1,2,71.2,2.4,0.6081,1.5081,0.0,2,0.0354,2.9189,1.5,0.0,0.0961,0,0.04
3,0.4778,0.1111,5.5556,2.0,1,3,73.0,7.1,0.5556,0.3111,0.0,2,0.1233,7.8889,1.5,0.43,0.1134,0,0.1
3,0.0,0.0254,7.6056,2.0,0,3,74.8,0.4,0.7606,1.3944,0.0,2,0.1203,0.507,1.5,0.0,0.0963,0,0.02
3,0.22,0.08,18.0,2.3333,1,3,81.2,7.0,1.8,0.51,0.0,3,0.1552,7.0,1.5,0.22,0.0643,0,0.08
3,1.3556,0.2111,53.3333,7.0,0,3,79.4,21.0,5.3333,0.4444,0.0,16,0.4239,23.3333,1.5,1.22,0.0975,1,0.19
3,0.12,0.41,11.0,7.0,1,2,82.6,4.8,1.1,0.68,0.0,2,0.4337,4.8,1.5,0.12,0.1743,0,0.41
3,0.0,0.1929,9.6429,6.3333,0,4,72.0,2.1,0.9643,0.8036,0.0,1,0.39,6.75,1.5,0.0,0.19,1,0.06
3,0.1034,0.2276,28.9655,4.0,0,2,75.2,10.7,2.8966,1.2,0.0,9,0.3973,11.069,1.5,0.1,0.2298,0,0.22
3,0.06,0.19,15.0,4.0,0,2,75.2,5.2,1.5,0.75,0.0,2,0.359,5.2,1.5,0.06,0.2561,0,0.19
3,0.2586,0.0207,2.069,4.6667,1,3,76.4,1.8,0.2069,0.2897,0.0,3,0.1249,1.8621,1.5,0.25,0.212,0,0.02
3,0.15,0.43,30.0,3.6667,0,2,76.4,12.6,3.0,2.33,0.0,6,0.1319,12.6,1.5,0.15,0.2168,0,0.43
3,0.02,0.16,23.0,3.6667,1,3,88.8,6.7,2.3,1.61,0.0,2,0.1176,6.7,1.5,0.02,0.2068,1,0.16
3,0.0,0.1,9.0,3.3333,0,3,89.4,5.0,0.9,1.31,0.0,2,0.0966,5.0,1.5,0.0,0.1812,0,0.1
3,0.12,0.04,-8.0,1.6667,1,3,80.4,0.8,-0.8,0.14,0.0,1,0.1075,1.6,1.5,0.06,0.1634,1,0.02
3,0.1456,0.6485,11.9118,1.6667,0,4,76.6,7.6,1.1912,2.0515,0.0,2,0.0799,10.0588,1.5,0.11,0.282,1,0.49
3,0.09,0.13,10.0,1.6667,0,4,76.6,6.9,1.0,2.26,0.0,2,0.0658,6.9,1.5,0.09,0.2115,1,0.13
3,0.4299,0.0672,1.3433,2.0,1,2,72.0,3.3,0.1343,1.9881,0.0,2,0.145,4.4328,1.5,0.32,0.1975,1,0.05
3,0.21,0.01,-5.0,2.0,0,2,72.0,2.9,-0.5,1.53,0.0,2,0.1975,2.9,1.5,0.21,0.175,0,0.01
3,0.0,0.4869,26.5574,2.0,1,3,75.2,9.2,2.6557,1.6377,0.0,2,0.1747,13.5738,1.5,0.0,0.2418,0,0.33
3,0.06,0.06,16.0,1.6667,1,3,70.6,3.3,1.6,1.34,0.0,1,0.1657,6.6,1.5,0.03,0.1402,0,0.03
3,0.1603,0.2836,8.6301,2.0,1,2,67.2,3.4,0.863,0.5055,0.0,3,0.1848,4.1918,1.5,0.13,0.1741,0,0.23
3,0.0,0.02,-2.0,2.0,1,2,71.8,1.4,-0.2,0.11,0.0,2,0.0928,1.4,1.5,0.0,0.1554,0,0.02
3,0.1241,0.2483,26.3793,3.6667,0,4,65.4,5.0,2.6379,0.6983,0.0,6,0.0661,7.7586,1.5,0.08,0.2119,0,0.16
3,0.0,0.0,3.913,3.0,1,3,57.8,0.7,0.3913,2.7,0.0,1,0.0747,2.7391,1.5,0.0,0.137,0,0.0
3,0.2172,0.2017,17.069,2.6667,0,4,60.4,8.2,1.7069,0.869,0.0,1,0.1043,12.7241,1.5,0.14,0.1609,0,0.13
3,2.25,0.0,105.0,1.0,0,2,6.0,3.6,10.5,0.0,0.0,1,2.25,54.0,1.5,0.15,0.0,0,0.0
3,0.0,0.03,0.0,1.0,1,4,18.0,1.9,0.0,2.16,0.0,1,0.375,5.7,1.5,0.0,0.025,0,0.01
3,0.225,0.0,33.75,1.0,0,3,14.6667,0.2,3.375,1.35,0.0,1,0.3477,2.25,1.5,0.02,0.0205,0,0.0
1,0.0,0.0,30.0,9.0,0,2,90.0,2.7,0.0,0.54,4.0,9,0.0,2.7,1.5,0.0,0.0,0,0.0
1,0.0,0.0,22.0,7.5,1,3,90.0,1.2,0.0,1.0,1.0,6,0.0,1.2,1.5,0.0,0.0,0,0.0
1,0.0,0.0,14.0,6.0,0,4,90.0,4.0,0.0,3.98,6.0,3,0.0,4.0,1.5,0.0,0.0,0,0.0
1,0.0,0.0,13.0,3.3333,1,4,90.0,1.4,0.0,1.44,2.0,1,0.0,1.4,1.5,0.0,0.0,0,0.0
2,0.0,0.01,11.0,2.0,1,4,90.0,1.7,1.65,1.07,0.0,2,0.0,1.7,1.5,0.0,0.01,0,0.01
2,0.0,0.0,17.0,1.5,0,2,90.0,3.4,2.55,3.08,0.0,1,0.0,3.4,1.5,0.0,0.005,0,0.0
2,0.0,0.02,18.0,1.3333,1,4,90.0,2.3,2.7,2.06,0.0,1,0.0,2.3,1.5,0.0,0.01,0,0.02
2,0.0,0.0,11.0,1.0,0,2,90.0,1.9,1.65,3.29,0.0,1,0.0,1.9,1.5,0.0,0.0075,1,0.0
2,0.0,0.0,23.0,2.6667,1,2,90.0,1.0,3.45,1.71,0.0,6,0.0,1.0,1.5,0.0,0.006,0,0.0
2,0.07,0.0,10.0,2.3333,0,3,90.0,2.1,1.5,1.87,0.0,0,0.014,2.1,1.5,0.07,0.004,0,0.0
2,0.0,0.02,18.0,2.0,1,3,90.0,2.2,2.7,3.47,0.0,0,0.014,2.2,1.5,0.0,0.008,0,0.02
2,0.21,0.0,9.0,0.3333,0,2,90.0,2.3,1.35,2.71,0.0,1,0.056,2.3,1.5,0.21,0.004,0,0.0
2,0.0,0.0,10.0,0.3333,1,4,90.0,1.2,1.5,2.06,0.0,0,0.056,1.2,1.5,0.0,0.004,1,0.0
2,0.0,0.01,18.0,1.0,1,3,90.0,1.9,2.7,0.88,0.0,2,0.056,1.9,1.5,0.0,0.006,0,0.01
2,0.0,0.01,13.0,0.3333,0,3,90.0,1.9,1.95,1.88,0.0,-1,0.042,1.9,1.5,0.0,0.008,0,0.01
2,0.0,0.01,24.0,2.3333,1,3,90.0,1.5,3.6,0.51,0.0,6,0.042,1.5,1.5,0.0,0.006,1,0.01
2,0.0,0.0,17.0,2.3333,0,3,90.0,2.6,2.55,0.81,0.0,2,0.0,2.6,1.5,0.0,0.006,0,0.0
2,0.08,0.0,13.0,3.0,1,3,90.0,2.4,1.95,0.68,0.0,1,0.016,2.4,1.5,0.08,0.006,1,0.0
2,0.0,0.01,19.0,2.6667,0,3,90.0,1.4,2.85,0.84,0.0,5,0.016,1.4,1.5,0.0,0.006,0,0.01
2,0.07,0.01,23.0,4.0,0,3,90.0,2.8,3.45,1.16,0.0,6,0.03,2.8,1.5,0.07,0.006,0,0.01
2,0.0,0.03,13.0,4.0,0,2,90.0,3.1,1.95,0.75,0.0,1,0.03,3.1,1.5,0.0,0.01,1,0.03
2,0.0,0.18,26.0,4.6667,1,3,90.0,2.9,3.9,0.28,0.0,7,0.03,2.9,1.5,0.0,0.046,0,0.18
2,0.0,0.01,16.0,3.0,0,2,90.0,1.7,2.4,2.33,0.0,1,0.014,1.7,1.5,0.0,0.048,0,0.01
2,0.0,0.02,10.0,2.6667,1,3,90.0,1.6,1.5,1.61,0.0,0,0.014,1.6,1.5,0.0,0.05,0,0.02
2,0.0,0.03,9.0,1.0,0,3,90.0,3.1,1.35,1.31,0.0,2,0.0,3.1,1.5,0.0,0.054,1,0.03
2,0.0,0.0,12.0,1.3333,1,3,90.0,1.3,1.8,0.56,0.0,2,0.0,1.3,1.5,0.0,0.048,1,0.0
2,0.05,0.04,21.0,1.6667,0,2,90.0,4.9,3.15,1.55,0.0,1,0.01,4.9,1.5,0.05,0.02,0,0.04
2,0.0,0.01,5.0,1.0,0,3,90.0,2.5,0.75,2.26,0.0,0,0.01,2.5,1.5,0.0,0.02,0,0.01
2,0.0,0.0,14.0,1.0,1,3,90.0,1.8,2.1,1.64,0.0,2,0.01,1.8,1.5,0.0,0.016,0,0.0
2,0.0,0.0,22.0,2.6667,0,3,90.0,2.5,3.3,1.53,0.0,6,0.01,2.5,1.5,0.0,0.01,0,0.0
2,0.22,0.06,13.0,3.0,1,3,90.0,7.2,1.95,1.27,0.0,1,0.054,7.2,1.5,0.22,0.022,0,0.06
2,0.43,0.02,22.0,4.6667,1,2,90.0,7.4,3.3,2.1,0.0,7,0.13,7.4,1.5,0.43,0.018,0,0.02
2,0.0,0.0,14.0,3.3333,1,3,90.0,2.0,2.1,1.12,0.0,2,0.13,2.0,1.5,0.0,0.016,0,0.0
2,0.0,0.01,25.0,5.3333,1,4,90.0,2.1,3.75,0.11,0.0,7,0.13,2.1,1.5,0.0,0.018,1,0.01
2,0.0,0.0,8.0,3.3333,0,3,90.0,0.8,1.2,1.4,0.0,1,0.13,0.8,1.5,0.0,0.018,1,0.0
2,0.0,0.01,14.0,3.0,1,4,90.0,1.9,2.1,1.18,0.0,1,0.086,1.9,1.5,0.0,0.008,0,0.01
2,0.0,0.0,14.0,0.6667,0,2,90.0,2.9,2.1,2.35,0.0,0,0.0,2.9,1.5,0.0,0.004,1,0.0
2,0.0,0.01,26.0,2.6667,0,3,90.0,3.0,3.9,0.54,0.0,7,0.0,3.0,1.5,0.0,0.006,0,0.01
2,0.0,0.01,17.0,2.6667,0,4,90.0,2.5,2.55,3.98,0.0,1,0.0,2.5,1.5,0.0,0.006,0,0.01
2,0.0,0.01,10.0,3.0,1,4,90.0,1.3,1.5,1.44,0.0,1,0.0,1.3,1.5,0.0,0.008,1,0.01
2,0.0,0.0,18.0,1.0,0,2,90.0,2.4,2.7,0.99,0.0,1,0.0,2.4,1.5,0.0,0.006,0,0.0
2,0.0,0.0108,7.5904,1.0,1,4,83.0,1.7,1.1386,1.2361,0.0,1,0.0,1.8434,1.5,0.0,0.0108,0,0.01
2,13.5,49.5,1350.0,2.5,0,2,42.0,3.5,202.5,1.8,0.0,4,0.1607,315.0,1.5,0.15,0.6,0,0.55
2,2.1,0.9,30.0,2.0,1,2,31.0,4.4,4.5,0.0,0.0,1,0.3484,44.0,1.5,0.21,0.629,0,0.09
2,0.1552,2.0793,31.0345,1.6667,1,3,30.5,1.1,4.6552,2.9172,0.0,0,0.3025,3.4138,1.5,0.05,0.9738,1,0.67
2,0.0716,0.1943,10.2273,1.0,0,2,42.0,2.7,1.5341,0.225,0.0,2,0.2057,2.7614,1.5,0.07,0.6471,0,0.19
2,0.0,0.06,15.0,1.0,0,3,43.4,3.4,2.25,1.43,0.0,1,0.1991,3.4,1.5,0.0,0.647,0,0.06
2,0.216,0.132,22.8,2.6667,1,3,58.2,4.3,3.42,1.368,0.0,5,0.1577,5.16,1.5,0.18,0.3464,0,0.11
2,0.0,0.13,27.0,4.3333,0,3,74.4,4.5,4.05,2.03,0.0,7,0.0726,4.5,1.5,0.0,0.2806,0,0.13
2,0.0,0.0115,5.7692,4.0,1,2,84.2,1.1,0.8654,2.1462,0.0,0,0.0534,1.2692,1.5,0.0,0.1069,0,0.01
2,0.0,0.03,3.0,2.3333,0,2,84.6,4.1,0.45,1.53,0.0,0,0.0383,4.1,1.5,0.0,0.0723,1,0.03
2,0.08,0.0,3.0,0.3333,1,2,84.6,1.5,0.45,1.52,0.0,1,0.0553,1.5,1.5,0.08,0.0596,1,0.0
2,0.0,0.0,270.0,0.6667,1,3,69.8,0.6,40.5,0.0,0.0,1,0.0206,54.0,1.5,0.0,0.0438,0,0.0
2,0.0,0.0,15.0,1.0,0,2,54.2,0.4,2.25,0.225,0.0,1,0.0266,3.0,1.5,0.0,0.0133,1,0.0
2,0.0,0.0,24.5455,1.0,1,3,40.8,0.3,3.6818,1.4727,0.0,1,0.0353,2.4545,1.5,0.0,0.0132,0,0.0
2,0.0,0.0,72.0,1.0,0,2,23.8,0.2,10.8,0.9,0.0,1,0.0605,3.6,1.5,0.0,0.0,0,0.0
2,0.0,0.01,10.0,0.6667,1,3,23.8,2.5,1.5,2.82,0.0,0,0.0,2.5,1.5,0.0,0.0076,1,0.01
2,0.0,0.03,7.0,1.0,0,4,41.6,3.2,1.05,2.46,0.0,2,0.0,3.2,1.5,0.0,0.0173,0,0.03
2,0.0,0.08,17.0,0.6667,0,3,57.2,4.2,2.55,1.51,0.0,0,0.0,4.2,1.5,0.0,0.0378,0,0.08
2,0.0,0.0,8.0,1.0,1,3,73.0,1.2,1.2,1.81,0.0,1,0.0,1.2,1.5,0.0,0.0296,0,0.0
2,0.0,0.42,13.0,0.6667,0,4,90.0,3.4,1.95,1.32,0.0,1,0.0,3.4,1.5,0.0,0.108,0,0.42
2,0.04,0.03,22.0,3.0,0,2,90.0,7.8,3.3,2.66,0.0,7,0.008,7.8,1.5,0.04,0.112,0,0.03
2,0.28,0.11,27.0,5.6667,1,2,90.0,11.6,4.05,0.5,0.0,9,0.064,11.6,1.5,0.28,0.128,1,0.11
2,0.0,0.01,25.0,7.3333,1,3,90.0,2.7,3.75,1.11,0.0,6,0.064,2.7,1.5,0.0,0.114,0,0.01
2,0.0,0.02,7.0,5.3333,0,3,90.0,2.1,1.05,1.52,0.0,1,0.064,2.1,1.5,0.0,0.118,0,0.02
2,0.192,0.012,22.8,4.3333,0,3,87.0,3.8,3.42,0.348,0.0,6,0.0993,4.56,1.5,0.16,0.0372,0,0.01
2,0.0,0.0217,14.0964,3.0,0,3,85.6,1.0,2.1145,0.8024,0.0,2,0.0925,1.0843,1.5,0.0,0.0357,0,0.02
2,0.0,0.02,10.0,3.0,1,2,76.6,1.4,1.5,0.44,0.0,1,0.0376,2.8,1.5,0.0,0.0164,0,0.01
2,0.0,0.118,30.9836,3.0,0,2,70.8,1.0,4.6475,0.5311,0.0,6,0.0407,1.4754,1.5,0.0,0.0356,0,0.08
3,0.0,0.05,15.0,1.0,1,2,18.0,0.2,1.5,1.2,0.0,1,0.0,1.0,1.5,0.0,0.05,0,0.01
3,0.0,0.0,5.0,1.0,1,4,18.0,0.3,0.5,2.65,0.0,1,0.0,1.5,1.5,0.0,0.025,0,0.0
3,3.15,1.08,121.5,2.6667,1,2,18.6667,9.0,12.15,0.855,0.0,6,1.125,40.5,1.5,0.7,0.4018,0,0.24
3,0.0,0.0132,13.2353,3.0,0,2,31.0,1.1,1.3235,1.7471,0.0,2,0.5081,1.4559,1.5,0.0,0.1887,0,0.01
3,0.0,0.0141,22.5,3.3333,0,3,37.6,2.0,2.25,0.8578,0.0,2,0.3351,2.8125,1.5,0.0,0.1293,1,0.01
3,0.0,0.0,22.5,1.6667,1,4,37.2,0.5,2.25,1.1812,0.0,1,0.3387,2.8125,1.5,0.0,0.1258,1,0.0
3,8.55,0.45,135.0,1.3333,0,2,34.0,2.3,13.5,1.35,0.0,1,0.4712,103.5,1.5,0.19,0.1429,0,0.01
3,0.0,0.0,270.0,1.0,1,2,30.2,0.0,27.0,0.0,0.0,1,0.1132,0.0,1.5,0.0,0.0179,0,0.0
3,0.0,0.0,36.0,1.0,0,4,17.6,0.0,3.6,0.9,0.0,1,0.1943,0.0,1.5,0.0,0.0205,0,0.0
3,0.0,0.72,126.0,1.6667,0,3,6.8,5.2,12.6,0.27,0.0,3,0.5029,46.8,1.5,0.0,0.2382,1,0.08
2,0.0,0.01,16.0,1.0,1,3,90.0,2.6,2.4,1.26,0.0,1,0.0,2.6,1.5,0.0,0.01,0,0.01
2,0.08,0.2,29.0,3.5,0,3,90.0,2.8,4.35,0.46,0.0,6,0.04,2.8,1.5,0.08,0.105,0,0.2
2,0.05,0.07,12.0,3.0,1,2,90.0,1.8,1.8,0.8,0.0,2,0.0433,1.8,1.5,0.05,0.0933,0,0.07
2,0.0,1.7,170.0,4.0,1,4,69.75,3.6,25.5,0.0,0.0,4,0.0419,36.0,1.5,0.0,0.1452,1,0.17
2,0.0,0.02,13.0,2.3333,0,3,73.8,2.1,1.95,1.43,0.0,1,0.0317,2.1,1.5,0.0,0.1146,0,0.02
2,0.0,0.01,15.0,2.0,1,3,73.8,3.7,2.25,1.84,0.0,1,0.0317,3.7,1.5,0.0,0.1146,0,0.01
2,0.0,0.02,12.0,1.3333,0,3,73.8,1.8,1.8,0.47,0.0,2,0.0122,1.8,1.5,0.0,0.0707,1,0.02
2,0.17,0.0,8.0,1.0,0,3,73.8,2.6,1.2,1.43,0.0,0,0.0415,2.6,1.5,0.17,0.0537,0,0.0
2,0.0,0.0,24.0,2.6667,1,3,90.0,2.4,3.6,1.14,0.0,6,0.034,2.4,1.5,0.0,0.01,0,0.0
2,0.0,0.0,26.0,4.0,0,3,90.0,3.0,3.9,2.03,0.0,6,0.034,3.0,1.5,0.0,0.006,0,0.0
2,0.15,0.0,33.0,7.3333,1,3,90.0,11.0,4.95,2.09,0.0,10,0.064,11.0,1.5,0.15,0.004,0,0.0
2,0.1,0.05,14.0,5.6667,0,3,90.0,4.6,2.1,1.53,0.0,1,0.084,4.6,1.5,0.1,0.01,1,0.05
2,0.0,0.0,12.8571,3.6667,1,3,74.8,0.2,1.9286,3.5357,0.0,0,0.0602,1.2857,1.5,0.0,0.012,0,0.0
2,0.54,0.02,2.0,0.3333,1,3,74.8,2.7,0.3,2.1,0.0,0,0.1901,2.7,1.5,0.54,0.0168,0,0.02
2,0.03,0.01,17.0,0.3333,0,3,74.8,2.9,2.55,1.08,0.0,1,0.1973,2.9,1.5,0.03,0.0193,0,0.01
2,0.0,0.01,12.0,0.6667,1,3,74.8,1.7,1.8,1.09,0.0,1,0.1612,1.7,1.5,0.0,0.0217,1,0.01
2,0.0,0.0,11.6883,1.0,0,3,72.2,1.5,1.7532,3.3078,0.0,1,0.1421,1.7532,1.5,0.0,0.01,0,0.0
2,0.0,0.0,10.0,1.0,1,4,87.4,3.2,1.5,2.15,0.0,1,0.1174,3.2,1.5,0.0,0.0082,0,0.0
2,0.0,0.06,31.0,3.3333,0,2,87.4,6.2,4.65,1.13,0.0,8,0.0062,6.2,1.5,0.0,0.0165,0,0.06
2,0.04,0.01,7.0,3.0,1,4,87.4,1.5,1.05,2.82,0.0,0,0.0082,1.5,1.5,0.04,0.0165,0,0.01
2,0.0,0.0931,15.5172,2.6667,0,4,75.2,2.4,2.3276,1.1793,0.0,0,0.0096,7.4483,1.5,0.0,0.0239,1,0.03
2,0.0,0.0,10.0,0.3333,1,2,77.8,2.5,1.5,1.81,0.0,1,0.0093,2.5,1.5,0.0,0.0231,0,0.0
2,0.41,0.01,5.0,0.3333,0,3,77.8,3.2,0.75,1.32,0.0,0,0.1041,3.2,1.5,0.41,0.0254,0,0.01
2,0.02,0.04,13.0,0.6667,0,3,77.8,3.9,1.95,2.66,0.0,1,0.1087,3.9,1.5,0.02,0.0208,0,0.04
2,0.0,0.1,9.0,1.0,1,3,77.8,4.3,1.35,0.5,0.0,2,0.0995,4.3,1.5,0.0,0.0416,0,0.1
2,0.0,0.02,31.0,3.6667,1,3,90.0,2.5,4.65,1.11,0.0,8,0.086,2.5,1.5,0.0,0.034,1,0.02
2,0.0,0.01,12.0,3.6667,0,3,90.0,1.9,1.8,1.52,0.0,1,0.086,1.9,1.5,0.0,0.036,0,0.01
2,0.0,0.01,23.0,5.0,1,2,90.0,2.0,3.45,0.84,0.0,6,0.004,2.0,1.5,0.0,0.036,1,0.01
2,0.0,0.02,18.0,3.0,0,2,90.0,2.3,2.7,0.59,0.0,2,0.0,2.3,1.5,0.0,0.032,0,0.02
2,0.0,0.03,17.0,3.3333,0,2,90.0,4.1,2.55,0.77,0.0,2,0.0,4.1,1.5,0.0,0.018,0,0.03
2,0.0,0.01,28.0,3.6667,1,2,90.0,4.4,4.2,1.19,0.0,7,0.0,4.4,1.5,0.0,0.016,0,0.01
2,0.0,0.01,8.0,3.6667,0,3,90.0,3.3,1.2,0.69,0.0,2,0.0,3.3,1.5,0.0,0.016,0,0.01
3,0.1537,0.022,8.7805,1.0,1,2,41.0,2.8,0.878,1.2512,0.0,1,0.1537,6.1463,1.5,0.07,0.022,1,0.01
3,0.0,0.0,0.0,1.0,0,3,26.0,0.3,0.0,0.7364,0.0,1,0.1212,2.4545,1.5,0.0,0.0173,0,0.0
3,0.0,0.0429,21.4286,1.0,0,4,24.3333,1.4,2.1429,0.8571,0.0,1,0.0863,6.0,1.5,0.0,0.0247,1,0.01
3,0.0,0.036,3.6,1.0,0,4,24.5,0.7,0.36,0.972,0.0,1,0.0643,2.52,1.5,0.0,0.0276,0,0.01
3,0.2821,0.1343,9.403,1.6667,1,3,33.0,5.3,0.9403,1.1418,0.0,3,0.1527,7.1194,1.5,0.21,0.0709,0,0.1
3,0.3,0.18,14.0,1.6667,1,4,33.8,3.4,1.4,0.64,0.0,1,0.1917,6.8,1.5,0.15,0.1118,0,0.09
3,0.0,0.1957,15.6522,1.6667,0,2,36.2,1.8,1.5652,0.6652,0.0,1,0.179,7.0435,1.5,0.0,0.1293,0,0.05
3,0.0,0.0123,19.726,2.3333,1,3,46.6,0.7,1.9726,1.0849,0.0,5,0.1391,0.863,1.5,0.0,0.1004,0,0.01
3,0.0,0.0,180.0,2.3333,0,2,42.0,0.3,18.0,1.35,0.0,1,0.1543,13.5,1.5,0.0,0.1071,0,0.0
3,0.0,0.2769,41.5385,2.3333,1,2,31.2,1.8,4.1538,1.2462,0.0,1,0.0865,12.4615,1.5,0.0,0.1096,1,0.04
3,0.0,0.7875,50.625,1.0,1,2,25.4,2.3,5.0625,4.1625,0.0,1,0.0,12.9375,1.5,0.0,0.1701,0,0.14
3,0.0,0.0,270.0,1.0,0,3,21.0,0.1,27.0,18.0,0.0,1,0.0,9.0,1.5,0.0,0.1629,0,0.0
3,0.2077,0.3462,96.9231,2.0,0,4,9.0,6.4,9.6923,0.1385,0.0,4,0.06,44.3077,1.5,0.03,0.46,1,0.05
3,0.0,0.0,180.0,2.0,0,3,8.8,0.0,18.0,4.5,0.0,1,0.0614,0.0,1.5,0.0,0.4705,0,0.0
3,0.0,0.0947,14.2105,2.0,1,3,10.0,0.6,1.4211,1.1368,0.0,1,0.054,2.8421,1.5,0.0,0.378,0,0.02
3,0.0,0.0346,20.7692,1.0,1,2,12.0,0.9,2.0769,2.25,0.0,1,0.045,3.1154,1.5,0.0,0.12,0,0.01
3,0.1575,0.0112,15.75,2.0,0,3,27.8,3.8,1.575,1.3275,0.0,4,0.1101,4.275,1.5,0.14,0.0583,0,0.01
3,0.0462,0.0115,18.4615,3.6667,1,4,40.8,1.5,1.8462,0.8423,0.0,6,0.0794,1.7308,1.5,0.04,0.0221,0,0.01
3,0.1157,0.2571,11.5714,4.0,0,3,54.6,4.8,1.1571,0.3471,0.0,2,0.089,6.1714,1.5,0.09,0.0824,1,0.2
3,0.1174,0.2348,11.7391,3.0,0,3,55.4,2.4,1.1739,0.1565,0.0,1,0.0975,9.3913,1.5,0.03,0.0942,0,0.06
3,0.0,0.0444,11.1111,2.0,1,4,66.4,1.5,1.1111,1.2778,0.0,3,0.0813,1.6667,1.5,0.0,0.0867,0,0.04
3,0.0,0.0608,10.9459,2.3333,0,3,65.2,1.4,1.0946,0.6932,0.0,3,0.0442,1.7027,1.5,0.0,0.0994,0,0.05
3,0.0,0.0692,10.3846,2.3333,1,3,54.8,0.5,1.0385,2.4577,0.0,1,0.0394,1.7308,1.5,0.0,0.1215,0,0.02
3,0.0,0.0,30.0,1.0,0,3,9.0,0.1,3.0,0.7,0.0,1,0.0,1.0,1.5,0.0,0.0,0,0.0
3,0.0,0.0,90.0,1.0,1,3,5.0,0.8,9.0,0.0,0.0,1,0.0,72.0,1.5,0.0,0.0,0,0.0
3,0.0,1.725,15.0,1.0,0,3,7.3333,2.7,1.5,0.225,0.0,1,0.0,20.25,1.5,0.0,0.9409,0,0.23
1,0.0,0.0,17.0,2.0,1,2,90.0,0.0,0.0,1.26,4.0,2,0.0,0.0,1.5,0.0,0.0,0,0.0
1,0.0,0.0,28.0,4.0,0,2,90.0,1.9,0.0,0.46,2.0,6,0.0,1.9,1.5,0.0,0.0,0,0.0
1,0.0,0.0,22.0,4.0,1,3,90.0,3.2,0.0,0.8,4.0,4,0.0,3.2,1.5,0.0,0.0,0,0.0
1,0.0,0.0,17.0,4.0,1,3,90.0,3.1,0.0,2.02,3.0,2,0.0,3.1,1.5,0.0,0.0,0,0.0
1,0.0,0.0,6.0,2.3333,0,3,90.0,0.7,0.0,1.43,1.0,1,0.0,0.7,1.5,0.0,0.0,0,0.0
1,0.0,0.0,18.0,1.6667,1,4,90.0,2.3,0.0,1.84,3.0,2,0.0,2.3,1.5,0.0,0.0,0,0.0
1,0.0,0.0,13.0,1.6667,0,2,90.0,0.6,0.0,0.47,0.0,2,0.0,0.6,1.5,0.0,0.0,0,0.0
1,0.0,0.0,24.0,3.3333,1,2,90.0,1.0,0.0,1.14,1.0,6,0.0,1.0,1.5,0.0,0.0,0,0.0
1,0.0,0.06,24.0,4.6667,0,3,90.0,1.7,0.0,2.03,2.0,6,0.0,1.7,1.5,0.0,0.012,1,0.06
1,0.0,0.0,6.0,4.0,1,4,81.0,0.2,0.0,3.68,0.0,0,0.0,0.4,1.5,0.0,0.0133,0,0.0
1,0.0,0.0,27.0,3.0,0,2,81.0,4.5,0.0,1.53,8.0,3,0.0,4.5,1.5,0.0,0.0133,0,0.0
1,0.0,0.0,13.0,2.0,1,3,81.0,2.7,0.0,1.52,3.0,3,0.0,2.7,1.5,0.0,0.0133,1,0.0
1,0.0,0.0,7.0,2.6667,1,3,81.0,0.5,0.0,0.23,0.0,2,0.0,0.5,1.5,0.0,0.0133,1,0.0
1,0.0,0.0,18.0,2.3333,0,3,81.0,3.8,0.0,1.52,5.0,2,0.0,3.8,1.5,0.0,0.0,0,0.0
1,0.0,0.0,18.0,2.3333,0,3,90.0,2.2,0.0,0.89,3.0,3,0.0,2.2,1.5,0.0,0.0,0,0.0
1,0.0,0.0,14.0,2.3333,1,2,90.0,2.0,0.0,1.42,3.0,2,0.0,2.0,1.5,0.0,0.0,0,0.0
1,0.0,0.0,15.0,1.6667,1,4,90.0,1.4,0.0,2.1,1.0,0,0.0,1.4,1.5,0.0,0.0,1,0.0
1,0.0,0.0,19.0,1.3333,0,3,90.0,2.6,0.0,1.08,3.0,2,0.0,2.6,1.5,0.0,0.0,0,0.0
1,0.0,0.0,14.0,1.0,1,4,90.0,1.0,0.0,1.09,1.0,1,0.0,1.0,1.5,0.0,0.0,0,0.0
1,0.0,0.0,12.0,1.3333,0,2,90.0,1.5,0.0,2.86,2.0,1,0.0,1.5,1.5,0.0,0.0,0,0.0
1,0.0,0.01,45.0,4.0,1,2,90.0,9.4,0.0,2.15,12.0,10,0.0,9.4,1.5,0.0,0.002,1,0.01
1,0.0,0.0,29.0,6.0,0,3,90.0,3.8,0.0,1.13,5.0,7,0.0,3.8,1.5,0.0,0.002,0,0.0
1,0.0,0.0,16.0,6.0,1,3,90.0,3.2,0.0,2.82,4.0,1,0.0,3.2,1.5,0.0,0.002,0,0.0
1,0.0,0.01,25.0,4.3333,0,2,90.0,6.6,0.0,2.46,9.0,5,0.0,6.6,1.5,0.0,0.004,0,0.01
1,0.0,0.0,13.0,2.0,0,4,90.0,1.3,0.0,1.51,2.0,0,0.0,1.3,1.5,0.0,0.004,0,0.0
1,0.0,0.01,16.0,2.3333,1,3,90.0,2.3,0.0,1.81,3.0,2,0.0,2.3,1.5,0.0,0.004,1,0.01
1,0.0,0.0,19.0,1.3333,0,2,90.0,3.0,0.0,1.32,4.0,2,0.0,3.0,1.5,0.0,0.004,0,0.0
1,0.0,0.01,20.0,2.0,0,3,90.0,3.9,0.0,2.66,4.0,2,0.0,3.9,1.5,0.0,0.006,1,0.01
1,0.0,0.03,18.0,2.3333,1,2,90.0,3.6,0.0,0.5,4.0,3,0.0,3.6,1.5,0.0,0.01,0,0.03
1,0.0,0.01,34.0,5.3333,1,3,90.0,5.3,0.0,1.11,6.0,11,0.0,5.3,1.5,0.0,0.012,0,0.01
1,0.0,0.0,8.0,5.0,0,3,90.0,0.0,0.0,1.52,0.0,1,0.0,0.0,1.5,0.0,0.01,0,0.0
1,0.0,0.0,25.0,6.3333,1,3,90.0,2.1,0.0,0.84,2.0,7,0.0,2.1,1.5,0.0,0.01,0,0.0
1,0.0,0.0,12.0,3.3333,0,3,90.0,2.0,0.0,0.59,2.0,2,0.0,2.0,1.5,0.0,0.008,1,0.0
1,0.0,0.0,13.0,3.6667,0,4,90.0,0.8,0.0,0.77,0.0,2,0.0,0.8,1.5,0.0,0.002,0,0.0
1,0.0,0.0,31.0,4.6667,1,3,90.0,3.1,0.0,1.19,3.0,10,0.0,3.1,1.5,0.0,0.0,0,0.0
1,0.0,0.0,16.0,5.0,0,4,90.0,3.3,0.0,0.69,3.0,3,0.0,3.3,1.5,0.0,0.0,0,0.0
1,0.0,0.0,16.0,4.6667,1,3,90.0,2.1,0.0,3.41,3.0,1,0.0,2.1,1.5,0.0,0.0,1,0.0
2,0.0,0.74,20.0,4.0,1,3,90.0,7.6,3.0,1.26,0.0,4,0.0,7.6,1.5,0.0,0.74,0,0.74
2,0.0,0.09,18.0,4.5,0,3,90.0,1.1,2.7,0.46,0.0,5,0.0,1.1,1.5,0.0,0.415,0,0.09
2,0.05,0.04,14.0,3.6667,1,3,90.0,4.7,2.1,0.8,0.0,2,0.0167,4.7,1.5,0.05,0.29,0,0.04
2,0.02,0.02,15.0,2.6667,1,3,90.0,1.9,2.25,2.02,0.0,1,0.0175,1.9,1.5,0.02,0.2225,0,0.02
2,0.0,0.022,15.3659,1.3333,0,4,80.2,0.4,2.3049,1.2732,0.0,1,0.0157,0.878,1.5,0.0,0.202,0,0.01
2,0.038,0.1014,8.8732,0.0,1,3,71.0,2.6,1.331,1.293,0.0,0,0.038,3.2958,1.5,0.03,0.1014,0,0.08
2,0.0,0.0117,17.5325,2.5,0,3,74.0,0.2,2.6299,0.4208,0.0,5,0.0182,0.2338,1.5,0.0,0.0547,0,0.01
2,0.0,0.01,13.0,2.3333,1,2,79.3333,1.8,1.95,0.8,0.0,2,0.0113,1.8,1.5,0.0,0.0378,1,0.01
2,0.0444,0.0222,21.1111,2.6667,1,3,79.75,1.8,3.1667,2.2444,0.0,1,0.0197,2.0,1.5,0.04,0.0339,1,0.02
2,0.0444,0.0,6.6667,1.3333,0,2,80.0,3.2,1.0,1.5889,0.0,1,0.0248,3.5556,1.5,0.04,0.027,1,0.0
2,0.0625,0.0,7.5,1.0,1,3,80.2,0.6,1.125,2.2625,0.0,1,0.0292,0.75,1.5,0.05,0.009,0,0.0
2,0.0,0.0132,0.0,1.0,0,3,78.4,0.7,0.0,0.2912,0.0,1,0.0298,0.9265,1.5,0.0,0.0092,1,0.01
2,0.04,0.0,0.0,0.6667,0,4,78.4,0.0,0.0,1.43,0.0,0,0.039,0.0,1.5,0.04,0.0069,0,0.0
2,0.0,0.0,22.7711,2.3333,0,4,78.8,2.0,3.4157,1.2036,0.0,6,0.0297,2.1687,1.5,0.0,0.0023,0,0.0
3,0.02,0.01,6.0,2.0,1,3,90.0,4.3,0.6,1.26,0.0,2,0.02,4.3,1.5,0.02,0.01,0,0.01
3,0.0,0.15,11.0,2.5,0,4,90.0,2.6,1.1,0.46,0.0,3,0.01,2.6,1.5,0.0,0.08,0,0.15
3,0.04,0.02,4.0,2.3333,1,3,90.0,1.3,0.4,0.8,0.0,2,0.02,1.3,1.5,0.04,0.06,0,0.02
3,0.2957,0.0,11.5714,2.3333,1,2,85.0,2.9,1.1571,1.2857,0.0,2,0.0768,3.7286,1.5,0.23,0.0476,0,0.0
3,0.0,0.0254,19.0141,2.0,0,3,82.2,3.5,1.9014,1.8127,0.0,2,0.0635,4.4366,1.5,0.0,0.0438,0,0.02
3,0.0295,0.0443,30.9836,3.0,1,4,76.4,3.5,3.0984,1.3426,0.0,5,0.0683,5.1639,1.5,0.02,0.0518,1,0.03
3,0.0307,0.1739,14.3182,3.0,0,3,76.0,3.5,1.4318,0.225,0.0,2,0.0758,3.5795,1.5,0.03,0.0568,0,0.17
3,0.0,0.0261,6.5217,3.0,0,3,71.8,3.2,0.6522,0.6783,0.0,2,0.0702,4.1739,1.5,0.0,0.0602,1,0.02
3,0.0,0.2,8.0,2.0,1,3,75.8,4.4,0.8,1.14,0.0,2,0.0119,4.4,1.5,0.0,0.1045,0,0.2
3,0.312,0.012,6.0,2.3333,0,3,76.6,3.0,0.6,1.332,0.0,3,0.0728,3.6,1.5,0.26,0.101,1,0.01
3,0.01,0.08,14.0,2.3333,1,3,82.4,5.3,1.4,2.07,0.0,2,0.0655,5.3,1.5,0.01,0.1049,0,0.08
3,0.0,0.02,12.0,2.0,0,3,73.8,2.0,1.2,2.5,0.0,1,0.0659,4.0,1.5,0.0,0.078,0,0.01
3,0.0,0.17,15.0,1.6667,1,2,78.0,3.5,1.5,1.52,0.0,2,0.0623,3.5,1.5,0.0,0.1085,0,0.17
3,0.0,0.36,19.0,1.6667,1,4,78.0,9.2,1.9,0.23,0.0,2,0.0623,9.2,1.5,0.0,0.1454,0,0.36
3,0.0,0.06,27.0,3.3333,0,3,81.0,4.4,2.7,1.52,0.0,6,0.0022,4.4,1.5,0.0,0.1511,0,0.06
3,0.0,0.21,15.0,3.3333,0,3,81.0,5.1,1.5,0.89,0.0,2,0.0,5.1,1.5,0.0,0.18,0,0.21
3,0.0,0.0103,4.1379,3.0,1,3,89.4,0.5,0.4138,1.4379,0.0,1,0.0,0.5172,1.5,0.0,0.1631,0,0.01
3,0.51,0.22,12.0,1.6667,1,2,89.4,10.7,1.2,2.1,0.0,2,0.1027,10.7,1.5,0.51,0.1732,0,0.22
3,0.0,0.3987,20.5063,1.6667,0,2,87.2,3.3,2.0506,1.1165,0.0,2,0.1053,3.7595,1.5,0.0,0.1755,1,0.35
3,0.05,0.01,16.0,2.0,1,2,87.2,3.4,1.6,1.09,0.0,2,0.1156,3.4,1.5,0.05,0.1651,0,0.01
3,0.0,0.0103,6.2069,2.0,0,4,86.6,1.6,0.6207,2.9276,0.0,2,0.1164,1.6552,1.5,0.0,0.1247,1,0.01
3,0.0,0.012,14.4,2.0,1,3,84.2,0.9,1.44,2.364,0.0,2,0.1197,1.08,1.5,0.0,0.1283,0,0.01
3,0.0,0.1393,18.2143,3.0,0,3,83.0,4.3,1.8214,1.1679,0.0,5,0.0108,4.6071,1.5,0.0,0.1106,0,0.13
3,0.04,0.01,10.0,3.0,1,2,85.2,1.3,1.0,2.82,0.0,2,0.019,1.3,1.5,0.04,0.0359,0,0.01
3,0.0,0.0237,10.6579,3.0,0,3,82.4,1.2,1.0658,2.5816,0.0,2,0.0087,1.4211,1.5,0.0,0.0393,0,0.02
3,0.0,0.1588,21.1765,1.6667,0,3,68.4,1.1,2.1176,0.2118,0.0,1,0.0105,5.8235,1.5,0.0,0.0526,0,0.03
3,0.1256,0.0105,1.0465,1.3333,1,3,70.6,1.5,0.1047,1.8,0.0,1,0.0408,1.5698,1.5,0.12,0.051,0,0.01
3,0.0404,0.0607,6.0674,1.3333,0,3,71.6,4.6,0.6067,1.2944,0.0,2,0.0503,4.6517,1.5,0.04,0.0327,0,0.06
3,0.0,0.0342,3.4177,1.3333,0,2,69.4,1.7,0.3418,2.9962,0.0,1,0.0415,1.9367,1.5,0.0,0.0389,1,0.03
3,0.13,0.16,19.0,1.6667,1,2,72.2,9.1,1.9,0.5,0.0,2,0.0723,9.1,1.5,0.13,0.0723,0,0.16
3,0.0,0.06,17.0,1.6667,1,4,86.8,2.7,1.7,1.11,0.0,2,0.0601,2.7,1.5,0.0,0.0664,1,0.06
3,0.0,0.01,12.0,2.0,0,4,87.6,1.5,1.2,1.52,0.0,2,0.0349,1.5,1.5,0.0,0.0658,1,0.01
3,0.04,0.01,10.0,2.0,1,2,87.8,3.5,1.0,0.84,0.0,2,0.0349,3.5,1.5,0.04,0.0554,0,0.01
3,0.03,0.43,23.0,3.0,0,3,90.0,6.3,2.3,0.59,0.0,5,0.04,6.3,1.5,0.03,0.134,0,0.43
3,0.0,0.15,16.3636,3.0,0,2,85.2,2.2,1.6364,1.0091,0.0,2,0.0148,3.0,1.5,0.0,0.131,0,0.11
3,0.0,0.1385,18.0,3.3333,1,3,80.2,2.5,1.8,0.8862,0.0,3,0.0157,3.4615,1.5,0.0,0.1481,0,0.1
3,0.0,0.0988,17.561,2.6667,0,3,78.6,2.3,1.7561,0.6256,0.0,3,0.016,2.5244,1.5,0.0,0.1695,1,0.09
3,0.3082,0.0616,39.4521,4.3333,1,2,75.2,7.4,3.9452,3.3164,0.0,7,0.067,9.1233,1.5,0.25,0.1867,1,0.05
3,0.0,0.0562,16.875,4.0,1,3,48.0,0.8,1.6875,1.2938,0.0,4,0.0,1.5,1.5,0.0,0.0562,0,0.03
3,0.07,0.68,25.0,3.5,0,3,69.0,11.1,2.5,0.46,0.0,3,0.0457,11.1,1.5,0.07,0.463,0,0.68
3,0.0,0.0887,17.7465,3.3333,1,2,69.6667,3.5,1.7746,0.8113,0.0,3,0.0301,4.4366,1.5,0.0,0.3359,0,0.07
3,0.0338,0.4162,30.375,5.0,1,2,72.25,9.0,3.0375,2.2725,0.0,9,0.0311,10.125,1.5,0.03,0.3581,0,0.37
3,0.0,0.22,15.0,4.6667,0,3,75.8,6.4,1.5,1.43,0.0,2,0.0237,6.4,1.5,0.0,0.3253,1,0.22
3,0.12,0.01,29.0,6.6667,1,2,84.2,6.2,2.9,1.84,0.0,9,0.047,6.2,1.5,0.12,0.2886,0,0.01
3,0.0,0.3176,27.7941,5.6667,0,2,79.8,5.3,2.7794,0.2912,0.0,6,0.0338,7.0147,1.5,0.0,0.2053,0,0.24
3,0.1317,0.0329,29.6341,8.3333,0,3,82.0,8.8,2.9634,0.7134,0.0,10,0.0593,9.6585,1.5,0.12,0.191,0,0.03
3,0.108,0.36,10.8,6.0,1,2,81.0,4.5,1.08,1.368,0.0,2,0.0733,5.4,1.5,0.09,0.1778,0,0.3
3,0.0,0.0,7.1429,5.0,0,3,75.6,0.5,0.7143,1.5857,0.0,3,0.0786,0.7143,1.5,0.0,0.1381,1,0.0
3,0.0,0.2455,29.2208,3.3333,1,2,73.0,5.9,2.9221,2.174,0.0,5,0.0518,6.8961,1.5,0.0,0.1923,0,0.21
3,0.0761,0.038,13.9437,3.3333,0,4,73.6,2.9,1.3944,1.8127,0.0,2,0.066,3.6761,1.5,0.06,0.1394,0,0.03
3,0.0783,0.0783,15.6522,2.6667,1,2,61.8,1.0,1.5652,1.2522,0.0,1,0.0495,3.913,1.5,0.02,0.1631,0,0.02
3,0.0,0.2758,13.0645,1.6667,0,3,59.2,2.5,1.3065,1.2774,0.0,2,0.0243,3.629,1.5,0.0,0.1368,0,0.19
3,0.03,0.39,24.0,2.6667,1,3,64.6,8.1,2.4,1.09,0.0,5,0.0307,8.1,1.5,0.03,0.2341,0,0.39
3,0.0,0.3536,25.7143,2.6667,0,2,60.4,5.4,2.5714,3.9857,0.0,1,0.0328,8.6786,1.5,0.0,0.2533,0,0.22
3,0.0,0.1895,8.2895,2.6667,1,3,61.4,3.0,0.8289,2.3329,0.0,2,0.0147,3.5526,1.5,0.0,0.2873,0,0.16
3,0.0265,0.0265,1.3235,1.6667,0,4,70.4,0.1,0.1324,1.35,0.0,2,0.0128,0.1324,1.5,0.02,0.2506,1,0.02
3,0.0123,0.111,8.6301,2.0,1,3,72.6,3.1,0.863,2.5644,0.0,2,0.0149,3.8219,1.5,0.01,0.2182,0,0.09
3,0.0,0.0,20.7692,1.6667,0,3,57.2,0.0,2.0769,1.9385,0.0,1,0.0094,0.0,1.5,0.0,0.1542,1,0.0
3,0.0237,0.0237,20.1316,1.6667,0,4,61.2,1.7,2.0132,1.7645,0.0,2,0.0147,2.0132,1.5,0.02,0.0853,0,0.02
3,0.0,0.0,41.5385,1.3333,1,2,48.6,0.5,4.1538,2.5615,0.0,1,0.0185,3.4615,1.5,0.0,0.0481,0,0.0
3,0.0,0.0482,9.6429,1.3333,0,4,46.2,2.4,0.9643,1.575,0.0,1,0.0117,3.8571,1.5,0.0,0.0545,1,0.03
3,0.0,0.2278,11.3924,1.3333,0,4,47.4,5.9,1.1392,2.9962,0.0,2,0.0076,6.7215,1.5,0.0,0.0949,0,0.2
3,0.0,0.45,28.0,2.3333,1,2,62.8,12.5,2.8,0.5,0.0,4,0.0057,12.5,1.5,0.0,0.2006,0,0.45
3,0.0,0.0953,11.6471,3.0,1,3,64.6,1.6,1.1647,0.6353,0.0,3,0.0,1.6941,1.5,0.0,0.2146,0,0.09
3,0.0,0.0529,5.2941,3.0,0,3,79.0,0.7,0.5294,1.3341,0.0,2,0.0,0.7412,1.5,0.0,0.1868,0,0.05
3,0.02,0.14,12.0,2.6667,1,3,85.8,4.8,1.2,0.84,0.0,3,0.0042,4.8,1.5,0.02,0.1951,0,0.14
3,0.0,0.3889,12.2222,2.6667,0,3,86.2,3.9,1.2222,0.3222,0.0,3,0.0042,4.3333,1.5,0.0,0.2255,0,0.35
3,0.1,0.12,21.0,2.6667,0,3,86.2,6.7,2.1,0.77,0.0,2,0.0251,6.7,1.5,0.1,0.1566,0,0.12
3,0.0,0.4333,6.6667,1.6667,0,3,74.6,0.7,0.6667,1.1,0.0,0,0.029,2.3333,1.5,0.0,0.1906,0,0.13
3,0.0,0.0429,7.1429,1.0,1,3,70.2,0.9,0.7143,3.8429,0.0,1,0.0308,1.2857,1.5,0.0,0.1974,0,0.03
3,1.0421,0.0474,0.0,1.0,0,2,19.0,2.0,0.0,0.4263,0.0,1,1.0421,9.4737,1.5,0.22,0.0474,0,0.01
3,0.0,0.0,18.0,1.0,1,3,14.5,0.4,1.8,0.36,0.0,1,0.6828,3.6,1.5,0.0,0.031,0,0.0
3,2.2737,0.1421,-14.2105,1.0,1,3,16.0,1.6,-1.4211,4.8316,0.0,1,1.3125,7.5789,1.5,0.48,0.075,0,0.03
3,0.225,1.8,67.5,1.0,0,3,14.0,2.2,6.75,0.0,0.0,1,1.1571,24.75,1.5,0.02,0.3214,1,0.16
3,0.2352,0.0716,0.0,1.3333,1,3,28.8,1.4,0.0,1.8818,0.0,2,0.5938,1.4318,1.5,0.23,0.1688,0,0.07
3,0.0365,0.0122,9.7297,1.6667,0,3,39.8,1.7,0.973,0.2676,0.0,2,0.3437,2.0676,1.5,0.03,0.1221,0,0.01
3,0.0,0.0,270.0,1.6667,1,4,38.0,0.0,27.0,0.0,0.0,1,0.36,0.0,1.5,0.0,0.1279,0,0.0
3,4.2,0.0,90.0,2.3333,1,3,36.6,4.7,9.0,0.75,0.0,4,0.4131,35.25,1.5,0.56,0.118,0,0.0
3,0.08,0.0,6.0,2.0,0,2,44.0,1.4,0.6,1.72,0.0,1,0.3518,2.8,1.5,0.04,0.0327,0,0.0
3,0.0,0.0831,8.3077,2.3333,0,3,39.4,2.2,0.8308,0.8446,0.0,2,0.2878,3.0462,1.5,0.0,0.032,0,0.06
3,0.1478,0.0134,28.209,4.0,1,3,38.0,6.0,2.8209,1.1418,0.0,9,0.3363,8.0597,1.5,0.11,0.0332,0,0.01
3,0.4129,0.4553,12.7059,4.3333,1,3,54.8,10.1,1.2706,2.1812,0.0,2,0.3613,10.6941,1.5,0.39,0.1642,1,0.43
3,0.6608,0.0342,23.9241,6.0,0,3,68.2,9.7,2.3924,1.1165,0.0,7,0.2956,11.0506,1.5,0.58,0.1399,0,0.03
3,0.6067,0.0101,2.0225,3.6667,1,4,77.0,4.0,0.2022,1.1022,0.0,2,0.3927,4.0449,1.5,0.6,0.1262,0,0.01
3,0.0,0.1034,7.2414,3.6667,0,2,81.4,2.6,0.7241,2.9276,0.0,2,0.3715,2.6897,1.5,0.0,0.1283,0,0.1
3,0.0,0.0,12.8571,1.6667,1,2,70.8,0.0,1.2857,1.1571,0.0,1,0.3992,0.0,1.5,0.0,0.1449,1,0.0
3,0.0,0.0,-6.4286,1.3333,0,3,56.6,0.2,-0.6429,0.45,0.0,1,0.3753,1.2857,1.5,0.0,0.0445,0,0.0
3,0.0,0.0,6.6667,1.0,1,2,46.2,0.3,0.6667,3.1,0.0,1,0.2338,1.0,1.5,0.0,0.0429,0,0.0
3,0.0,0.0,22.5,1.0,0,2,30.8,0.0,2.25,2.1,0.0,1,0.0,0.0,1.5,0.0,0.0584,0,0.0
3,0.04,0.26,26.0,2.3333,0,3,31.4,10.2,2.6,1.51,0.0,5,0.0229,10.2,1.5,0.04,0.149,0,0.26
3,0.02,0.0,6.0,2.6667,0,2,46.6,2.1,0.6,1.32,0.0,2,0.0232,2.1,1.5,0.02,0.1004,0,0.0
3,0.3484,0.3484,23.2258,2.6667,0,3,50.0,5.0,2.3226,1.5968,0.0,1,0.0648,14.5161,1.5,0.12,0.1368,1,0.12
3,0.9628,0.0419,5.2326,2.0,1,3,61.8,10.7,0.5233,0.3244,0.0,3,0.3204,11.1977,1.5,0.92,0.1223,0,0.04
3,0.0,0.2375,7.5,2.3333,1,3,73.8,1.9,0.75,0.6,0.0,3,0.2683,2.375,1.5,0.0,0.1488,1,0.19
3,0.0,0.0,25.7143,2.3333,0,2,58.6,0.5,2.5714,3.6643,0.0,1,0.3256,3.2143,1.5,0.0,0.1075,0,0.0
3,0.2455,0.0818,40.9091,1.6667,1,3,42.8,2.6,4.0909,0.9,0.0,1,0.45,21.2727,1.5,0.03,0.1514,0,0.01
3,1.6457,0.0643,20.5714,3.3333,0,4,50.6,9.7,2.0571,0.3471,0.0,8,0.7933,12.4714,1.5,1.28,0.1032,0,0.05
3,0.3273,0.0409,12.2727,3.3333,0,3,37.8,3.0,1.2273,0.1636,0.0,1,0.6619,12.2727,1.5,0.08,0.1238,0,0.01
3,0.6231,0.0138,-1.3846,4.0,1,3,36.4,3.8,-0.1385,0.8862,0.0,3,0.9099,5.2615,1.5,0.45,0.0396,0,0.01
3,0.3194,0.0726,2.9032,2.3333,0,2,46.0,5.6,0.2903,0.5226,0.0,3,0.8061,8.129,1.5,0.22,0.0509,0,0.05
3,1.35,0.03,14.0,7.0,1,3,90.0,8.3,1.4,1.26,0.0,7,1.35,8.3,1.5,1.35,0.03,0,0.03
3,1.79,0.24,43.0,11.5,0,3,90.0,16.3,4.3,0.46,0.0,16,1.57,16.3,1.5,1.79,0.135,0,0.24
3,0.04,0.25,10.0,8.3333,1,3,90.0,6.3,1.0,0.8,0.0,2,1.06,6.3,1.5,0.04,0.1733,0,0.25
3,0.84,0.4,22.0,8.6667,1,4,90.0,12.2,2.2,2.02,0.0,8,1.005,12.2,1.5,0.84,0.23,0,0.4
3,0.08,0.02,4.0,4.0,0,2,90.0,2.2,0.4,1.43,0.0,2,0.82,2.2,1.5,0.08,0.188,0,0.02
3,0.16,0.18,5.0,3.6667,1,3,90.0,5.4,0.5,1.84,0.0,1,0.582,5.4,1.5,0.16,0.218,0,0.18
3,0.21,0.22,15.0,1.6667,0,2,90.0,9.3,1.5,0.47,0.0,2,0.266,9.3,1.5,0.21,0.214,0,0.22
3,0.11,0.26,8.0,1.6667,0,3,90.0,4.6,0.8,1.43,0.0,2,0.28,4.6,1.5,0.11,0.216,0,0.26
3,0.41,1.15,42.0,6.0,1,4,90.0,17.8,4.2,1.14,0.0,14,0.194,17.8,1.5,0.41,0.366,0,1.15
3,1.22,0.29,34.0,9.6667,0,3,90.0,12.4,3.4,2.03,0.0,13,0.422,12.4,1.5,1.22,0.42,0,0.29
3,0.32,0.13,14.0,10.6667,1,4,90.0,3.7,1.4,2.09,0.0,5,0.454,3.7,1.5,0.32,0.41,1,0.13
3,0.55,0.47,1.0,6.6667,0,4,90.0,8.9,0.1,1.53,0.0,2,0.522,8.9,1.5,0.55,0.46,0,0.47
3,0.22,0.16,4.0,3.0,1,3,90.0,3.9,0.4,1.52,0.0,2,0.544,3.9,1.5,0.22,0.44,0,0.16
3,0.3857,0.0935,17.5325,3.0,1,3,87.4,5.7,1.7532,0.1519,0.0,5,0.5437,6.6623,1.5,0.33,0.2327,0,0.08
3,1.8231,0.0,43.8462,4.3333,0,3,77.2,5.1,4.3846,1.2,0.0,6,0.5153,11.7692,1.5,0.79,0.1959,0,0.0
3,0.0,0.2455,40.9091,4.0,0,4,61.4,1.9,4.0909,0.2455,0.0,1,0.5541,15.5455,1.5,0.0,0.2169,0,0.03
3,0.5211,0.1895,18.9474,2.6667,1,2,47.2,3.7,1.8947,1.1368,0.0,1,0.553,17.5263,1.5,0.11,0.1182,0,0.04
3,0.1059,0.0,5.2941,1.0,1,2,32.6,0.4,0.5294,3.2824,0.0,1,0.6902,2.1176,1.5,0.02,0.0828,0,0.0
3,0.2329,0.2118,19.0588,3.0,0,3,34.2,6.2,1.9059,1.3341,0.0,7,0.6,6.5647,1.5,0.22,0.1421,0,0.2
3,0.0,0.2427,15.1685,3.6667,1,2,44.2,3.5,1.5169,0.8494,0.0,3,0.1425,3.5393,1.5,0.0,0.2077,0,0.24
3,0.21,0.8,30.0,6.3333,0,3,60.0,12.4,3.0,0.59,0.0,9,0.168,12.4,1.5,0.21,0.384,1,0.8
3,0.04,0.02,-3.0,4.3333,0,3,74.2,1.9,-0.3,0.77,0.0,1,0.1189,1.9,1.5,0.04,0.3057,0,0.02
3,0.08,0.02,4.0,4.3333,1,3,88.8,3.3,0.4,1.19,0.0,3,0.1115,3.3,1.5,0.08,0.2595,0,0.02
3,0.6,0.32,33.0,5.3333,0,4,89.8,11.7,3.3,0.69,0.0,12,0.1864,11.7,1.5,0.6,0.2806,1,0.32
3,0.0,0.12,7.0,5.6667,1,3,90.0,3.0,0.7,3.41,0.0,2,0.186,3.0,1.5,0.0,0.256,0,0.12
2,0.0,0.18,18.0,1.0,1,3,80.0,3.2,2.7,2.2725,0.0,1,0.0,3.6,1.5,0.0,0.18,1,0.16
2,0.0,0.0,15.2113,1.5,0,3,75.5,0.9,2.2817,1.8127,0.0,2,0.0,1.1408,1.5,0.0,0.0954,0,0.0
2,0.0,0.0,360.0,1.3333,1,4,50.6667,0.5,54.0,1.8,0.0,1,0.0,45.0,1.5,0.0,0.0947,0,0.0
2,0.06,0.24,11.0,1.3333,0,3,60.5,3.7,1.65,1.53,0.0,1,0.0223,3.7,1.5,0.06,0.1488,1,0.24
2,0.0,0.04,16.0,1.3333,1,3,66.4,4.0,2.4,1.52,0.0,2,0.0163,4.0,1.5,0.0,0.1193,0,0.04
2,0.19,0.03,38.0,5.6667,1,3,68.4,11.0,5.7,0.23,0.0,14,0.0658,11.0,1.5,0.19,0.0816,0,0.03
2,0.09,0.01,11.0,5.6667,0,3,72.2,1.9,1.65,1.52,0.0,1,0.0848,1.9,1.5,0.09,0.0798,1,0.01
2,0.12,0.05,11.0,5.6667,0,2,90.0,2.9,1.65,0.89,0.0,2,0.092,2.9,1.5,0.12,0.074,1,0.05
2,0.0,0.0,-3.8571,0.3333,1,3,86.0,0.7,-0.5786,2.5714,0.0,-2,0.0837,0.9,1.5,0.0,0.0272,0,0.0
2,0.21,0.01,26.0,2.3333,1,3,86.0,10.9,3.9,1.09,0.0,7,0.1277,10.9,1.5,0.21,0.0209,0,0.01
2,0.07,0.23,9.0,2.0,0,3,86.0,4.3,1.35,2.86,0.0,1,0.1026,4.3,1.5,0.07,0.0628,0,0.23
2,0.0,0.01,12.0,3.0,1,4,86.0,2.8,1.8,2.15,0.0,1,0.0837,2.8,1.5,0.0,0.0628,0,0.01
2,0.0,0.0,23.0,2.6667,0,3,86.0,2.1,3.45,1.13,0.0,6,0.0586,2.1,1.5,0.0,0.0523,0,0.0
2,0.83,0.0,5.0,2.3333,1,2,90.0,2.5,0.75,2.82,0.0,0,0.222,2.5,1.5,0.83,0.05,0,0.0
2,0.0,0.0,10.0,2.3333,0,4,90.0,2.2,1.5,2.46,0.0,1,0.18,2.2,1.5,0.0,0.048,0,0.0
2,0.0,0.0,13.5,0.6667,0,2,84.0,0.6,2.025,1.695,0.0,1,0.1779,0.9,1.5,0.0,0.0021,0,0.0
3,0.0,0.0127,11.4085,2.0,1,2,71.0,1.7,1.1408,1.293,0.0,2,0.0,2.1549,1.5,0.0,0.0127,1,0.01
3,0.0231,0.0231,12.6923,2.5,0,3,74.5,2.4,1.2692,0.4154,0.0,3,0.0121,2.7692,1.5,0.02,0.0181,0,0.02
3,0.01,0.12,21.0,3.3333,1,3,79.6667,7.2,2.1,0.8,0.0,5,0.0113,7.2,1.5,0.01,0.0565,0,0.12
3,0.14,0.26,20.0,3.3333,1,2,82.25,7.7,2.0,2.02,0.0,2,0.0465,7.7,1.5,0.14,0.1122,0,0.26
3,0.1014,0.0127,7.6056,2.6667,0,2,80.0,1.3,0.7606,1.8127,0.0,1,0.0562,1.6479,1.5,0.08,0.0945,0,0.01
3,0.13,0.02,19.0,1.6667,1,2,83.8,3.1,1.9,1.84,0.0,2,0.0816,3.1,1.5,0.13,0.0924,0,0.02
3,0.56,0.14,28.0,4.0,0,3,86.2,10.3,2.8,0.47,0.0,9,0.1921,10.3,1.5,0.56,0.1148,1,0.14
3,0.41,0.01,7.0,4.0,0,4,86.2,5.6,0.7,1.43,0.0,1,0.2756,5.6,1.5,0.41,0.0919,0,0.01
3,0.25,0.11,17.0,4.3333,1,3,86.2,6.4,1.7,1.14,0.0,3,0.2986,6.4,1.5,0.25,0.0606,0,0.11
3,0.0,0.01,14.0,2.0,0,3,90.0,1.6,1.4,2.03,0.0,2,0.27,1.6,1.5,0.0,0.058,1,0.01
3,0.08,0.07,11.0,2.3333,1,2,90.0,3.3,1.1,2.09,0.0,2,0.26,3.3,1.5,0.08,0.068,0,0.07
3,0.17,0.28,11.0,1.6667,0,2,90.0,4.7,1.1,1.53,0.0,1,0.182,4.7,1.5,0.17,0.096,0,0.28
3,0.04,0.02,19.0,1.6667,1,3,90.0,1.9,1.9,1.52,0.0,2,0.108,1.9,1.5,0.04,0.098,0,0.02
3,0.02,0.27,13.0,1.3333,1,3,90.0,5.7,1.3,0.23,0.0,1,0.062,5.7,1.5,0.02,0.13,1,0.27
3,0.14,0.22,14.0,1.6667,0,4,90.0,3.5,1.4,0.89,0.0,2,0.09,3.5,1.5,0.14,0.172,0,0.22
3,0.0,0.16,6.0,1.3333,1,3,90.0,3.7,0.6,1.42,0.0,1,0.074,3.7,1.5,0.0,0.19,0,0.16
3,0.08,0.1,13.0,1.3333,1,3,90.0,3.3,1.3,2.1,0.0,1,0.056,3.3,1.5,0.08,0.154,0,0.1
3,0.0955,0.0136,16.3636,1.3333,0,2,85.2,3.7,1.6364,1.2409,0.0,2,0.0655,5.0455,1.5,0.07,0.1606,0,0.01
3,0.0,0.04,8.0,1.3333,0,2,85.2,2.6,0.8,2.86,0.0,1,0.0613,2.6,1.5,0.0,0.112,0,0.04
3,0.27,0.0,7.0,1.6667,1,3,85.2,4.1,0.7,2.15,0.0,2,0.0887,4.1,1.5,0.27,0.0655,1,0.0
3,0.9321,0.0107,31.0714,4.0,0,4,84.0,9.3,3.1071,1.1679,0.0,9,0.2764,9.9643,1.5,0.87,0.0343,0,0.01
3,0.0726,0.1597,14.5161,4.3333,1,4,78.4,4.1,1.4516,2.7435,0.0,2,0.2893,5.9516,1.5,0.05,0.039,0,0.11
3,0.0,0.01,15.0,4.3333,0,3,83.2,1.8,1.5,2.46,0.0,2,0.2575,1.8,1.5,0.0,0.0368,1,0.01
3,0.11,0.07,17.0,2.0,0,3,83.2,3.7,1.7,1.51,0.0,2,0.2812,3.7,1.5,0.11,0.0433,0,0.07
3,0.0,0.01,19.0,2.0,1,4,83.2,4.2,1.9,1.81,0.0,2,0.2228,4.2,1.5,0.0,0.0454,1,0.01
3,0.1364,0.0,8.1818,1.6667,0,2,73.0,2.0,0.8182,0.9273,0.0,1,0.0518,5.4545,1.5,0.05,0.0493,1,0.0
3,0.0,0.0,23.6842,1.3333,0,3,64.4,1.9,2.3684,1.4684,0.0,1,0.0447,9.0,1.5,0.0,0.0252,0,0.0
3,0.0,0.0117,16.3636,1.3333,0,3,61.8,1.7,1.6364,0.8649,0.0,2,0.0466,1.987,1.5,0.0,0.0262,1,0.01
3,0.0444,0.0333,11.1111,2.0,1,4,60.0,2.1,1.1111,1.2778,0.0,3,0.027,2.3333,1.5,0.04,0.015,1,0.03
3,0.029,0.2032,20.3226,2.6667,0,3,54.4,3.6,2.0323,0.5226,0.0,3,0.0364,5.2258,1.5,0.02,0.0596,0,0.14
3,0.0,0.17,12.0,2.6667,1,3,65.8,3.6,1.2,3.41,0.0,2,0.0164,3.6,1.5,0.0,0.0957,0,0.17
3,1.1,0.1,15.0,1.0,1,2,18.0,3.3,1.5,0.8,0.0,1,1.1,16.5,1.5,0.22,0.1,1,0.02
3,0.3316,3.3632,52.1053,1.0,1,3,18.5,6.7,5.2105,4.8316,0.0,1,0.7054,31.7368,1.5,0.07,1.7757,1,0.71
3,0.0,0.0,20.0,1.0,0,3,18.3333,1.0,2.0,0.0,0.0,1,0.4745,5.0,1.5,0.0,1.1945,0,0.0
3,0.0,0.0,12.8571,1.0,1,2,20.75,0.5,1.2857,3.0214,0.0,1,0.3145,1.6071,1.5,0.0,0.7916,0,0.0
3,0.0857,1.1571,0.0,0.6667,0,3,20.8,1.9,0.0,1.1143,0.0,0,0.2683,8.1429,1.5,0.02,0.8654,0,0.27
3,0.0,0.0,13.5,0.6667,0,3,21.2,0.2,1.35,4.14,0.0,1,0.0764,0.9,1.5,0.0,0.8321,0,0.0
3,0.1518,0.0217,4.3373,1.0,1,2,34.0,4.0,0.4337,1.2361,0.0,2,0.0847,4.3373,1.5,0.14,0.1535,1,0.02
3,0.0,0.0,-6.9231,1.0,0,3,35.6,0.4,-0.6923,3.1846,0.0,0,0.0809,1.3846,1.5,0.0,0.1466,0,0.0
3,0.19,0.02,22.0,2.3333,1,2,48.0,7.5,2.2,2.09,0.0,5,0.1312,7.5,1.5,0.19,0.1162,0,0.02
3,0.12,0.02,10.0,2.0,0,2,52.8,0.9,1.0,0.58,0.0,1,0.133,1.8,1.5,0.06,0.017,1,0.01
3,0.0,0.0,10.0,2.6667,1,2,66.8,1.8,1.0,1.52,0.0,2,0.1051,1.8,1.5,0.0,0.0135,1,0.0
3,0.55,0.03,10.0,1.6667,1,4,68.2,2.5,1.0,0.23,0.0,2,0.2111,2.5,1.5,0.55,0.0158,0,0.03
3,0.02,0.15,8.0,2.0,0,3,81.0,2.7,0.8,1.52,0.0,2,0.1822,2.7,1.5,0.02,0.0467,0,0.15
3,0.18,0.08,-2.0,1.3333,0,2,72.0,1.8,-0.2,0.24,0.0,0,0.18,3.6,1.5,0.09,0.0575,0,0.04
3,0.0,0.0,4.0909,0.6667,1,4,67.4,0.2,0.4091,2.3727,0.0,0,0.1763,0.8182,1.5,0.0,0.0588,0,0.0
3,0.0,0.0667,10.0,0.3333,0,2,54.8,0.7,1.0,0.7,0.0,1,0.2168,2.3333,1.5,0.0,0.0788,0,0.02
3,0.0,0.0333,-6.6667,0.3333,1,2,42.2,0.2,-0.6667,3.1,0.0,0,0.0469,0.6667,1.5,0.0,0.0938,0,0.01
3,0.2557,0.0205,7.1591,1.0,0,3,41.8,7.0,0.7159,2.3114,0.0,2,0.1464,7.1591,1.5,0.25,0.0388,0,0.02
3,0.125,0.0125,6.25,1.3333,0,3,47.2,5.7,0.625,1.825,0.0,2,0.1335,7.125,1.5,0.1,0.0229,0,0.01
3,0.1066,0.0829,13.0263,2.6667,1,3,58.0,5.0,1.3026,1.7171,0.0,4,0.1366,5.9211,1.5,0.09,0.0403,0,0.07
3,0.0,0.0,3.5065,2.3333,0,2,68.0,0.5,0.3506,1.1688,0.0,1,0.1165,0.5844,1.5,0.0,0.0291,0,0.0
3,0.0,0.0,9.3103,2.0,0,3,74.2,0.7,0.931,3.2741,0.0,1,0.1067,1.0862,1.5,0.0,0.0243,0,0.0
3,0.0,0.0,67.5,1.0,1,3,57.4,0.0,6.75,11.475,0.0,1,0.0596,0.0,1.5,0.0,0.0251,0,0.0
3,0.0,0.0,90.0,1.0,0,3,43.8,0.3,9.0,5.85,0.0,1,0.037,6.75,1.5,0.0,0.0288,0,0.0
3,26.1,0.0,1890.0,2.6667,1,4,28.8,5.0,189.0,0.0,0.0,6,0.1812,450.0,1.5,0.29,0.0,0,0.0
3,0.0,0.45,78.75,2.6667,1,4,15.0,2.1,7.875,0.45,0.0,1,0.348,23.625,1.5,0.0,0.048,1,0.04
2,0.0,0.0,14.0,1.0,1,2,90.0,2.5,2.1,1.26,0.0,1,0.0,2.5,1.5,0.0,0.0,0,0.0
2,0.04,0.22,32.0,4.0,0,3,90.0,5.8,4.8,0.46,0.0,7,0.02,5.8,1.5,0.04,0.11,0,0.22
2,0.18,0.02,13.0,3.3333,1,2,90.0,3.1,1.95,0.8,0.0,2,0.0733,3.1,1.5,0.18,0.08,0,0.02
2,0.24,0.01,12.0,3.3333,1,4,90.0,2.8,1.8,2.02,0.0,1,0.115,2.8,1.5,0.24,0.0625,1,0.01
2,0.0,0.0,13.0,1.6667,0,2,90.0,3.9,1.95,1.43,0.0,2,0.092,3.9,1.5,0.0,0.05,0,0.0
2,0.22,0.0,13.0,1.3333,1,2,90.0,3.3,1.95,1.84,0.0,1,0.136,3.3,1.5,0.22,0.05,0,0.0
2,0.07,0.01,14.0,1.6667,0,2,90.0,4.5,2.1,0.47,0.0,2,0.142,4.5,1.5,0.07,0.008,0,0.01
2,0.0,0.0,21.0,1.3333,0,3,90.0,5.4,3.15,1.43,0.0,1,0.106,5.4,1.5,0.0,0.004,0,0.0
2,0.0,0.01,27.0,3.3333,1,2,90.0,1.7,4.05,1.14,0.0,7,0.058,1.7,1.5,0.0,0.004,0,0.01
2,0.19,0.07,45.0,7.6667,0,2,90.0,9.2,6.75,2.03,0.0,15,0.096,9.2,1.5,0.19,0.018,0,0.07
2,0.0,0.01,12.0,7.6667,1,4,90.0,1.7,1.8,2.09,0.0,1,0.052,1.7,1.5,0.0,0.02,0,0.01
2,0.34,0.01,15.0,5.6667,0,2,90.0,6.4,2.25,1.53,0.0,1,0.106,6.4,1.5,0.34,0.02,0,0.01
2,0.0,0.01,15.0,1.3333,1,2,90.0,3.1,2.25,1.52,0.0,2,0.106,3.1,1.5,0.0,0.022,0,0.01
2,0.06,0.01,18.0,1.6667,1,2,90.0,3.0,2.7,0.23,0.0,2,0.118,3.0,1.5,0.06,0.022,0,0.01
2,0.09,0.0,19.0,1.6667,0,3,90.0,2.9,2.85,1.52,0.0,1,0.098,2.9,1.5,0.09,0.008,0,0.0
2,0.05,0.01,17.0,1.6667,0,3,90.0,2.6,2.55,0.89,0.0,2,0.108,2.6,1.5,0.05,0.008,0,0.01
2,0.0,0.0,11.0,1.3333,1,3,90.0,1.8,1.65,1.42,0.0,1,0.04,1.8,1.5,0.0,0.006,0,0.0
2,0.03,0.32,13.0,1.0,1,4,90.0,3.6,1.95,2.1,0.0,0,0.046,3.6,1.5,0.03,0.068,0,0.32
2,0.0,0.0,12.0,0.6667,0,2,90.0,2.1,1.8,1.08,0.0,1,0.034,2.1,1.5,0.0,0.066,1,0.0
2,0.0,0.06,11.0,0.6667,1,4,90.0,2.1,1.65,1.09,0.0,1,0.016,2.1,1.5,0.0,0.078,0,0.06
2,0.09,0.02,13.0,1.0,0,3,90.0,3.6,1.95,2.86,0.0,1,0.024,3.6,1.5,0.09,0.08,0,0.02
2,0.0,0.01,12.0,1.0,1,2,90.0,2.6,1.8,2.15,0.0,1,0.024,2.6,1.5,0.0,0.082,0,0.01
2,0.04,0.01,24.0,2.6667,0,3,90.0,2.2,3.6,1.13,0.0,6,0.026,2.2,1.5,0.04,0.02,0,0.01
2,0.0,0.0,270.0,2.6667,1,3,72.2,0.2,40.5,0.0,0.0,1,0.0324,18.0,1.5,0.0,0.0249,1,0.0
2,0.15,0.0,20.0,4.6667,0,2,72.2,6.7,3.0,0.59,0.0,7,0.0698,6.7,1.5,0.15,0.01,0,0.0
2,0.04,0.0,12.0,3.3333,0,2,72.2,2.2,1.8,0.77,0.0,2,0.0573,2.2,1.5,0.04,0.005,1,0.0
2,0.0,0.01,27.0,5.0,1,3,72.2,3.0,4.05,1.19,0.0,6,0.0573,3.0,1.5,0.0,0.005,0,0.01
2,0.18,0.01,8.0,3.3333,0,3,72.2,1.8,1.2,0.69,0.0,2,0.0922,1.8,1.5,0.18,0.005,0,0.01
2,0.0,0.0,13.0,2.6667,1,2,90.0,0.4,1.95,3.41,0.0,0,0.074,0.4,1.5,0.0,0.004,0,0.0
1,0.0,0.0,30.0,8.0,0,2,90.0,1.2,0.0,0.3,1.0,8,0.0,1.2,1.5,0.0,0.0,0,0.0
1,0.0,0.0,15.0,5.0,1,2,90.0,2.4,0.0,1.5,3.0,2,0.0,2.4,1.5,0.0,0.0,0,0.0
1,0.0,0.0,26.0,5.3333,0,3,90.0,1.6,0.0,0.69,1.0,6,0.0,1.6,1.5,0.0,0.0,0,0.0
1,0.0,0.0,20.0,4.6667,1,3,90.0,0.4,0.0,0.55,0.0,6,0.0,0.4,1.5,0.0,0.0,0,0.0
1,0.0,0.0,17.0,4.6667,0,3,90.0,2.3,0.0,1.36,3.0,2,0.0,2.3,1.5,0.0,0.0,1,0.0
1,0.0,0.0,19.0,4.6667,1,2,90.0,0.3,0.0,0.03,0.0,6,0.0,0.3,1.5,0.0,0.0,0,0.0
1,0.0,0.0,8.0,3.3333,0,4,90.0,0.3,0.0,1.09,0.0,2,0.0,0.3,1.5,0.0,0.0,0,0.0
1,0.0,0.0,17.0,3.6667,1,3,90.0,2.6,0.0,0.3,4.0,3,0.0,2.6,1.5,0.0,0.0,0,0.0
1,0.0,0.01,12.0,2.3333,1,3,90.0,1.9,0.0,0.71,2.0,2,0.0,1.9,1.5,0.0,0.002,0,0.01
1,0.0,0.01,3.0,2.0,0,3,90.0,0.0,0.0,0.5,1.0,1,0.0,0.0,1.5,0.0,0.004,0,0.01
1,0.0,0.0,14.0,1.6667,0,3,90.0,2.1,0.0,0.51,2.0,2,0.0,2.1,1.5,0.0,0.004,0,0.0
1,0.0,0.0,22.0,3.0,1,3,90.0,1.1,0.0,0.69,1.0,6,0.0,1.1,1.5,0.0,0.004,0,0.0
1,0.0,0.0,13.0,3.3333,0,3,90.0,1.7,0.0,0.95,2.0,2,0.0,1.7,1.5,0.0,0.004,0,0.0
1,0.0,0.0,25.0,4.6667,1,4,90.0,3.0,0.0,1.48,1.0,6,0.0,3.0,1.5,0.0,0.002,0,0.0
1,0.0,0.0,12.0,3.0,0,4,90.0,1.5,0.0,1.34,2.0,1,0.0,1.5,1.5,0.0,0.0,0,0.0
1,0.0,0.0,29.0,5.0,1,3,90.0,2.0,0.0,0.33,5.0,8,0.0,2.0,1.5,0.0,0.0,0,0.0
1,0.0,0.0,11.0,3.6667,0,2,90.0,1.8,0.0,0.4,2.0,2,0.0,1.8,1.5,0.0,0.0,0,0.0
1,0.0,0.0,11.0,4.0,1,2,90.0,1.1,0.0,0.41,1.0,2,0.0,1.1,1.5,0.0,0.0,0,0.0
1,0.0,0.0,23.0,3.3333,0,4,90.0,1.1,0.0,0.21,1.0,6,0.0,1.1,1.5,0.0,0.0,0,0.0
1,0.0,0.0,20.0,4.6667,0,2,90.0,0.4,0.0,0.26,0.0,6,0.0,0.4,1.5,0.0,0.0,0,0.0
1,0.0,0.0,12.0,4.6667,1,3,90.0,1.4,0.0,0.16,1.0,2,0.0,1.4,1.5,0.0,0.0,0,0.0
1,0.0,0.0,19.0,4.6667,0,2,90.0,0.4,0.0,0.23,0.0,6,0.0,0.4,1.5,0.0,0.0,0,0.0
1,0.0,0.0,20.0,4.3333,0,4,90.0,1.0,0.0,0.95,1.0,5,0.0,1.0,1.5,0.0,0.0,1,0.0
1,0.0,0.0,25.0,5.6667,1,3,90.0,1.2,0.0,0.27,1.0,6,0.0,1.2,1.5,0.0,0.0,0,0.0
1,0.0,0.0,24.0,5.6667,0,4,90.0,1.1,0.0,0.53,2.0,6,0.0,1.1,1.5,0.0,0.0,1,0.0
1,0.0,0.01,8.0,4.3333,1,2,90.0,0.3,0.0,1.13,0.0,1,0.0,0.3,1.5,0.0,0.002,0,0.01
1,0.0,0.01,29.0,5.6667,0,2,90.0,2.4,0.0,0.14,3.0,10,0.0,2.4,1.5,0.0,0.004,1,0.01
1,0.0,0.0,23.0,5.6667,1,3,90.0,0.6,0.0,1.61,1.0,6,0.0,0.6,1.5,0.0,0.004,0,0.0
1,0.0,0.0,6.0,5.6667,0,3,90.0,0.0,0.0,2.37,0.0,1,0.0,0.0,1.5,0.0,0.004,0,0.0
1,0.0,0.0,23.0,4.3333,1,4,90.0,1.5,0.0,0.37,2.0,6,0.0,1.5,1.5,0.0,0.004,0,0.0
1,0.0,0.0,23.0,4.0,0,3,90.0,1.4,0.0,0.64,2.0,5,0.0,1.4,1.5,0.0,0.002,1,0.0
1,0.0,0.0,10.0,4.3333,1,3,90.0,1.0,0.0,0.5,1.0,2,0.0,1.0,1.5,0.0,0.0,0,0.0
2,0.15,0.0,25.0,1.0,1,2,18.0,0.5,3.75,1.2,0.0,1,0.15,2.5,1.5,0.03,0.0,0,0.0
2,0.0,0.0,22.5,1.0,0,3,15.0,0.4,3.375,0.675,0.0,1,0.09,3.0,1.5,0.0,0.0,0,0.0
2,0.0,0.0562,16.875,1.0,0,2,26.0,4.3,2.5312,1.6125,0.0,1,0.0346,8.0625,1.5,0.0,0.0346,0,0.03
2,0.0,0.015,10.5,1.3333,1,4,34.5,1.9,1.575,1.365,0.0,2,0.0196,2.85,1.5,0.0,0.0261,0,0.01
2,0.0,15.3,630.0,1.3333,0,2,27.8,3.1,94.5,23.4,0.0,1,0.0194,279.0,1.5,0.0,0.136,0,0.17
2,0.0,0.04,9.0,1.3333,0,4,42.2,3.7,1.35,1.43,0.0,1,0.0,3.7,1.5,0.0,0.1066,0,0.04
2,0.0,0.1286,32.1429,1.0,1,2,42.6,1.0,4.8214,0.0,0.0,1,0.0,6.4286,1.5,0.0,0.1141,0,0.02
2,0.0,0.05,25.0,2.6667,0,3,51.0,2.3,3.75,2.03,0.0,6,0.0,2.3,1.5,0.0,0.1024,0,0.05
2,0.0,0.0,32.7273,2.6667,1,2,41.2,0.6,4.9091,1.8818,0.0,1,0.0,4.9091,1.5,0.0,0.1223,0,0.0
2,0.0375,0.0,5.0,2.6667,0,2,55.4,0.2,0.75,1.7875,0.0,1,0.0097,0.25,1.5,0.03,0.0357,0,0.0
2,0.0,0.0692,20.7692,1.0,1,2,40.0,0.7,3.1154,0.6923,0.0,1,0.0135,4.8462,1.5,0.0,0.036,1,0.01
2,0.0,0.0,13.012,1.0,0,3,53.8,1.2,1.9518,1.6482,0.0,1,0.01,1.3012,1.5,0.0,0.0201,0,0.0
2,0.0,0.0,13.2955,1.0,1,4,53.4,1.7,1.9943,1.4216,0.0,1,0.0101,1.7386,1.5,0.0,0.0034,0,0.0
2,0.0,0.0273,10.9091,1.0,1,3,64.4,2.1,1.6364,2.4273,0.0,1,0.0084,2.8636,1.5,0.0,0.0084,0,0.02
2,0.0,0.2468,33.3871,2.0,0,3,62.4,5.6,5.0081,1.2774,0.0,4,0.0,8.129,1.5,0.0,0.0577,0,0.17
2,0.0,0.0202,18.2022,3.0,1,3,77.6,4.7,2.7303,1.1022,0.0,4,0.0,4.7528,1.5,0.0,0.0487,0,0.02
2,0.0,0.0701,9.3506,3.0,0,4,76.4,1.2,1.4026,3.3078,0.0,1,0.0,1.4026,1.5,0.0,0.0636,0,0.06
2,0.072,0.012,7.2,2.0,1,3,73.8,1.3,1.08,2.364,0.0,1,0.0146,1.56,1.5,0.06,0.0683,1,0.01
2,0.14,0.09,19.0,2.6667,0,2,78.6,3.3,2.85,1.13,0.0,6,0.0458,3.3,1.5,0.14,0.0802,1,0.09
2,0.0,0.0,13.0645,2.6667,1,2,78.6,1.0,1.9597,2.7435,0.0,1,0.0458,1.4516,1.5,0.0,0.0412,0,0.0
2,0.0,0.0,11.25,3.0,0,3,78.4,0.9,1.6875,2.3114,0.0,2,0.0459,0.9205,1.5,0.0,0.0367,0,0.0
2,0.8471,0.2647,42.3529,1.3333,0,2,66.4,3.4,6.3529,0.2118,0.0,1,0.0976,18.0,1.5,0.16,0.0407,0,0.05
2,0.56,0.2,28.0,4.3333,1,2,69.4,14.8,4.2,1.81,0.0,10,0.2231,14.8,1.5,0.56,0.0882,0,0.2
2,0.0,0.0,8.0,4.0,0,2,69.4,1.1,1.2,1.32,0.0,1,0.1867,1.1,1.5,0.0,0.0648,0,0.0
2,0.0,0.0,13.9655,4.0,0,2,68.6,1.5,2.0948,3.2741,0.0,1,0.1889,2.3276,1.5,0.0,0.0656,0,0.0
2,0.0,0.157,23.0233,2.6667,1,2,68.2,3.3,3.4535,0.3244,0.0,6,0.19,3.4535,1.5,0.0,0.1056,0,0.15
2,0.0,0.0,18.0,4.3333,1,3,82.8,0.5,2.7,1.11,0.0,6,0.1217,0.5,1.5,0.0,0.0761,1,0.0
2,0.0,0.0,5.0,4.3333,0,3,82.8,0.6,0.75,1.52,0.0,1,0.0,0.6,1.5,0.0,0.0326,0,0.0
2,0.0,0.09,19.0,4.0,1,2,82.8,4.0,2.85,0.84,0.0,5,0.0,4.0,1.5,0.0,0.0522,0,0.09
2,0.45,0.0,12.8571,2.3333,0,3,74.0,0.9,1.9286,1.9286,0.0,1,0.017,5.7857,1.5,0.07,0.0584,0,0.0
2,0.0,0.0,30.0,2.3333,0,2,58.0,0.1,4.5,0.6,0.0,1,0.0217,1.5,1.5,0.0,0.0279,1,0.0
2,0.0,0.16,10.0,1.0,1,2,49.0,1.2,1.5,1.94,0.0,1,0.0257,2.4,1.5,0.0,0.0624,0,0.08
2,0.0,0.0,16.0714,1.0,0,3,36.6,0.7,2.4107,1.0607,0.0,1,0.0344,2.25,1.5,0.0,0.0836,1,0.0
2,0.0,0.1016,21.7742,1.0,1,2,31.0,2.5,3.2661,3.9048,0.0,1,0.0406,3.629,1.5,0.0,0.0871,0,0.07
3,1.35,0.0,-5.0,1.0,1,2,18.0,0.4,-0.5,1.2,0.0,1,1.35,2.0,1.5,0.27,0.0,1,0.0
3,0.0,0.0643,2.5714,2.0,0,3,44.0,0.7,0.2571,0.4629,0.0,3,0.2761,0.9,1.5,0.0,0.0511,0,0.05
3,0.1253,0.1253,29.6203,4.3333,1,2,55.6667,7.3,2.962,0.8658,0.0,9,0.2048,8.3165,1.5,0.11,0.0862,0,0.11
3,0.54,0.2443,14.1429,5.6667,1,3,59.25,6.2,1.4143,1.2857,0.0,5,0.3038,7.9714,1.5,0.42,0.1329,1,0.19
3,0.0,0.0,10.0,5.0,0,4,51.0,0.5,1.0,0.0,0.0,1,0.2824,2.5,1.5,0.0,0.1235,0,0.0
3,0.0,31.5,1440.0,3.3333,1,4,47.6,3.5,144.0,0.0,0.0,4,0.2004,315.0,1.5,0.0,0.2647,0,0.35
3,2.0842,0.0,90.0,3.6667,0,2,37.4,5.7,9.0,1.4684,0.0,6,0.4668,27.0,1.5,0.44,0.3128,0,0.0
3,0.2077,0.0,27.6923,3.6667,0,4,24.2,1.3,2.7692,0.2769,0.0,1,0.662,9.0,1.5,0.03,0.4017,0,0.0
3,0.225,0.0,22.5,2.6667,1,2,11.8,0.4,2.25,0.45,0.0,1,0.7475,4.5,1.5,0.02,0.5339,0,0.0
3,0.0,0.06,-12.0,1.0,0,2,11.2,0.0,-1.2,0.72,0.0,1,0.7875,0.0,1.5,0.0,0.5786,0,0.01
3,0.0,0.0562,11.25,1.0,1,4,14.2,0.2,1.125,3.9938,0.0,1,0.6211,1.125,1.5,0.0,0.0254,0,0.01
1,0.0,0.01,20.0,3.0,0,3,90.0,4.0,0.0,1.43,6.0,3,0.0,4.0,1.5,0.0,0.01,1,0.01
1,0.0,0.0,8.0,2.0,1,3,67.5,0.3,0.0,0.5,0.0,1,0.0,0.6,1.5,0.0,0.0067,0,0.0
4,0.11,0.3,38.0,8.0,1,3,90.0,9.5,0.0,1.09,0.0,8,0.11,9.5,1.5,0.11,0.3,1,0.3
4,1.19,0.01,24.0,9.0,0,3,90.0,10.4,0.0,2.86,0.0,10,0.65,10.4,1.5,1.19,0.155,0,0.01
4,0.31,0.09,3.0,6.6667,1,2,90.0,3.9,0.0,2.15,0.0,2,0.5367,3.9,1.5,0.31,0.1333,1,0.09
4,0.3,0.02,28.0,6.0,0,3,90.0,7.0,0.0,1.13,0.0,6,0.4775,7.0,1.5,0.3,0.105,0,0.02
4,0.71,0.02,24.0,4.6667,1,3,90.0,13.4,0.0,2.82,0.0,6,0.524,13.4,1.5,0.71,0.088,0,0.02
4,0.07,0.01,1.0,4.3333,0,3,90.0,0.8,0.0,2.46,0.0,1,0.516,0.8,1.5,0.07,0.03,0,0.01
4,0.34,0.13,4.0,3.0,0,2,90.0,6.8,0.0,1.51,0.0,2,0.346,6.8,1.5,0.34,0.054,1,0.13
4,0.09,0.15,1.0,1.6667,1,2,90.0,4.3,0.0,1.81,0.0,2,0.302,4.3,1.5,0.09,0.066,0,0.15
4,0.01,0.02,7.0,2.0,0,3,90.0,5.9,0.0,1.32,0.0,2,0.244,5.9,1.5,0.01,0.066,0,0.02
4,0.48,0.01,-3.0,1.6667,0,4,90.0,6.9,0.0,2.66,0.0,1,0.198,6.9,1.5,0.48,0.064,1,0.01
4,0.48,0.33,9.0,2.6667,1,3,90.0,7.0,0.0,0.5,0.0,5,0.28,7.0,1.5,0.48,0.128,0,0.33
4,0.35,0.33,2.0,2.6667,1,2,90.0,4.4,0.0,1.11,0.0,2,0.282,4.4,1.5,0.35,0.168,1,0.33
4,0.0,0.0,30.0,2.6667,0,2,73.8,0.3,0.0,3.4,0.0,1,0.322,3.0,1.5,0.0,0.1683,0,0.0
4,0.48,0.04,2.0,1.6667,0,4,73.8,6.6,0.0,0.77,0.0,2,0.4366,6.6,1.5,0.48,0.1732,0,0.04
4,0.05,0.02,9.0,1.6667,1,3,73.8,4.7,0.0,1.19,0.0,2,0.3317,4.7,1.5,0.05,0.1756,0,0.02
4,0.19,0.02,3.0,1.6667,0,4,73.8,2.4,0.0,0.69,0.0,1,0.261,2.4,1.5,0.19,0.1,0,0.02
4,0.56,0.01,4.0,2.3333,1,2,73.8,7.4,0.0,3.41,0.0,4,0.3122,7.4,1.5,0.56,0.022,0,0.01
4,0.3042,0.0634,41.831,9.0,1,4,71.0,11.6,0.0,1.293,0.0,9,0.3042,14.7042,1.5,0.24,0.0634,0,0.05
4,1.65,0.0231,41.5385,10.0,0,3,74.5,10.5,0.0,0.4154,0.0,11,1.0087,12.1154,1.5,1.43,0.0423,0,0.02
4,0.27,0.0,-1.0,7.3333,1,3,79.6667,1.1,0.0,0.8,0.0,2,0.7305,1.1,1.5,0.27,0.0264,0,0.0
4,0.52,0.01,2.0,5.0,1,2,82.25,2.4,0.0,2.02,0.0,2,0.6729,2.4,1.5,0.52,0.0219,0,0.01
4,0.3,0.06,1.0,1.6667,0,2,83.8,7.2,0.0,1.43,0.0,1,0.5928,7.2,1.5,0.3,0.0301,1,0.06
4,0.05,0.02,8.0,1.6667,1,4,87.6,2.3,0.0,1.84,0.0,2,0.5281,2.3,1.5,0.05,0.0226,1,0.02
4,0.37,0.01,5.0,1.6667,0,3,90.0,2.7,0.0,0.47,0.0,2,0.302,2.7,1.5,0.37,0.02,1,0.01
4,0.0783,0.0261,27.3913,3.0,0,3,85.8,4.6,0.0,0.6783,0.0,5,0.2727,6.0,1.5,0.06,0.0252,1,0.02
4,1.2,0.02,38.0,5.0,1,2,85.8,14.5,0.0,1.14,0.0,8,0.4154,14.5,1.5,1.2,0.0273,0,0.02
4,0.0,0.012,8.4,5.0,0,2,82.8,0.9,0.0,1.332,0.0,2,0.3652,1.08,1.5,0.0,0.0174,0,0.01
4,0.1023,0.0205,5.1136,4.0,1,4,82.4,3.3,0.0,2.117,0.0,2,0.3779,3.375,1.5,0.1,0.0175,0,0.02
4,0.1775,0.0127,6.338,2.0,0,3,78.6,1.3,0.0,1.8127,0.0,2,0.3435,1.6479,1.5,0.14,0.0183,0,0.01
4,0.4437,0.1521,7.6056,2.0,1,3,79.0,3.6,0.0,1.2549,0.0,2,0.4078,4.5634,1.5,0.35,0.041,0,0.12
4,0.08,0.11,6.0,2.0,1,4,79.0,4.7,0.0,0.23,0.0,2,0.1527,4.7,1.5,0.08,0.0615,0,0.11
4,0.162,0.0,-3.6,1.3333,0,4,74.0,0.6,0.0,1.8,0.0,0,0.1849,1.08,1.5,0.09,0.0632,0,0.0
4,0.15,0.0,3.0,1.3333,0,3,74.4,4.8,0.0,0.89,0.0,2,0.196,4.8,1.5,0.15,0.0581,0,0.0
4,0.216,0.012,-4.8,1.3333,1,3,75.2,3.2,0.0,1.056,0.0,2,0.2035,3.84,1.5,0.18,0.0574,0,0.01
4,0.2859,0.6247,31.7647,3.6667,1,3,78.0,10.2,0.0,2.1812,0.0,7,0.1777,10.8,1.5,0.27,0.1638,1,0.59
4,0.6,0.02,-4.0,3.6667,0,3,78.0,0.9,0.0,1.08,0.0,2,0.2977,0.9,1.5,0.6,0.1431,1,0.02
4,0.0,0.3667,13.3333,3.3333,1,4,73.4,1.7,0.0,3.1,0.0,1,0.2943,5.6667,1.5,0.0,0.179,0,0.11
4,0.0,0.1746,8.0597,1.3333,0,3,68.8,2.0,0.0,2.4313,0.0,1,0.2747,2.6866,1.5,0.0,0.225,0,0.13
4,0.4235,0.0529,142.9412,2.3333,0,4,57.2,5.7,0.0,0.2118,0.0,5,0.299,30.1765,1.5,0.08,0.2706,0,0.01
4,0.7326,0.0209,21.9767,4.0,1,3,57.4,9.3,0.0,1.8,0.0,6,0.4328,9.7326,1.5,0.7,0.0909,0,0.02
4,0.4675,0.0234,28.0519,5.3333,0,3,54.8,8.4,0.0,1.1688,0.0,5,0.3876,9.8182,1.5,0.4,0.0953,0,0.02
4,0.4731,0.0231,2.3077,4.3333,0,4,65.0,2.1,0.0,3.0346,0.0,2,0.4403,2.4231,1.5,0.41,0.0554,0,0.02
4,0.5786,0.0643,-2.5714,2.6667,1,3,65.6,4.0,0.0,0.3343,0.0,1,0.5598,5.1429,1.5,0.45,0.0329,1,0.05
4,0.15,0.0125,5.0,1.6667,1,2,76.6,2.3,0.0,0.6,0.0,2,0.4888,2.875,1.5,0.12,0.0282,1,0.01
4,0.765,0.0112,30.375,2.6667,0,4,75.4,9.7,0.0,1.3275,0.0,5,0.4918,10.9125,1.5,0.68,0.0263,0,0.01
4,0.0708,0.0101,2.0225,3.0,1,4,77.8,2.2,0.0,0.8494,0.0,2,0.4003,2.2247,1.5,0.07,0.0231,0,0.01
4,0.7222,0.1111,66.6667,6.6667,0,3,78.4,14.2,0.0,0.3222,0.0,13,0.4523,15.7778,1.5,0.65,0.0413,1,0.1
4,0.0,0.0134,8.0597,5.6667,0,3,77.8,1.3,0.0,0.994,0.0,2,0.3517,1.7463,1.5,0.0,0.0324,0,0.01
4,0.0,0.1875,7.5,5.3333,1,2,68.2,1.1,0.0,2.0625,0.0,1,0.3695,4.125,1.5,0.0,0.0475,0,0.05
4,0.7667,0.2333,146.6667,4.6667,0,2,57.6,11.3,0.0,1.1,0.0,11,0.2969,37.6667,1.5,0.23,0.075,0,0.07
4,0.3795,0.1084,37.9518,7.0,1,2,56.4,7.5,0.0,3.6976,0.0,9,0.3926,8.1325,1.5,0.35,0.1053,0,0.1
3,0.5786,0.0,6.4286,1.0,1,2,14.0,1.0,0.6429,0.0,0.0,1,0.5786,6.4286,1.5,0.09,0.0,0,0.0
3,3.15,0.0,-12.8571,1.0,0,3,14.0,2.1,-1.2857,5.9143,0.0,1,1.8643,13.5,1.5,0.49,0.0,0,0.0
3,0.0,0.0,15.0,1.0,1,3,13.3333,0.4,1.5,1.725,0.0,1,1.305,3.0,1.5,0.0,0.0,0,0.0
3,0.15,0.05,35.0,1.0,0,3,14.5,1.3,3.5,0.5,0.0,1,0.9466,6.5,1.5,0.03,0.0155,0,0.01
3,0.038,0.0127,6.338,1.6667,1,2,25.8,1.3,0.6338,1.2549,0.0,3,0.4465,1.6479,1.5,0.03,0.014,0,0.01
3,0.0522,0.0261,18.2609,2.3333,1,2,36.8,4.1,1.8261,0.0522,0.0,3,0.2886,5.3478,1.5,0.04,0.0196,1,0.02
3,0.0,0.02,14.0,2.3333,0,2,43.0,1.2,1.4,1.3,0.0,1,0.0419,2.4,1.5,0.0,0.0209,0,0.01
3,0.04,0.02,10.0,1.6667,0,2,49.6,2.8,1.0,1.52,0.0,1,0.0435,5.6,1.5,0.02,0.0218,0,0.01
3,0.0,0.0,-45.0,0.6667,1,4,46.4,0.0,-4.5,1.35,0.0,0,0.0349,0.0,1.5,0.0,0.0194,0,0.0
3,0.0,0.02,10.0,0.6667,1,2,41.2,0.8,1.0,3.56,0.0,1,0.0262,1.6,1.5,0.0,0.0218,0,0.01
3,0.0,0.09,9.0,0.6667,0,2,29.4,0.3,0.9,0.9,0.0,1,0.0122,2.7,1.5,0.0,0.0245,0,0.01
3,0.0,0.0,270.0,1.0,1,3,20.6,0.0,27.0,0.0,0.0,1,0.0175,0.0,1.5,0.0,0.0262,0,0.0
3,0.0,1.0091,-5.4545,0.6667,0,3,18.2,0.1,-0.5455,1.0364,0.0,0,0.0,0.2727,1.5,0.0,0.3857,1,0.37
3,0.0,0.0,19.2857,0.6667,1,2,20.6,0.1,1.9286,1.1571,0.0,1,0.0,0.6429,1.5,0.0,0.3408,0,0.0
3,0.0,0.0,12.8571,0.6667,0,3,15.8,0.1,1.2857,0.4714,0.0,1,0.0,0.4286,1.5,0.0,0.4329,0,0.0
3,0.0,0.0,90.0,1.0,1,3,14.4,0.6,9.0,3.0,0.0,1,0.0,18.0,1.5,0.0,0.4625,0,0.0
3,0.0,0.0,22.5,1.0,0,2,16.6,0.0,2.25,2.475,0.0,1,0.0,0.0,1.5,0.0,0.4012,1,0.0
3,0.0,1.1613,17.4194,1.0,0,3,16.2,0.9,1.7419,1.5968,0.0,1,0.0,2.6129,1.5,0.0,0.4444,0,0.4
3,0.1929,0.0514,7.7143,1.6667,1,4,27.4,5.3,0.7714,0.3343,0.0,3,0.0985,6.8143,1.5,0.15,0.2891,0,0.04
3,0.0,0.1286,5.7143,2.3333,1,3,35.8,1.3,0.5714,0.6429,0.0,3,0.0754,1.8571,1.5,0.0,0.2665,1,0.09
3,0.0,0.0,20.0,2.3333,0,2,37.0,0.1,2.0,3.4,0.0,1,0.073,1.0,1.5,0.0,0.2578,0,0.0
3,0.3273,0.0,49.0909,1.6667,1,3,36.8,0.4,4.9091,0.9,0.0,1,0.0929,3.2727,1.5,0.04,0.2592,0,0.0
3,0.0,0.0,11.25,1.0,0,3,32.2,0.0,1.125,3.375,0.0,1,0.1062,0.0,1.5,0.0,0.0727,0,0.0
3,0.0,0.15,22.5,1.0,0,3,20.6,1.5,2.25,0.3,0.0,1,0.035,11.25,1.5,0.0,0.0961,0,0.02
3,0.0,0.0,11.25,1.0,1,2,12.8,0.9,1.125,2.0625,0.0,1,0.0562,3.375,1.5,0.0,0.0281,0,0.0
3,0.0,0.0,51.4286,1.0,0,3,12.4,0.2,5.1429,1.5429,0.0,1,0.0581,2.5714,1.5,0.0,0.029,1,0.0
3,0.75,0.0,45.0,1.0,1,2,11.4,2.2,4.5,0.0,0.0,1,0.0789,33.0,1.5,0.05,0.0316,0,0.0
2,0.0,1.65,120.0,1.0,1,4,6.0,2.7,18.0,1.8,0.0,1,0.0,40.5,1.5,0.0,1.65,1,0.11
2,0.0,0.9,270.0,1.0,1,3,3.5,0.1,40.5,0.0,0.0,1,0.0,9.0,1.5,0.0,1.5429,0,0.01
2,0.0,0.01,9.0,1.0,1,3,32.3333,1.0,1.35,1.42,0.0,1,0.0,1.0,1.5,0.0,0.1206,1,0.01
2,0.0,0.01,10.0,1.0,0,4,46.75,2.1,1.5,1.08,0.0,1,0.0,2.1,1.5,0.0,0.0674,0,0.01
2,0.0,0.01,10.0,1.3333,0,3,55.4,2.0,1.5,2.46,0.0,2,0.0,2.0,1.5,0.0,0.0487,0,0.01
2,0.11,0.03,5.0,0.6667,0,4,72.2,1.8,0.75,1.51,0.0,-1,0.0274,1.8,1.5,0.11,0.0175,0,0.03
2,0.03,0.06,9.0,0.3333,1,3,90.0,2.8,1.35,1.81,0.0,0,0.028,2.8,1.5,0.03,0.024,0,0.06
2,0.0303,0.0,10.1124,-0.3333,0,3,89.8,1.4,1.5169,1.2944,0.0,0,0.0341,1.4157,1.5,0.03,0.022,0,0.0
2,0.0,0.03,11.0,0.3333,0,4,89.8,2.4,1.65,2.66,0.0,1,0.0341,2.4,1.5,0.0,0.0261,0,0.03
2,0.1,0.15,11.0,0.6667,1,4,89.8,7.7,1.65,0.5,0.0,1,0.0541,7.7,1.5,0.1,0.0541,1,0.15
2,0.02,0.01,25.0,2.6667,1,2,89.8,3.3,3.75,1.11,0.0,6,0.0361,3.3,1.5,0.02,0.0501,0,0.01
2,0.45,0.0,20.0,4.6667,0,2,89.8,6.3,3.0,1.52,0.0,7,0.1203,6.3,1.5,0.45,0.0381,0,0.0
2,0.0,0.0,29.0,7.3333,1,3,90.0,2.4,4.35,0.84,0.0,9,0.114,2.4,1.5,0.0,0.038,0,0.0
2,0.0,0.12,19.0,5.3333,1,3,90.0,4.0,2.85,3.41,0.0,0,0.114,4.0,1.5,0.0,0.056,0,0.12
3,1.4062,0.0562,112.5,6.0,1,3,16.0,6.9,11.25,5.85,0.0,6,1.4062,38.8125,1.5,0.25,0.0562,0,0.01
3,0.0,0.1,25.0,3.5,1,4,17.0,2.9,2.5,2.65,0.0,1,0.6618,14.5,1.5,0.0,0.0794,0,0.02
3,9.0,0.9,270.0,2.6667,1,3,11.6667,0.9,27.0,40.5,0.0,1,0.9,81.0,1.5,0.1,0.1029,0,0.01
3,0.0,0.1607,22.5,2.3333,0,3,29.75,5.4,2.25,1.0286,0.0,5,0.2647,5.7857,1.5,0.0,0.1437,1,0.15
3,0.0,0.1138,8.2759,2.6667,1,4,41.2,3.6,0.8276,1.3138,0.0,2,0.1529,3.7241,1.5,0.0,0.1311,0,0.11
3,0.0964,0.0,-6.4286,2.6667,0,2,43.6,1.2,-0.6429,1.3821,0.0,1,0.0537,3.8571,1.5,0.03,0.1197,1,0.0
3,0.35,0.04,23.0,3.3333,1,3,58.0,8.0,2.3,2.49,0.0,7,0.149,8.0,1.5,0.35,0.0962,1,0.04
3,0.0,0.19,6.0,3.3333,0,4,75.8,2.1,0.6,0.75,0.0,2,0.0902,2.1,1.5,0.0,0.1164,1,0.19
3,0.1929,0.0257,3.8571,3.6667,1,2,73.0,4.5,0.3857,0.5271,0.0,2,0.1307,5.7857,1.5,0.15,0.0888,1,0.02
3,0.0506,0.0202,11.1236,2.0,0,4,73.4,1.9,1.1124,0.6775,0.0,2,0.1422,1.9213,1.5,0.05,0.0662,1,0.02
3,0.43,0.1,25.0,4.3333,1,3,85.8,9.6,2.5,1.32,0.0,9,0.2056,9.6,1.5,0.43,0.0776,0,0.1
3,0.0,0.07,12.0,4.0,0,4,85.8,2.2,1.2,1.69,0.0,1,0.1322,2.2,1.5,0.0,0.0839,0,0.07
3,0.1,0.35,10.0,4.0,0,2,85.8,11.4,1.0,1.93,0.0,2,0.1531,11.4,1.5,0.1,0.1175,0,0.35
3,0.1843,0.0651,9.759,1.6667,1,4,88.4,6.8,0.9759,1.3446,0.0,2,0.1527,7.3735,1.5,0.17,0.1222,0,0.06
3,0.61,0.21,31.0,4.6667,1,4,88.6,17.6,3.1,0.94,0.0,10,0.2661,17.6,1.5,0.61,0.1605,0,0.21
3,0.0,0.0346,4.6154,4.6667,0,2,86.2,0.9,0.4615,2.1231,0.0,2,0.1838,1.0385,1.5,0.0,0.1503,0,0.03
3,0.1,0.06,4.0,4.3333,0,3,77.2,3.3,0.4,2.06,0.0,1,0.2168,6.6,1.5,0.05,0.1585,0,0.03
3,0.49,0.05,39.0,6.0,0,2,77.2,16.2,3.9,0.58,0.0,15,0.3078,16.2,1.5,0.49,0.0886,0,0.05
3,0.19,0.15,7.0,6.0,1,2,78.6,5.1,0.7,0.28,0.0,2,0.3069,5.1,1.5,0.19,0.1076,0,0.15
3,0.0,0.18,6.0,6.0,0,3,69.6,3.3,0.6,2.04,0.0,1,0.1888,6.6,1.5,0.0,0.0905,1,0.09
3,0.0797,0.0911,6.8354,2.0,1,4,69.8,4.8,0.6835,0.7633,0.0,3,0.2063,5.4684,1.5,0.07,0.1032,0,0.08
3,0.0,0.0988,6.5854,2.0,0,3,77.2,2.6,0.6585,2.8207,0.0,2,0.1749,2.8537,1.5,0.0,0.1073,1,0.09
3,0.0247,0.1356,24.6575,2.6667,0,4,73.8,6.3,2.4658,0.5918,0.0,3,0.0683,7.7671,1.5,0.02,0.1268,1,0.11
3,0.12,0.04,7.0,2.3333,1,2,73.8,3.3,0.7,3.23,0.0,2,0.0512,3.3,1.5,0.12,0.1,0,0.04
3,0.3197,0.1303,5.9211,2.3333,0,3,80.0,10.1,0.5921,1.9539,0.0,2,0.108,11.9605,1.5,0.27,0.0968,1,0.11
3,0.08,0.0,-6.0,1.6667,1,3,73.2,0.9,-0.6,0.96,0.0,1,0.1107,1.8,1.5,0.04,0.0861,0,0.0
3,0.0554,0.0415,5.5385,1.6667,0,3,69.8,2.3,0.5538,2.7,0.0,2,0.1264,3.1846,1.5,0.04,0.0748,0,0.03
3,0.3,0.42,18.0,1.6667,1,2,73.2,16.1,1.8,0.06,0.0,2,0.1893,16.1,1.5,0.3,0.1475,0,0.42
3,0.1151,0.1465,17.7907,2.0,0,3,72.4,5.5,1.7791,2.2814,0.0,2,0.189,5.7558,1.5,0.11,0.174,0,0.14
3,0.25,0.12,3.0,2.0,1,3,75.2,4.6,0.3,1.48,0.0,2,0.1771,4.6,1.5,0.25,0.1699,0,0.12
3,0.0,0.4612,7.875,2.0,1,3,82.2,3.1,0.7875,1.1475,0.0,2,0.1533,3.4875,1.5,0.0,0.2453,0,0.41
3,0.08,0.04,-2.0,1.0,1,2,45.0,1.5,-0.2,0.9,0.0,1,0.08,3.0,1.5,0.04,0.04,0,0.02
3,0.3789,0.1421,0.0,1.0,1,3,32.0,1.6,0.0,1.4211,0.0,1,0.1687,7.5789,1.5,0.08,0.0703,0,0.03
3,0.0,0.0818,40.9091,1.0,0,4,25.0,1.0,4.0909,1.3909,0.0,1,0.144,8.1818,1.5,0.0,0.072,0,0.01
3,0.3,0.32,14.0,1.6667,1,3,30.0,3.3,1.4,2.02,0.0,3,0.2025,6.6,1.5,0.15,0.165,0,0.16
3,0.0,0.02,-6.0,1.3333,0,4,33.0,0.6,-0.6,2.12,0.0,0,0.1473,1.2,1.5,0.0,0.1255,0,0.01
3,0.0804,0.0161,36.9643,3.3333,0,3,35.2,6.8,3.6964,1.7839,0.0,7,0.1432,10.9286,1.5,0.05,0.1125,0,0.01
3,0.0529,0.1721,2.6471,2.6667,1,3,45.0,2.1,0.2647,1.5882,0.0,1,0.096,2.7794,1.5,0.04,0.128,0,0.13
3,0.0,0.0,54.0,3.0,1,4,43.8,0.4,5.4,0.0,0.0,1,0.0986,7.2,1.5,0.0,0.1274,0,0.0
3,0.0,0.0,12.0,1.0,0,3,40.8,0.5,1.2,2.91,0.0,1,0.0397,1.5,1.5,0.0,0.0662,0,0.0
3,0.16,0.02,8.0,1.0,0,2,40.8,2.2,0.8,0.66,0.0,1,0.075,4.4,1.5,0.08,0.0662,0,0.01
3,0.1552,0.031,4.6552,0.6667,1,3,41.2,3.6,0.4655,1.6293,0.0,0,0.0961,5.5862,1.5,0.1,0.0699,1,0.02
3,0.0493,0.1356,11.0959,1.3333,0,3,42.2,7.0,1.1096,0.8384,0.0,3,0.0938,8.6301,1.5,0.04,0.0597,0,0.11
3,0.3094,0.0141,0.0,2.0,1,3,54.0,1.5,0.0,1.3922,0.0,3,0.1467,2.1094,1.5,0.22,0.05,0,0.01
3,0.0,0.08,-4.0,2.3333,0,3,57.0,2.3,-0.4,4.04,0.0,1,0.1389,4.6,1.5,0.0,0.06,0,0.04
3,0.3418,0.0,30.7595,3.6667,1,2,63.8,9.9,3.0759,0.2165,0.0,7,0.1862,11.2785,1.5,0.3,0.0508,0,0.0
3,0.1756,0.0659,5.4878,3.0,0,3,68.6,1.7,0.5488,1.372,0.0,1,0.1889,1.8659,1.5,0.16,0.0577,0,0.06
3,0.4846,0.0554,34.6154,5.0,0,3,67.0,8.5,3.4615,0.2908,0.0,7,0.2767,11.7692,1.5,0.35,0.0403,0,0.04
3,0.0,0.2375,16.25,3.6667,1,2,68.6,8.2,1.625,0.1,0.0,3,0.2125,10.25,1.5,0.0,0.0866,0,0.19
3,0.5516,0.029,-5.8065,3.6667,0,3,65.8,0.7,-0.5806,1.8,0.0,1,0.2736,2.0323,1.5,0.19,0.0821,1,0.01
3,0.0,0.135,22.5,1.6667,0,4,54.0,1.8,2.25,2.34,0.0,1,0.2333,8.1,1.5,0.0,0.11,1,0.03
3,0.0863,0.111,8.6301,1.3333,0,3,52.2,2.2,0.863,0.5918,0.0,2,0.2103,2.7123,1.5,0.07,0.1241,1,0.09
3,0.0,0.1333,13.3333,1.3333,1,3,44.6,1.1,1.3333,2.3667,0.0,1,0.1049,3.6667,1.5,0.0,0.1453,1,0.04
3,0.0,0.4154,6.9231,1.3333,0,3,32.8,0.3,0.6923,0.2769,0.0,1,0.1427,2.0769,1.5,0.0,0.1262,0,0.06
3,0.39,0.05,8.0,1.3333,0,4,44.6,5.4,0.8,2.26,0.0,2,0.1857,5.4,1.5,0.39,0.109,1,0.05
3,0.0,0.015,3.0,2.0,1,3,52.6,0.7,0.3,0.09,0.0,3,0.1574,1.05,1.5,0.0,0.0856,0,0.01
3,0.1091,0.0136,8.1818,2.3333,0,3,51.2,1.8,0.8182,2.6318,0.0,2,0.1652,2.4545,1.5,0.08,0.0598,0,0.01
3,0.0,0.013,6.5217,2.3333,1,3,59.6,1.7,0.6522,1.8913,0.0,2,0.1419,2.2174,1.5,0.0,0.0423,0,0.01
3,0.0931,0.0931,3.1034,1.0,0,2,29.0,0.1,0.3103,2.9483,0.0,1,0.0931,0.3103,1.5,0.03,0.0931,0,0.03
3,0.0,0.03,15.0,2.0,1,4,59.5,2.4,1.5,0.43,0.0,3,0.0227,2.4,1.5,0.0,0.0454,0,0.03
3,0.0947,0.0474,13.0263,2.0,1,2,65.0,2.0,1.3026,0.7579,0.0,2,0.0508,2.3684,1.5,0.08,0.0462,0,0.04
3,0.0346,0.0115,16.1538,2.3333,1,3,68.25,2.3,1.6154,0.7269,0.0,2,0.0462,2.6538,1.5,0.03,0.0363,0,0.01
3,0.0,0.01,12.0,2.3333,0,2,72.6,1.8,1.2,1.08,0.0,3,0.0347,1.8,1.5,0.0,0.0298,0,0.01
3,0.0,0.04,15.0,2.0,0,3,84.8,4.9,1.5,0.75,0.0,1,0.0233,4.9,1.5,0.0,0.0276,0,0.04
3,0.0,0.15,9.0,2.0,1,3,84.8,2.6,0.9,1.06,0.0,2,0.0233,2.6,1.5,0.0,0.0531,0,0.15
3,0.0,0.09,12.375,1.3333,1,3,85.6,2.0,1.2375,0.5963,0.0,1,0.0063,2.25,1.5,0.0,0.061,0,0.08
3,0.0,0.05,10.0,1.6667,0,3,88.0,2.2,1.0,0.94,0.0,2,0.0,2.2,1.5,0.0,0.0675,0,0.05
3,0.0303,0.0101,14.1573,1.3333,1,3,87.8,2.8,1.4157,2.8618,0.0,1,0.0062,2.8315,1.5,0.03,0.0677,0,0.01
3,0.0,0.0429,0.0,1.3333,0,4,74.0,0.4,0.0,1.5,0.0,1,0.0073,1.7143,1.5,0.0,0.073,0,0.01
3,0.02,0.02,4.0,1.3333,1,4,74.0,1.3,0.4,1.02,0.0,2,0.0122,1.3,1.5,0.02,0.0414,1,0.02
3,0.0,0.01,9.0,1.6667,0,2,76.0,2.5,0.9,4.07,0.0,2,0.0118,2.5,1.5,0.0,0.0237,0,0.01
3,0.0,0.03,17.0,2.0,0,2,76.0,1.9,1.7,1.08,0.0,2,0.0118,1.9,1.5,0.0,0.0189,0,0.03
3,0.04,0.04,18.0,2.3333,1,3,76.2,5.4,1.8,0.37,0.0,3,0.0142,5.4,1.5,0.04,0.026,0,0.04
3,0.0,0.07,8.0,2.0,1,3,90.0,3.3,0.8,1.08,0.0,1,0.012,3.3,1.5,0.0,0.034,0,0.07
3,0.0,0.01,20.0,2.0,0,3,90.0,2.9,2.0,2.53,0.0,2,0.008,2.9,1.5,0.0,0.032,0,0.01
3,0.0,0.03,17.0,2.0,1,3,90.0,3.2,1.7,0.86,0.0,3,0.008,3.2,1.5,0.0,0.036,1,0.03
3,0.0,0.0277,12.4615,2.0,0,2,85.0,0.7,1.2462,3.0877,0.0,1,0.0085,0.9692,1.5,0.0,0.036,0,0.02
3,0.0,0.3484,24.6774,2.6667,1,3,79.4,4.9,2.4677,0.9581,0.0,4,0.0,7.1129,1.5,0.0,0.0839,1,0.24
3,0.0,0.06,19.0,2.3333,0,2,79.4,5.7,1.9,0.55,0.0,2,0.0,5.7,1.5,0.0,0.0816,1,0.06
3,0.0,0.01,8.0,2.3333,0,2,79.4,1.6,0.8,2.91,0.0,1,0.0,1.6,1.5,0.0,0.0816,0,0.01
3,0.0,0.03,12.0,1.6667,0,3,79.4,3.5,1.2,1.83,0.0,2,0.0,3.5,1.5,0.0,0.0816,0,0.03
3,0.02,0.01,15.0,1.3333,1,2,84.4,2.0,1.5,0.8,0.0,1,0.0043,2.0,1.5,0.02,0.0746,0,0.01
3,0.0,0.05,18.75,1.6667,1,2,86.4,1.2,1.875,1.4,0.0,2,0.0042,1.5,1.5,0.0,0.0312,1,0.04
3,0.0643,0.0514,7.7143,1.3333,1,2,82.4,2.9,0.7714,2.0186,0.0,1,0.0153,3.7286,1.5,0.05,0.0284,0,0.04
3,0.0,0.11,9.0,1.6667,0,2,82.4,2.4,0.9,1.36,0.0,2,0.0153,2.4,1.5,0.0,0.0502,1,0.11
3,0.03,0.02,13.0,2.0,1,3,82.4,3.9,1.3,1.41,0.0,3,0.0218,3.9,1.5,0.03,0.0481,0,0.02
3,0.0,0.02,12.0,2.3333,0,3,82.4,1.4,1.2,3.37,0.0,2,0.0175,1.4,1.5,0.0,0.0502,1,0.02
3,0.05,0.22,13.0,2.0,0,2,86.0,5.4,1.3,0.87,0.0,1,0.0272,5.4,1.5,0.05,0.0858,0,0.22
3,0.0,0.01,9.0,2.0,1,3,90.0,2.6,0.9,1.54,0.0,3,0.016,2.6,1.5,0.0,0.076,0,0.01
3,0.02,0.21,28.0,3.3333,1,4,90.0,6.4,2.8,1.04,0.0,6,0.02,6.4,1.5,0.02,0.096,0,0.21
3,0.0,0.26,31.0,5.6667,0,3,90.0,7.8,3.1,1.62,0.0,8,0.014,7.8,1.5,0.0,0.144,0,0.26
3,0.0,0.02,11.0,5.0,0,3,90.0,3.3,1.1,1.24,0.0,1,0.014,3.3,1.5,0.0,0.144,0,0.02
3,0.0286,0.0286,48.5714,6.3333,1,2,84.6,8.5,4.8571,2.1,0.0,10,0.0085,12.1429,1.5,0.02,0.1106,0,0.02
3,0.0493,0.1356,14.7945,3.0,1,3,73.0,0.0,1.4795,0.5055,0.0,3,0.0493,0.0,1.5,0.04,0.1356,0,0.11
3,0.0,0.2,40.0,2.0,0,3,41.0,1.9,4.0,1.8,0.0,1,0.0439,19.0,1.5,0.0,0.1427,1,0.02
3,0.0,0.0692,-6.9231,1.3333,1,3,31.6667,0.0,-0.6923,3.2538,0.0,0,0.0379,0.0,1.5,0.0,0.1326,0,0.01
3,0.0,0.0,14.2105,1.0,0,3,42.75,2.6,1.4211,1.1368,0.0,2,0.0211,3.0789,1.5,0.0,0.0737,0,0.0
3,0.0863,0.1973,25.8904,2.3333,1,3,48.8,3.9,2.589,0.7151,0.0,5,0.0406,4.8082,1.5,0.07,0.1107,1,0.16
3,0.0,0.0643,20.5714,3.0,1,3,48.2,6.1,2.0571,0.5271,0.0,2,0.0261,7.8429,1.5,0.0,0.0896,0,0.05
3,0.0,0.0409,8.1818,2.6667,0,2,50.8,0.4,0.8182,0.9409,0.0,1,0.0248,1.6364,1.5,0.0,0.0815,0,0.01
3,0.0397,0.225,2.6471,0.6667,1,2,61.8,3.0,0.2647,2.1706,0.0,-1,0.0291,3.9706,1.5,0.03,0.1136,0,0.17
3,0.16,0.02,0.0,0.3333,1,3,55.6,0.0,0.0,0.56,0.0,1,0.0583,0.0,1.5,0.08,0.1295,0,0.01
2,0.12,0.59,10.0,2.0,1,4,90.0,2.4,1.5,1.45,0.0,2,0.12,2.4,1.5,0.12,0.59,0,0.59
2,0.0,0.0,16.0,2.0,0,3,90.0,1.8,2.4,2.06,0.0,2,0.06,1.8,1.5,0.0,0.295,0,0.0
2,0.17,0.07,15.0,1.6667,1,3,90.0,7.6,2.25,3.33,0.0,1,0.0967,7.6,1.5,0.17,0.22,0,0.07
2,0.01,0.02,14.0,1.6667,1,2,90.0,3.3,2.1,1.3,0.0,2,0.075,3.3,1.5,0.01,0.17,0,0.02
2,0.0,0.01,17.0,1.6667,0,2,90.0,1.8,2.55,0.96,0.0,2,0.06,1.8,1.5,0.0,0.138,0,0.01
2,0.28,0.01,12.0,1.6667,1,3,90.0,3.8,1.8,1.37,0.0,1,0.092,3.8,1.5,0.28,0.022,0,0.01
2,0.0,0.16,11.0,0.3333,0,3,90.0,2.9,1.65,1.58,0.0,-2,0.092,2.9,1.5,0.0,0.054,0,0.16
2,0.79,0.06,27.0,2.3333,1,3,90.0,10.9,4.05,2.49,0.0,8,0.216,10.9,1.5,0.79,0.052,0,0.06
2,0.0,0.02,20.0,2.3333,0,3,90.0,2.2,3.0,0.75,0.0,1,0.214,2.2,1.5,0.0,0.052,1,0.02
2,0.08,0.02,12.0,3.6667,1,4,90.0,3.1,1.8,0.71,0.0,2,0.23,3.1,1.5,0.08,0.054,0,0.02
2,0.14,0.05,11.0,1.3333,0,2,90.0,4.5,1.65,0.71,0.0,1,0.202,4.5,1.5,0.14,0.062,1,0.05
2,0.15,0.5,7.5,0.3333,0,3,86.4,3.7,1.125,3.1875,0.0,-2,0.2354,4.625,1.5,0.12,0.1146,0,0.4
2,0.0,0.0536,17.1429,0.3333,1,2,85.2,4.8,2.5714,1.0071,0.0,2,0.0718,5.1429,1.5,0.0,0.1141,0,0.05
2,0.02,0.02,13.0,0.3333,0,2,85.2,3.9,1.95,2.26,0.0,1,0.0761,3.9,1.5,0.02,0.1141,0,0.02
2,0.12,0.05,9.0,1.6667,0,3,85.2,2.5,1.35,1.36,0.0,2,0.0845,2.5,1.5,0.12,0.1204,0,0.05
2,0.48,0.01,10.0,1.0,1,2,85.2,7.2,1.5,2.48,0.0,0,0.1563,7.2,1.5,0.48,0.112,0,0.01
2,0.0,0.03,26.0,2.6667,1,3,88.8,2.3,3.9,1.38,0.0,6,0.1257,2.3,1.5,0.0,0.0324,0,0.03
2,0.0,0.01,14.0,2.0,0,3,90.0,3.2,2.1,2.89,0.0,0,0.124,3.2,1.5,0.0,0.024,0,0.01
2,0.33,0.02,32.0,5.0,1,2,90.0,11.2,4.8,0.32,0.0,9,0.186,11.2,1.5,0.33,0.024,1,0.02
2,0.0,0.0,7.0,3.0,0,4,90.0,1.0,1.05,1.6,0.0,0,0.162,1.0,1.5,0.0,0.014,0,0.0
2,0.12,0.5,40.0,7.0,0,4,90.0,9.5,6.0,0.58,0.0,12,0.09,9.5,1.5,0.12,0.112,0,0.5
2,0.16,0.01,30.0,7.3333,1,2,90.0,12.1,4.5,0.28,0.0,10,0.122,12.1,1.5,0.16,0.108,0,0.01
2,0.0466,0.0155,13.9655,7.3333,0,3,83.6,3.9,2.0948,0.9621,0.0,0,0.1378,6.0517,1.5,0.03,0.1163,0,0.01
2,0.03,0.01,27.0,5.6667,1,4,83.6,3.2,4.05,0.68,0.0,7,0.0732,3.2,1.5,0.03,0.1141,0,0.01
2,0.07,0.03,22.0,2.6667,0,2,83.6,8.0,3.3,2.79,0.0,1,0.0883,8.0,1.5,0.07,0.1206,1,0.03
2,0.0,0.02,28.0,5.0,0,3,83.6,3.4,4.2,0.5,0.0,7,0.0624,3.4,1.5,0.0,0.0172,0,0.02
2,0.0,0.03,15.0,3.0,1,3,83.6,3.8,2.25,3.23,0.0,1,0.028,3.8,1.5,0.0,0.0215,0,0.03
2,0.0,0.01,18.0,3.6667,0,3,90.0,1.5,2.7,1.7,0.0,3,0.02,1.5,1.5,0.0,0.02,0,0.01
2,0.05,0.0,13.0,1.3333,1,3,90.0,3.6,1.95,1.3,0.0,0,0.024,3.6,1.5,0.05,0.018,0,0.0
2,0.0,0.01,18.0,1.3333,0,4,90.0,4.0,2.7,2.26,0.0,1,0.01,4.0,1.5,0.0,0.014,1,0.01
2,0.0,0.01,26.0,2.6667,1,4,90.0,1.6,3.9,0.06,0.0,7,0.01,1.6,1.5,0.0,0.012,0,0.01
2,0.03,0.0,15.0,3.3333,0,3,90.0,1.9,2.25,2.27,0.0,2,0.016,1.9,1.5,0.03,0.006,1,0.0
2,0.0,0.0,16.0,3.0,1,4,81.0,1.1,2.4,2.0,0.0,0,0.0178,2.2,1.5,0.0,0.0044,0,0.0
3,0.0,0.0,90.0,1.0,1,2,2.0,0.0,9.0,11.25,0.0,1,0.0,0.0,1.5,0.0,0.0,1,0.0
3,0.2727,0.7909,38.1818,4.0,0,4,34.0,9.4,3.8182,2.4136,0.0,7,0.2647,12.8182,1.5,0.2,0.7676,0,0.58
3,0.5294,0.0529,5.2941,3.0,1,4,28.3333,4.1,0.5294,1.0588,0.0,1,0.3176,21.7059,1.5,0.1,0.6247,0,0.01
3,0.24,0.02,0.0,3.0,0,3,32.5,1.9,0.0,0.46,0.0,1,0.2908,3.8,1.5,0.12,0.4154,1,0.01
3,0.0643,0.0,12.8571,1.0,1,3,28.8,0.0,1.2857,0.3857,0.0,1,0.2688,0.0,1.5,0.01,0.375,0,0.0
3,0.1731,0.0346,0.0,1.0,0,2,33.6,2.5,0.0,0.2077,0.0,1,0.2571,8.6538,1.5,0.05,0.3268,0,0.01
3,0.2613,0.0,2.9032,1.3333,1,3,32.8,3.1,0.2903,3.6581,0.0,2,0.2524,4.5,1.5,0.18,0.0165,0,0.0
3,0.5625,0.075,18.75,1.3333,0,3,34.2,2.0,1.875,1.1625,0.0,1,0.2684,7.5,1.5,0.15,0.0211,1,0.02
3,0.6517,0.7448,34.1379,1.3333,1,3,31.0,4.5,3.4138,0.0,0.0,1,0.3484,13.9655,1.5,0.21,0.1568,0,0.24
3,0.3955,0.5045,2.7273,1.0,0,3,41.4,6.4,0.2727,2.6318,0.0,1,0.3826,8.7273,1.5,0.29,0.2783,0,0.37
3,0.075,0.0429,7.5,1.3333,1,3,53.0,2.7,0.75,1.5857,0.0,2,0.3057,2.8929,1.5,0.07,0.2275,0,0.04
3,0.0,0.0,5.4545,1.3333,1,2,47.2,0.3,0.5455,2.4545,0.0,1,0.2746,0.8182,1.5,0.0,0.2555,0,0.0
2,0.11,0.86,34.0,7.0,1,3,90.0,16.0,5.1,1.45,0.0,7,0.11,16.0,1.5,0.11,0.86,0,0.86
2,0.25,0.05,33.0,9.0,0,3,90.0,10.8,4.95,2.06,0.0,11,0.18,10.8,1.5,0.25,0.455,1,0.05
2,0.0,0.17,16.0,6.3333,1,2,90.0,7.2,2.4,3.33,0.0,1,0.12,7.2,1.5,0.0,0.36,0,0.17
2,0.03,0.04,12.0,4.6667,1,2,90.0,4.1,1.8,1.3,0.0,2,0.0975,4.1,1.5,0.03,0.28,0,0.04
2,0.02,0.33,25.0,3.0,1,4,90.0,4.9,3.75,1.37,0.0,6,0.082,4.9,1.5,0.02,0.29,0,0.33
2,0.98,0.04,-16.0,2.0,0,3,81.0,2.0,-2.4,2.3,0.0,-2,0.1756,4.0,1.5,0.49,0.1356,0,0.02
2,0.06,0.0,46.0,3.3333,1,2,72.0,5.3,6.9,3.82,0.0,6,0.1425,10.6,1.5,0.03,0.14,1,0.0
2,0.0,0.06,30.0,3.3333,0,3,72.0,5.2,4.5,0.68,0.0,6,0.1425,5.2,1.5,0.0,0.1125,0,0.06
2,0.0,0.1394,38.0282,6.6667,1,4,68.2,6.2,5.7042,1.2549,0.0,8,0.1425,7.8592,1.5,0.0,0.1372,0,0.11
2,0.0,0.02,14.0,4.6667,0,2,59.2,0.8,2.1,4.04,0.0,0,0.1581,1.6,1.5,0.0,0.0608,0,0.01
2,0.0,0.09,36.0,3.0,1,3,52.2,1.9,5.4,1.17,0.0,1,0.0103,17.1,1.5,0.0,0.0655,0,0.01
2,0.0,0.01,7.0,0.3333,0,2,61.2,1.7,1.05,1.6,0.0,0,0.0,1.7,1.5,0.0,0.0588,0,0.01
2,0.0,0.1,10.0,0.6667,0,3,45.0,1.0,1.5,3.7,0.0,1,0.0,10.0,1.5,0.0,0.06,1,0.01
2,0.0,0.66,15.0,0.6667,1,3,36.8,3.8,2.25,0.69,0.0,1,0.0,11.4,1.5,0.0,0.1272,0,0.22
2,0.05,0.22,12.0,0.6667,0,2,45.8,10.3,1.8,1.24,0.0,0,0.0197,10.3,1.5,0.05,0.1847,0,0.22
2,0.0,0.012,28.8,2.3333,1,4,58.8,1.3,4.32,0.744,0.0,6,0.0153,1.56,1.5,0.0,0.1439,1,0.01
2,0.0,0.06,16.0,2.3333,0,3,58.8,2.8,2.4,2.76,0.0,1,0.0153,2.8,1.5,0.0,0.1592,0,0.06
2,0.02,0.03,17.0,2.6667,1,3,75.0,3.5,2.55,3.23,0.0,1,0.0168,3.5,1.5,0.02,0.1296,1,0.03
2,0.0,0.0,22.5,1.0,0,2,71.4,0.2,3.375,0.45,0.0,1,0.0176,1.5,1.5,0.0,0.0807,1,0.0
4,6.675,0.225,187.5,5.0,1,2,12.0,8.0,0.0,7.8,0.0,5,6.675,60.0,1.5,0.89,0.225,1,0.03
4,0.3522,0.0391,-3.913,3.0,0,2,17.5,0.8,0.0,1.1348,0.0,1,2.52,3.1304,1.5,0.09,0.1029,0,0.01
4,0.67,0.04,-2.0,2.6667,1,4,41.6667,8.4,0.0,3.33,0.0,2,1.188,8.4,1.5,0.67,0.0576,0,0.04
4,1.0238,0.0338,91.125,6.6667,1,3,51.25,15.9,0.0,0.945,0.0,17,1.1239,17.8875,1.5,0.91,0.0483,1,0.03
4,1.8,0.0,18.0,6.6667,0,4,42.0,2.2,0.0,0.0,0.0,1,1.14,39.6,1.5,0.1,0.0471,0,0.0
4,0.04,0.66,6.0,6.3333,1,2,48.6,2.6,0.0,0.9,0.0,1,0.663,5.2,1.5,0.02,0.1519,0,0.33
4,0.0,0.0,-6.0,1.0,0,2,53.0,0.0,0.0,2.3,0.0,1,0.5774,0.0,1.5,0.0,0.1358,0,0.0
4,0.0763,0.0153,1.5254,1.0,1,2,46.8,1.7,0.0,3.3102,0.0,1,0.4154,2.5932,1.5,0.05,0.1423,0,0.01
4,0.0,0.0,3.6486,1.3333,0,3,45.6,0.4,0.0,0.5716,0.0,2,0.0671,0.4865,1.5,0.0,0.1342,0,0.0
4,0.187,0.0234,26.8831,3.6667,1,4,60.0,6.1,0.0,0.4792,0.0,8,0.069,7.1299,1.5,0.16,0.108,0,0.02
4,0.0,0.0537,8.0597,4.0,0,3,64.4,1.5,0.0,0.6582,0.0,2,0.0587,2.0149,1.5,0.0,0.0196,0,0.04
4,0.1066,0.0592,37.8947,5.0,0,3,70.6,6.5,0.0,1.9303,0.0,5,0.0765,7.6974,1.5,0.09,0.0306,0,0.05
4,0.19,0.0,5.0,3.0,0,3,76.8,2.8,0.0,1.93,0.0,2,0.1031,2.8,1.5,0.19,0.0258,0,0.0
4,0.0,0.0,8.5714,2.6667,1,3,66.2,0.4,0.0,0.5571,0.0,1,0.1196,1.7143,1.5,0.0,0.0299,0,0.0
4,0.12,0.07,8.0,1.6667,1,2,68.8,4.3,0.0,0.94,0.0,2,0.1047,4.3,1.5,0.12,0.0419,0,0.07
4,0.0,0.0153,1.5254,1.3333,0,4,67.2,1.0,0.0,1.9525,0.0,1,0.1071,1.5254,1.5,0.0,0.0348,0,0.01
4,0.0,0.0429,47.1429,2.3333,1,4,56.2,0.4,0.0,6.1286,0.0,4,0.0993,1.7143,1.5,0.0,0.0288,0,0.01
4,1.5261,0.0391,11.7391,2.0,0,2,42.8,1.2,0.0,0.0,0.0,1,0.2145,4.6957,1.5,0.39,0.0421,1,0.01
4,0.072,0.036,3.6,2.0,1,4,43.6,0.6,0.0,1.44,0.0,1,0.2188,2.16,1.5,0.02,0.0454,0,0.01
4,0.0,0.0,2.0,1.0,0,3,34.6,0.2,0.0,1.74,0.0,1,0.2133,0.4,1.5,0.0,0.0208,0,0.0
4,0.0265,0.0265,5.2941,1.3333,1,2,36.4,2.5,0.0,0.1853,0.0,2,0.2126,3.3088,1.5,0.02,0.0247,0,0.02
4,0.0,0.0,38.5714,1.3333,0,2,33.6,0.0,0.0,4.5,0.0,1,0.2304,0.0,1.5,0.0,0.0214,0,0.0
4,0.5625,0.0,7.5,1.3333,0,2,33.8,2.0,0.0,1.3875,0.0,1,0.1012,7.5,1.5,0.15,0.016,0,0.0
4,0.0243,0.0,9.7297,1.3333,1,3,43.6,2.8,0.0,0.1946,0.0,2,0.0784,3.4054,1.5,0.02,0.0083,0,0.0
4,0.6,0.08,-6.0,1.6667,0,2,52.6,3.7,0.0,1.24,0.0,2,0.2703,3.7,1.5,0.6,0.0342,0,0.08
4,0.0,0.0,4.5763,1.6667,1,3,50.8,1.2,0.0,0.6559,0.0,1,0.2728,1.8305,1.5,0.0,0.0283,1,0.0
4,0.0,0.0,38.5714,1.3333,0,2,50.8,0.1,0.0,2.8286,0.0,1,0.2728,1.2857,1.5,0.0,0.0283,0,0.0
3,0.1125,0.2812,22.5,1.0,1,2,16.0,1.8,2.25,5.85,0.0,1,0.1125,10.125,1.5,0.02,0.2812,0,0.05
3,0.0,0.03,15.0,1.5,0,3,53.0,1.9,1.5,2.06,0.0,2,0.017,1.9,1.5,0.0,0.0679,1,0.03
3,0.2746,0.4424,18.3051,1.3333,1,2,55.0,5.1,1.8305,3.3254,0.0,1,0.1091,7.7797,1.5,0.18,0.2018,0,0.29
3,0.0237,0.2132,36.7105,4.6667,1,3,60.25,6.1,3.6711,0.9947,0.0,11,0.0822,7.2237,1.5,0.02,0.2054,0,0.18
3,0.0,1.1077,41.5385,4.3333,0,2,50.8,1.6,4.1538,0.0,0.0,1,0.078,11.0769,1.5,0.0,0.2516,0,0.16
3,0.01,0.14,26.0,6.0,1,2,65.6,7.3,2.6,1.37,0.0,6,0.0576,7.3,1.5,0.01,0.2195,0,0.14
3,0.03,0.24,18.0,3.0,0,2,65.6,4.5,1.8,1.58,0.0,2,0.0659,4.5,1.5,0.03,0.2771,0,0.24
3,0.0,0.0,18.75,3.0,0,2,58.6,0.4,1.875,1.05,0.0,1,0.0184,1.5,1.5,0.0,0.2212,0,0.0
3,0.2842,0.1421,9.4737,1.3333,1,3,47.2,1.1,0.9474,1.4211,0.0,1,0.0381,5.2105,1.5,0.06,0.2174,0,0.03
3,0.0,0.0403,14.7761,1.0,0,4,58.0,1.5,1.4776,0.6582,0.0,1,0.031,2.0149,1.5,0.0,0.1366,1,0.03
3,0.0257,0.0386,11.5714,1.6667,1,4,54.0,1.7,1.1571,1.2986,0.0,3,0.0367,2.1857,1.5,0.02,0.11,0,0.03
3,0.2368,0.0474,14.2105,2.0,0,4,51.2,3.2,1.4211,1.9303,0.0,2,0.0984,3.7895,1.5,0.2,0.0457,1,0.04
3,0.02,0.09,12.0,2.3333,0,4,64.4,3.6,1.2,1.93,0.0,2,0.0839,3.6,1.5,0.02,0.0615,0,0.09
3,0.05,0.27,11.0,1.6667,1,3,78.6,7.3,1.1,1.33,0.0,1,0.0664,7.3,1.5,0.05,0.1053,0,0.27
3,0.1,0.14,18.0,1.3333,1,3,74.2,2.7,1.8,1.32,0.0,1,0.0825,5.4,1.5,0.05,0.1213,0,0.07
3,0.0,0.02,8.0,1.0,0,2,78.2,1.7,0.8,2.26,0.0,1,0.0737,1.7,1.5,0.0,0.1128,0,0.02
3,0.03,0.04,16.0,1.3333,0,3,81.0,4.1,1.6,1.36,0.0,2,0.0333,4.1,1.5,0.03,0.1089,0,0.04
3,0.0,0.03,18.0,1.6667,1,3,81.0,3.1,1.8,2.48,0.0,2,0.0289,3.1,1.5,0.0,0.0956,0,0.03
3,0.04,0.11,13.0,2.3333,0,4,81.0,3.8,1.3,0.68,0.0,3,0.0267,3.8,1.5,0.04,0.06,0,0.11
3,0.01,0.07,16.0,2.6667,1,2,90.0,3.1,1.6,1.38,0.0,3,0.016,3.1,1.5,0.01,0.054,0,0.07
3,0.03,0.015,19.5,2.6667,0,3,84.0,1.0,1.95,3.75,0.0,2,0.0214,1.5,1.5,0.02,0.0557,0,0.01
3,0.01,0.03,16.0,2.3333,1,3,84.0,2.1,1.6,0.32,0.0,2,0.0171,2.1,1.5,0.01,0.0536,1,0.03
3,0.0,0.02,12.0,2.0,0,2,84.0,1.7,1.2,1.25,0.0,2,0.0171,1.7,1.5,0.0,0.0514,0,0.02
3,0.05,0.13,12.0,2.0,0,4,84.0,4.2,1.2,0.58,0.0,2,0.0193,4.2,1.5,0.05,0.0557,0,0.13
3,0.045,0.045,3.375,1.0,1,2,82.0,2.6,0.3375,0.45,0.0,-1,0.0263,2.925,1.5,0.04,0.0505,0,0.04
3,0.06,0.19,10.0,0.6667,0,2,88.0,5.7,1.0,2.26,0.0,1,0.0327,5.7,1.5,0.06,0.0839,1,0.19
3,0.0,0.1138,9.3103,1.0,1,4,87.4,1.2,0.931,0.0621,0.0,3,0.0309,1.2414,1.5,0.0,0.1009,1,0.11
3,0.0628,0.0209,13.6047,1.6667,0,4,86.6,2.1,1.3605,2.2814,0.0,1,0.0436,2.1977,1.5,0.06,0.1018,0,0.02
3,0.0,0.1043,16.9565,2.0,1,2,82.4,1.3,1.6957,1.8913,0.0,2,0.035,1.6957,1.5,0.0,0.0961,0,0.08
3,0.0,0.1,-10.0,1.0,1,3,68.2,0.2,-1.0,1.8,0.0,0,0.0317,2.0,1.5,0.0,0.1082,0,0.01
3,0.49,0.47,18.0,2.0,1,3,90.0,13.6,1.8,1.45,0.0,2,0.49,13.6,1.5,0.49,0.47,0,0.47
3,0.0,0.1912,13.5,1.5,0,2,85.0,3.2,1.35,2.115,0.0,1,0.2594,3.6,1.5,0.0,0.3388,0,0.17
3,0.16,0.3,39.0,4.3333,1,3,86.6667,19.8,3.9,3.33,0.0,10,0.225,19.8,1.5,0.16,0.3254,0,0.3
3,0.0,0.0614,9.2045,4.6667,1,3,87.0,5.8,0.9205,0.8795,0.0,3,0.1681,5.9318,1.5,0.0,0.2586,0,0.06
3,0.34,0.01,34.0,7.6667,0,2,87.6,7.6,3.4,0.96,0.0,10,0.2034,7.6,1.5,0.34,0.2075,0,0.01
3,0.08,0.06,7.0,5.0,1,2,87.6,3.0,0.7,2.49,0.0,2,0.1192,3.0,1.5,0.08,0.1233,0,0.06
3,0.14,0.02,9.0,4.6667,0,3,89.6,1.5,0.9,0.75,0.0,2,0.1446,1.5,1.5,0.14,0.0904,0,0.02
3,0.08,0.13,22.0,3.3333,1,2,89.6,7.8,2.2,0.71,0.0,6,0.1286,7.8,1.5,0.08,0.0562,1,0.13
3,0.06,0.16,13.0,3.3333,0,2,90.0,4.1,1.3,0.71,0.0,2,0.14,4.1,1.5,0.06,0.076,0,0.16
3,0.0,0.09,15.0,3.6667,1,4,90.0,4.7,1.5,1.32,0.0,3,0.072,4.7,1.5,0.0,0.092,1,0.09
3,0.0,0.3,41.0,4.6667,0,4,90.0,14.2,4.1,1.69,0.0,9,0.056,14.2,1.5,0.0,0.14,0,0.3
3,0.4909,1.0364,19.0909,4.0,0,2,78.6,9.2,1.9091,2.2364,0.0,0,0.0733,25.0909,1.5,0.18,0.2427,0,0.38
3,0.4,0.31,32.0,7.0,1,2,78.6,10.8,3.2,1.33,0.0,12,0.1466,10.8,1.5,0.4,0.284,0,0.31
3,0.27,0.58,29.0,6.3333,1,2,78.6,17.8,2.9,0.94,0.0,7,0.1947,17.8,1.5,0.27,0.3802,0,0.58
3,0.41,0.17,10.0,6.6667,0,4,78.6,8.9,1.0,2.26,0.0,1,0.2885,8.9,1.5,0.41,0.3985,1,0.17
3,0.11,0.43,28.0,5.0,0,2,78.6,13.9,2.8,1.36,0.0,7,0.3137,13.9,1.5,0.11,0.4282,0,0.43
3,0.0,0.33,25.0,3.3333,1,3,90.0,8.2,2.5,2.48,0.0,2,0.238,8.2,1.5,0.0,0.364,1,0.33
3,0.62,0.14,10.0,4.0,0,3,90.0,8.5,1.0,0.68,0.0,3,0.282,8.5,1.5,0.62,0.33,1,0.14
3,0.0,0.71,17.0,2.6667,1,4,90.0,9.2,1.7,1.38,0.0,3,0.228,9.2,1.5,0.0,0.356,1,0.71
3,0.09,0.2,9.0,2.6667,0,4,90.0,5.3,0.9,2.89,0.0,2,0.164,5.3,1.5,0.09,0.362,0,0.2
3,0.1,0.38,45.0,5.3333,1,2,90.0,10.5,4.5,0.32,0.0,11,0.162,10.5,1.5,0.1,0.352,0,0.38
3,0.79,0.06,36.0,7.6667,0,2,90.0,8.6,3.6,1.6,0.0,10,0.32,8.6,1.5,0.79,0.298,0,0.06
3,0.9,0.79,39.0,9.6667,0,3,90.0,19.1,3.9,0.58,0.0,8,0.376,19.1,1.5,0.9,0.428,1,0.79
3,0.05,0.29,31.0,8.3333,1,4,90.0,13.5,3.1,0.28,0.0,7,0.386,13.5,1.5,0.05,0.344,0,0.29
3,0.0,0.2323,14.5161,5.3333,0,3,78.2,1.3,1.4516,1.8,0.0,1,0.4235,3.7742,1.5,0.0,0.3683,0,0.08
3,0.0,0.28,32.0,5.3333,1,4,78.2,7.6,3.2,0.68,0.0,8,0.4005,7.6,1.5,0.0,0.3453,0,0.28
3,0.0,0.08,11.0,3.3333,0,3,78.2,5.2,1.1,2.79,0.0,1,0.2187,5.2,1.5,0.0,0.3499,0,0.08
3,0.02,0.24,22.0,4.0,0,3,78.2,13.7,2.2,0.5,0.0,3,0.0161,13.7,1.5,0.02,0.2233,0,0.24
3,0.0,0.15,15.0,2.0,1,3,78.2,3.9,1.5,3.23,0.0,2,0.0046,3.9,1.5,0.0,0.191,0,0.15
3,0.11,0.23,18.0,2.6667,0,3,90.0,10.1,1.8,1.7,0.0,3,0.026,10.1,1.5,0.11,0.196,0,0.23
3,0.03,0.04,18.0,2.3333,1,3,90.0,4.5,1.8,1.3,0.0,2,0.032,4.5,1.5,0.03,0.148,0,0.04
3,0.0,0.23,18.0,2.3333,0,4,90.0,6.4,1.8,2.26,0.0,2,0.032,6.4,1.5,0.0,0.178,0,0.23
3,0.5,0.06,4.0,2.0,1,3,90.0,5.8,0.4,0.06,0.0,2,0.128,5.8,1.5,0.5,0.142,1,0.06
3,0.03,0.25,16.0,2.0,0,2,90.0,8.3,1.6,2.27,0.0,2,0.134,8.3,1.5,0.03,0.162,1,0.25
3,0.41,0.34,12.0,2.0,1,3,90.0,6.4,1.2,1.48,0.0,2,0.194,6.4,1.5,0.41,0.184,0,0.34
3,0.03,0.37,16.0,2.0,1,2,90.0,7.9,1.6,1.2,0.0,2,0.194,7.9,1.5,0.03,0.25,0,0.37
4,1.3448,0.031,26.8966,7.0,1,3,87.0,0.0,0.0,1.2414,0.0,7,1.3448,0.0,1.5,1.3,0.031,0,0.03
4,0.4364,0.0273,-2.7273,3.5,0,4,60.0,2.4,0.0,3.1364,0.0,0,1.095,6.5455,1.5,0.16,0.03,0,0.01
4,0.15,0.33,18.0,2.6667,1,2,50.0,5.1,0.0,3.45,0.0,1,0.906,15.3,1.5,0.05,0.09,0,0.11
4,0.2605,0.0118,5.9211,1.0,1,2,56.5,4.5,0.0,0.9947,0.0,2,0.6889,5.3289,1.5,0.22,0.0637,0,0.01
4,0.3462,0.5192,114.2308,3.3333,0,3,50.4,10.1,0.0,0.7962,0.0,7,0.6536,34.9615,1.5,0.1,0.1107,0,0.15
4,0.2667,0.7333,20.0,3.3333,1,3,38.4,3.2,0.0,2.8333,0.0,1,0.2859,10.6667,1.5,0.08,0.2344,1,0.22
4,0.08,1.52,32.0,4.0,0,2,40.8,5.7,0.0,0.86,0.0,4,0.2162,11.4,1.5,0.04,0.5515,0,0.76
4,0.583,0.1023,0.0,2.3333,1,4,52.4,4.5,0.0,2.4545,0.0,2,0.3469,4.6023,1.5,0.57,0.426,0,0.1
4,0.0,0.0281,4.2188,2.6667,0,3,50.0,0.7,0.0,0.675,0.0,2,0.2844,0.9844,1.5,0.0,0.45,0,0.02
4,1.05,0.075,7.5,1.6667,1,3,47.2,0.9,0.0,2.25,0.0,1,0.3165,6.75,1.5,0.14,0.4233,0,0.01
4,0.3,0.08,2.0,1.3333,0,3,50.8,2.8,0.0,0.46,0.0,1,0.3189,5.6,1.5,0.15,0.3295,0,0.04
4,0.24,0.08,-2.0,1.0,1,4,50.8,1.6,0.0,0.64,0.0,1,0.3472,3.2,1.5,0.12,0.0744,0,0.04
4,1.0696,0.0391,75.6522,5.0,0,4,47.0,12.9,0.0,2.1,0.0,13,0.4711,16.8261,1.5,0.82,0.0536,1,0.03
4,0.8727,0.0818,57.2727,6.0,0,2,40.8,10.0,0.0,2.2364,0.0,4,0.6838,27.2727,1.5,0.32,0.0662,1,0.03
4,0.6088,0.0662,3.9706,6.3333,1,4,52.0,6.2,0.0,1.5882,0.0,2,0.6473,8.2059,1.5,0.46,0.0658,0,0.05
4,0.42,0.2,5.0,2.6667,1,4,61.0,9.2,0.0,0.94,0.0,2,0.6315,9.2,1.5,0.42,0.1033,0,0.2
4,0.33,0.06,6.0,1.6667,0,3,58.0,1.4,0.0,2.91,0.0,1,0.661,4.2,1.5,0.11,0.1024,0,0.02
4,0.08,0.22,6.0,1.6667,0,4,62.2,2.9,0.0,1.36,0.0,2,0.4023,2.9,1.5,0.08,0.1505,1,0.22
4,2.11,0.14,68.0,6.3333,1,2,73.6,20.4,0.0,2.13,0.0,16,0.7777,20.4,1.5,2.11,0.1541,1,0.14
4,0.27,0.42,9.0,6.6667,0,3,78.0,7.5,0.0,0.68,0.0,2,0.69,7.5,1.5,0.27,0.2308,0,0.42
4,0.36,0.11,11.0,6.6667,1,3,78.0,8.1,0.0,1.38,0.0,2,0.6762,8.1,1.5,0.36,0.21,0,0.11
4,0.1414,0.2057,7.7143,2.0,0,2,86.0,5.2,0.0,3.2143,0.0,2,0.6133,6.6857,1.5,0.11,0.2198,0,0.16
4,0.6828,0.0724,39.3103,4.0,1,2,85.4,9.3,0.0,0.2897,0.0,8,0.7398,9.6207,1.5,0.66,0.1897,0,0.07
4,0.22,0.32,16.0,4.0,0,3,85.4,15.1,0.0,0.5,0.0,2,0.3415,15.1,1.5,0.22,0.2276,1,0.32
4,0.5,0.1,0.0,3.6667,1,3,72.8,1.6,0.0,2.3667,0.0,1,0.3709,5.3333,1.5,0.15,0.1706,0,0.03
4,0.2455,0.0409,-3.0682,1.6667,0,3,72.4,5.7,0.0,1.708,0.0,2,0.3431,5.8295,1.5,0.24,0.1541,0,0.04
4,0.23,0.06,2.0,1.6667,1,4,76.4,4.3,0.0,1.3,0.0,2,0.3534,4.3,1.5,0.23,0.1225,0,0.06
4,0.1966,0.1034,14.4828,2.0,0,3,76.4,9.2,0.0,2.3379,0.0,2,0.2427,9.5172,1.5,0.19,0.1296,0,0.1
4,1.51,0.14,26.0,3.0,1,3,76.4,16.9,0.0,0.06,0.0,5,0.5466,16.9,1.5,1.51,0.0872,1,0.14
4,0.03,0.87,23.0,4.0,1,2,89.0,7.5,0.0,1.48,0.0,5,0.4449,7.5,1.5,0.03,0.2447,0,0.87
4,0.79,0.13,6.0,4.0,1,2,89.4,7.1,0.0,1.2,0.0,2,0.5537,7.1,1.5,0.79,0.2617,1,0.13
3,0.0,0.1,40.0,1.0,0,3,9.0,1.7,4.0,1.8,0.0,1,0.0,17.0,1.5,0.0,0.1,0,0.01
3,0.0,0.12,12.0,1.0,1,4,19.5,2.5,1.2,3.45,0.0,1,0.0,7.5,1.5,0.0,0.1154,0,0.04
3,0.0,0.0,-20.0,0.6667,1,3,16.0,0.2,-2.0,4.7,0.0,0,0.0,2.0,1.5,0.0,0.0938,0,0.0
3,0.0,0.0143,10.0,1.3333,0,3,27.75,2.0,1.0,1.0429,0.0,3,0.0,2.8571,1.5,0.0,0.0486,0,0.01
3,0.0,0.1862,20.1724,1.3333,1,2,33.8,4.2,2.0172,0.2328,0.0,1,0.0,6.5172,1.5,0.0,0.0959,0,0.12
3,0.0,0.0,6.0,1.6667,0,2,41.0,0.7,0.6,0.98,0.0,1,0.0,1.4,1.5,0.0,0.0746,1,0.0
3,0.0,0.36,-2.0,1.0,1,3,44.0,2.7,-0.2,2.02,0.0,1,0.0,5.4,1.5,0.0,0.1268,0,0.18
3,0.0,0.02,2.0,1.0,0,3,51.2,0.9,0.2,1.26,0.0,1,0.0,1.8,1.5,0.0,0.1125,1,0.01
3,0.0964,0.0643,19.2857,2.0,0,3,49.8,3.7,1.9286,1.7839,0.0,4,0.0217,5.9464,1.5,0.06,0.1265,0,0.04
3,0.08,0.14,6.0,2.0,1,3,47.2,3.2,0.6,0.56,0.0,1,0.0381,6.4,1.5,0.04,0.1144,0,0.07
3,0.0,0.0,4.5763,2.0,0,2,50.0,0.2,0.4576,1.9525,0.0,1,0.036,0.3051,1.5,0.0,0.108,0,0.0
3,0.0,0.18,12.0,1.0,0,4,44.0,0.4,1.2,1.98,0.0,1,0.0409,2.4,1.5,0.0,0.0614,1,0.03
3,0.0,0.0,270.0,1.0,1,2,35.2,0.0,27.0,31.5,0.0,1,0.0511,0.0,1.5,0.0,0.0716,1,0.0
3,1.0125,1.9125,11.25,1.0,0,3,27.2,5.2,1.125,0.0,0.0,1,0.1456,29.25,1.5,0.18,0.2912,1,0.34
3,0.0,1.5,15.0,1.0,1,3,21.8,1.2,1.5,2.0,0.0,1,0.1486,6.0,1.5,0.0,0.5532,0,0.3
3,0.0,0.0,90.0,1.0,1,4,10.4,0.0,9.0,1.35,0.0,1,0.3115,0.0,1.5,0.0,1.1596,1,0.0
3,0.0,0.0161,8.0357,1.0,0,3,18.6,2.1,0.8036,1.5589,0.0,1,0.1742,3.375,1.5,0.0,0.629,0,0.01
3,0.0,0.06,12.0,1.0,1,2,21.4,0.5,1.2,0.72,0.0,1,0.1514,3.0,1.5,0.0,0.5551,0,0.01
3,0.0466,0.3103,20.1724,1.0,0,3,29.8,4.2,2.0172,0.9621,0.0,1,0.0181,6.5172,1.5,0.03,0.3141,0,0.2
3,0.0,0.09,-18.0,0.6667,1,3,28.2,0.2,-1.8,0.09,0.0,0,0.0191,1.8,1.5,0.0,0.1468,0,0.01
3,1.9286,0.0,0.0,0.6667,0,4,29.2,0.7,0.0,2.8286,0.0,1,0.111,9.0,1.5,0.15,0.1418,0,0.0
3,0.0857,0.1714,15.7143,1.3333,0,4,30.6,3.2,1.5714,0.6429,0.0,3,0.1412,4.5714,1.5,0.06,0.2,0,0.12
3,0.0,0.3462,13.8462,1.6667,0,3,30.2,2.3,1.3846,0.2769,0.0,1,0.143,15.9231,1.5,0.0,0.2265,1,0.05
3,0.0,0.0,8.0,1.6667,1,2,27.6,0.3,0.8,1.64,0.0,1,0.137,0.6,1.5,0.0,0.1174,0,0.0
3,0.4982,0.0804,1.6071,1.0,1,2,36.8,3.5,0.1607,0.4661,0.0,1,0.2543,5.625,1.5,0.31,0.1076,0,0.05
2,0.0,0.0,0.0,0.0,1,3,13.0,0.5,0.0,3.2538,0.0,0,0.0,3.4615,1.5,0.0,0.0,0,0.0
2,0.0237,0.0947,34.3421,3.5,0,2,44.5,6.1,5.1513,1.1368,0.0,7,0.0202,7.2237,1.5,0.02,0.0809,0,0.08
2,0.0,0.0,60.0,2.6667,1,3,30.6667,0.0,9.0,3.3,0.0,1,0.0196,0.0,1.5,0.0,0.0783,0,0.0
2,0.0,0.0,28.0,2.6667,0,2,34.25,1.0,4.2,0.86,0.0,0,0.0131,2.0,1.5,0.0,0.0526,0,0.0
2,0.0,0.0265,7.9412,0.6667,0,2,34.2,0.6,1.1912,0.5559,0.0,1,0.0105,1.5882,1.5,0.0,0.0474,0,0.01
2,0.0,0.108,7.2,0.6667,1,2,36.6,0.5,1.08,1.44,0.0,1,0.0098,1.8,1.5,0.0,0.059,1,0.03
2,0.34,0.02,-4.0,1.0,0,2,30.4,0.5,-0.6,1.74,0.0,1,0.1007,1.0,1.5,0.17,0.0296,0,0.01
2,0.0684,0.2051,25.0633,2.3333,1,3,45.6,6.3,3.7595,0.2165,0.0,5,0.0908,7.1772,1.5,0.06,0.0908,0,0.18
2,0.0,0.03,16.0,2.6667,0,3,54.6,2.3,2.4,1.25,0.0,2,0.0758,2.3,1.5,0.0,0.0857,0,0.03
2,0.04,0.12,2.0,2.3333,0,3,56.8,1.5,0.3,0.38,0.0,0,0.0792,3.0,1.5,0.02,0.0982,0,0.06
2,0.015,0.015,30.0,2.6667,1,2,63.8,2.6,4.5,0.075,0.0,6,0.0734,3.9,1.5,0.01,0.0818,1,0.01
2,0.0,0.12,12.0,2.0,0,4,63.8,0.9,1.8,0.46,0.0,0,0.0254,1.8,1.5,0.0,0.0959,0,0.06
2,0.0,0.03,3.0,2.3333,1,4,54.0,1.0,0.45,0.75,0.0,1,0.01,3.0,1.5,0.0,0.0567,0,0.01
2,0.0,0.0,5.2174,0.6667,0,4,49.8,0.3,0.7826,2.9609,0.0,1,0.0108,0.3913,1.5,0.0,0.0506,0,0.0
2,0.3375,0.3938,22.5,1.0,0,3,44.0,1.2,3.375,0.1125,0.0,1,0.0286,6.75,1.5,0.06,0.0614,0,0.07
2,0.0,0.03,6.0,1.0,1,2,50.0,2.3,0.9,3.23,0.0,1,0.0216,2.3,1.5,0.0,0.0612,0,0.03
2,0.0,0.018,9.0,1.0,0,3,51.0,1.5,1.35,2.808,0.0,1,0.0212,2.7,1.5,0.0,0.0424,0,0.01
2,0.0,0.3,21.4286,1.0,1,4,61.8,8.3,3.2143,1.5857,0.0,1,0.0175,8.8929,1.5,0.0,0.1136,0,0.28
2,0.0,0.3,20.0,1.0,1,3,49.8,0.2,3.0,1.8,0.0,1,0.0217,2.0,1.5,0.0,0.1518,0,0.03
3,0.6781,0.0247,32.0548,9.0,1,3,73.0,10.4,3.2055,0.5055,0.0,9,0.6781,12.8219,1.5,0.55,0.0247,0,0.02
3,0.87,0.14,47.0,12.0,0,3,81.5,17.4,4.7,2.06,0.0,15,0.784,17.4,1.5,0.87,0.0883,1,0.14
3,0.1901,0.1268,12.6761,8.6667,1,4,78.0,4.7,1.2676,3.5493,0.0,2,0.6038,5.9577,1.5,0.15,0.1,0,0.1
3,0.0225,0.1575,2.25,6.6667,1,3,78.5,3.0,0.225,0.945,0.0,3,0.4557,3.375,1.5,0.02,0.1146,0,0.14
3,0.5016,0.1918,8.8525,2.3333,0,3,75.0,1.6,0.8852,1.6967,0.0,2,0.4632,2.3607,1.5,0.34,0.1272,0,0.13
3,0.17,0.38,33.0,4.0,1,4,78.4,7.0,3.3,2.49,0.0,7,0.3559,7.0,1.5,0.17,0.2043,1,0.38
3,0.0,0.06,10.0,3.3333,0,4,78.4,2.3,1.0,0.75,0.0,1,0.1561,2.3,1.5,0.0,0.186,0,0.06
3,0.0,0.0231,18.4615,3.0,1,3,78.0,1.1,1.8462,0.4731,0.0,3,0.0,1.2692,1.5,0.0,0.0231,0,0.02
3,0.0,0.2089,12.8571,1.5,0,2,67.0,2.4,1.2857,1.4625,0.0,0,0.0,3.8571,1.5,0.0,0.1007,1,0.13
3,0.0,0.1394,11.4085,1.6667,1,2,68.3333,1.9,1.1408,3.5493,0.0,2,0.0,2.4085,1.5,0.0,0.1141,0,0.11
3,0.0,0.0,10.0,0.6667,1,4,53.5,0.3,1.0,4.7,0.0,0,0.0,3.0,1.5,0.0,0.1093,0,0.0
3,0.0,0.0,13.8462,1.0,0,4,45.4,0.2,1.3846,0.0,0.0,1,0.0,1.3846,1.5,0.0,0.1031,0,0.0
3,0.0,0.0,10.0,0.6667,0,3,38.8,0.4,1.0,0.82,0.0,1,0.0,0.8,1.5,0.0,0.1113,0,0.0
3,0.0,0.1962,17.3077,1.3333,0,2,43.2,4.4,1.7308,0.6231,0.0,2,0.0,5.0769,1.5,0.0,0.1167,0,0.17
3,0.0545,0.6545,43.6364,2.0,0,3,35.6,7.4,4.3636,2.2364,0.0,3,0.0101,20.1818,1.5,0.02,0.2073,0,0.24
3,0.0,0.0857,21.4286,2.0,1,3,38.0,1.7,2.1429,0.5571,0.0,1,0.0095,7.2857,1.5,0.0,0.2037,0,0.02
3,0.0621,0.3259,20.1724,1.6667,1,3,47.0,7.5,2.0172,1.4586,0.0,1,0.023,11.6379,1.5,0.04,0.2451,1,0.21
3,0.0,0.0,3.0508,1.0,0,3,49.8,0.9,0.3051,1.9525,0.0,1,0.0217,1.3729,1.5,0.0,0.2313,0,0.0
3,0.1059,0.3574,27.7941,2.6667,1,4,47.8,5.2,2.7794,1.3897,0.0,6,0.0527,6.8824,1.5,0.08,0.2787,1,0.27
3,0.07,0.95,14.0,3.3333,0,3,59.2,9.2,1.4,0.68,0.0,3,0.0578,9.2,1.5,0.07,0.4409,1,0.95
3,0.0,0.0625,18.75,4.0,1,3,69.4,2.3,1.875,1.2375,0.0,3,0.0493,2.875,1.5,0.0,0.3839,0,0.05
3,0.3789,0.0474,18.9474,2.3333,0,2,61.6,1.9,1.8947,6.5368,0.0,1,0.0672,9.0,1.5,0.08,0.374,0,0.01
3,0.02,0.62,26.0,5.0,1,2,90.0,11.3,2.6,1.45,0.0,5,0.02,11.3,1.5,0.02,0.62,0,0.62
3,0.5963,0.7538,45.0,8.5,0,4,85.0,14.9,4.5,2.115,0.0,12,0.2912,16.7625,1.5,0.53,0.6829,1,0.67
3,0.07,0.38,10.0,6.0,1,3,86.6667,6.8,1.0,3.33,0.0,1,0.2146,6.8,1.5,0.07,0.5781,0,0.38
3,0.19,0.17,14.0,6.0,1,3,87.5,9.4,1.4,1.3,0.0,5,0.2083,9.4,1.5,0.19,0.4731,0,0.17
3,0.15,0.03,-1.0,2.6667,0,2,88.0,4.8,-0.1,0.96,0.0,2,0.1964,4.8,1.5,0.15,0.3825,0,0.03
3,1.44,0.04,84.0,7.0,1,2,79.0,14.0,8.4,1.84,0.0,14,0.3782,28.0,1.5,0.72,0.2894,0,0.02
3,0.08,0.08,-3.0,5.6667,0,3,81.0,5.1,-0.3,1.58,0.0,1,0.2689,5.1,1.5,0.08,0.1511,0,0.08
3,0.2,0.02,4.0,5.6667,1,2,81.0,1.9,0.4,2.49,0.0,2,0.2978,1.9,1.5,0.2,0.0711,0,0.02
3,0.48,0.02,4.0,1.6667,0,4,81.0,5.1,0.4,0.75,0.0,2,0.3622,5.1,1.5,0.48,0.0378,0,0.02
3,0.09,0.33,16.0,2.0,1,3,81.0,5.0,1.6,0.71,0.0,2,0.3489,5.0,1.5,0.09,0.1044,0,0.33
3,0.15,0.05,17.0,3.3333,0,4,90.0,5.0,1.7,0.71,0.0,6,0.2,5.0,1.5,0.15,0.1,0,0.05
3,0.2,0.14,8.0,3.0,1,3,81.0,3.6,0.8,0.64,0.0,1,0.2267,7.2,1.5,0.1,0.1089,0,0.07
3,0.1636,0.0818,10.9091,2.6667,0,4,69.6,8.2,1.0909,2.2364,0.0,1,0.2276,22.3636,1.5,0.06,0.1293,0,0.03
3,0.03,0.24,21.0,2.3333,1,4,69.6,9.1,2.1,1.33,0.0,5,0.1112,9.1,1.5,0.03,0.1862,0,0.24
3,0.48,0.84,-4.0,2.3333,1,3,60.6,7.8,-0.4,1.32,0.0,1,0.1723,15.6,1.5,0.24,0.2406,0,0.42
3,0.0,0.06,4.0,2.3333,0,3,60.6,1.7,0.4,2.26,0.0,1,0.1277,1.7,1.5,0.0,0.2436,0,0.06
3,0.0988,0.1537,12.0732,1.3333,0,2,68.0,5.2,1.2073,1.4927,0.0,2,0.1112,5.7073,1.5,0.09,0.2356,0,0.14
3,0.1,0.09,12.0,1.6667,0,2,79.4,6.1,1.2,1.6,0.0,2,0.1043,6.1,1.5,0.1,0.2154,0,0.09
3,0.228,0.144,34.8,4.3333,0,4,76.4,9.0,3.48,0.252,0.0,9,0.1461,10.8,1.5,0.19,0.1955,1,0.12
3,0.0,0.0,20.7692,1.0,0,3,13.0,0.3,2.0769,0.4154,0.0,1,0.0,2.0769,1.5,0.0,0.0,0,0.0
3,0.0,0.0,60.0,1.0,1,4,9.5,0.4,6.0,1.35,0.0,1,0.0,6.0,1.5,0.0,0.0,0,0.0
3,0.0,0.0,51.4286,1.0,0,4,8.6667,0.2,5.1429,0.0,0.0,1,0.0,2.5714,1.5,0.0,0.0,0,0.0
3,0.0,0.1286,4.2857,0.6667,1,3,11.75,0.3,0.4286,6.1286,0.0,0,0.0,1.2857,1.5,0.0,0.0574,0,0.03
3,2.3062,0.6188,22.5,0.6667,0,2,12.6,3.2,2.25,0.0,0.0,1,0.5857,18.0,1.5,0.41,0.2,0,0.11
3,0.0,0.0947,14.2105,0.6667,0,4,13.8,0.7,1.4211,1.8474,0.0,1,0.5348,3.3158,1.5,0.0,0.2087,0,0.02
3,0.14,0.02,4.0,1.0,0,3,21.6,1.6,0.4,0.76,0.0,1,0.4,3.2,1.5,0.07,0.1417,0,0.01
3,0.0,0.0,22.5,1.0,0,3,22.6,0.3,2.25,3.525,0.0,1,0.3823,2.25,1.5,0.0,0.1354,0,0.0
3,0.036,0.012,7.2,1.3333,1,2,33.4,3.9,0.72,0.744,0.0,2,0.2749,4.68,1.5,0.03,0.0808,0,0.01
3,0.0549,0.0,9.878,1.6667,0,3,46.6,2.4,0.9878,2.8207,0.0,2,0.0579,2.6341,1.5,0.05,0.0155,0,0.0
3,0.675,0.0,67.5,1.6667,0,3,43.6,0.3,6.75,0.0,0.0,1,0.0743,6.75,1.5,0.03,0.0083,1,0.0
3,0.029,0.0,5.8065,1.6667,1,2,47.0,0.2,0.5806,3.6581,0.0,2,0.0498,0.2903,1.5,0.02,0.0038,0,0.0
3,0.1066,0.0355,14.2105,1.6667,0,4,59.8,4.8,1.4211,1.9539,0.0,2,0.0662,5.6842,1.5,0.09,0.012,0,0.03
3,0.0,0.0,14.7273,1.6667,1,3,55.8,1.1,1.4727,1.44,0.0,1,0.0613,1.8,1.5,0.0,0.0097,0,0.0
3,0.0,0.0,180.0,1.3333,1,3,39.8,0.2,18.0,0.0,0.0,1,0.0633,9.0,1.5,0.0,0.0136,0,0.0
3,0.0,0.0783,15.6522,1.0,0,3,43.6,0.7,1.5652,1.3304,0.0,1,0.0454,2.7391,1.5,0.0,0.0206,0,0.02
3,0.08,0.44,14.0,1.3333,1,2,49.2,4.8,1.4,1.2,0.0,2,0.0622,4.8,1.5,0.08,0.1793,0,0.44
1,0.0,0.0,9.0,2.0,1,3,90.0,1.4,0.0,1.28,0.0,2,0.0,1.4,1.5,0.0,0.0,0,0.0
1,0.0,0.0,14.0,2.0,0,2,90.0,2.3,0.0,1.8,3.0,2,0.0,2.3,1.5,0.0,0.0,0,0.0
1,0.0,0.0,25.0,3.3333,1,3,90.0,1.3,0.0,0.43,1.0,6,0.0,1.3,1.5,0.0,0.0,0,0.0
1,0.0,0.0,14.0,3.3333,1,4,90.0,1.8,0.0,0.71,2.0,2,0.0,1.8,1.5,0.0,0.0,0,0.0
1,0.0,0.0,37.0,6.0,0,3,90.0,4.0,0.0,1.19,4.0,10,0.0,4.0,1.5,0.0,0.0,0,0.0
1,0.0,0.0,21.0,5.3333,1,3,90.0,4.4,0.0,1.04,6.0,4,0.0,4.4,1.5,0.0,0.0,0,0.0
1,0.0,0.0,28.0,7.0,0,2,90.0,2.5,0.0,1.08,3.0,7,0.0,2.5,1.5,0.0,0.0,0,0.0
1,0.0,0.0,17.0,4.3333,0,3,90.0,1.4,0.0,0.75,2.0,2,0.0,1.4,1.5,0.0,0.0,1,0.0
1,0.0,0.0,7.0,3.3333,1,2,90.0,0.4,0.0,1.06,1.0,1,0.0,0.4,1.5,0.0,0.0,1,0.0
1,0.0,0.0,14.0,1.6667,1,4,90.0,2.7,0.0,2.16,3.0,2,0.0,2.7,1.5,0.0,0.0,1,0.0
1,0.0,0.0,15.0,2.0,0,3,90.0,2.8,0.0,0.94,4.0,3,0.0,2.8,1.5,0.0,0.0,0,0.0
1,0.0,0.0,23.0,2.3333,1,3,90.0,4.9,0.0,2.9,6.0,2,0.0,4.9,1.5,0.0,0.0,0,0.0
1,0.0,0.0,12.0,1.6667,0,4,90.0,0.8,0.0,2.28,1.0,0,0.0,0.8,1.5,0.0,0.0,0,0.0
1,0.0,0.0,21.0,1.3333,1,3,90.0,4.8,0.0,1.02,7.0,2,0.0,4.8,1.5,0.0,0.0,0,0.0
1,0.0,0.0,40.0,4.3333,0,3,90.0,7.1,0.0,4.07,7.0,11,0.0,7.1,1.5,0.0,0.0,0,0.0
1,0.0,0.0,21.6867,5.3333,0,3,88.6,2.6,0.0,1.0952,3.253,3,0.0,2.8193,1.5,0.0,0.0,1,0.0
1,0.0,0.0,18.0,2.0,1,3,90.0,2.2,0.0,1.45,2.0,2,0.0,2.2,1.5,0.0,0.0,0,0.0
1,0.0,0.0,21.0,2.5,0,4,90.0,3.8,0.0,2.06,4.0,3,0.0,3.8,1.5,0.0,0.0,0,0.0
1,0.0,0.0,20.0,2.6667,0,2,90.0,2.5,0.0,0.96,3.0,3,0.0,2.5,1.5,0.0,0.0,1,0.0
1,0.0,0.0,16.0,2.0,0,2,90.0,3.7,0.0,1.58,4.0,0,0.0,3.7,1.5,0.0,0.0,0,0.0
1,0.0,0.0,16.0,1.6667,0,3,90.0,2.8,0.0,0.75,3.0,2,0.0,2.8,1.5,0.0,0.0,0,0.0
1,0.0,0.0,21.0,1.6667,1,3,90.0,3.0,0.0,0.71,4.0,3,0.0,3.0,1.5,0.0,0.0,1,0.0
1,0.0,0.0,12.0,2.3333,1,3,90.0,0.9,0.0,1.32,1.0,2,0.0,0.9,1.5,0.0,0.0,0,0.0
1,0.0,0.0,11.0,2.0,0,3,90.0,1.2,0.0,1.93,2.0,1,0.0,1.2,1.5,0.0,0.0,0,0.0
1,0.0,0.0,8.0,1.6667,1,3,90.0,0.4,0.0,1.33,0.0,2,0.0,0.4,1.5,0.0,0.0,0,0.0
1,0.0,0.0,11.0,1.3333,1,4,90.0,1.4,0.0,2.48,1.0,1,0.0,1.4,1.5,0.0,0.0,1,0.0
1,0.0,0.0,31.0,3.6667,0,2,90.0,1.8,0.0,0.68,2.0,8,0.0,1.8,1.5,0.0,0.0,0,0.0
1,0.0,0.0,31.0,6.3333,1,4,90.0,2.7,0.0,1.38,3.0,10,0.0,2.7,1.5,0.0,0.0,0,0.0
1,0.0,0.0,16.0,6.3333,0,2,90.0,3.6,0.0,2.89,4.0,1,0.0,3.6,1.5,0.0,0.0,0,0.0
1,0.0,0.0,19.0,4.3333,0,4,90.0,3.4,0.0,1.6,4.0,2,0.0,3.4,1.5,0.0,0.0,0,0.0
1,0.0,0.0,19.0,1.3333,0,3,90.0,1.3,0.0,1.24,2.0,1,0.0,1.3,1.5,0.0,0.0,0,0.0
1,0.0,0.0,18.0,1.0,1,3,90.0,1.9,0.0,1.3,2.0,0,0.0,1.9,1.5,0.0,0.0,0,0.0
1,0.0,0.0,12.0,0.6667,1,4,90.0,1.6,0.0,1.2,2.0,1,0.0,1.6,1.5,0.0,0.0,1,0.0
2,0.02,0.0,19.0,2.0,1,3,90.0,5.0,2.85,1.45,0.0,2,0.02,5.0,1.5,0.02,0.0,0,0.0
2,0.0,0.01,17.0,2.0,1,3,90.0,3.0,2.55,1.3,0.0,2,0.01,3.0,1.5,0.0,0.005,0,0.01
2,0.0,0.01,13.0,1.6667,0,3,90.0,3.2,1.95,0.96,0.0,1,0.0067,3.2,1.5,0.0,0.0067,0,0.01
2,0.0,0.0,13.3333,1.3333,1,2,74.25,0.8,2.0,1.0667,0.0,1,0.0061,2.6667,1.5,0.0,0.0061,1,0.0
2,0.0,0.0,270.0,1.0,0,4,59.6,0.0,40.5,0.0,0.0,1,0.006,0.0,1.5,0.0,0.006,0,0.0
2,0.0,0.03,17.0,1.6667,0,2,59.6,4.0,2.55,0.71,0.0,3,0.0,4.0,1.5,0.0,0.0151,0,0.03
2,0.1,0.01,13.0,2.0,1,3,59.6,3.6,1.95,1.32,0.0,2,0.0302,3.6,1.5,0.1,0.0151,1,0.01
2,0.06,0.01,17.0,2.0,0,3,59.6,5.1,2.55,1.69,0.0,1,0.0483,5.1,1.5,0.06,0.0151,0,0.01
2,0.0,0.02,17.0,1.3333,0,4,72.2,3.7,2.55,1.93,0.0,1,0.0399,3.7,1.5,0.0,0.0175,0,0.02
2,0.14,0.03,5.0,1.0,1,3,90.0,3.1,0.75,1.33,0.0,1,0.06,3.1,1.5,0.14,0.02,0,0.03
2,0.07,0.12,15.0,1.3333,1,2,90.0,4.5,2.25,0.94,0.0,2,0.074,4.5,1.5,0.07,0.038,0,0.12
2,0.0,0.01,15.0,1.3333,0,4,90.0,3.3,2.25,2.26,0.0,1,0.054,3.3,1.5,0.0,0.038,1,0.01
2,0.13,0.05,22.0,1.6667,0,3,90.0,5.2,3.3,1.36,0.0,2,0.068,5.2,1.5,0.13,0.046,0,0.05
2,0.21,0.0,8.0,1.3333,1,3,90.0,1.7,1.2,2.48,0.0,1,0.11,1.7,1.5,0.21,0.042,0,0.0
2,0.0,0.02,31.0,3.6667,0,4,90.0,2.7,4.65,0.68,0.0,8,0.082,2.7,1.5,0.0,0.04,1,0.02
2,0.52,0.04,22.0,5.0,1,4,90.0,7.0,3.3,1.38,0.0,6,0.172,7.0,1.5,0.52,0.024,1,0.04
2,0.0,0.01,17.0,4.6667,0,3,90.0,2.6,2.55,2.89,0.0,0,0.172,2.6,1.5,0.0,0.024,1,0.01
2,0.0,0.02,13.0,2.6667,1,3,90.0,2.2,1.95,0.32,0.0,2,0.146,2.2,1.5,0.0,0.018,0,0.02
2,0.0,0.01,20.0,1.0,0,2,90.0,3.0,3.0,1.6,0.0,1,0.104,3.0,1.5,0.0,0.02,0,0.01
2,0.01,0.34,36.0,3.0,0,4,90.0,8.7,5.4,0.58,0.0,6,0.106,8.7,1.5,0.01,0.084,0,0.34
2,0.07,0.02,11.0,2.6667,1,3,90.0,5.6,1.65,0.28,0.0,1,0.016,5.6,1.5,0.07,0.08,0,0.02
2,0.0,0.06,20.0,2.6667,0,2,90.0,5.8,3.0,1.24,0.0,1,0.016,5.8,1.5,0.0,0.09,1,0.06
2,0.0,0.02,23.0,2.6667,1,3,90.0,1.1,3.45,0.68,0.0,6,0.016,1.1,1.5,0.0,0.09,0,0.02
2,0.0,0.01,13.0,2.3333,0,3,90.0,2.6,1.95,2.79,0.0,0,0.016,2.6,1.5,0.0,0.09,0,0.01
2,0.04,0.03,24.0,4.0,0,2,90.0,3.0,3.6,0.5,0.0,6,0.022,3.0,1.5,0.04,0.028,0,0.03
2,0.05,0.04,11.0,2.3333,1,3,90.0,3.1,1.65,3.23,0.0,1,0.018,3.1,1.5,0.05,0.032,0,0.04
2,0.0,0.01,15.0,3.0,0,3,90.0,1.3,2.25,1.7,0.0,2,0.018,1.3,1.5,0.0,0.022,0,0.01
2,0.0,0.0,13.0,1.0,1,4,90.0,3.6,1.95,1.3,0.0,0,0.018,3.6,1.5,0.0,0.018,0,0.0
2,0.0,0.0,16.3636,1.0,1,3,11.0,0.1,2.4545,8.5091,0.0,1,0.0,0.8182,1.5,0.0,0.0,0,0.0
2,0.0,0.0,21.8182,1.0,0,3,22.0,1.6,3.2727,3.1364,0.0,1,0.0,4.3636,1.5,0.0,0.0,0,0.0
2,0.35,0.1,65.0,2.0,1,2,20.6667,4.9,9.75,2.65,0.0,4,0.1016,24.5,1.5,0.07,0.029,0,0.02
2,0.0,0.02,12.0,2.3333,1,4,38.0,0.7,1.8,1.3,0.0,2,0.0414,0.7,1.5,0.0,0.0237,1,0.02
2,0.0,0.01,22.0,2.6667,0,2,48.4,3.5,3.3,0.96,0.0,2,0.026,3.5,1.5,0.0,0.0186,0,0.01
2,0.0,0.01,11.0,1.6667,1,3,64.2,2.7,1.65,1.37,0.0,1,0.0196,2.7,1.5,0.0,0.0168,0,0.01
2,0.0,0.14,22.0,0.6667,0,3,75.6,3.6,3.3,1.58,0.0,-1,0.0167,3.6,1.5,0.0,0.0476,1,0.14
2,0.0,0.01,5.0,0.3333,1,3,90.0,0.7,0.75,2.49,0.0,1,0.0,0.7,1.5,0.0,0.038,0,0.01
2,0.0,0.02,4.0,0.3333,0,2,81.0,0.4,0.6,0.7,0.0,1,0.0,0.8,1.5,0.0,0.04,1,0.01
2,0.0474,0.0474,28.4211,1.0,1,3,66.8,1.9,4.2632,1.4211,0.0,1,0.0027,9.0,1.5,0.01,0.0485,1,0.01
2,0.0,0.02,12.0,1.3333,0,3,66.8,2.1,1.8,0.71,0.0,2,0.0027,2.1,1.5,0.0,0.0512,0,0.02
2,0.0,0.0,14.2105,1.3333,1,4,52.6,0.2,2.1316,1.5158,0.0,1,0.0034,0.9474,1.5,0.0,0.0171,1,0.0
2,0.15,0.01,12.0,1.3333,0,4,52.6,2.7,1.8,1.69,0.0,1,0.0548,2.7,1.5,0.15,0.0171,1,0.01
2,0.0,0.03,18.0,1.0,0,3,61.6,2.6,2.7,1.93,0.0,1,0.0468,2.6,1.5,0.0,0.0205,0,0.03
2,0.0,0.0,26.4706,1.0,1,3,61.2,0.6,3.9706,0.5824,0.0,1,0.0441,3.1765,1.5,0.0,0.0176,0,0.0
2,0.0,0.0,13.8462,1.0,0,2,48.4,0.2,2.0769,1.5577,0.0,1,0.0558,0.6923,1.5,0.0,0.0149,0,0.0
2,0.0,0.0,38.5714,1.0,0,3,46.0,0.3,5.7857,4.5,0.0,1,0.0587,3.8571,1.5,0.0,0.0157,0,0.0
2,0.0,0.031,18.6207,1.0,1,3,33.8,1.3,2.7931,0.7138,0.0,1,0.0,4.0345,1.5,0.0,0.0213,0,0.01
2,0.0,0.1,18.0,1.0,0,4,33.8,4.3,2.7,1.24,0.0,1,0.0,4.3,1.5,0.0,0.0586,0,0.1
2,0.0,0.01,20.0,2.3333,1,4,48.4,0.8,3.0,0.68,0.0,5,0.0,0.8,1.5,0.0,0.0446,1,0.01
2,0.0,0.06,15.0,2.3333,0,3,61.2,3.2,2.25,2.79,0.0,1,0.0,3.2,1.5,0.0,0.0529,1,0.06
2,0.0741,0.0106,27.5294,4.0,0,3,76.8,2.2,4.1294,0.5294,0.0,6,0.0164,2.3294,1.5,0.07,0.0445,0,0.01
2,0.0,0.01,13.0,2.6667,0,4,89.0,1.1,1.95,1.7,0.0,1,0.0142,1.1,1.5,0.0,0.0384,0,0.01
2,0.0,0.0,-4.0,2.0,1,2,80.0,0.4,-0.6,1.64,0.0,-1,0.0158,0.8,1.5,0.0,0.0202,0,0.0
2,0.0,0.0562,39.375,0.3333,0,3,65.2,1.4,5.9062,1.5188,0.0,1,0.0193,7.875,1.5,0.0,0.0248,0,0.01
2,0.05,0.03,16.0,2.0,1,2,65.2,1.2,2.4,0.06,0.0,6,0.0331,1.2,1.5,0.05,0.0166,0,0.03
2,0.2538,0.0,34.6154,4.6667,0,4,56.0,7.1,5.1923,1.6385,0.0,7,0.0514,16.3846,1.5,0.11,0.0161,0,0.0
1,0.0,0.0,16.0,2.0,1,3,90.0,3.0,0.0,3.33,4.0,2,0.0,3.0,1.5,0.0,0.0,0,0.0
1,0.0,0.0,17.0,2.0,1,3,90.0,1.8,0.0,1.3,2.0,2,0.0,1.8,1.5,0.0,0.0,0,0.0
1,0.0,0.0,8.0,2.0,1,4,90.0,1.8,0.0,1.37,2.0,2,0.0,1.8,1.5,0.0,0.0,0,0.0
1,0.0,0.0,18.0,1.6667,1,4,90.0,2.5,0.0,2.49,2.0,1,0.0,2.5,1.5,0.0,0.0,0,0.0
1,0.0,0.0,20.0,2.6667,0,3,90.0,3.1,0.0,0.71,3.0,5,0.0,3.1,1.5,0.0,0.0,0,0.0
1,0.0,0.0,17.0,2.3333,0,3,90.0,2.4,0.0,1.69,3.0,1,0.0,2.4,1.5,0.0,0.0,0,0.0
1,0.0,0.0,14.0,2.6667,1,3,90.0,2.2,0.0,0.94,2.0,2,0.0,2.2,1.5,0.0,0.0,0,0.0
1,0.0,0.0,28.0,2.0,0,3,90.0,5.0,0.0,2.26,6.0,3,0.0,5.0,1.5,0.0,0.0,0,0.0
1,0.0,0.0,19.0,2.3333,0,3,90.0,1.5,0.0,1.36,2.0,2,0.0,1.5,1.5,0.0,0.0,0,0.0
1,0.0,0.0,23.0,2.6667,1,3,90.0,3.0,0.0,0.32,4.0,3,0.0,3.0,1.5,0.0,0.0,0,0.0
1,0.0,0.0,18.0,3.3333,0,2,90.0,1.1,0.0,0.58,1.0,5,0.0,1.1,1.5,0.0,0.0,1,0.0
1,0.0,0.0,17.0,3.3333,1,2,90.0,1.4,0.0,0.28,1.0,2,0.0,1.4,1.5,0.0,0.0,1,0.0
1,0.0,0.0,33.0,5.6667,1,2,90.0,2.8,0.0,0.68,4.0,10,0.0,2.8,1.5,0.0,0.0,0,0.0
1,0.0,0.0,23.0,5.3333,0,2,90.0,5.0,0.0,2.79,6.0,4,0.0,5.0,1.5,0.0,0.0,0,0.0
1,0.0,0.0,25.0,6.6667,0,2,90.0,1.9,0.0,0.5,2.0,6,0.0,1.9,1.5,0.0,0.0,1,0.0
1,0.0,0.0,23.0,4.0,1,3,90.0,3.0,0.0,3.23,4.0,2,0.0,3.0,1.5,0.0,0.0,0,0.0
1,0.0,0.0,15.0,3.3333,0,3,90.0,1.3,0.0,1.7,2.0,2,0.0,1.3,1.5,0.0,0.0,0,0.0
1,0.0,0.0,22.0,2.0,0,3,90.0,2.3,0.0,2.26,3.0,2,0.0,2.3,1.5,0.0,0.0,1,0.0
1,0.0,0.0,23.0,3.3333,1,3,90.0,1.5,0.0,0.06,1.0,6,0.0,1.5,1.5,0.0,0.0,0,0.0
1,0.0,0.0,25.0,4.3333,0,4,90.0,5.5,0.0,2.27,7.0,5,0.0,5.5,1.5,0.0,0.0,0,0.0
1,0.0,0.0,13.0,4.0,1,2,90.0,2.2,0.0,1.48,4.0,1,0.0,2.2,1.5,0.0,0.0,0,0.0
2,0.0,0.01,20.0,1.0,0,2,90.0,2.5,3.0,2.06,0.0,1,0.0,2.5,1.5,0.0,0.01,0,0.01
2,0.0,0.05,14.0,1.0,1,3,90.0,2.3,2.1,3.33,0.0,1,0.0,2.3,1.5,0.0,0.03,1,0.05
2,0.1,0.01,16.0,1.3333,1,3,90.0,2.8,2.4,1.37,0.0,2,0.0333,2.8,1.5,0.1,0.0233,0,0.01
2,0.0,0.01,13.0,0.6667,0,3,90.0,2.5,1.95,1.58,0.0,-1,0.025,2.5,1.5,0.0,0.02,0,0.01
2,0.09,0.01,18.0,1.0,1,2,90.0,3.6,2.7,0.71,0.0,2,0.038,3.6,1.5,0.09,0.018,1,0.01
2,0.13,0.01,8.0,0.3333,1,2,90.0,1.8,1.2,1.32,0.0,0,0.064,1.8,1.5,0.13,0.018,0,0.01
2,0.0123,0.0247,33.2877,2.6667,0,3,86.6,2.5,4.9932,0.8384,0.0,6,0.0686,3.0822,1.5,0.01,0.0125,1,0.02
2,0.0,0.1,-10.0,2.0,1,2,72.2,0.4,-1.5,2.0,0.0,0,0.0573,2.0,1.5,0.0,0.0175,0,0.02
2,0.0,0.08,22.0,2.3333,0,2,63.2,3.5,3.3,0.38,0.0,1,0.0655,7.0,1.5,0.0,0.0285,1,0.04
2,0.04,0.07,17.0,0.6667,0,3,63.2,5.0,2.55,1.24,0.0,1,0.0513,5.0,1.5,0.04,0.0456,0,0.07
2,0.0,0.0,33.75,1.0,0,3,48.4,0.9,5.0625,1.5188,0.0,1,0.0186,5.0625,1.5,0.0,0.0558,0,0.0
2,0.0,0.01,27.0,3.3333,1,3,51.8,2.5,4.05,0.06,0.0,8,0.0139,2.5,1.5,0.0,0.0486,0,0.01
2,0.0,0.01,12.0,3.6667,0,2,66.2,2.5,1.8,2.27,0.0,2,0.0109,2.5,1.5,0.0,0.0353,0,0.01
2,0.0,0.02,10.0,3.6667,1,3,75.2,2.1,1.5,1.48,0.0,1,0.0096,2.1,1.5,0.0,0.0263,0,0.02
2,0.13,0.04,15.0,1.3333,1,2,75.2,4.8,2.25,1.2,0.0,1,0.0311,4.8,1.5,0.13,0.0191,0,0.04
4,0.3623,0.1169,5.8442,2.0,1,3,77.0,3.9,0.0,0.4792,0.0,2,0.3623,4.5584,1.5,0.31,0.1169,0,0.1
4,0.2732,0.0643,-4.8214,1.5,0,4,66.5,3.7,0.0,1.4625,0.0,1,0.3248,5.9464,1.5,0.17,0.0947,0,0.04
4,0.061,0.2898,4.5763,1.3333,1,2,64.0,4.0,0.0,3.3254,0.0,1,0.2438,6.1017,1.5,0.04,0.1547,1,0.19
4,0.7857,0.0286,44.2857,3.0,0,3,63.75,7.8,0.0,1.0429,0.0,7,0.3776,11.1429,1.5,0.55,0.1235,0,0.02
4,0.0,0.0145,7.2581,3.3333,1,2,63.4,1.6,0.0,0.7548,0.0,2,0.3038,2.3226,1.5,0.0,0.1022,0,0.01
4,0.0,0.02,-4.0,3.0,0,3,57.0,0.6,0.0,2.3,0.0,0,0.24,1.2,1.5,0.0,0.0853,0,0.01
4,0.0,0.0,6.0,1.0,1,2,51.8,0.3,0.0,0.96,0.0,1,0.205,0.9,1.5,0.0,0.0799,0,0.0
4,0.0,0.0,18.0,0.6667,0,3,43.0,0.0,0.0,1.68,0.0,1,0.2302,0.0,1.5,0.0,0.0167,0,0.0
4,0.0,0.0,32.7273,1.0,0,2,32.6,0.3,0.0,3.4364,0.0,1,0.0,2.4545,1.5,0.0,0.011,0,0.0
4,0.38,0.1,58.0,3.3333,0,3,29.2,9.8,0.0,0.66,0.0,8,0.1171,19.6,1.5,0.19,0.037,1,0.05
4,0.5559,0.0132,14.5588,4.6667,1,3,33.8,5.0,0.0,1.3897,0.0,5,0.3249,6.6176,1.5,0.42,0.032,0,0.01
4,0.0818,0.0136,8.1818,5.0,0,4,41.0,3.4,0.0,0.9273,0.0,2,0.2941,4.6364,1.5,0.06,0.0307,0,0.01
4,0.1687,0.0422,8.4375,3.0,1,2,50.8,3.7,0.0,1.3922,0.0,2,0.2799,5.2031,1.5,0.12,0.0354,1,0.03
4,0.43,0.02,3.0,2.0,0,2,66.6,6.6,0.0,2.89,0.0,2,0.3297,6.6,1.5,0.43,0.0324,1,0.02
4,0.0,1.8429,51.4286,2.3333,1,4,61.8,3.6,0.0,0.7714,0.0,3,0.3,15.4286,1.5,0.0,0.1456,0,0.43
4,0.0659,0.0329,16.4634,3.3333,0,3,64.6,3.5,0.0,1.372,0.0,5,0.1867,3.8415,1.5,0.06,0.1449,0,0.03
4,0.72,0.1463,37.125,4.6667,0,4,67.4,10.6,0.0,0.2362,0.0,6,0.3338,11.925,1.5,0.64,0.1709,1,0.13
4,0.6,0.045,4.5,4.3333,1,3,66.6,2.9,0.0,0.075,0.0,2,0.4135,4.35,1.5,0.4,0.173,1,0.03
4,0.0,0.03,9.0,3.0,1,4,54.6,0.5,0.0,0.75,0.0,1,0.3626,1.5,1.5,0.0,0.2077,1,0.01
4,0.13,0.05,23.0,3.0,0,3,68.4,8.0,0.0,2.79,0.0,6,0.3237,8.0,1.5,0.13,0.0658,0,0.05
4,1.8562,0.1687,-5.625,2.6667,0,2,55.2,3.9,0.0,0.1125,0.0,1,0.4891,21.9375,1.5,0.33,0.0815,0,0.03
4,0.0,0.048,7.2,3.0,1,3,54.2,2.2,0.0,3.168,0.0,2,0.2856,2.64,1.5,0.0,0.0531,1,0.04
4,0.0,0.0592,8.2895,1.6667,0,4,57.4,5.6,0.0,1.9539,0.0,2,0.1443,6.6316,1.5,0.0,0.0564,0,0.05
4,0.1338,0.0243,6.0811,2.0,1,2,66.2,1.1,0.0,1.4473,0.0,2,0.155,1.3378,1.5,0.11,0.0517,0,0.02
4,0.0,0.08,12.0,1.6667,0,3,57.2,1.8,0.0,2.24,0.0,1,0.1385,3.6,1.5,0.0,0.0566,0,0.04
4,0.1138,0.0207,6.2069,1.6667,1,4,71.4,2.1,0.0,0.0621,0.0,2,0.0555,2.1724,1.5,0.11,0.0429,0,0.02
4,0.58,0.06,8.0,2.3333,0,2,74.4,5.2,0.0,2.27,0.0,4,0.1935,5.2,1.5,0.58,0.046,0,0.06
4,1.98,0.0,121.5,3.6667,1,3,63.2,7.9,0.0,0.18,0.0,5,0.3532,35.55,1.5,0.44,0.0399,0,0.0
4,0.0,0.03,5.0,3.6667,1,2,66.4,4.4,0.0,1.2,0.0,2,0.3063,4.4,1.5,0.0,0.0407,0,0.03
2,0.0,0.01,12.0,1.0,1,3,90.0,0.0,1.8,2.21,0.0,1,0.0,0.0,1.5,0.0,0.01,0,0.01
2,0.0,0.18,11.0,1.0,1,4,90.0,2.1,1.65,2.51,0.0,1,0.0,2.1,1.5,0.0,0.095,0,0.18
2,0.09,0.01,6.0,0.6667,1,2,90.0,0.9,0.9,2.27,0.0,0,0.03,0.9,1.5,0.09,0.0667,0,0.01
2,0.04,0.0,15.0,1.0,0,3,90.0,2.6,2.25,0.72,0.0,2,0.0325,2.6,1.5,0.04,0.05,0,0.0
2,0.0,0.28,15.0,1.3333,1,3,90.0,3.3,2.25,0.91,0.0,2,0.026,3.3,1.5,0.0,0.096,0,0.28
2,0.06,0.0,6.0,1.6667,0,3,90.0,2.3,0.9,3.19,0.0,1,0.038,2.3,1.5,0.06,0.094,0,0.0
2,0.0,0.0,9.0,1.6667,0,3,90.0,1.3,1.35,1.31,0.0,2,0.038,1.3,1.5,0.0,0.058,0,0.0
2,0.0,0.0,-2.0,0.6667,1,3,81.0,0.1,-0.3,0.64,0.0,-1,0.0222,0.2,1.5,0.0,0.0622,1,0.0
2,0.0,0.0,11.0,0.6667,0,3,81.0,1.7,1.65,3.24,0.0,1,0.0133,1.7,1.5,0.0,0.0622,1,0.0
2,0.0,0.0,12.0,0.0,0,4,81.0,1.6,1.8,1.08,0.0,0,0.0133,1.6,1.5,0.0,0.0,0,0.0
2,0.0,0.0,13.5,0.6667,1,4,67.0,0.4,2.025,1.215,0.0,1,0.0,1.8,1.5,0.0,0.0,1,0.0
2,0.13,0.0,8.0,1.0,1,3,67.0,4.9,1.2,0.85,0.0,2,0.0349,4.9,1.5,0.13,0.0,1,0.0
2,0.96,0.06,20.0,3.3333,0,3,76.0,8.5,3.0,1.75,0.0,7,0.2582,8.5,1.5,0.96,0.0142,0,0.06
3,0.0,0.0,-5.625,1.0,1,3,16.0,0.0,-0.5625,6.75,0.0,1,0.0,0.0,1.5,0.0,0.0,0,0.0
3,0.0,0.0,10.0,1.0,1,2,30.5,0.6,1.0,3.46,0.0,1,0.0,1.2,1.5,0.0,0.0,0,0.0
3,0.675,0.225,90.0,1.0,1,2,21.6667,2.6,9.0,3.6,0.0,1,0.0415,58.5,1.5,0.03,0.0138,0,0.01
3,0.0,0.1125,33.75,1.0,1,2,18.25,0.7,3.375,3.0375,0.0,1,0.037,7.875,1.5,0.0,0.0247,0,0.01
3,0.0,0.0,180.0,1.0,0,3,14.8,0.1,18.0,0.0,0.0,1,0.0365,9.0,1.5,0.0,0.0243,0,0.0
3,0.1286,0.9643,32.1429,1.0,1,2,14.4,2.2,3.2143,0.3214,0.0,1,0.0625,14.1429,1.5,0.02,0.2125,0,0.15
3,0.45,0.0,45.0,1.0,1,2,6.2,1.1,4.5,0.0,0.0,1,0.2032,24.75,1.5,0.02,0.4935,0,0.0
3,0.0,0.05,10.0,1.0,0,3,9.0,0.1,1.0,5.65,0.0,1,0.08,0.5,1.5,0.0,0.34,0,0.01
2,0.0,0.0,22.1918,1.0,1,2,73.0,0.0,3.3288,1.2452,0.0,1,0.0,0.0,1.5,0.0,0.0,0,0.0
2,0.0,0.0,13.5616,0.0,1,3,73.0,2.3,2.0342,2.6384,0.0,-1,0.0,2.8356,1.5,0.0,0.0,0,0.0
2,0.0,0.0103,17.5862,1.0,0,3,77.6667,2.3,2.6379,0.6621,0.0,3,0.0,2.3793,1.5,0.0,0.0039,0,0.01
2,0.0,0.01,12.0,1.0,1,2,80.75,2.5,1.8,0.91,0.0,1,0.0,2.5,1.5,0.0,0.0056,0,0.01
2,0.0,0.0,16.0,1.3333,0,2,82.6,2.6,2.4,3.19,0.0,0,0.0,2.6,1.5,0.0,0.0044,1,0.0
2,0.0,0.01,14.0,1.0,0,3,86.0,2.6,2.1,1.31,0.0,2,0.0,2.6,1.5,0.0,0.0063,1,0.01
2,0.0635,0.0106,10.5882,1.3333,1,2,88.4,1.5,1.5882,1.0271,0.0,2,0.0122,1.5882,1.5,0.06,0.0081,0,0.01
2,0.0,0.01,18.0,1.6667,0,2,89.0,5.1,2.7,2.03,0.0,1,0.0121,5.1,1.5,0.0,0.0081,0,0.01
2,0.08,0.0,9.0,1.0,1,3,89.0,1.6,1.35,1.03,0.0,0,0.0283,1.6,1.5,0.08,0.0061,0,0.0
2,0.12,0.01,41.0,4.0,1,2,89.0,4.6,6.15,0.39,0.0,11,0.0526,4.6,1.5,0.12,0.0081,0,0.01
2,0.0,0.0,16.0,4.3333,0,4,89.0,3.4,2.4,2.72,0.0,2,0.0526,3.4,1.5,0.0,0.0061,0,0.0
2,0.07,0.1,14.0,4.6667,1,2,90.0,2.8,2.1,1.34,0.0,1,0.054,2.8,1.5,0.07,0.024,1,0.1
2,0.0,0.01,26.0,2.6667,0,2,90.0,3.4,3.9,1.38,0.0,5,0.054,3.4,1.5,0.0,0.024,0,0.01
2,0.23,0.02,11.0,2.3333,1,3,90.0,4.7,1.65,1.69,0.0,1,0.084,4.7,1.5,0.23,0.028,0,0.02
2,0.0,0.0,16.875,2.3333,0,3,75.2,0.0,2.5312,0.675,0.0,1,0.0718,0.0,1.5,0.0,0.0311,0,0.0
3,0.0,0.0,270.0,1.0,1,2,1.0,0.0,27.0,10.8,0.0,1,0.0,0.0,1.5,0.0,0.0,1,0.0
3,0.38,0.34,36.0,3.0,1,2,23.0,8.0,3.6,2.42,0.0,5,0.3717,16.0,1.5,0.19,0.3326,0,0.17
3,0.07,0.01,15.0,2.6667,0,2,45.3333,2.1,1.5,0.72,0.0,2,0.1721,2.1,1.5,0.07,0.1191,0,0.01
3,0.1059,0.2224,18.0,3.0,1,3,55.25,6.0,1.8,0.7941,0.0,2,0.1466,6.3529,1.5,0.1,0.1588,1,0.21
3,0.0,0.05,5.0,2.0,0,3,62.2,2.9,0.5,3.19,0.0,2,0.1042,2.9,1.5,0.0,0.1273,1,0.05
3,0.1,0.41,13.0,2.0,0,3,80.0,6.7,1.3,1.31,0.0,2,0.1035,6.7,1.5,0.1,0.1912,0,0.41
3,0.0,0.05,17.0,2.0,1,3,89.0,3.0,1.7,1.58,0.0,2,0.0546,3.0,1.5,0.0,0.1476,0,0.05
3,0.0,0.0375,11.25,1.6667,0,2,75.8,0.5,1.125,1.6875,0.0,1,0.0475,1.875,1.5,0.0,0.1734,0,0.01
3,0.0,0.05,14.0,1.6667,0,2,76.8,2.7,1.4,1.08,0.0,2,0.0234,2.7,1.5,0.0,0.1336,0,0.05
3,0.03,0.06,16.0,1.6667,1,3,76.8,5.1,1.6,1.32,0.0,2,0.0305,5.1,1.5,0.03,0.1359,0,0.06
3,0.0964,0.0,24.6429,3.6667,0,2,75.6,6.7,2.4643,2.175,0.0,7,0.0286,7.1786,1.5,0.09,0.0405,0,0.0
3,0.06,0.01,9.0,3.6667,1,3,75.6,1.0,0.9,1.03,0.0,2,0.0429,1.0,1.5,0.06,0.031,0,0.01
3,0.07,0.05,30.0,5.6667,1,4,88.8,7.1,3.0,0.39,0.0,8,0.0507,7.1,1.5,0.07,0.0345,0,0.05
3,0.1,0.02,11.0,3.6667,0,3,88.8,3.8,1.1,0.83,0.0,1,0.0709,3.8,1.5,0.1,0.0284,0,0.02
3,0.0,0.01,18.0,3.6667,0,2,88.8,1.6,1.8,2.72,0.0,2,0.0649,1.6,1.5,0.0,0.0182,0,0.01
3,0.0,0.16,13.0,1.6667,1,3,90.0,5.5,1.3,1.34,0.0,2,0.046,5.5,1.5,0.0,0.05,0,0.16
3,0.0,0.01,16.0,2.3333,0,4,90.0,1.2,1.6,1.38,0.0,3,0.034,1.2,1.5,0.0,0.05,0,0.01
3,0.03,0.01,10.0,2.3333,1,2,90.0,1.6,1.0,1.69,0.0,2,0.026,1.6,1.5,0.03,0.042,0,0.01
3,0.11,0.02,7.0,2.3333,0,4,90.0,4.2,0.7,3.15,0.0,2,0.028,4.2,1.5,0.11,0.042,0,0.02
3,0.0,0.05,14.0,2.0,1,4,90.0,2.8,1.4,0.85,0.0,2,0.028,2.8,1.5,0.0,0.05,0,0.05
3,0.05,0.26,9.0,2.0,0,2,90.0,7.0,0.9,1.75,0.0,2,0.038,7.0,1.5,0.05,0.07,1,0.26
3,0.25,0.09,14.0,2.0,1,2,90.0,7.5,1.4,1.28,0.0,2,0.088,7.5,1.5,0.25,0.086,1,0.09
3,0.0,0.03,12.0,2.6667,0,4,90.0,5.2,1.2,2.86,0.0,4,0.082,5.2,1.5,0.0,0.09,1,0.03
3,0.03,0.01,6.0,2.6667,1,2,90.0,2.5,0.6,2.42,0.0,2,0.066,2.5,1.5,0.03,0.088,0,0.01
3,0.0,0.0265,-15.8824,1.3333,0,4,78.8,0.0,-1.5882,11.8059,0.0,-2,0.0754,0.0,1.5,0.0,0.0914,0,0.01
3,0.34,0.1,6.0,0.3333,0,3,69.8,6.2,0.6,3.48,0.0,1,0.116,12.4,1.5,0.17,0.049,0,0.05
3,0.0,0.0,270.0,0.0,1,2,52.0,0.0,27.0,0.0,0.0,1,0.0692,0.0,1.5,0.0,0.0346,1,0.0
3,0.0,0.06,38.0,2.0,0,3,43.0,6.5,3.8,3.58,0.0,4,0.0837,13.0,1.5,0.0,0.0419,0,0.03
3,0.1286,0.0,8.5714,2.0,0,3,29.2,0.5,0.8571,1.2429,0.0,1,0.1233,2.1429,1.5,0.03,0.0555,0,0.0
3,0.9783,0.0,82.1739,4.3333,1,4,27.0,6.9,8.2174,0.587,0.0,8,0.3,27.0,1.5,0.25,0.0533,0,0.0
3,0.2323,0.1742,8.7097,3.3333,0,2,24.2,0.8,0.871,1.9452,0.0,1,0.2678,2.3226,1.5,0.08,0.0669,0,0.06
3,0.0,0.0643,1.0714,3.3333,1,3,40.8,3.2,0.1071,3.4607,0.0,1,0.1588,3.4286,1.5,0.0,0.0662,1,0.06
3,0.0,0.48,36.0,1.0,1,3,34.8,4.6,3.6,0.24,0.0,1,0.1862,27.6,1.5,0.0,0.1034,0,0.08
3,0.0,0.0562,11.25,1.0,1,4,16.0,0.5,1.125,0.7313,0.0,1,0.0,2.8125,1.5,0.0,0.0562,0,0.01
3,0.0,0.0,270.0,1.0,1,3,8.5,0.1,27.0,0.0,0.0,1,0.0,9.0,1.5,0.0,0.0529,0,0.0
3,0.0,0.0,180.0,1.0,0,3,6.0,0.2,18.0,0.0,0.0,1,0.0,18.0,1.5,0.0,0.05,0,0.0
3,0.0,0.1286,12.8571,1.0,1,2,6.25,0.3,1.2857,0.0,0.0,1,0.0,3.8571,1.5,0.0,0.072,1,0.01
3,0.0,0.01,12.0,2.0,1,3,90.0,0.0,1.2,2.21,0.0,2,0.0,0.0,1.5,0.0,0.01,0,0.01
3,0.0,0.32,11.0,1.5,1,2,90.0,3.0,1.1,2.51,0.0,1,0.0,3.0,1.5,0.0,0.165,0,0.32
3,0.03,0.2,20.0,2.6667,1,4,90.0,4.1,2.0,2.27,0.0,5,0.01,4.1,1.5,0.03,0.1767,1,0.2
3,0.0,0.02,11.0,2.3333,0,4,90.0,2.8,1.1,0.72,0.0,1,0.0075,2.8,1.5,0.0,0.1375,0,0.02
3,0.0,0.19,15.0,2.6667,1,3,90.0,5.7,1.5,0.91,0.0,2,0.006,5.7,1.5,0.0,0.148,1,0.19
3,0.02,0.02,15.0,1.6667,0,4,90.0,2.0,1.5,3.19,0.0,2,0.01,2.0,1.5,0.02,0.15,0,0.02
3,0.03,0.05,16.0,2.0,0,2,90.0,3.3,1.6,1.31,0.0,2,0.016,3.3,1.5,0.03,0.096,0,0.05
3,0.0,0.0,9.0,1.6667,1,3,84.0,0.3,0.9,1.785,0.0,1,0.0107,0.45,1.5,0.0,0.06,1,0.0
3,0.0,0.05,10.0,1.3333,0,3,84.0,2.5,1.0,3.24,0.0,1,0.0107,2.5,1.5,0.0,0.0664,0,0.05
3,0.0,0.0153,-1.5254,0.6667,0,3,77.8,0.7,-0.1525,1.4339,0.0,0,0.0116,1.0678,1.5,0.0,0.0301,0,0.01
3,0.0,0.18,72.0,0.6667,1,2,60.8,0.7,7.2,7.56,0.0,1,0.0089,12.6,1.5,0.0,0.0355,0,0.01
3,0.0,0.02,14.0,1.0,1,2,60.8,5.5,1.4,0.85,0.0,2,0.0,5.5,1.5,0.0,0.0266,0,0.02
3,0.0849,0.017,13.5849,1.3333,0,4,59.4,2.1,1.3585,3.5151,0.0,1,0.0152,3.566,1.5,0.05,0.0303,1,0.01
3,0.0404,0.1315,12.1348,1.6667,1,4,59.2,3.9,1.2135,1.1124,0.0,2,0.0274,3.9438,1.5,0.04,0.0547,0,0.13
3,0.0,0.02,25.0,3.0,0,2,65.4,4.2,2.5,1.82,0.0,6,0.0248,4.2,1.5,0.0,0.0523,0,0.02
3,0.04,0.3,14.0,3.3333,1,3,82.4,2.7,1.4,1.07,0.0,2,0.0284,2.7,1.5,0.04,0.1049,0,0.3
3,0.09,0.34,48.0,6.3333,0,3,82.4,13.5,4.8,4.11,0.0,11,0.0481,13.5,1.5,0.09,0.1748,1,0.34
3,0.02,0.05,14.0,5.0,1,2,89.8,3.4,1.4,0.84,0.0,2,0.0381,3.4,1.5,0.02,0.1684,1,0.05
3,0.0,0.25,22.0,5.0,0,4,90.0,5.8,2.2,0.83,0.0,2,0.03,5.8,1.5,0.0,0.192,1,0.25
3,0.06,0.04,12.0,1.6667,1,3,90.0,5.1,1.2,0.91,0.0,1,0.042,5.1,1.5,0.06,0.196,0,0.04
3,0.0,0.11,25.0,2.6667,0,2,90.0,7.0,2.5,2.43,0.0,5,0.034,7.0,1.5,0.0,0.158,1,0.11
3,0.02,0.02,12.0,2.3333,0,3,90.0,4.1,1.2,2.71,0.0,1,0.02,4.1,1.5,0.02,0.094,1,0.02
3,0.07,0.03,17.0,2.6667,1,2,90.0,5.0,1.7,3.58,0.0,2,0.03,5.0,1.5,0.07,0.09,1,0.03
3,0.0,0.0207,3.1034,1.3333,0,3,89.4,1.5,0.3103,2.5862,0.0,1,0.0302,1.5517,1.5,0.0,0.0443,0,0.02
3,0.1317,0.0768,32.9268,4.0,1,3,87.8,9.0,3.2927,1.5915,0.0,9,0.0431,9.878,1.5,0.12,0.0513,0,0.07
2,0.0,0.0,38.5714,1.0,1,2,7.0,0.4,5.7857,0.3857,0.0,1,0.0,5.1429,1.5,0.0,0.0,1,0.0
2,0.0,0.01,12.0,1.0,0,2,48.5,1.9,1.8,0.83,0.0,1,0.0,1.9,1.5,0.0,0.0093,0,0.01
2,0.0,0.0,56.25,1.0,0,4,35.0,0.5,8.4375,12.4875,0.0,1,0.0,5.625,1.5,0.0,0.0086,0,0.0
2,0.04,0.0,10.0,1.3333,1,2,48.75,1.4,1.5,0.85,0.0,2,0.0185,1.4,1.5,0.04,0.0046,1,0.0
2,0.0212,0.0,7.4118,1.0,0,2,56.0,3.1,1.1118,1.8529,0.0,0,0.0193,3.2824,1.5,0.02,0.0032,0,0.0
2,0.0,0.0,8.0,0.6667,1,4,63.6,0.4,1.2,1.22,0.0,0,0.017,0.8,1.5,0.0,0.0028,0,0.0
2,0.0,0.0,35.4545,3.0,1,3,58.8,2.2,5.3182,1.0364,0.0,9,0.0184,3.0,1.5,0.0,0.0,1,0.0
2,0.0,0.0,20.0,3.3333,1,2,66.2,0.8,3.0,3.94,0.0,1,0.0163,1.6,1.5,0.0,0.0,0,0.0
4,0.14,0.04,5.0,2.0,1,3,90.0,0.0,0.0,2.09,0.0,2,0.14,0.0,1.5,0.14,0.04,0,0.04
4,0.1463,0.0,25.875,4.5,1,3,85.0,5.7,0.0,2.8013,0.0,7,0.1429,6.4125,1.5,0.13,0.0212,0,0.0
4,0.54,0.05,25.0,5.0,1,2,86.6667,9.5,0.0,2.27,0.0,6,0.2804,9.5,1.5,0.54,0.0312,1,0.05
4,0.15,0.01,5.0,5.0,0,2,87.5,5.4,0.0,0.75,0.0,2,0.2469,5.4,1.5,0.15,0.0257,0,0.01
4,0.5354,0.0456,31.8987,5.6667,0,3,85.8,6.3,0.0,1.2759,0.0,9,0.3,7.1772,1.5,0.47,0.0294,0,0.04
4,0.13,0.09,14.0,5.3333,1,2,85.8,4.0,0.0,1.58,0.0,5,0.2979,4.0,1.5,0.13,0.0399,0,0.09
4,0.0,0.25,5.0,5.3333,0,4,87.8,3.5,0.0,3.24,0.0,2,0.2645,3.5,1.5,0.0,0.0902,1,0.25
4,0.14,0.0,4.0,2.6667,1,3,78.8,3.2,0.0,0.74,0.0,1,0.1873,6.4,1.5,0.07,0.0891,1,0.0
4,0.0984,0.0281,19.6875,2.6667,0,3,73.6,5.5,0.0,1.2797,0.0,5,0.181,7.7344,1.5,0.07,0.0978,1,0.02
4,0.0,0.0107,7.5,2.6667,1,2,74.6,1.9,0.0,1.425,0.0,2,0.0651,2.0357,1.5,0.0,0.0893,0,0.01
4,0.19,0.02,26.0,4.3333,0,3,74.6,7.8,0.0,3.15,0.0,6,0.0796,7.8,1.5,0.19,0.0724,0,0.02
4,0.05,0.03,0.0,3.3333,1,2,74.6,5.1,0.0,0.85,0.0,2,0.0917,5.1,1.5,0.05,0.0193,0,0.03
4,0.0776,0.0,1.5517,3.0,0,3,77.2,0.5,0.0,2.1414,0.0,1,0.0839,0.7759,1.5,0.05,0.0187,0,0.0
4,0.01,0.02,11.0,1.6667,1,4,82.4,2.4,0.0,1.28,0.0,2,0.0655,2.4,1.5,0.01,0.0175,1,0.02
4,0.0,0.0,90.0,1.3333,1,3,66.0,0.2,0.0,0.0,0.0,1,0.0818,9.0,1.5,0.0,0.0191,1,0.0
4,0.6353,0.0794,1.3235,1.6667,0,3,61.6,4.7,0.0,3.8779,0.0,2,0.1724,6.2206,1.5,0.48,0.0321,0,0.06
4,0.0,0.1271,9.5294,1.6667,1,3,60.6,4.9,0.0,0.8894,0.0,2,0.1604,5.1882,1.5,0.0,0.0594,0,0.12
4,0.06,0.04,4.0,2.0,0,3,67.0,3.8,0.0,0.83,0.0,2,0.1478,3.8,1.5,0.06,0.0645,0,0.04
4,0.0,0.1,5.0,2.0,1,2,67.0,2.9,0.0,0.91,0.0,2,0.1451,2.9,1.5,0.0,0.086,1,0.1
4,0.7157,0.0108,29.2771,3.3333,0,4,83.2,11.1,0.0,2.4506,0.0,6,0.2596,12.0361,1.5,0.66,0.0714,0,0.01
4,0.57,0.05,3.0,3.3333,0,3,87.6,6.3,0.0,2.71,0.0,2,0.2651,6.3,1.5,0.57,0.0658,0,0.05
4,0.6321,0.225,0.0,3.3333,1,4,87.4,5.5,0.0,3.4607,0.0,2,0.3872,5.8929,1.5,0.59,0.0844,0,0.21
4,0.0,0.0209,5.2326,2.0,0,3,86.6,1.5,0.0,2.6163,0.0,2,0.3783,1.5698,1.5,0.0,0.0811,0,0.02
4,0.0,0.08,7.0,2.0,1,3,86.6,4.6,0.0,1.45,0.0,2,0.3783,4.6,1.5,0.0,0.0769,0,0.08
3,0.0,0.22,30.0,4.0,1,2,45.0,6.7,3.0,1.56,0.0,4,0.0,13.4,1.5,0.0,0.22,0,0.11
3,0.0,0.18,4.0,2.0,1,4,45.0,2.6,0.4,2.12,0.0,0,0.0,5.2,1.5,0.0,0.2,0,0.09
3,0.0,0.0435,13.0645,2.0,0,3,50.6667,0.9,1.3065,0.7548,0.0,2,0.0,1.3065,1.5,0.0,0.1362,0,0.03
3,0.0,0.0474,14.2105,1.0,1,3,42.75,0.2,1.4211,0.7579,0.0,1,0.0,0.9474,1.5,0.0,0.1263,0,0.01
3,0.0,0.4275,13.5,1.6667,0,4,50.2,3.1,1.35,1.2038,0.0,2,0.0,3.4875,1.5,0.0,0.2223,1,0.38
3,0.22,0.48,21.0,1.6667,1,2,59.2,10.1,2.1,0.97,0.0,2,0.0669,10.1,1.5,0.22,0.301,0,0.48
3,0.06,0.11,3.0,1.6667,0,4,68.2,6.5,0.3,2.03,0.0,1,0.0739,6.5,1.5,0.06,0.2666,0,0.11
3,0.0321,0.1607,19.2857,2.0,1,3,72.6,8.1,1.9286,0.6536,0.0,3,0.0769,8.6786,1.5,0.03,0.2802,0,0.15
3,0.216,0.432,25.2,1.6667,1,3,73.8,7.8,2.52,0.864,0.0,1,0.0902,28.08,1.5,0.06,0.3024,0,0.12
3,0.0,0.2333,8.3333,1.6667,0,2,68.6,2.3,0.8333,1.1,0.0,1,0.0971,3.8333,1.5,0.0,0.2624,0,0.14
3,0.1105,0.1105,4.7368,1.0,0,3,62.0,2.0,0.4737,1.0895,0.0,1,0.0639,3.1579,1.5,0.07,0.1713,0,0.07
3,0.4345,0.2793,0.0,1.0,1,3,49.8,2.1,0.0,1.1483,0.0,1,0.1084,6.5172,1.5,0.14,0.206,0,0.09
3,0.0,0.037,19.726,2.3333,0,3,47.6,3.7,1.9726,2.5151,0.0,5,0.1021,4.5616,1.5,0.0,0.1702,0,0.03
3,0.3575,0.0493,6.1644,3.0,1,3,57.2,5.0,0.6164,0.826,0.0,3,0.1573,6.1644,1.5,0.29,0.1164,0,0.04
3,0.0,0.2172,9.3103,3.0,0,3,58.0,2.7,0.931,2.1414,0.0,1,0.1552,4.1897,1.5,0.0,0.1148,0,0.14
3,0.0,0.0,13.3333,1.6667,1,3,52.0,0.6,1.3333,1.4667,0.0,1,0.1488,2.0,1.5,0.0,0.1038,0,0.0
3,0.0,0.2,12.0,1.0,1,4,55.2,4.9,1.2,2.94,0.0,1,0.0946,9.8,1.5,0.0,0.1011,0,0.1
3,0.0,0.01,6.0,1.3333,0,3,58.6,0.8,0.6,2.39,0.0,2,0.0891,0.8,1.5,0.0,0.0891,0,0.01
3,0.0,3.6,450.0,1.3333,1,3,44.2,1.5,45.0,0.0,0.0,1,0.0,135.0,1.5,0.0,0.1181,1,0.04
3,0.0,0.0,270.0,1.3333,0,3,32.8,0.0,27.0,30.6,0.0,1,0.0,0.0,1.5,0.0,0.0823,0,0.0
3,0.0,0.0,18.0,1.0,0,2,31.4,0.4,1.8,5.31,0.0,1,0.0,1.8,1.5,0.0,0.086,0,0.0
3,0.0,0.0,60.0,1.0,0,2,23.6,0.7,6.0,0.6,0.0,1,0.0,10.5,1.5,0.0,0.0381,0,0.0
3,3.825,0.045,63.0,2.6667,0,3,9.6,7.3,6.3,0.765,0.0,6,1.5938,32.85,1.5,0.85,0.0938,1,0.01
3,0.0,0.15,10.0,2.6667,0,4,13.0,0.2,1.0,4.25,0.0,1,1.1769,1.0,1.5,0.0,0.0554,0,0.03
3,0.0964,0.9643,51.4286,3.6667,1,4,18.4,6.8,5.1429,1.4464,0.0,4,0.8609,21.8571,1.5,0.03,0.3326,0,0.3
3,0.1,0.1,8.0,2.0,1,4,23.4,4.0,0.8,0.86,0.0,1,0.7154,8.0,1.5,0.05,0.3,0,0.05
1,0.0,0.01,19.0,3.0,1,4,90.0,4.1,0.0,1.07,5.0,3,0.0,4.1,1.5,0.0,0.01,1,0.01
1,0.0,0.01,37.0,4.0,0,3,90.0,9.5,0.0,4.11,11.0,5,0.0,9.5,1.5,0.0,0.01,0,0.01
1,0.0,0.0,11.0,3.3333,1,3,90.0,1.6,0.0,0.84,1.0,2,0.0,1.6,1.5,0.0,0.0067,0,0.0
1,0.0,0.0,12.0,3.0,0,2,90.0,2.1,0.0,0.83,2.0,2,0.0,2.1,1.5,0.0,0.005,1,0.0
1,0.0,0.0,18.0,2.3333,1,2,90.0,4.2,0.0,0.91,8.0,3,0.0,4.2,1.5,0.0,0.004,0,0.0
1,0.0,0.0,30.0,4.0,0,3,90.0,7.9,0.0,2.43,10.0,7,0.0,7.9,1.5,0.0,0.002,1,0.0
1,0.0,0.0,30.0,6.0,0,4,90.0,7.4,0.0,2.71,9.0,8,0.0,7.4,1.5,0.0,0.0,0,0.0
1,0.0,0.03,43.0,8.3333,1,4,90.0,9.8,0.0,3.58,7.0,10,0.0,9.8,1.5,0.0,0.006,0,0.03
1,0.0,0.0,25.0,7.6667,0,4,90.0,5.8,0.0,2.5,7.0,5,0.0,5.8,1.5,0.0,0.006,0,0.0
1,0.0,0.0,16.0,5.6667,1,3,90.0,2.9,0.0,1.45,4.0,2,0.0,2.9,1.5,0.0,0.006,0,0.0
2,0.0,0.0,12.0,1.0,1,3,90.0,0.0,1.8,2.21,0.0,1,0.0,0.0,1.5,0.0,0.0,0,0.0
2,0.0,0.02,19.0,1.0,1,3,90.0,5.1,2.85,2.51,0.0,1,0.0,5.1,1.5,0.0,0.01,0,0.02
2,0.04,0.0,17.0,0.6667,1,3,90.0,4.1,2.55,2.27,0.0,0,0.0133,4.1,1.5,0.04,0.0067,0,0.0
2,0.0,0.0,8.0,0.3333,1,3,78.75,0.4,1.2,2.52,0.0,0,0.0114,0.8,1.5,0.0,0.0057,1,0.0
2,0.0,0.01,18.0,0.3333,0,2,81.0,3.6,2.7,3.24,0.0,1,0.0089,3.6,1.5,0.0,0.0067,0,0.01
2,0.0,0.01,26.0,2.0,0,2,81.0,5.8,3.9,1.08,0.0,5,0.0089,5.8,1.5,0.0,0.0089,1,0.01
2,0.08,0.06,12.0,2.3333,1,3,81.0,6.0,1.8,1.32,0.0,1,0.0267,6.0,1.5,0.08,0.0178,1,0.06
2,0.03,0.01,10.0,2.3333,0,3,81.0,2.3,1.5,2.03,0.0,1,0.0244,2.3,1.5,0.03,0.02,0,0.01
2,0.07,0.01,8.0,0.3333,1,4,90.0,5.0,1.2,1.03,0.0,-1,0.036,5.0,1.5,0.07,0.02,0,0.01
2,0.022,0.1976,34.0244,2.6667,1,3,88.4,4.2,5.1037,0.3951,0.0,8,0.0407,4.6098,1.5,0.02,0.055,0,0.18
2,0.0,0.01,12.0,3.0,0,3,88.4,2.4,1.8,0.83,0.0,2,0.0407,2.4,1.5,0.0,0.055,0,0.01
2,0.0,0.01,9.0,3.6667,0,4,88.4,3.1,1.35,2.72,0.0,1,0.0244,3.1,1.5,0.0,0.0448,0,0.01
2,0.0,0.02,13.0,1.3333,1,2,88.4,2.1,1.95,1.34,0.0,1,0.0183,2.1,1.5,0.0,0.0468,1,0.02
2,0.06,0.0,21.0,2.6667,0,3,88.4,2.4,3.15,1.38,0.0,6,0.0163,2.4,1.5,0.06,0.0448,0,0.0
2,0.01,0.01,7.0,2.3333,1,2,90.0,3.5,1.05,1.69,0.0,0,0.014,3.5,1.5,0.01,0.01,0,0.01
2,0.04,0.11,20.0,3.3333,0,4,90.0,4.3,3.0,3.15,0.0,4,0.022,4.3,1.5,0.04,0.03,0,0.11
2,0.0,0.03,13.0,2.0,1,3,90.0,3.1,1.95,0.85,0.0,2,0.022,3.1,1.5,0.0,0.034,0,0.03
2,0.0,0.0,13.0,2.3333,0,4,90.0,2.1,1.95,1.75,0.0,1,0.022,2.1,1.5,0.0,0.03,0,0.0
2,0.0,0.0,16.0,1.3333,1,3,90.0,2.4,2.4,1.28,0.0,1,0.01,2.4,1.5,0.0,0.03,1,0.0
2,0.02,0.03,21.0,2.6667,0,3,90.0,8.5,3.15,2.86,0.0,6,0.012,8.5,1.5,0.02,0.034,0,0.03
2,0.05,0.01,11.0,2.3333,1,3,90.0,2.4,1.65,2.42,0.0,0,0.014,2.4,1.5,0.05,0.014,0,0.01
2,0.0,0.0,11.0,2.3333,0,3,90.0,1.2,1.65,2.39,0.0,1,0.014,1.2,1.5,0.0,0.008,1,0.0
2,0.0809,0.0202,11.1236,0.3333,1,3,89.8,2.2,1.6685,1.1124,0.0,0,0.0301,2.2247,1.5,0.08,0.012,0,0.02
2,0.0,0.01,9.0,0.6667,0,2,89.8,2.3,1.35,1.82,0.0,1,0.0301,2.3,1.5,0.0,0.014,0,0.01
2,0.0,0.01,10.0,1.0,1,2,89.8,1.8,1.5,1.07,0.0,2,0.0261,1.8,1.5,0.0,0.01,0,0.01
2,0.04,0.05,25.0,3.3333,0,4,89.8,9.8,3.75,4.11,0.0,7,0.0241,9.8,1.5,0.04,0.018,0,0.05
2,0.03,0.1,20.0,5.0,1,4,89.8,5.2,3.0,0.84,0.0,6,0.0301,5.2,1.5,0.03,0.0381,0,0.1
2,0.0,0.0136,0.0,4.0,0,2,85.2,0.3,0.0,1.5273,0.0,-1,0.0148,0.4091,1.5,0.0,0.038,1,0.01
2,0.0,0.02,14.0,2.3333,0,3,85.2,2.2,2.1,2.43,0.0,2,0.0148,2.2,1.5,0.0,0.0401,0,0.02
2,0.11,0.01,11.0,1.0,0,2,85.2,2.9,1.65,2.71,0.0,2,0.038,2.9,1.5,0.11,0.0401,0,0.01
2,0.03,0.03,25.0,3.3333,1,2,85.2,8.7,3.75,3.58,0.0,6,0.0359,8.7,1.5,0.03,0.0359,0,0.03
2,0.03,0.09,14.0,3.0,0,3,85.2,4.6,2.1,2.5,0.0,1,0.0359,4.6,1.5,0.03,0.0338,0,0.09
2,0.0,0.02,15.0,2.6667,1,4,90.0,2.1,2.25,1.45,0.0,1,0.034,2.1,1.5,0.0,0.034,0,0.02
4,0.9,0.0,18.0,1.0,0,3,5.0,0.0,0.0,0.0,0.0,1,0.9,0.0,1.5,0.05,0.0,0,0.0
4,0.3857,0.0643,19.2857,1.0,1,3,9.5,1.7,0.0,0.1929,0.0,1,0.5211,10.9286,1.5,0.06,0.0474,0,0.01
2,0.0,0.01,10.0,1.0,1,2,90.0,0.0,1.5,2.21,0.0,1,0.0,0.0,1.5,0.0,0.01,0,0.01
2,0.0,0.12,15.0,1.0,1,4,90.0,3.0,2.25,2.51,0.0,1,0.0,3.0,1.5,0.0,0.065,0,0.12
2,0.0,0.1,11.0,0.6667,1,3,90.0,2.5,1.65,2.27,0.0,0,0.0,2.5,1.5,0.0,0.0767,0,0.1
2,0.0,0.02,10.0,0.6667,0,2,90.0,1.5,1.5,0.72,0.0,1,0.0,1.5,1.5,0.0,0.0625,0,0.02
2,0.0,0.03,12.0,1.0,1,3,90.0,2.1,1.8,0.91,0.0,2,0.0,2.1,1.5,0.0,0.056,1,0.03
2,0.0,0.0103,10.3448,1.3333,0,3,89.4,1.8,1.5517,3.2379,0.0,1,0.0,1.8621,1.5,0.0,0.0564,0,0.01
2,0.0,0.02,22.0,2.3333,0,3,89.4,5.9,3.3,1.31,0.0,4,0.0,5.9,1.5,0.0,0.0362,0,0.02
2,0.0,0.0621,24.8276,1.6667,1,3,77.2,4.0,3.7241,1.2103,0.0,0,0.0,12.4138,1.5,0.0,0.0233,1,0.02
2,0.0,0.0117,4.6753,0.6667,0,2,74.6,0.7,0.7013,4.0792,0.0,-2,0.0,0.8182,1.5,0.0,0.0217,0,0.01
2,0.0,0.0,24.5455,-0.3333,0,4,58.8,0.9,3.6818,9.0818,0.0,1,0.0,7.3636,1.5,0.0,0.0184,0,0.0
2,0.0,0.0,18.0,0.0,0,4,43.4,0.2,2.7,1.8,0.0,1,0.0,1.8,1.5,0.0,0.0207,0,0.0
2,0.0,0.0,5.625,1.0,0,3,28.6,0.2,0.8438,6.2438,0.0,1,0.0,1.125,1.5,0.0,0.0189,0,0.0
2,0.0,0.0,22.5,1.0,1,4,26.0,1.5,3.375,1.0125,0.0,1,0.0,8.4375,1.5,0.0,0.0069,0,0.0
2,0.0,0.029,-2.9032,0.6667,0,4,16.8,0.4,-0.4355,1.0742,0.0,0,0.0,1.1613,1.5,0.0,0.0107,0,0.01
4,4.5,0.0,-30.0,1.0,1,2,9.0,0.1,0.0,0.2,0.0,1,4.5,1.0,1.5,0.45,0.0,0,0.0
4,0.4235,0.0,10.5882,1.0,1,4,13.0,1.2,0.0,2.2235,0.0,1,1.8346,6.3529,1.5,0.08,0.0,1,0.0
4,0.0,0.0,5.625,1.0,0,3,19.3333,0.1,0.0,3.5719,0.0,1,0.8224,0.2812,1.5,0.0,0.0,1,0.0
4,0.27,0.0,27.0,1.0,0,3,17.0,0.6,0.0,1.71,0.0,1,0.7412,5.4,1.5,0.03,0.0,0,0.0
4,0.0,0.0,0.0,1.0,0,3,22.6,0.3,0.0,0.36,0.0,1,0.446,0.6,1.5,0.0,0.0,1,0.0
4,0.39,0.03,1.0,1.3333,1,3,38.8,6.9,0.0,1.32,0.0,2,0.232,6.9,1.5,0.39,0.0139,0,0.03
4,0.07,0.0,5.0,1.6667,0,3,53.4,3.7,0.0,2.03,0.0,2,0.1652,3.7,1.5,0.07,0.0101,0,0.0
4,0.79,0.01,30.0,4.3333,1,3,65.0,7.5,0.0,1.03,0.0,9,0.3545,7.5,1.5,0.79,0.0111,0,0.01
4,0.264,0.024,37.2,5.6667,1,3,78.0,5.7,0.0,0.432,0.0,6,0.3392,6.84,1.5,0.22,0.0138,0,0.02
4,0.43,0.0,6.0,5.6667,0,2,87.0,2.8,0.0,0.83,0.0,2,0.3931,2.8,1.5,0.43,0.0124,0,0.0
4,0.7714,0.0117,16.3636,4.3333,0,3,84.4,7.5,0.0,1.8818,0.0,5,0.4628,8.7662,1.5,0.66,0.0085,1,0.01
4,0.42,0.0,6.0,2.6667,1,3,75.4,1.4,0.0,1.94,0.0,1,0.5515,2.8,1.5,0.21,0.0095,0,0.0
4,0.0,0.0,14.4,2.3333,0,4,62.4,0.2,0.0,1.656,0.0,1,0.4385,0.72,1.5,0.0,0.0087,0,0.0
4,0.0,0.0,10.0,1.0,1,3,52.8,1.6,0.0,4.6333,0.0,1,0.4432,5.3333,1.5,0.0,0.0034,0,0.0
4,0.0,0.0,270.0,1.0,0,3,35.0,0.1,0.0,0.0,0.0,1,0.4474,9.0,1.5,0.0,0.0051,0,0.0
4,0.0,0.0,270.0,1.0,1,3,19.8,0.0,0.0,0.0,0.0,1,0.1909,0.0,1.5,0.0,0.0,0,0.0
4,1.8,0.0,-21.4286,1.0,0,2,15.0,1.3,0.0,5.0571,0.0,1,0.504,5.5714,1.5,0.42,0.0,0,0.0
4,0.0,0.0,0.0,1.0,1,3,13.4,0.2,0.0,0.4765,0.0,1,0.5642,1.0588,1.5,0.0,0.0,0,0.0
4,0.0,0.0,45.0,1.0,0,3,9.2,0.0,0.0,0.6,0.0,1,0.8217,0.0,1.5,0.0,0.0,0,0.0
4,0.225,0.0,0.0,1.0,1,3,14.6,1.2,0.0,0.4821,0.0,1,0.6041,3.8571,1.5,0.07,0.0,0,0.0
4,0.0,0.06,18.0,1.0,1,3,17.4,0.2,0.0,0.24,0.0,1,0.5069,1.2,1.5,0.0,0.0103,1,0.01
2,0.02,0.01,10.0,2.0,0,4,90.0,1.5,1.5,0.72,0.0,2,0.02,1.5,1.5,0.02,0.01,0,0.01
2,0.0,0.02,13.0,2.0,1,4,90.0,2.5,1.95,0.91,0.0,2,0.01,2.5,1.5,0.0,0.015,0,0.02
2,0.0,0.0,13.0,1.3333,0,2,90.0,1.6,1.95,3.19,0.0,0,0.0067,1.6,1.5,0.0,0.01,1,0.0
2,0.0,0.07,10.0,1.0,0,2,90.0,2.8,1.5,1.31,0.0,1,0.005,2.8,1.5,0.0,0.025,0,0.07
2,0.06,0.01,9.0,0.3333,1,4,90.0,2.4,1.35,1.58,0.0,0,0.016,2.4,1.5,0.06,0.022,0,0.01
2,0.0,0.0,12.0,0.6667,0,2,90.0,1.8,1.8,3.24,0.0,1,0.012,1.8,1.5,0.0,0.02,0,0.0
2,0.03,0.0,21.0,2.3333,0,3,90.0,4.5,3.15,1.08,0.0,6,0.018,4.5,1.5,0.03,0.016,1,0.0
2,0.01,0.06,12.0,2.6667,1,3,90.0,4.7,1.8,1.32,0.0,1,0.02,4.7,1.5,0.01,0.028,0,0.06
2,0.0,0.01,10.0,2.6667,0,3,90.0,2.1,1.5,2.03,0.0,1,0.02,2.1,1.5,0.0,0.016,0,0.01
2,0.0,0.0,18.0,1.0,1,3,90.0,2.8,2.7,1.03,0.0,1,0.008,2.8,1.5,0.0,0.014,0,0.0
2,0.0,0.2,37.0,4.0,1,2,90.0,4.7,5.55,0.39,0.0,10,0.008,4.7,1.5,0.0,0.054,0,0.2
2,0.01,0.02,11.0,4.0,0,3,90.0,2.7,1.65,0.83,0.0,1,0.004,2.7,1.5,0.01,0.058,0,0.02
2,0.0,0.0,9.0,4.0,0,2,90.0,1.4,1.35,2.72,0.0,1,0.002,1.4,1.5,0.0,0.046,0,0.0
2,0.0,0.04,23.0,2.6667,0,3,90.0,3.2,3.45,1.38,0.0,6,0.002,3.2,1.5,0.0,0.052,0,0.04
2,0.0,0.11,14.0,2.6667,1,3,90.0,3.2,2.1,1.69,0.0,1,0.002,3.2,1.5,0.0,0.074,0,0.11
2,0.0,0.0,4.0,2.3333,0,3,90.0,1.5,0.6,3.15,0.0,0,0.002,1.5,1.5,0.0,0.034,0,0.0
2,0.0,0.0964,16.0714,0.3333,1,3,77.6,1.9,2.4107,4.4679,0.0,0,0.0,6.1071,1.5,0.0,0.0418,0,0.03
2,0.0,0.0122,6.0811,0.3333,0,4,74.4,0.8,0.9122,1.7149,0.0,1,0.0,0.973,1.5,0.0,0.046,0,0.01
2,0.0,0.34,14.0,0.6667,1,3,74.4,2.9,2.1,1.1,0.0,1,0.0,2.9,1.5,0.0,0.1185,0,0.34
2,0.01,0.0,13.0,1.0,0,2,74.4,1.7,1.95,1.82,0.0,1,0.0024,1.7,1.5,0.01,0.0919,0,0.0
2,0.02,0.12,10.0,1.0,1,4,74.4,5.1,1.5,1.07,0.0,1,0.0073,5.1,1.5,0.02,0.121,0,0.12
2,0.0,0.0,16.0,1.0,0,3,77.8,1.4,2.4,4.08,0.0,1,0.0069,2.8,1.5,0.0,0.1087,0,0.0
2,0.0,0.49,14.0,1.3333,1,3,81.0,3.9,2.1,0.84,0.0,2,0.0067,3.9,1.5,0.0,0.2111,0,0.49
2,0.0976,0.0217,7.5904,1.6667,0,4,79.6,2.1,1.1386,0.8566,0.0,2,0.0271,2.2771,1.5,0.09,0.1425,1,0.02
2,0.0,0.0,10.0,1.6667,1,4,70.6,0.5,1.5,0.82,0.0,1,0.028,1.0,1.5,0.0,0.1606,0,0.0
2,0.0,0.07,18.0,1.6667,0,4,70.6,5.6,2.7,2.43,0.0,2,0.0229,5.6,1.5,0.0,0.1479,0,0.07
2,0.0,0.0,7.0,1.0,0,3,79.6,2.2,1.05,2.5,0.0,0,0.0204,2.2,1.5,0.0,0.1312,0,0.0
2,0.0,0.0365,18.2432,1.0,1,2,76.4,1.8,2.7365,1.7149,0.0,1,0.0212,2.1892,1.5,0.0,0.0283,0,0.03
2,0.0,0.03,6.0,1.0,1,4,90.0,0.0,0.9,2.21,0.0,1,0.0,0.0,1.5,0.0,0.03,0,0.03
2,0.45,1.35,180.0,1.0,0,2,46.0,0.9,27.0,2.25,0.0,1,0.0098,40.5,1.5,0.01,0.0587,1,0.03
2,0.0,0.015,3.0,1.0,1,3,50.6667,0.0,0.45,1.785,0.0,1,0.0059,0.0,1.5,0.0,0.0414,0,0.01
2,0.0,0.03,8.0,1.0,0,3,60.5,3.1,1.2,1.08,0.0,1,0.0037,3.1,1.5,0.0,0.0372,1,0.03
2,0.0,0.02,9.0,1.0,1,3,66.4,0.9,1.35,1.32,0.0,1,0.0027,0.9,1.5,0.0,0.0325,0,0.02
2,0.0,0.0,12.4138,1.0,0,3,65.8,1.3,1.8621,2.1,0.0,1,0.0027,1.3448,1.5,0.0,0.0246,0,0.0
2,0.03,0.02,10.0,1.0,1,4,83.4,1.0,1.5,1.03,0.0,1,0.0065,1.0,1.5,0.03,0.0173,0,0.02
2,0.16,0.06,25.0,2.6667,1,4,89.4,3.0,3.75,0.39,0.0,6,0.0383,3.0,1.5,0.16,0.0262,0,0.06
2,0.05,0.02,-1.0,3.0,0,2,89.4,1.2,-0.15,0.83,0.0,2,0.0483,1.2,1.5,0.05,0.0242,0,0.02
2,0.0,0.01,6.0,3.3333,0,2,89.4,1.7,0.9,2.72,0.0,2,0.0483,1.7,1.5,0.0,0.0221,1,0.01
2,0.0,0.1047,8.3721,1.6667,1,3,89.2,1.1,1.2558,1.1198,0.0,1,0.0484,1.1512,1.5,0.0,0.0424,0,0.1
2,0.0,0.03,26.0,3.0,0,3,89.2,2.9,3.9,1.38,0.0,6,0.0424,2.9,1.5,0.0,0.0444,0,0.03
2,0.0,0.01,5.0,2.6667,1,3,89.2,1.3,0.75,1.69,0.0,1,0.0101,1.3,1.5,0.0,0.0343,0,0.01
2,0.0,0.13,11.0,2.6667,0,2,89.2,2.5,1.65,3.15,0.0,1,0.0,2.5,1.5,0.0,0.0565,1,0.13
2,0.08,0.04,5.0,1.3333,1,2,89.2,3.0,0.75,0.85,0.0,2,0.0161,3.0,1.5,0.08,0.0626,0,0.04
2,0.0,0.0,7.0,1.3333,0,3,90.0,2.1,1.05,1.75,0.0,1,0.016,2.1,1.5,0.0,0.042,0,0.0
2,0.0314,0.0105,11.5116,1.3333,1,2,89.2,3.7,1.7267,1.3395,0.0,1,0.0222,3.8721,1.5,0.03,0.0383,0,0.01
2,0.0,0.0,18.0,1.0,0,3,73.2,0.2,2.7,6.48,0.0,1,0.027,1.8,1.5,0.0,0.0443,0,0.0
2,0.4909,0.3273,49.0909,1.0,1,4,57.4,1.0,7.3636,1.5545,0.0,1,0.0533,8.1818,1.5,0.06,0.0282,0,0.04
2,0.0,0.0,6.0,1.0,0,3,42.4,0.4,0.9,5.88,0.0,1,0.0382,2.4,1.5,0.0,0.0212,1,0.0
2,0.684,0.012,-2.4,1.0,1,3,39.4,2.7,-0.36,1.26,0.0,1,0.3015,3.24,1.5,0.57,0.0274,0,0.01
2,0.02,0.11,6.0,1.0,0,3,40.2,1.9,0.9,1.47,0.0,1,0.291,1.9,1.5,0.02,0.0716,0,0.11
2,0.03,0.06,18.0,2.3333,1,3,56.2,4.7,2.7,1.07,0.0,5,0.2178,4.7,1.5,0.03,0.0705,0,0.06
2,0.0,0.1,9.0,2.3333,0,4,72.0,2.5,1.35,4.11,0.0,1,0.155,2.5,1.5,0.0,0.07,1,0.1
2,0.12,0.2,22.0,3.3333,1,3,87.0,6.2,3.3,0.84,0.0,4,0.1531,6.2,1.5,0.12,0.0993,0,0.2
2,0.0,0.031,9.3103,2.0,0,3,77.8,0.5,1.3966,0.9931,0.0,1,0.0393,1.5517,1.5,0.0,0.1111,1,0.01
2,0.0,0.0,-2.0,2.0,1,2,68.8,0.8,-0.3,1.0,0.0,1,0.0392,1.6,1.5,0.0,0.0968,0,0.0
2,0.1696,0.013,16.9565,2.3333,0,3,64.6,7.6,2.5435,2.9478,0.0,5,0.0697,9.913,1.5,0.13,0.0892,0,0.01
2,0.02,0.01,3.0,2.6667,0,4,64.6,2.3,0.45,2.71,0.0,2,0.0752,2.3,1.5,0.02,0.0641,0,0.01
2,0.0,0.01,8.0,2.3333,1,2,64.6,1.9,1.2,3.58,0.0,0,0.0418,1.9,1.5,0.0,0.0111,0,0.01
2,0.2662,0.0,6.338,1.3333,0,3,73.0,4.5,0.9507,1.7366,0.0,2,0.0888,5.7042,1.5,0.21,0.0074,0,0.0
2,0.36,0.04,24.0,2.0,1,4,73.0,3.9,3.6,0.86,0.0,4,0.1332,7.8,1.5,0.18,0.0123,0,0.02
3,0.12,0.18,-18.0,-2.0,1,3,30.0,0.0,-1.8,4.11,0.0,-2,0.12,0.0,1.5,0.04,0.18,0,0.06
3,0.3,0.0,10.0,-0.5,0,3,28.5,0.3,1.0,0.6667,0.0,1,0.2053,1.0,1.5,0.09,0.0947,0,0.0
3,0.0,0.0,180.0,0.0,0,4,19.6667,1.2,18.0,2.25,0.0,1,0.1983,54.0,1.5,0.0,0.0915,0,0.0
3,0.0403,0.0403,2.6866,1.3333,0,2,31.5,1.4,0.2687,1.4104,0.0,2,0.1143,1.8806,1.5,0.03,0.0643,0,0.03
3,0.0,0.0,20.0,1.3333,1,3,27.0,0.2,2.0,4.6,0.0,1,0.1067,2.0,1.5,0.0,0.06,0,0.0
3,0.0,0.1286,32.1429,1.3333,0,3,23.8,0.8,3.2143,1.4786,0.0,1,0.0908,5.1429,1.5,0.0,0.0378,1,0.02
3,0.7714,0.0,12.8571,1.0,0,3,7.0,0.2,1.2857,0.2571,0.0,1,0.7714,2.5714,1.5,0.06,0.0,0,0.0
2,0.1,0.0,10.0,0.0,0,2,90.0,4.0,1.5,2.28,0.0,0,0.1,4.0,1.5,0.1,0.0,0,0.0
2,0.0,0.56,28.0,2.5,1,2,90.0,6.3,4.2,1.02,0.0,5,0.05,6.3,1.5,0.0,0.28,0,0.56
2,0.01,0.01,15.0,2.0,0,3,90.0,2.6,2.25,1.08,0.0,1,0.0367,2.6,1.5,0.01,0.19,0,0.01
2,0.0,0.04,32.0,4.6667,1,2,90.0,3.8,4.8,0.37,0.0,8,0.0275,3.8,1.5,0.0,0.1525,1,0.04
2,0.0,0.0,27.0,3.3333,0,4,74.0,0.2,4.05,2.97,0.0,1,0.0268,1.8,1.5,0.0,0.1484,0,0.0
2,0.0,0.0,17.0,3.6667,1,3,74.0,1.6,2.55,1.01,0.0,2,0.0024,1.6,1.5,0.0,0.1484,0,0.0
2,0.0,0.01,16.0,1.0,0,3,74.0,3.8,2.4,2.93,0.0,0,0.0024,3.8,1.5,0.0,0.0146,0,0.01
2,0.0,0.1,20.0,1.0,1,3,57.8,0.3,3.0,10.1,0.0,1,0.0,3.0,1.5,0.0,0.0187,0,0.01
2,0.0,0.02,14.0,0.6667,1,3,57.8,2.8,2.1,1.58,0.0,1,0.0,2.8,1.5,0.0,0.0125,0,0.02
2,0.05,0.01,14.0,1.0,1,3,73.8,2.2,2.1,1.57,0.0,1,0.0122,2.2,1.5,0.05,0.0122,0,0.01
2,0.0,0.0,270.0,1.0,0,2,56.0,0.0,40.5,54.0,0.0,1,0.0161,0.0,1.5,0.0,0.0161,1,0.0
2,0.07,0.01,20.0,0.6667,0,4,56.0,6.3,3.0,3.37,0.0,0,0.0386,6.3,1.5,0.07,0.0161,0,0.01
2,0.0,0.22,11.0,0.3333,0,3,72.2,2.9,1.65,0.87,0.0,0,0.0299,2.9,1.5,0.0,0.0648,0,0.22
2,0.01,0.01,26.0,2.0,1,3,72.2,2.8,3.9,1.54,0.0,6,0.0324,2.8,1.5,0.01,0.0623,0,0.01
2,0.0,0.01,28.0,4.0,1,3,72.2,2.2,4.2,1.04,0.0,6,0.0199,2.2,1.5,0.0,0.0623,0,0.01
2,0.0474,0.0,11.0526,4.0,0,3,83.4,1.2,1.6579,2.2579,0.0,0,0.0237,1.8947,1.5,0.03,0.054,0,0.0
2,0.0,0.0,13.0,2.6667,0,3,83.4,1.4,1.95,1.24,0.0,2,0.0086,1.4,1.5,0.0,0.0518,0,0.0
2,0.0,0.01,8.0,0.6667,1,2,83.4,3.1,1.2,2.15,0.0,0,0.0086,3.1,1.5,0.0,0.0065,0,0.01
4,0.0818,0.0,8.1818,1.0,1,2,11.0,0.6,0.0,3.3545,0.0,1,0.0818,4.9091,1.5,0.01,0.0,1,0.0
4,0.6891,0.0281,35.1562,3.5,0,3,37.5,6.4,0.0,0.45,0.0,6,0.6,9.0,1.5,0.49,0.024,0,0.02
4,0.16,0.04,0.0,2.6667,0,3,40.0,2.0,0.0,0.58,0.0,1,0.435,4.0,1.5,0.08,0.03,0,0.02
4,0.0,0.0,990.0,3.6667,1,3,30.25,0.2,0.0,6.3,0.0,4,0.4314,18.0,1.5,0.0,0.0298,0,0.0
4,0.0,0.0,12.8571,2.0,0,3,28.4,0.5,0.0,1.5,0.0,1,0.3676,2.1429,1.5,0.0,0.0254,1,0.0
4,0.0,0.0,30.0,2.0,1,2,28.0,0.0,0.0,7.2,0.0,1,0.3664,0.0,1.5,0.0,0.0257,0,0.0
4,0.2769,0.0,-6.9231,1.0,0,3,17.8,1.1,0.0,0.9,0.0,1,0.1213,7.6154,1.5,0.04,0.0202,1,0.0
4,0.1364,0.0136,0.0,1.3333,0,4,22.0,1.8,0.0,1.2545,0.0,2,0.1145,2.4545,1.5,0.1,0.0082,0,0.01
4,5.1,0.36,6.0,1.3333,1,2,24.8,1.9,0.0,0.78,0.0,1,0.7185,11.4,1.5,0.85,0.0508,1,0.06
4,0.2328,0.031,3.1034,1.3333,0,3,32.2,1.3,0.0,1.4121,0.0,1,0.6373,2.0172,1.5,0.15,0.0503,0,0.02
4,0.9947,0.0,-9.4737,1.0,1,3,34.2,0.5,0.0,1.2316,0.0,1,0.7105,2.3684,1.5,0.21,0.0474,0,0.0
4,0.0295,0.0148,2.9508,1.3333,0,2,43.8,4.4,0.0,0.8557,0.0,2,0.5466,6.4918,1.5,0.02,0.0411,0,0.01
4,0.4015,0.1108,1.3846,1.6667,1,2,43.6,4.5,0.0,0.4154,0.0,2,0.6275,6.2308,1.5,0.29,0.0702,0,0.08
4,0.0,0.0,11.25,1.6667,0,2,43.8,0.0,0.0,0.9,0.0,1,0.2753,0.0,1.5,0.0,0.0452,1,0.0
4,0.0,0.0,0.0,1.3333,1,3,35.2,0.2,0.0,3.18,0.0,1,0.2659,1.2,1.5,0.0,0.046,0,0.0
4,0.0,0.0,30.0,1.0,1,3,32.6,0.1,0.0,0.75,0.0,1,0.1712,1.5,1.5,0.0,0.0497,1,0.0
4,0.0,0.09,135.0,2.0,0,2,22.4,3.2,0.0,2.7,0.0,4,0.233,28.8,1.5,0.0,0.0723,0,0.01
4,0.0,0.0,36.0,2.0,1,3,10.4,0.3,0.0,9.9,0.0,1,0.0,5.4,1.5,0.0,0.0173,0,0.0
4,0.0,0.0,90.0,2.0,0,3,7.4,0.0,0.0,0.0,0.0,1,0.0,0.0,1.5,0.0,0.0243,0,0.0
4,0.0,0.0,36.0,1.0,1,4,5.4,0.0,0.0,2.52,0.0,1,0.0,0.0,1.5,0.0,0.0333,0,0.0
4,0.0,0.0,7.8261,1.0,1,2,8.8,0.0,0.0,5.0087,0.0,1,0.0,0.0,1.5,0.0,0.0205,0,0.0
2,0.0,0.0,28.4211,1.0,0,3,19.0,0.8,4.2632,3.6947,0.0,1,0.0,3.7895,1.5,0.0,0.0,1,0.0
2,0.0,0.01,15.0,1.0,0,4,54.5,2.3,2.25,1.83,0.0,1,0.0,2.3,1.5,0.0,0.0083,0,0.01
2,0.0,0.0,11.0,1.0,1,4,66.3333,1.9,1.65,0.8,0.0,1,0.0,1.9,1.5,0.0,0.0045,0,0.0
2,0.0,0.0,24.0,1.0,1,3,53.5,0.4,3.6,0.0,0.0,1,0.0,2.4,1.5,0.0,0.0042,1,0.0
2,0.0,0.01,13.0,0.6667,0,3,60.8,2.2,1.95,1.36,0.0,0,0.0,2.2,1.5,0.0,0.0059,0,0.01
2,0.0,0.0,29.0,2.3333,1,4,75.0,2.9,4.35,1.41,0.0,6,0.0,2.9,1.5,0.0,0.0048,0,0.0
2,0.0,0.0391,15.6522,2.3333,0,3,61.6,0.4,2.3478,2.6217,0.0,1,0.0,1.5652,1.5,0.0,0.0058,0,0.01
2,0.0,0.03,22.0,3.0,0,4,61.6,4.1,3.3,0.87,0.0,2,0.0,4.1,1.5,0.0,0.0146,0,0.03
2,0.05,0.01,38.0,6.0,1,4,76.6,6.2,5.7,1.54,0.0,15,0.0117,6.2,1.5,0.05,0.0141,1,0.01
2,0.1646,0.0659,31.8293,7.6667,1,3,75.0,4.2,4.7744,1.0866,0.0,6,0.048,4.6098,1.5,0.15,0.0264,1,0.06
2,0.0,0.01,15.0,7.3333,0,3,75.0,2.2,2.25,1.62,0.0,1,0.048,2.2,1.5,0.0,0.0288,0,0.01
2,0.0,0.01,23.0,3.0,0,3,88.4,3.9,3.45,1.24,0.0,2,0.0407,3.9,1.5,0.0,0.0244,0,0.01
2,0.0,0.01,12.0,1.6667,1,4,88.4,1.9,1.8,2.15,0.0,2,0.0407,1.9,1.5,0.0,0.0204,0,0.01
2,0.1112,0.2326,24.2697,7.0,1,2,89.0,6.3,3.6404,1.2742,0.0,7,0.1112,6.3708,1.5,0.11,0.2326,0,0.23
2,0.315,0.735,19.5,4.0,0,4,74.5,5.9,2.925,1.275,0.0,1,0.1933,8.85,1.5,0.21,0.4349,0,0.49
2,0.0953,0.2965,23.2941,4.6667,1,3,78.0,7.6,3.4941,0.4341,0.0,6,0.1577,8.0471,1.5,0.09,0.3846,0,0.28
2,0.4279,0.3836,8.8525,2.6667,1,2,73.75,4.5,1.3279,0.9443,0.0,1,0.2136,6.6393,1.5,0.29,0.3844,0,0.26
2,0.0,0.0,0.0,2.3333,0,3,61.0,0.9,0.0,0.81,0.0,0,0.2066,8.1,1.5,0.0,0.3718,0,0.0
2,0.4655,0.031,3.1034,0.3333,1,3,49.0,2.9,0.4655,2.5759,0.0,0,0.2718,9.0,1.5,0.15,0.382,0,0.01
2,0.0,0.5538,0.0,0.3333,1,3,39.6,1.7,0.0,2.0769,0.0,1,0.2409,11.7692,1.5,0.0,0.2864,0,0.08
2,0.0,0.0,-6.0,0.0,0,4,31.6,0.7,-0.9,3.72,0.0,-1,0.2506,1.4,1.5,0.0,0.1994,0,0.0
2,0.0,0.27,24.75,0.0,1,2,35.4,6.9,3.7125,1.0462,0.0,0,0.0763,7.7625,1.5,0.0,0.1678,0,0.24
2,0.04,0.02,8.0,0.3333,0,2,51.4,2.2,1.2,0.55,0.0,2,0.0665,2.2,1.5,0.04,0.1226,0,0.02
2,0.1,0.0,7.0,1.3333,0,3,63.6,3.3,1.05,2.91,0.0,2,0.0396,3.3,1.5,0.1,0.0962,0,0.0
2,0.09,0.01,11.0,1.6667,0,4,79.0,2.9,1.65,1.83,0.0,1,0.0524,2.9,1.5,0.09,0.0615,0,0.01
2,0.27,0.0,108.0,2.3333,1,3,72.0,2.2,16.2,0.36,0.0,4,0.065,19.8,1.5,0.03,0.0675,0,0.0
3,0.0,0.1687,4.5,1.0,1,3,80.0,2.2,0.45,1.3838,0.0,1,0.0,2.475,1.5,0.0,0.1687,1,0.15
3,0.16,0.08,38.0,3.0,0,2,62.5,7.7,3.8,1.46,0.0,5,0.0576,15.4,1.5,0.08,0.1368,0,0.04
3,0.0,0.0,360.0,2.3333,1,2,42.0,0.2,36.0,11.7,0.0,1,0.0571,18.0,1.5,0.0,0.1357,0,0.0
3,0.0,0.1875,48.75,3.3333,0,2,37.5,4.0,4.875,2.6625,0.0,4,0.048,15.0,1.5,0.0,0.144,0,0.05
3,0.1,0.15,15.0,2.0,1,3,33.6,1.4,1.5,5.05,0.0,1,0.0536,7.0,1.5,0.02,0.1446,0,0.03
3,0.0,0.0,360.0,2.0,1,2,17.8,1.2,36.0,0.0,0.0,1,0.1011,108.0,1.5,0.0,0.1213,1,0.0
3,0.0947,0.0947,0.0,1.0,1,3,12.6,2.2,0.0,0.0,0.0,1,0.0571,10.4211,1.5,0.02,0.1429,0,0.02
3,0.0,0.0,22.5,1.0,0,3,15.6,0.6,2.25,3.7688,0.0,1,0.0462,3.375,1.5,0.0,0.1154,0,0.0
3,0.0,0.0,10.0,1.0,1,3,14.4,0.4,1.0,0.6,0.0,1,0.05,2.0,1.5,0.0,0.0625,0,0.0
2,0.08,0.01,19.0,2.0,1,3,90.0,4.7,2.85,1.28,0.0,2,0.08,4.7,1.5,0.08,0.01,0,0.01
2,0.13,0.02,10.0,1.5,0,4,90.0,2.3,1.5,1.8,0.0,1,0.105,2.3,1.5,0.13,0.015,0,0.02
2,0.11,0.15,26.0,3.0,1,3,90.0,3.7,3.9,0.43,0.0,6,0.1067,3.7,1.5,0.11,0.06,0,0.15
2,0.0,0.04,12.0,3.0,1,3,90.0,1.2,1.8,0.71,0.0,2,0.08,1.2,1.5,0.0,0.055,0,0.04
2,0.5924,0.0,23.9241,4.6667,0,3,87.8,8.4,3.5886,1.2532,0.0,6,0.1722,9.5696,1.5,0.52,0.0451,0,0.0
2,0.0,0.0,18.0,3.3333,1,4,87.8,2.5,2.7,1.04,0.0,2,0.1558,2.5,1.5,0.0,0.0431,0,0.0
2,0.0,0.06,38.0,6.6667,0,4,87.8,4.8,5.7,1.08,0.0,12,0.1292,4.8,1.5,0.0,0.0513,0,0.06
2,0.0,0.01,20.0,5.3333,0,3,87.8,1.9,3.0,0.75,0.0,2,0.1066,1.9,1.5,0.0,0.0226,0,0.01
2,0.0,0.01,15.0,5.0,1,3,87.8,2.5,2.25,1.06,0.0,1,0.1066,2.5,1.5,0.0,0.0164,0,0.01
2,0.0,0.03,17.0,1.3333,1,4,90.0,2.3,2.55,2.16,0.0,1,0.0,2.3,1.5,0.0,0.022,1,0.03
2,0.0,0.0,4.0,0.6667,0,3,81.0,0.6,0.6,0.3,0.0,0,0.0,1.2,1.5,0.0,0.0244,1,0.0
2,0.0,0.0,-6.0,0.3333,0,3,66.0,0.2,-0.9,2.1,0.0,0,0.0,1.2,1.5,0.0,0.0136,0,0.0
2,0.25,0.0,22.0,2.3333,1,3,66.0,7.8,3.3,1.02,0.0,7,0.0682,7.8,1.5,0.25,0.0109,0,0.0
2,0.04,0.01,10.0,2.6667,0,3,66.0,3.1,1.5,4.07,0.0,1,0.0791,3.1,1.5,0.04,0.0109,0,0.01
2,0.0857,0.0286,18.5714,3.0,0,2,60.6,3.6,2.7857,1.4429,0.0,1,0.104,5.1429,1.5,0.06,0.0089,0,0.02
2,0.0,0.01,23.0,2.6667,1,3,69.6,2.3,3.45,0.37,0.0,6,0.0905,2.3,1.5,0.0,0.0103,0,0.01
2,0.0,0.0231,17.3077,3.0,0,2,82.2,1.3,2.5962,1.1308,0.0,2,0.0766,1.5,1.5,0.0,0.0131,0,0.02
2,0.0,0.0158,4.7368,3.0,1,4,75.6,0.4,0.7105,1.1842,0.0,1,0.0238,0.6316,1.5,0.0,0.0167,0,0.01
2,0.0,0.0,10.0,1.3333,0,4,75.6,2.0,1.5,2.53,0.0,1,0.0143,2.0,1.5,0.0,0.0143,0,0.0
2,0.1,0.11,24.0,3.0,1,2,81.0,5.1,3.6,0.86,0.0,7,0.0222,5.1,1.5,0.1,0.0333,0,0.11
2,0.0,0.0,9.3103,3.0,0,3,68.8,0.3,1.3966,0.5897,0.0,1,0.0262,0.931,1.5,0.0,0.0366,0,0.0
2,0.0,0.0,17.0,3.3333,0,4,71.2,3.3,2.55,2.91,0.0,2,0.0253,3.3,1.5,0.0,0.0303,0,0.0
2,0.0,0.0231,20.7692,1.3333,0,4,75.4,2.9,3.1154,2.1115,0.0,1,0.0239,3.3462,1.5,0.0,0.031,0,0.02
2,0.0,0.0,24.0,5.0,0,4,90.0,2.0,3.6,1.08,0.0,5,0.0,2.0,1.5,0.0,0.0,1,0.0
2,0.0,0.01,12.0,3.0,0,4,90.0,3.1,1.8,0.75,0.0,1,0.0,3.1,1.5,0.0,0.005,1,0.01
2,0.0,0.12,8.0,2.0,1,2,90.0,2.2,1.2,1.06,0.0,0,0.0,2.2,1.5,0.0,0.0433,0,0.12
2,0.6637,0.045,14.625,1.0,1,2,87.5,6.9,2.1938,0.5963,0.0,2,0.1517,7.7625,1.5,0.59,0.0437,0,0.04
2,0.48,0.04,22.0,1.0,0,3,79.0,4.7,3.3,1.58,0.0,1,0.1891,9.4,1.5,0.24,0.0433,0,0.02
2,0.0,0.01,9.0,0.6667,1,2,79.0,2.4,1.35,2.9,0.0,-1,0.1891,2.4,1.5,0.0,0.0456,0,0.01
2,0.0,0.01,8.0,-0.3333,0,2,79.0,2.3,1.2,2.28,0.0,-1,0.1891,2.3,1.5,0.0,0.0456,0,0.01
2,0.0,0.0,6.0,-0.3333,0,2,70.0,1.7,0.9,5.66,0.0,1,0.2134,3.4,1.5,0.0,0.0206,0,0.0
2,0.0217,0.0542,17.3494,0.6667,0,3,70.6,4.6,2.6024,1.0952,0.0,2,0.0663,4.988,1.5,0.02,0.0229,0,0.05
2,0.0,0.0,14.0,1.3333,1,2,79.6,2.5,2.1,0.8,0.0,1,0.0045,2.5,1.5,0.0,0.0158,0,0.0
2,0.07,0.16,16.0,1.0,1,3,79.6,10.6,2.4,1.58,0.0,0,0.0204,10.6,1.5,0.07,0.0497,0,0.16
2,0.05,0.02,19.0,1.6667,1,4,79.6,3.6,2.85,1.57,0.0,4,0.0317,3.6,1.5,0.05,0.052,1,0.02
2,0.0,0.01,9.0,1.6667,0,3,88.6,0.7,1.35,0.76,0.0,1,0.0284,0.7,1.5,0.0,0.0488,0,0.01
2,0.0,0.05,38.0,5.0,1,3,90.0,4.5,5.7,1.41,0.0,10,0.024,4.5,1.5,0.0,0.048,0,0.05
2,0.07,0.08,9.0,3.3333,0,2,90.0,4.7,1.35,3.37,0.0,-1,0.038,4.7,1.5,0.07,0.064,0,0.08
2,0.12,0.24,15.0,2.6667,0,2,90.0,6.5,2.25,0.87,0.0,-1,0.048,6.5,1.5,0.12,0.08,1,0.24
2,0.0,0.01,28.0,2.0,1,3,90.0,2.6,4.2,1.54,0.0,8,0.038,2.6,1.5,0.0,0.078,1,0.01
2,0.0,0.03,22.0,4.0,1,3,90.0,2.6,3.3,1.04,0.0,5,0.038,2.6,1.5,0.0,0.082,0,0.03
2,0.0,0.03,13.0,4.6667,0,2,90.0,2.2,1.95,1.62,0.0,1,0.038,2.2,1.5,0.0,0.078,0,0.03
2,0.0,0.1,22.0,3.6667,0,2,90.0,5.2,3.3,1.24,0.0,5,0.024,5.2,1.5,0.0,0.082,0,0.1
2,0.0,0.02,9.0,2.3333,1,3,90.0,3.7,1.35,2.15,0.0,1,0.0,3.7,1.5,0.0,0.038,0,0.02
3,0.06,0.11,18.0,1.0,1,2,90.0,6.7,1.8,1.28,0.0,1,0.06,6.7,1.5,0.06,0.11,0,0.11
3,0.82,0.35,9.0,0.5,0,3,90.0,11.5,0.9,1.8,0.0,0,0.44,11.5,1.5,0.82,0.23,0,0.35
3,0.26,0.29,1.0,1.0,1,2,90.0,5.4,0.1,0.43,0.0,2,0.38,5.4,1.5,0.26,0.25,1,0.29
3,0.22,0.53,14.0,1.3333,1,3,90.0,8.1,1.4,0.71,0.0,2,0.34,8.1,1.5,0.22,0.32,0,0.53
3,0.0225,0.0338,11.25,2.3333,0,3,88.0,2.5,1.125,1.2375,0.0,3,0.2823,2.8125,1.5,0.02,0.268,0,0.03
3,0.2821,0.0134,8.0597,2.6667,1,3,83.4,1.8,0.806,0.4299,0.0,3,0.3302,2.4179,1.5,0.21,0.2612,0,0.01
3,0.38,0.13,14.0,3.0,0,4,83.4,5.6,1.4,1.08,0.0,3,0.2353,5.6,1.5,0.38,0.2137,1,0.13
3,0.08,0.06,11.0,2.3333,0,2,83.4,5.5,1.1,0.75,0.0,1,0.1964,5.5,1.5,0.08,0.164,0,0.06
3,0.09,0.02,10.0,2.0,1,2,83.4,4.4,1.0,1.06,0.0,2,0.1683,4.4,1.5,0.09,0.054,0,0.02
3,0.0632,0.0158,18.9474,2.3333,0,4,78.8,2.5,1.8947,0.3632,0.0,4,0.1827,3.9474,1.5,0.04,0.0525,0,0.01
3,0.0286,0.0143,18.5714,2.6667,1,3,78.0,1.0,1.8571,3.9571,0.0,2,0.1408,1.4286,1.5,0.02,0.0531,0,0.01
3,0.07,0.19,12.0,2.6667,0,3,78.0,3.7,1.2,2.28,0.0,2,0.0692,3.7,1.5,0.07,0.0669,0,0.19
3,1.35,0.02,44.0,6.0,1,3,78.0,13.2,4.4,1.02,0.0,14,0.3623,13.2,1.5,1.35,0.0577,0,0.02
3,0.61,0.01,7.0,6.0,0,3,78.0,2.6,0.7,4.07,0.0,2,0.4823,2.6,1.5,0.61,0.0554,0,0.01
3,0.2492,0.0415,18.0,6.0,0,3,79.6,3.6,1.8,1.2738,0.0,2,0.5043,4.9846,1.5,0.18,0.0588,1,0.03
3,0.0,0.0429,12.8571,1.6667,1,3,71.2,0.4,1.2857,0.9429,0.0,1,0.5587,1.7143,1.5,0.0,0.0657,0,0.01
3,0.0,0.0,20.0,1.3333,0,2,55.0,0.4,2.0,11.3,0.0,1,0.7004,4.0,1.5,0.0,0.0229,0,0.0
3,0.16,0.35,17.0,1.3333,1,3,55.0,9.5,1.7,0.86,0.0,2,0.3109,9.5,1.5,0.16,0.1309,0,0.35
3,0.02,0.04,6.0,1.3333,0,2,55.0,3.3,0.6,2.93,0.0,1,0.1178,3.3,1.5,0.02,0.1407,0,0.04
3,0.02,0.27,14.0,1.6667,1,3,60.0,5.5,1.4,1.93,0.0,2,0.06,5.5,1.5,0.02,0.201,0,0.27
3,0.38,0.05,29.0,3.6667,0,3,73.8,8.0,2.9,0.55,0.0,8,0.1415,8.0,1.5,0.38,0.1732,0,0.05
3,0.11,0.25,11.0,4.0,0,4,90.0,5.7,1.1,2.91,0.0,2,0.138,5.7,1.5,0.11,0.192,0,0.25
3,0.1286,0.9,24.4286,4.0,0,3,86.0,7.9,2.4429,2.2757,0.0,2,0.1319,10.1571,1.5,0.1,0.2742,1,0.7
3,0.04,0.02,23.0,3.0,1,2,86.0,4.9,2.3,0.8,0.0,5,0.136,4.9,1.5,0.04,0.27,1,0.02
3,0.18,0.14,19.0,3.0,1,3,86.0,7.8,1.9,1.58,0.0,2,0.1695,7.8,1.5,0.18,0.2428,0,0.14
3,0.21,0.06,20.0,3.6667,1,2,86.0,8.5,2.0,1.57,0.0,4,0.134,8.5,1.5,0.21,0.2449,0,0.06
3,0.0,0.07,7.0,2.6667,0,2,86.0,5.1,0.7,1.36,0.0,2,0.1109,5.1,1.5,0.0,0.2072,1,0.07
3,0.1227,0.0273,6.8182,2.6667,0,3,85.2,1.2,0.6818,3.6818,0.0,2,0.1099,1.6364,1.5,0.09,0.0655,0,0.02
4,0.0,0.0,37.7419,4.0,0,3,31.0,3.3,0.0,1.0742,0.0,4,0.0,9.5806,1.5,0.0,0.0,0,0.0
4,3.5,0.0,160.0,7.5,1,3,29.0,12.1,0.0,1.4667,0.0,11,1.6293,40.3333,1.5,1.05,0.0,0,0.0
4,0.83,0.01,2.0,5.6667,0,3,49.3333,4.5,0.0,2.86,0.0,2,1.1432,4.5,1.5,0.83,0.0061,0,0.01
4,0.02,0.0,-3.0,5.0,1,3,59.5,1.0,0.0,2.42,0.0,2,0.7185,1.0,1.5,0.02,0.0038,0,0.0
4,0.05,0.01,4.0,2.0,0,2,65.6,0.7,0.0,2.39,0.0,2,0.5351,0.7,1.5,0.05,0.0055,1,0.01
4,0.11,0.04,-2.0,2.0,1,2,77.4,8.0,0.0,1.1,0.0,2,0.4791,8.0,1.5,0.11,0.014,0,0.04
4,0.31,0.05,29.0,4.3333,0,4,90.0,7.3,0.0,1.82,0.0,9,0.264,7.3,1.5,0.31,0.022,0,0.05
4,1.0966,0.0621,25.8621,6.3333,1,3,89.4,7.0,0.0,1.1069,0.0,8,0.3121,7.2414,1.5,1.06,0.0322,0,0.06
4,0.07,0.08,5.0,6.3333,1,4,89.4,3.5,0.0,0.84,0.0,2,0.3221,3.5,1.5,0.07,0.0483,0,0.08
4,0.345,0.0,6.0,4.0,0,2,83.4,4.3,0.0,0.765,0.0,2,0.3842,6.45,1.5,0.23,0.0496,0,0.0
4,1.0475,0.0148,-4.4262,2.0,1,3,77.6,1.7,0.0,1.1213,0.0,2,0.5521,2.5082,1.5,0.71,0.0464,0,0.01
4,0.0,0.15,45.0,1.6667,0,3,60.8,0.3,0.0,2.55,0.0,1,0.6128,4.5,1.5,0.0,0.0474,1,0.01
4,0.225,0.0482,3.2143,1.3333,0,4,54.6,4.3,0.0,2.9089,0.0,1,0.3791,6.9107,1.5,0.14,0.0429,0,0.03
4,0.0,0.0,72.0,1.0,1,4,37.6,1.2,0.0,6.3,0.0,1,0.517,21.6,1.5,0.0,0.0239,0,0.0
4,0.0,0.0,60.0,1.0,0,3,26.2,0.0,0.0,0.0,0.0,1,0.584,0.0,1.5,0.0,0.0344,1,0.0
3,0.0,0.02,14.0,2.0,1,2,90.0,2.4,1.4,1.28,0.0,2,0.0,2.4,1.5,0.0,0.02,0,0.02
3,0.1581,0.0365,18.2432,2.0,0,2,82.0,3.4,1.8243,1.0703,0.0,2,0.0713,4.1351,1.5,0.13,0.0274,0,0.03
3,0.08,0.31,17.0,2.3333,1,3,84.6667,5.7,1.7,0.43,0.0,3,0.0744,5.7,1.5,0.08,0.1276,0,0.31
3,0.0443,0.0738,11.8033,2.0,1,3,78.75,2.4,1.1803,0.9443,0.0,1,0.0686,3.541,1.5,0.03,0.1171,0,0.05
3,0.21,0.24,14.0,2.3333,0,2,81.0,6.2,1.4,1.19,0.0,3,0.1,6.2,1.5,0.21,0.1444,0,0.24
3,0.03,0.03,22.0,2.0,1,4,81.0,3.7,2.2,1.04,0.0,2,0.1067,3.7,1.5,0.03,0.1467,0,0.03
3,0.04,0.08,8.0,2.6667,0,3,84.2,3.8,0.8,1.08,0.0,3,0.0834,3.8,1.5,0.04,0.1518,1,0.08
3,0.0,0.07,27.0,3.3333,0,3,84.2,5.0,2.7,0.75,0.0,5,0.0663,5.0,1.5,0.0,0.1005,0,0.07
3,0.14,0.01,26.0,4.6667,1,3,90.0,8.4,2.6,1.06,0.0,6,0.084,8.4,1.5,0.14,0.086,1,0.01
3,0.04,0.13,12.0,4.3333,1,2,90.0,7.1,1.2,2.16,0.0,2,0.05,7.1,1.5,0.04,0.064,0,0.13
3,0.0,0.19,31.0,4.6667,0,4,90.0,10.0,3.1,0.94,0.0,6,0.044,10.0,1.5,0.0,0.096,1,0.19
3,0.09,0.1,31.0,6.0,1,4,90.0,7.2,3.1,2.9,0.0,10,0.054,7.2,1.5,0.09,0.1,1,0.1
3,0.2912,0.0794,3.9706,6.0,0,3,85.6,2.3,0.3971,2.5544,0.0,2,0.103,3.0441,1.5,0.22,0.103,0,0.06
3,0.0,0.1227,-18.4091,3.3333,1,3,76.4,0.4,-1.8409,4.05,0.0,-2,0.0825,0.8182,1.5,0.0,0.1272,1,0.06
3,0.01,0.21,21.0,0.6667,0,2,76.4,6.4,2.1,1.08,0.0,2,0.0754,6.4,1.5,0.01,0.1461,0,0.21
3,0.06,0.07,12.0,0.6667,1,3,76.4,5.6,1.2,0.37,0.0,2,0.0895,5.6,1.5,0.06,0.1178,0,0.07
3,0.18,0.06,10.0,1.6667,0,4,76.4,3.7,1.0,1.31,0.0,1,0.1107,3.7,1.5,0.18,0.1084,0,0.06
3,0.0,0.48,20.0,1.3333,1,2,80.8,5.5,2.0,1.08,0.0,1,0.0557,5.5,1.5,0.0,0.196,1,0.48
3,0.18,0.1,10.0,1.3333,0,2,90.0,3.8,1.0,2.53,0.0,2,0.086,3.8,1.5,0.18,0.184,0,0.1
3,0.2,0.08,11.0,2.0,1,3,90.0,4.9,1.1,0.86,0.0,3,0.124,4.9,1.5,0.2,0.158,0,0.08
3,0.0,0.0,8.0,2.0,0,2,81.0,1.2,0.8,3.72,0.0,1,0.1244,2.4,1.5,0.0,0.16,0,0.0
3,0.18,0.06,6.0,2.0,1,2,81.0,3.3,0.6,1.93,0.0,2,0.1244,3.3,1.5,0.18,0.16,0,0.06
3,0.33,0.13,49.0,6.0,0,3,81.0,15.1,4.9,0.55,0.0,15,0.1978,15.1,1.5,0.33,0.0822,0,0.13
3,0.12,0.04,10.0,6.3333,0,2,81.0,3.6,1.0,2.91,0.0,2,0.1844,3.6,1.5,0.12,0.0689,0,0.04
3,0.03,0.05,14.0,6.0,0,2,81.0,6.7,1.4,1.83,0.0,1,0.1467,6.7,1.5,0.03,0.0622,0,0.05
3,0.02,0.06,28.0,3.0,1,2,90.0,7.7,2.8,0.8,0.0,6,0.136,7.7,1.5,0.02,0.068,0,0.06
3,0.1623,0.2656,10.3279,2.6667,1,2,84.2,6.2,1.0328,1.6525,0.0,1,0.1304,9.1475,1.5,0.11,0.0983,0,0.18
3,0.3886,0.0818,30.6818,4.6667,1,2,83.8,8.6,3.0682,1.6057,0.0,7,0.1418,8.7955,1.5,0.38,0.0881,0,0.08
3,0.03,0.05,25.0,4.3333,0,2,83.8,5.1,2.5,1.36,0.0,5,0.1224,5.1,1.5,0.03,0.0902,0,0.05
3,0.0,0.01,20.0,5.0,1,4,83.8,4.2,2.0,1.41,0.0,3,0.116,4.2,1.5,0.0,0.0816,0,0.01
3,0.0,0.12,8.0,3.3333,0,2,83.8,5.4,0.8,3.37,0.0,2,0.1117,5.4,1.5,0.0,0.0945,0,0.12
3,0.12,0.05,28.0,4.6667,0,2,89.6,7.5,2.8,0.87,0.0,9,0.1065,7.5,1.5,0.12,0.0623,0,0.05
3,0.0,0.06,21.0,5.6667,1,4,90.0,4.0,2.1,1.54,0.0,6,0.03,4.0,1.5,0.0,0.058,0,0.06
3,0.73,0.08,27.0,7.6667,1,2,90.0,11.4,2.7,1.04,0.0,8,0.17,11.4,1.5,0.73,0.064,0,0.08
3,0.0462,0.0346,9.2308,5.0,0,2,87.6,1.9,0.9231,1.8115,0.0,1,0.1829,2.1923,1.5,0.04,0.0699,1,0.03
3,0.0,0.04,14.0,3.6667,0,3,87.6,2.2,1.4,1.06,0.0,2,0.1829,2.2,1.5,0.0,0.0534,0,0.04
3,0.28,0.11,16.0,1.6667,1,2,87.6,5.4,1.6,2.15,0.0,2,0.2158,5.4,1.5,0.28,0.0658,0,0.11
2,0.0,0.0643,19.2857,1.0,1,4,14.0,0.5,2.8929,0.2571,0.0,1,0.0,3.2143,1.5,0.0,0.0643,1,0.01
2,0.0549,0.0549,21.9512,1.0,0,3,48.0,3.2,3.2927,0.9878,0.0,1,0.0469,3.5122,1.5,0.05,0.0562,0,0.05
2,0.01,0.16,48.0,5.3333,1,2,62.0,6.7,7.2,0.43,0.0,14,0.029,6.7,1.5,0.01,0.1065,0,0.16
2,0.0,0.0355,15.3947,5.6667,1,3,65.5,2.9,2.3092,0.7579,0.0,2,0.0206,3.4342,1.5,0.0,0.0859,0,0.03
2,0.02,0.06,26.0,7.3333,0,2,70.4,2.3,3.9,1.19,0.0,6,0.0205,2.3,1.5,0.02,0.0793,0,0.06
2,0.0,0.1263,-3.1579,2.0,1,2,79.0,2.4,-0.4737,3.0,0.0,-2,0.0182,3.7895,1.5,0.0,0.0866,0,0.08
2,0.05,0.01,14.0,1.6667,1,4,80.6,1.4,2.1,1.06,0.0,1,0.0179,1.4,1.5,0.05,0.0759,0,0.01
2,0.0,0.0,-6.9231,-0.3333,0,4,65.2,0.0,-1.0385,4.9846,0.0,0,0.0193,0.0,1.5,0.0,0.0497,0,0.0
2,0.9692,0.0346,-3.4615,0.6667,1,4,55.2,1.0,-0.5192,0.45,0.0,1,0.1141,3.4615,1.5,0.28,0.0522,0,0.01
2,0.0,0.0,450.0,0.6667,1,3,37.4,0.4,67.5,0.0,0.0,1,0.1588,36.0,1.5,0.0,0.0481,1,0.0
2,0.0228,0.262,15.9494,1.0,0,3,41.8,4.5,2.3924,1.1165,0.0,1,0.1507,5.1266,1.5,0.02,0.1077,1,0.23
2,0.0,0.4,34.0,3.3333,1,2,41.8,7.0,5.1,1.08,0.0,8,0.1292,7.0,1.5,0.0,0.2756,0,0.4
2,0.0,0.01,8.0,3.0,0,3,57.2,2.2,1.2,2.53,0.0,0,0.0944,2.2,1.5,0.0,0.2045,0,0.01
2,0.02,0.13,22.0,4.3333,1,3,70.0,6.0,3.3,0.73,0.0,5,0.0103,6.0,1.5,0.02,0.198,0,0.13
2,0.06,0.54,26.0,1.6667,0,3,78.8,4.1,3.9,2.16,0.0,0,0.016,8.2,1.5,0.03,0.2376,0,0.27
2,0.0,0.2138,5.625,1.6667,1,3,79.0,2.5,0.8438,1.0462,0.0,0,0.0114,2.8125,1.5,0.0,0.2278,0,0.19
2,0.0,0.1627,31.4458,2.0,0,3,77.6,8.7,4.7169,0.5096,0.0,6,0.0116,9.4337,1.5,0.0,0.174,0,0.15
2,0.0,0.19,19.0,2.6667,0,3,77.6,7.6,2.85,2.91,0.0,2,0.0116,7.6,1.5,0.0,0.2157,0,0.19
2,0.0,0.22,25.0,4.3333,0,4,77.6,8.1,3.75,1.83,0.0,5,0.007,8.1,1.5,0.0,0.2366,0,0.22
2,0.0,0.27,16.0,2.6667,1,2,86.6,3.5,2.4,0.8,0.0,1,0.0,3.5,1.5,0.0,0.212,0,0.27
2,0.3767,0.314,19.8837,2.3333,1,2,87.8,13.0,2.9826,1.2872,0.0,1,0.0738,13.6047,1.5,0.36,0.2317,0,0.3
2,0.0,0.0608,15.8108,0.6667,1,2,86.0,6.5,2.3716,1.9095,0.0,0,0.0753,7.9054,1.5,0.0,0.2156,0,0.05
2,0.0,0.0621,23.7931,2.3333,1,4,85.4,2.7,3.569,1.4276,0.0,6,0.0759,2.7931,1.5,0.0,0.1897,0,0.06
2,0.0,0.1286,77.1429,2.3333,1,2,68.8,0.9,11.5714,0.7714,0.0,1,0.0942,11.5714,1.5,0.0,0.1805,0,0.01
2,0.2531,0.0281,-5.625,2.6667,0,3,57.2,2.6,-0.8438,0.5344,0.0,1,0.1416,7.3125,1.5,0.09,0.1353,1,0.01
2,0.0794,0.6221,52.9412,4.6667,0,2,53.6,7.1,7.9412,0.8735,0.0,12,0.0504,9.3971,1.5,0.06,0.2015,1,0.47
2,0.0692,0.0692,0.0,4.3333,1,3,44.0,2.6,0.0,2.3538,0.0,0,0.0695,9.0,1.5,0.02,0.2332,0,0.02
2,0.0,0.0,20.0,1.0,0,2,9.0,0.1,3.0,0.9,0.0,1,0.0,1.0,1.5,0.0,0.0,0,0.0
2,0.04,0.0,26.0,1.0,0,3,27.0,3.2,3.9,0.8,0.0,1,0.0333,6.4,1.5,0.02,0.0,0,0.0
2,0.0,0.0,-5.625,1.0,0,2,23.3333,0.5,-0.8438,8.1,0.0,1,0.0257,2.8125,1.5,0.0,0.0,0,0.0
2,0.0,0.15,15.0,1.0,1,4,19.0,0.4,2.25,1.35,0.0,1,0.0237,6.0,1.5,0.0,0.0118,1,0.01
2,0.0,0.0,54.0,0.6667,0,3,16.2,0.2,8.1,1.8,0.0,0,0.0222,3.6,1.5,0.0,0.0111,0,0.0
2,0.0,0.0818,16.3636,0.6667,1,2,16.6,0.3,2.4545,0.0,0.0,1,0.0217,2.4545,1.5,0.0,0.0217,0,0.01
2,0.0,0.0,33.75,0.6667,0,2,9.2,0.1,5.0625,13.8375,0.0,1,0.0,1.125,1.5,0.0,0.0391,0,0.0
2,0.0,0.0,112.5,1.0,1,3,6.8,0.2,16.875,19.575,0.0,1,0.0,4.5,1.5,0.0,0.0529,0,0.0
2,0.0,0.5455,10.9091,1.0,1,3,12.2,1.7,1.6364,0.8182,0.0,1,0.0,4.6364,1.5,0.0,0.3098,0,0.2
2,0.0,0.2192,32.3077,3.6667,1,2,26.8,4.5,4.8462,0.6462,0.0,9,0.0,5.1923,1.5,0.0,0.2687,0,0.19
2,0.0,0.01,26.0,5.3333,0,3,42.6,1.9,3.9,1.23,0.0,6,0.0,1.9,1.5,0.0,0.169,0,0.01
2,0.0,0.0,90.0,5.3333,1,4,41.4,0.0,13.5,0.0,0.0,1,0.0,0.0,1.5,0.0,0.1739,1,0.0
2,0.072,0.036,0.0,2.6667,0,2,45.6,0.2,0.0,1.224,0.0,1,0.0079,0.72,1.5,0.02,0.1618,1,0.01
2,0.0889,0.0111,15.5556,1.3333,1,4,55.2,3.2,2.3333,1.5444,0.0,2,0.0326,3.5556,1.5,0.08,0.0717,0,0.01
2,0.07,0.02,14.0,1.6667,0,3,57.6,2.8,2.1,1.08,0.0,2,0.0531,2.8,1.5,0.07,0.0156,0,0.02
2,0.1,0.04,10.0,1.6667,1,2,57.6,3.1,1.5,1.32,0.0,1,0.0844,3.1,1.5,0.1,0.025,0,0.04
2,0.06,0.21,26.0,3.3333,0,4,75.2,10.4,3.9,1.44,0.0,7,0.079,10.4,1.5,0.06,0.0694,0,0.21
2,0.0,0.01,19.0,3.0,0,3,88.2,2.1,2.85,1.22,0.0,1,0.0633,2.1,1.5,0.0,0.0592,0,0.01
3,0.1671,0.27,38.5714,10.0,1,3,70.0,11.0,3.8571,0.2443,0.0,10,0.1671,14.1429,1.5,0.13,0.27,0,0.21
3,0.0,0.1853,7.9412,5.5,0,2,52.0,0.8,0.7941,1.4559,0.0,1,0.1125,2.1176,1.5,0.0,0.2423,0,0.07
3,0.0,0.0915,6.1017,4.0,1,2,54.3333,2.3,0.6102,1.2508,0.0,1,0.0718,3.5085,1.5,0.0,0.1877,0,0.06
3,0.0,0.0554,6.9231,1.6667,0,2,57.0,1.0,0.6923,0.8031,0.0,3,0.0513,1.3846,1.5,0.0,0.15,0,0.04
3,0.0,0.2571,45.0,2.6667,1,3,51.2,2.6,4.5,0.1929,0.0,4,0.0457,8.3571,1.5,0.0,0.1617,0,0.08
3,0.0,0.108,25.2,2.6667,1,2,42.2,1.7,2.52,0.216,0.0,1,0.0,6.12,1.5,0.0,0.1194,0,0.03
3,0.0,0.0158,-3.1579,2.0,0,3,46.8,1.4,-0.3158,3.1895,0.0,1,0.0,2.2105,1.5,0.0,0.0846,0,0.01
3,0.0,0.2571,51.4286,1.0,1,3,36.4,2.0,5.1429,2.1857,0.0,1,0.0,25.7143,1.5,0.0,0.089,0,0.02
3,0.08,0.0,8.0,1.0,1,4,32.4,1.3,0.8,1.82,0.0,1,0.0222,2.6,1.5,0.04,0.0778,0,0.0
3,0.0808,0.0231,8.0769,1.3333,0,3,42.4,3.6,0.8077,2.6423,0.0,2,0.0467,4.1538,1.5,0.07,0.034,1,0.02
3,0.0,0.0,8.1818,1.3333,1,3,39.6,0.0,0.8182,3.4364,0.0,1,0.05,0.0,1.5,0.0,0.0227,0,0.0
3,0.1,0.18,23.0,2.6667,0,2,46.2,7.8,2.3,1.29,0.0,5,0.0818,7.8,1.5,0.1,0.0857,0,0.18
3,0.0,0.0346,10.3846,2.3333,1,2,50.0,0.4,1.0385,0.9692,0.0,1,0.0756,1.3846,1.5,0.0,0.0756,0,0.01
3,0.0303,0.0101,26.2921,5.3333,0,3,58.8,6.7,2.6292,0.9708,0.0,10,0.0612,6.7753,1.5,0.03,0.0673,0,0.01
3,0.03,0.04,32.0,6.6667,1,4,61.2,8.0,3.2,0.48,0.0,9,0.0471,8.0,1.5,0.03,0.0706,0,0.04
3,0.37,0.28,39.0,10.0,1,4,77.0,13.3,3.9,0.56,0.0,11,0.1239,13.3,1.5,0.37,0.1216,0,0.28
3,0.41,0.06,6.0,7.3333,0,3,77.0,4.9,0.6,3.57,0.0,2,0.1964,4.9,1.5,0.41,0.0935,0,0.06
3,0.05,0.04,10.0,5.0,1,3,89.8,5.3,1.0,2.07,0.0,2,0.1784,5.3,1.5,0.05,0.0862,0,0.04
3,0.0,0.05,15.0,1.6667,0,4,75.6,1.2,1.5,0.2,0.0,1,0.2048,6.0,1.5,0.0,0.1024,0,0.01
3,0.12,0.06,30.0,1.3333,0,4,60.6,2.2,3.0,1.56,0.0,1,0.2525,13.2,1.5,0.02,0.1188,0,0.01
3,0.06,0.05,9.0,1.3333,1,4,60.6,8.5,0.9,1.19,0.0,2,0.1604,8.5,1.5,0.06,0.0505,0,0.05
3,0.6,0.0391,28.6957,3.3333,1,3,56.4,8.8,2.8696,0.9261,0.0,7,0.1883,11.4783,1.5,0.46,0.0447,0,0.03
3,0.12,0.02,6.0,3.6667,0,3,56.4,3.1,0.6,1.48,0.0,2,0.2106,3.1,1.5,0.12,0.0383,0,0.02
3,0.19,0.1,7.0,3.6667,1,4,70.8,7.1,0.7,1.07,0.0,2,0.2161,7.1,1.5,0.19,0.0534,0,0.1
3,0.0456,0.0114,3.4177,2.0,0,4,83.6,3.0,0.3418,0.4443,0.0,2,0.1873,3.4177,1.5,0.04,0.0452,1,0.01
3,0.07,0.17,14.0,2.0,1,2,83.6,6.0,1.4,0.84,0.0,2,0.1895,6.0,1.5,0.07,0.0711,0,0.17
3,0.3135,0.091,46.5169,6.3333,0,2,87.6,15.7,4.6517,2.2955,0.0,15,0.15,15.8764,1.5,0.31,0.0801,0,0.09
3,0.1588,0.0741,28.5882,8.0,1,2,86.6,12.0,2.8588,1.8212,0.0,7,0.158,12.7059,1.5,0.15,0.0915,0,0.07
3,0.0,0.3103,13.4483,8.0,0,4,86.0,3.3,1.3448,1.169,0.0,2,0.1193,3.4138,1.5,0.0,0.134,0,0.3
2,0.036,0.504,18.0,2.0,1,2,75.0,5.0,2.7,1.476,0.0,2,0.036,6.0,1.5,0.03,0.504,0,0.42
2,0.0,0.0,45.0,1.5,1,4,40.5,0.2,6.75,5.85,0.0,1,0.0333,3.0,1.5,0.0,0.4667,0,0.0
2,0.2739,1.213,27.3913,1.3333,1,3,34.6667,3.8,4.1087,6.4174,0.0,1,0.0865,14.8696,1.5,0.07,0.6317,0,0.31
2,0.0355,0.0474,23.6842,1.3333,0,2,45.0,6.4,3.5526,0.2724,0.0,2,0.065,7.5789,1.5,0.03,0.385,1,0.04
2,0.1429,0.0429,37.1429,2.3333,1,4,48.6,7.5,5.5714,3.9571,0.0,4,0.0852,10.7143,1.5,0.1,0.2963,0,0.03
2,0.0625,0.075,8.75,1.0,0,2,48.0,2.7,1.3125,3.2875,0.0,-3,0.0938,3.375,1.5,0.05,0.165,0,0.06
2,0.04,0.3,26.0,0.6667,0,4,55.8,7.4,3.9,2.48,0.0,1,0.0871,14.8,1.5,0.02,0.1903,0,0.15
2,0.0,0.0,13.8462,-0.3333,0,3,56.4,0.2,2.0769,0.2423,0.0,1,0.0638,0.6923,1.5,0.0,0.0894,0,0.0
2,0.0,2.8636,147.2727,2.0,0,2,43.4,3.9,22.0909,0.3273,0.0,4,0.0705,31.9091,1.5,0.0,0.2447,0,0.35
2,0.0,0.0,-33.1579,1.0,0,4,34.6,0.0,-4.9737,5.0684,0.0,-2,0.0364,0.0,1.5,0.0,0.2913,1,0.0
3,0.3,0.12,18.0,1.0,0,2,15.0,1.8,1.8,5.52,0.0,1,0.3,10.8,1.5,0.05,0.12,1,0.02
3,0.0643,0.3536,3.2143,1.0,1,3,21.5,2.5,0.3214,0.225,0.0,1,0.1465,8.0357,1.5,0.02,0.2721,0,0.11
3,0.0,0.0,270.0,1.0,0,3,14.6667,0.0,27.0,0.0,0.0,1,0.1432,0.0,1.5,0.0,0.2659,0,0.0
3,0.0,0.0,45.0,1.0,1,2,12.5,0.0,4.5,5.85,0.0,1,0.126,0.0,1.5,0.0,0.234,0,0.0
3,0.1636,0.1364,13.6364,1.3333,1,2,23.2,4.3,1.3636,0.7227,0.0,2,0.1474,5.8636,1.5,0.12,0.1784,0,0.1
3,0.0,0.0,90.0,1.3333,0,3,20.8,0.1,9.0,0.0,0.0,1,0.1212,3.0,1.5,0.0,0.1817,0,0.0
3,0.09,1.89,18.0,1.3333,0,3,17.2,1.9,1.8,2.97,0.0,1,0.136,17.1,1.5,0.01,0.3244,0,0.21
3,3.7421,0.0,99.4737,2.6667,1,4,20.8,5.8,9.9474,1.2316,0.0,6,0.7962,27.4737,1.5,0.79,0.2683,1,0.0
3,0.135,0.1125,32.625,4.6667,0,3,35.6,11.7,3.2625,1.575,0.0,7,0.5258,13.1625,1.5,0.12,0.2073,0,0.1
3,0.225,0.1125,18.75,4.6667,1,4,27.2,3.2,1.875,2.0625,0.0,1,0.6485,12.0,1.5,0.06,0.225,1,0.03
3,0.0,0.0,2.0,3.0,0,2,35.6,0.4,0.2,3.72,0.0,1,0.4955,0.8,1.5,0.0,0.1719,0,0.0
3,0.0,0.14,8.0,1.0,0,4,42.6,2.2,0.8,0.34,0.0,1,0.4099,4.4,1.5,0.0,0.0845,0,0.07
3,0.3857,0.0964,12.8571,1.0,1,4,44.4,3.9,1.2857,1.4786,0.0,1,0.1216,12.5357,1.5,0.12,0.0932,0,0.03
3,1.8,0.0,1080.0,2.0,1,3,28.6,2.3,108.0,0.0,0.0,4,0.1259,207.0,1.5,0.02,0.0818,1,0.0
3,0.1556,0.0444,33.3333,4.3333,0,4,40.0,6.3,3.3333,0.7556,0.0,8,0.126,7.0,1.5,0.14,0.063,0,0.04
3,0.0127,0.393,8.8732,5.0,1,3,45.2,1.6,0.8873,1.6352,0.0,3,0.1155,2.0282,1.5,0.01,0.1792,0,0.31
3,0.0,0.1038,11.5385,4.3333,0,4,51.8,4.3,1.1538,3.1962,0.0,2,0.1008,4.9615,1.5,0.0,0.1633,0,0.09
3,0.24,0.16,36.0,5.6667,0,3,64.2,12.8,3.6,0.87,0.0,12,0.115,12.8,1.5,0.24,0.1682,0,0.16
3,0.07,0.07,10.0,5.6667,1,2,82.0,5.0,1.0,1.54,0.0,3,0.101,5.0,1.5,0.07,0.1471,1,0.07
3,0.792,0.804,57.6,9.3333,1,3,80.8,26.6,5.76,0.864,0.0,13,0.2183,31.92,1.5,0.66,0.2896,0,0.67
3,0.0,0.0158,-6.3158,5.6667,0,3,78.0,1.0,-0.6316,2.2579,0.0,1,0.2238,1.5789,1.5,0.0,0.2308,0,0.01
3,0.0397,0.1191,7.9412,5.6667,0,2,76.0,3.2,0.7941,0.8735,0.0,3,0.2368,4.2353,1.5,0.03,0.2368,1,0.09
3,0.0714,0.0286,12.8571,2.0,1,2,70.6,1.9,1.2857,2.1,0.0,2,0.2065,2.7143,1.5,0.05,0.2193,0,0.02
3,0.0,0.0269,9.403,3.0,1,3,67.0,0.6,0.9403,1.5985,0.0,3,0.0,0.806,1.5,0.0,0.0269,0,0.02
3,0.0,0.0321,9.6429,2.5,0,2,75.5,3.9,0.9643,1.8643,0.0,2,0.0,4.1786,1.5,0.0,0.0298,0,0.03
3,0.1303,0.1303,11.8421,2.0,1,3,75.6667,5.6,1.1842,0.6395,0.0,1,0.0436,6.6316,1.5,0.11,0.0634,0,0.11
3,0.1306,0.1016,4.3548,1.6667,1,4,72.25,3.2,0.4355,1.0161,0.0,2,0.0623,4.6452,1.5,0.09,0.0716,0,0.07
3,0.0,0.0,135.0,1.3333,0,2,58.2,0.2,13.5,0.9,0.0,1,0.0619,9.0,1.5,0.0,0.0711,0,0.0
3,0.0,0.0,12.0,1.3333,1,2,53.8,0.5,1.2,4.8,0.0,1,0.0669,1.0,1.5,0.0,0.0703,0,0.0
3,0.0,0.0,49.0909,1.0,0,3,39.2,0.6,4.9091,0.9,0.0,1,0.0918,4.9091,1.5,0.0,0.0827,0,0.0
3,0.0,0.162,12.6,1.0,1,2,34.0,3.6,1.26,0.396,0.0,1,0.0476,6.48,1.5,0.0,0.0847,0,0.09
3,0.81,0.0,162.0,2.6667,0,2,23.6,5.2,16.2,3.87,0.0,6,0.0686,46.8,1.5,0.09,0.0686,0,0.0
3,0.0,0.0,157.5,2.6667,0,2,24.0,0.9,15.75,19.575,0.0,1,0.0675,20.25,1.5,0.0,0.0675,1,0.0
3,0.0,0.0,-15.0,2.3333,1,3,16.2,0.1,-1.5,5.25,0.0,0,0.1,1.5,1.5,0.0,0.1,0,0.0
3,0.0,0.075,22.5,0.6667,0,3,16.4,0.2,2.25,0.975,0.0,1,0.0988,1.5,1.5,0.0,0.1098,0,0.01
3,0.0,0.0,360.0,0.6667,1,3,6.6,1.5,36.0,9.0,0.0,1,0.2455,135.0,1.5,0.0,0.0273,0,0.0
3,0.0911,0.0456,12.5316,1.3333,0,3,20.4,2.0,1.2532,1.3101,0.0,2,0.0706,2.2785,1.5,0.08,0.0441,0,0.04
3,0.0,0.1,50.0,1.0,1,2,9.0,0.8,5.0,0.4,0.0,1,0.0,8.0,1.5,0.0,0.1,0,0.01
3,0.16,0.3,16.0,1.0,0,3,27.0,6.3,1.6,2.14,0.0,1,0.1333,12.6,1.5,0.08,0.2667,0,0.15
3,0.1385,0.0692,13.8462,1.0,1,2,22.3333,0.5,1.3846,0.4846,0.0,1,0.1343,3.4615,1.5,0.02,0.2284,0,0.01
3,0.0,0.5952,5.8065,1.3333,0,3,32.25,4.1,0.5806,0.8129,0.0,2,0.0698,5.9516,1.5,0.0,0.4047,1,0.41
3,0.0,0.315,18.0,2.0,1,3,37.8,2.8,1.8,0.315,0.0,3,0.0476,4.2,1.5,0.0,0.3762,0,0.21
3,1.18,0.0,50.0,3.6667,0,4,45.0,6.1,5.0,0.06,0.0,6,0.276,12.2,1.5,0.59,0.312,0,0.0
3,0.0,1.1571,25.7143,3.3333,0,3,37.4,0.5,2.5714,2.3143,0.0,1,0.2936,6.4286,1.5,0.0,0.3465,0,0.09
3,0.1385,0.0,44.3077,7.0,1,3,47.8,5.0,4.4308,0.7615,0.0,14,0.2598,6.9231,1.5,0.1,0.2674,0,0.0
3,0.0,0.2531,0.0,5.0,0,2,41.8,1.9,0.0,2.025,0.0,0,0.2971,5.3438,1.5,0.0,0.1679,0,0.09
3,0.0,0.0,10.3846,5.0,1,4,35.0,0.7,1.0385,0.45,0.0,1,0.3549,2.4231,1.5,0.0,0.0926,0,0.0
3,0.0,0.0,17.1429,0.6667,0,3,30.2,0.2,1.7143,1.5,0.0,1,0.0596,0.8571,1.5,0.0,0.1073,0,0.0
3,0.0112,0.0112,12.375,2.3333,1,3,44.8,0.9,1.2375,0.3375,0.0,5,0.0442,1.0125,1.5,0.01,0.0402,0,0.01
3,0.3671,0.0592,11.8421,3.6667,0,3,47.0,5.6,1.1842,4.6776,0.0,5,0.1226,6.6316,1.5,0.31,0.0574,0,0.05
3,0.05,0.28,9.0,3.6667,0,3,58.6,9.9,0.9,1.08,0.0,1,0.1137,9.9,1.5,0.05,0.1044,1,0.28
3,0.0132,0.0265,-1.3235,3.0,1,2,67.0,0.9,-0.1324,0.2118,0.0,3,0.1021,1.1912,1.5,0.01,0.0967,0,0.02
3,0.0,0.1161,17.4194,1.6667,0,3,69.0,1.2,1.7419,1.1613,0.0,1,0.0991,3.4839,1.5,0.0,0.1043,0,0.04
3,1.0543,0.3343,27.0,4.0,1,3,67.0,10.9,2.7,1.0543,0.0,8,0.3197,14.0143,1.5,0.82,0.1746,0,0.26
3,0.72,0.12,-4.0,3.3333,0,2,60.8,0.8,-0.4,2.16,0.0,1,0.3671,1.6,1.5,0.36,0.1954,1,0.06
3,0.0,0.2,70.0,4.3333,1,4,46.4,4.1,7.0,5.05,0.0,4,0.4616,20.5,1.5,0.0,0.1629,0,0.04
3,0.0,0.0,14.2105,2.0,0,3,36.6,0.1,1.4211,0.3316,0.0,1,0.5803,0.4737,1.5,0.0,0.1967,0,0.0
3,4.0737,0.0474,132.6316,4.0,1,3,34.2,7.7,13.2632,0.9,0.0,7,1.0737,36.4737,1.5,0.86,0.1947,0,0.01
3,0.3,0.32,26.0,4.3333,1,2,38.2,10.9,2.6,1.58,0.0,5,0.7162,10.9,1.5,0.3,0.2026,0,0.32
3,0.18,0.09,3.8571,4.6667,1,3,43.2,4.4,0.3857,2.0186,0.0,2,0.5417,5.6571,1.5,0.14,0.1833,0,0.07
3,0.0,0.0,33.75,2.6667,0,2,41.2,0.2,3.375,7.5375,0.0,1,0.568,2.25,1.5,0.0,0.1748,0,0.0
3,0.3759,0.638,9.1139,1.6667,1,3,53.2,6.0,0.9114,1.5722,0.0,2,0.5515,6.8354,1.5,0.33,0.3248,0,0.56
3,0.0,0.0831,11.0769,1.6667,0,4,62.4,2.0,1.1077,3.7385,0.0,2,0.2221,2.7692,1.5,0.0,0.2913,0,0.06
3,0.0607,0.0506,2.0225,1.6667,0,2,62.2,5.0,0.2022,0.7787,0.0,1,0.1534,5.0562,1.5,0.06,0.2141,1,0.05
3,0.2554,0.1459,14.5946,2.0,1,3,63.0,9.3,1.4595,1.1797,0.0,3,0.1714,11.3108,1.5,0.21,0.2257,0,0.12
3,0.444,0.192,4.8,2.3333,1,2,76.4,6.6,0.48,0.864,0.0,3,0.2285,7.92,1.5,0.37,0.2238,0,0.16
3,0.1875,0.075,32.5,4.3333,0,3,75.0,5.8,3.25,1.925,0.0,7,0.1896,7.25,1.5,0.15,0.108,0,0.06
3,0.0,0.022,6.5854,3.6667,0,4,70.2,1.2,0.6585,0.3951,0.0,1,0.2026,2.6341,1.5,0.0,0.1026,0,0.01
4,0.53,0.01,-6.0,1.0,1,2,90.0,0.0,0.0,1.28,0.0,1,0.53,0.0,1.5,0.53,0.01,0,0.01
4,0.79,0.04,6.0,1.0,0,3,90.0,4.0,0.0,1.8,0.0,1,0.66,4.0,1.5,0.79,0.025,0,0.04
4,0.7793,0.1976,37.3171,3.0,1,3,87.3333,15.7,0.0,0.3951,0.0,7,0.6973,17.2317,1.5,0.71,0.079,0,0.18
4,0.92,0.41,-3.0,3.0,1,2,88.0,5.8,0.0,0.71,0.0,1,0.7543,5.8,1.5,0.92,0.1636,0,0.41
4,0.21,0.07,-4.0,3.0,0,3,88.4,2.8,0.0,1.19,0.0,1,0.6434,2.8,1.5,0.21,0.1446,0,0.07
4,0.6985,0.0134,-4.0299,1.0,1,2,83.8,3.8,0.0,0.4299,0.0,1,0.6766,5.1045,1.5,0.52,0.1525,0,0.01
4,0.28,0.1,62.0,2.6667,0,2,74.8,7.9,0.0,0.92,0.0,6,0.6016,15.8,1.5,0.14,0.1733,1,0.05
4,0.075,0.6375,3.75,2.6667,1,3,63.2,2.5,0.0,1.9125,0.0,1,0.5155,9.375,1.5,0.02,0.2022,0,0.17
4,0.11,0.06,2.0,3.0,1,3,63.2,4.7,0.0,2.16,0.0,2,0.2848,4.7,1.5,0.11,0.1025,0,0.06
4,2.77,0.06,70.0,6.3333,0,4,63.2,20.7,0.0,0.94,0.0,16,1.0139,20.7,1.5,2.77,0.0997,0,0.06
4,0.66,0.01,25.0,7.6667,1,2,67.8,7.9,0.0,2.83,0.0,5,0.9823,7.9,1.5,0.66,0.0929,0,0.01
4,0.0,0.0926,6.6176,7.6667,0,3,72.4,1.3,0.0,2.5544,0.0,2,0.8851,1.7206,1.5,0.0,0.092,0,0.07
4,0.3549,0.2535,13.9437,4.0,1,4,81.8,4.5,0.0,0.2789,0.0,5,0.8406,5.7042,1.5,0.28,0.088,0,0.2
4,0.31,0.08,5.0,3.0,0,2,81.8,5.7,0.0,4.07,0.0,2,0.8846,5.7,1.5,0.31,0.0924,0,0.08
4,0.7435,0.0,0.0,2.6667,0,2,68.4,1.3,0.0,0.6261,0.0,1,0.3789,5.087,1.5,0.19,0.0947,0,0.0
4,1.22,0.03,24.0,3.0,1,3,68.4,12.7,0.0,0.37,0.0,6,0.5263,12.7,1.5,1.22,0.1,0,0.03
4,0.0228,0.0797,-1.1392,2.6667,0,2,70.6,4.4,0.0,1.1165,0.0,1,0.515,5.0127,1.5,0.02,0.0969,0,0.07
4,0.51,0.05,6.0,3.0,1,2,74.4,3.5,0.0,1.08,0.0,2,0.5444,3.5,1.5,0.51,0.0556,0,0.05
4,0.11,0.26,15.0,2.6667,0,3,74.4,8.7,0.0,2.53,0.0,5,0.496,8.7,1.5,0.11,0.0992,0,0.26
4,0.7,0.0,-6.6667,2.6667,1,3,75.2,0.6,0.0,4.2333,0.0,1,0.4955,2.0,1.5,0.21,0.0981,1,0.0
4,0.0692,0.0231,-4.6154,2.3333,0,3,72.8,0.7,0.0,0.5423,0.0,1,0.225,0.8077,1.5,0.06,0.0989,0,0.02
4,0.6667,0.2333,14.4444,2.3333,0,3,73.2,7.7,0.0,2.8556,0.0,5,0.3664,8.5556,1.5,0.6,0.1328,0,0.21
4,1.01,0.18,22.0,4.0,0,2,73.2,8.9,0.0,1.83,0.0,6,0.4893,8.9,1.5,1.01,0.1648,0,0.18
4,0.35,0.07,30.0,6.3333,1,2,73.2,8.6,0.0,0.8,0.0,8,0.5484,8.6,1.5,0.35,0.118,0,0.07
4,0.67,0.1,4.0,5.3333,1,3,85.8,10.8,0.0,1.58,0.0,2,0.5643,10.8,1.5,0.67,0.1217,0,0.1
4,0.04,0.13,10.0,4.0,1,3,88.2,5.9,0.0,1.57,0.0,2,0.5449,5.9,1.5,0.04,0.1408,0,0.13
4,0.0,0.06,6.0,2.0,0,3,90.0,1.0,0.0,0.76,0.0,2,0.414,1.0,1.5,0.0,0.108,1,0.06
4,0.4655,0.0828,49.6552,6.0,1,4,89.4,12.1,0.0,1.4276,0.0,14,0.304,12.5172,1.5,0.45,0.0886,0,0.08
4,0.41,0.02,1.0,6.0,0,3,89.4,2.2,0.0,3.37,0.0,2,0.3161,2.2,1.5,0.41,0.0785,0,0.02
4,0.35,0.04,-1.0,6.0,0,2,89.4,4.4,0.0,0.87,0.0,2,0.2517,4.4,1.5,0.35,0.0664,0,0.04
4,0.57,0.01,25.0,3.3333,1,4,89.4,6.7,0.0,1.53,0.0,6,0.3584,6.7,1.5,0.57,0.0423,0,0.01
4,1.75,0.04,69.0,8.0,1,3,89.4,22.8,0.0,1.04,0.0,16,0.7107,22.8,1.5,1.75,0.0383,0,0.04
4,0.75,0.06,27.0,9.0,0,3,90.0,10.0,0.0,1.62,0.0,5,0.766,10.0,1.5,0.75,0.034,0,0.06
4,0.6371,0.0303,2.0225,7.6667,0,3,89.8,3.2,0.0,0.7584,0.0,2,0.8118,3.236,1.5,0.63,0.0361,0,0.03
4,0.27,0.12,11.0,3.0,1,2,89.8,7.9,0.0,2.15,0.0,2,0.7958,7.9,1.5,0.27,0.0521,0,0.12
4,2.3062,0.3656,75.9375,7.0,0,3,32.0,10.3,0.0,1.125,0.0,7,2.3062,28.9688,1.5,0.82,0.3656,0,0.13
4,0.09,0.1157,2.5714,4.5,1,4,51.0,2.7,0.0,1.0543,0.0,2,0.7853,3.4714,1.5,0.07,0.1941,0,0.09
4,0.0,0.0,3.2143,3.3333,0,2,43.3333,0.0,0.0,6.2679,0.0,1,0.6162,0.0,1.5,0.0,0.1523,0,0.0
4,0.3,0.02,44.0,2.6667,0,2,43.75,5.8,0.0,2.16,0.0,5,0.5349,11.6,1.5,0.15,0.1183,0,0.01
4,0.7859,0.0127,3.8028,2.6667,1,2,49.2,6.7,0.0,1.1789,0.0,2,0.6073,8.493,1.5,0.62,0.0878,0,0.01
4,0.12,0.02,4.0,2.6667,0,4,51.8,2.1,0.0,0.74,0.0,1,0.3127,4.2,1.5,0.06,0.0417,0,0.01
4,0.7269,0.0,6.9231,1.3333,0,4,43.0,2.9,0.0,3.2538,0.0,1,0.4353,10.0385,1.5,0.21,0.0126,0,0.0
4,0.0,0.0643,12.8571,1.0,1,2,40.2,0.5,0.0,2.0571,0.0,1,0.4657,3.2143,1.5,0.0,0.0179,0,0.01
4,0.3375,0.1125,2.8125,1.0,0,3,37.6,1.3,0.0,0.5344,0.0,1,0.4835,3.6562,1.5,0.12,0.0335,0,0.04
4,0.5812,0.0938,61.875,3.0,0,3,33.0,7.6,0.0,1.9875,0.0,7,0.3818,14.25,1.5,0.31,0.06,0,0.05
4,0.3808,0.0692,3.4615,3.0,1,3,29.2,2.8,0.0,2.3538,0.0,1,0.4623,9.6923,1.5,0.11,0.074,0,0.02
3,0.0,0.1012,9.0,2.0,1,2,80.0,4.9,0.9,1.3838,0.0,2,0.0,5.5125,1.5,0.0,0.1012,1,0.09
3,0.06,0.23,13.0,2.0,0,3,85.0,8.3,1.3,1.8,0.0,2,0.0318,8.3,1.5,0.06,0.1694,1,0.23
3,0.79,0.21,52.0,7.6667,1,3,86.6667,17.8,5.2,0.43,0.0,19,0.2942,17.8,1.5,0.79,0.1835,0,0.21
3,0.29,0.3,9.0,7.6667,1,2,87.5,7.1,0.9,0.71,0.0,2,0.2931,7.1,1.5,0.29,0.2134,0,0.3
3,0.39,0.3,3.0,7.6667,0,3,88.0,7.1,0.3,1.19,0.0,2,0.313,7.1,1.5,0.39,0.2311,0,0.3
3,0.21,0.0,-1.0,2.0,1,2,90.0,6.4,-0.1,1.04,0.0,2,0.348,6.4,1.5,0.21,0.208,0,0.0
3,0.0,0.108,-10.8,1.3333,0,3,77.0,0.6,-1.08,2.772,0.0,0,0.3927,2.16,1.5,0.0,0.1964,0,0.03
3,0.428,0.1098,43.9024,6.0,0,3,75.4,10.5,4.3902,0.6146,0.0,16,0.3056,11.5244,1.5,0.39,0.1743,0,0.1
3,0.0,0.0976,6.506,6.0,1,2,74.0,3.9,0.6506,0.7157,0.0,2,0.2408,4.2289,1.5,0.0,0.1265,0,0.09
3,0.13,0.07,13.0,6.6667,1,2,74.0,5.0,1.3,2.16,0.0,2,0.1776,5.0,1.5,0.13,0.0705,0,0.07
3,0.1,0.24,13.0,3.0,0,3,74.0,7.3,1.3,0.8,0.0,5,0.1508,7.3,1.5,0.1,0.1289,0,0.24
3,0.5,0.14,16.0,4.3333,1,3,87.0,9.6,1.6,2.9,0.0,6,0.2317,9.6,1.5,0.5,0.1324,0,0.14
3,0.136,0.1151,16.7442,5.6667,0,3,87.8,7.0,1.6744,2.386,0.0,6,0.1763,7.3256,1.5,0.13,0.1333,0,0.11
3,0.0,0.0415,5.5385,4.6667,1,3,84.2,1.9,0.5538,0.2769,0.0,2,0.1838,2.6308,1.5,0.0,0.1261,0,0.03
3,0.0,0.11,6.0,3.3333,0,3,84.2,3.7,0.6,4.07,0.0,2,0.1561,3.7,1.5,0.0,0.1347,0,0.11
3,0.3,0.075,7.5,1.6667,0,3,71.0,2.7,0.75,0.6,0.0,1,0.18,10.125,1.5,0.08,0.1039,0,0.02
3,0.2676,0.7176,21.8919,3.0,1,2,67.8,9.2,2.1892,0.2919,0.0,6,0.1142,11.1892,1.5,0.22,0.2283,0,0.59
3,0.8,0.72,16.0,3.6667,0,3,68.6,8.7,1.6,1.31,0.0,4,0.2886,8.7,1.5,0.8,0.3857,0,0.72
3,0.4855,0.0592,8.2895,5.3333,1,3,70.8,3.8,0.8289,0.6513,0.0,6,0.3839,4.5,1.5,0.41,0.3788,0,0.05
3,0.0,0.07,2.0,4.0,0,2,70.8,1.2,0.2,2.93,0.0,2,0.3839,1.2,1.5,0.0,0.3686,0,0.07
3,0.2662,0.0634,-5.0704,3.3333,1,3,80.2,1.4,-0.507,1.1789,0.0,2,0.3681,1.7746,1.5,0.21,0.3322,0,0.05
3,0.7364,1.3091,24.5455,1.6667,0,3,67.6,2.3,2.4545,0.5727,0.0,1,0.4021,18.8182,1.5,0.09,0.2796,0,0.16
3,0.6857,0.0,30.0,3.6667,0,4,62.2,8.5,3.0,2.8143,0.0,8,0.3444,12.1429,1.5,0.48,0.0955,1,0.0
3,0.0,0.1636,8.1818,3.3333,0,3,49.2,2.4,0.8182,0.0,0.0,1,0.2854,19.6364,1.5,0.0,0.1098,1,0.02
3,0.3471,0.0129,0.0,3.3333,1,4,45.2,4.1,0.0,0.7843,0.0,1,0.4181,5.2714,1.5,0.27,0.0956,0,0.01
3,3.0176,1.2706,63.5294,2.0,1,3,34.4,6.1,6.3529,2.4353,0.0,4,0.7378,32.2941,1.5,0.57,0.225,0,0.24
3,0.0,0.3789,4.7368,2.0,1,4,36.0,1.3,0.4737,0.0,0.0,1,0.66,6.1579,1.5,0.0,0.175,1,0.08
3,0.1875,0.0,-11.25,2.0,0,2,28.2,1.1,-1.125,2.5125,0.0,1,0.5681,4.125,1.5,0.05,0.2234,0,0.0
3,0.4235,1.2706,137.6471,2.6667,0,3,29.4,7.2,13.7647,0.4235,0.0,6,0.5939,38.1176,1.5,0.08,0.349,0,0.24
3,0.1714,0.0,-8.5714,2.3333,0,2,19.6,0.9,-0.8571,2.4857,0.0,0,0.6796,3.8571,1.5,0.04,0.5143,0,0.0
3,0.1429,0.0429,40.0,5.0,1,3,28.8,10.1,4.0,2.1,0.0,9,0.1688,14.4286,1.5,0.1,0.2188,0,0.03
2,0.0,0.07,19.0,2.0,1,3,90.0,5.3,2.85,1.28,0.0,2,0.0,5.3,1.5,0.0,0.07,0,0.07
2,0.04,0.04,16.0,1.5,0,2,90.0,3.7,2.4,1.8,0.0,1,0.02,3.7,1.5,0.04,0.055,1,0.04
2,0.0,0.01,28.0,3.0,1,3,90.0,3.1,4.2,0.43,0.0,6,0.0133,3.1,1.5,0.0,0.04,0,0.01
2,0.06,0.03,18.0,3.0,1,3,90.0,6.1,2.7,0.71,0.0,2,0.025,6.1,1.5,0.06,0.0375,0,0.03
2,0.0,0.01,26.0,4.6667,0,2,90.0,1.1,3.9,1.19,0.0,6,0.02,1.1,1.5,0.0,0.032,0,0.01
2,0.0,0.04,23.0,3.3333,1,4,90.0,5.4,3.45,1.04,0.0,2,0.02,5.4,1.5,0.0,0.026,0,0.04
2,0.0,0.0,30.0,5.3333,0,2,90.0,2.5,4.5,1.08,0.0,8,0.012,2.5,1.5,0.0,0.018,0,0.0
2,0.0,0.01,9.0,3.6667,0,3,90.0,1.8,1.35,0.75,0.0,1,0.012,1.8,1.5,0.0,0.018,0,0.01
2,0.0,0.01,13.0,3.0,1,3,90.0,2.0,1.95,1.06,0.0,0,0.0,2.0,1.5,0.0,0.014,0,0.01
2,0.06,0.11,16.0,0.6667,1,4,90.0,3.3,2.4,2.16,0.0,1,0.012,3.3,1.5,0.06,0.034,0,0.11
2,0.02,0.0,14.0,1.0,0,2,90.0,1.7,2.1,0.94,0.0,2,0.016,1.7,1.5,0.02,0.026,0,0.0
2,0.05,0.0,26.0,3.0,1,2,90.0,7.4,3.9,2.9,0.0,6,0.026,7.4,1.5,0.05,0.026,0,0.0
2,0.0,0.0,13.0,2.6667,0,4,90.0,1.4,1.95,2.28,0.0,0,0.026,1.4,1.5,0.0,0.024,0,0.0
2,0.0,0.01,23.0,2.6667,1,2,90.0,3.0,3.45,1.02,0.0,2,0.026,3.0,1.5,0.0,0.024,0,0.01
2,0.0,0.01,14.0,1.0,0,3,90.0,2.4,2.1,4.07,0.0,1,0.014,2.4,1.5,0.0,0.004,0,0.01
2,0.0,0.03,32.0,3.6667,1,2,90.0,4.3,4.8,0.37,0.0,8,0.01,4.3,1.5,0.0,0.01,0,0.03
2,0.0,0.01,15.0,3.3333,0,3,90.0,2.2,2.25,1.31,0.0,1,0.0,2.2,1.5,0.0,0.012,0,0.01
2,0.0,0.0562,19.6875,3.3333,1,2,78.4,2.4,2.9531,0.9281,0.0,1,0.0,6.75,1.5,0.0,0.0184,0,0.02
2,0.0,0.0,18.0,1.0,0,3,78.4,3.3,2.7,2.53,0.0,1,0.0,3.3,1.5,0.0,0.0161,1,0.0
2,0.0,0.01,23.0,2.3333,1,3,78.4,2.4,3.45,0.86,0.0,5,0.0,2.4,1.5,0.0,0.0161,0,0.01
2,0.0,0.0,16.0,2.0,0,2,78.4,2.6,2.4,2.93,0.0,0,0.0,2.6,1.5,0.0,0.0092,0,0.0
2,0.09,0.02,27.0,4.3333,1,3,78.4,9.6,4.05,1.93,0.0,8,0.0207,9.6,1.5,0.09,0.0115,0,0.02
2,0.06,0.015,25.5,3.3333,0,2,84.0,3.0,3.825,0.54,0.0,2,0.0279,4.5,1.5,0.04,0.0086,0,0.01
2,0.13,0.01,33.0,6.6667,0,3,84.0,8.6,4.95,1.36,0.0,10,0.0557,8.6,1.5,0.13,0.0107,0,0.01
2,0.0,0.0,28.0,6.0,1,4,84.0,2.1,4.2,1.41,0.0,6,0.0557,2.1,1.5,0.0,0.0086,0,0.0
2,0.0,0.0,22.5,5.6667,0,3,68.4,0.2,3.375,4.5,0.0,1,0.0684,1.5,1.5,0.0,0.0105,0,0.0
2,0.0303,0.0303,11.1236,2.3333,0,2,68.2,3.6,1.6685,0.7787,0.0,0,0.0528,3.6404,1.5,0.03,0.0132,1,0.03
2,0.1333,0.0889,53.3333,4.0,1,3,72.4,8.4,8.0,1.1,0.0,11,0.0696,9.3333,1.5,0.12,0.0298,0,0.08
2,0.09,0.01,17.0,4.0,0,3,72.4,4.4,2.55,1.62,0.0,1,0.0597,4.4,1.5,0.09,0.0298,0,0.01
2,0.0,0.0,450.0,4.3333,0,4,54.6,1.0,67.5,44.1,0.0,1,0.0791,90.0,1.5,0.0,0.0396,0,0.0
2,0.0,0.0,16.0,1.3333,1,4,70.2,2.3,2.4,2.15,0.0,2,0.0615,2.3,1.5,0.0,0.0308,0,0.0
3,0.0,0.1125,33.75,1.0,1,4,16.0,0.7,3.375,0.0,0.0,1,0.0,3.9375,1.5,0.0,0.1125,0,0.02
3,0.0,0.0,14.2105,1.0,0,2,17.5,0.1,1.4211,2.1316,0.0,1,0.0,0.4737,1.5,0.0,0.0514,0,0.0
3,0.0,0.0,270.0,1.0,0,2,12.0,0.2,27.0,128.7,0.0,1,0.0,18.0,1.5,0.0,0.05,0,0.0
3,0.0,0.0,18.0,1.0,1,2,14.0,0.2,1.8,1.125,0.0,1,0.0,0.9,1.5,0.0,0.0321,0,0.0
3,0.0,0.045,9.0,1.0,0,3,15.2,0.1,0.9,2.34,0.0,1,0.0,0.45,1.5,0.0,0.0355,0,0.01
3,0.0,0.0,270.0,1.0,1,3,12.2,0.1,27.0,9.9,0.0,1,0.0,9.0,1.5,0.0,0.0148,0,0.0
3,0.18,0.18,9.0,1.0,0,2,10.4,0.6,0.9,4.14,0.0,1,0.0346,5.4,1.5,0.02,0.0519,0,0.02
3,0.2143,0.0429,12.8571,1.0,1,2,14.4,1.5,1.2857,2.5286,0.0,1,0.0875,6.4286,1.5,0.05,0.05,0,0.01
3,0.0,0.0,-15.0,0.6667,1,3,11.6,0.0,-1.5,1.05,0.0,0,0.1086,0.0,1.5,0.0,0.0621,0,0.0
3,0.3,0.0,30.0,0.6667,0,2,9.4,0.2,3.0,0.3,0.0,1,0.1915,2.0,1.5,0.03,0.0574,0,0.0
3,0.0,0.0,32.1429,0.6667,0,4,12.0,0.6,3.2143,5.4643,0.0,1,0.15,3.8571,1.5,0.0,0.045,0,0.0
3,0.0,0.0,18.0,1.0,0,4,12.0,0.1,1.8,5.4,0.0,1,0.12,0.9,1.5,0.0,0.015,0,0.0
3,0.1636,0.0,49.0909,1.0,1,4,10.0,0.8,4.9091,5.8909,0.0,1,0.09,6.5455,1.5,0.02,0.0,0,0.0
3,0.0,0.0,10.0,1.0,0,3,12.4,0.0,1.0,4.3,0.0,1,0.0726,0.0,1.5,0.0,0.0,1,0.0
3,0.1125,0.0,11.25,1.0,1,2,15.4,2.2,1.125,0.1875,0.0,1,0.0584,8.25,1.5,0.03,0.0,0,0.0
3,0.63,0.0,-9.0,1.0,1,2,16.6,1.4,-0.9,0.765,0.0,1,0.206,6.3,1.5,0.14,0.0,0,0.0
3,0.225,0.1125,22.5,1.0,1,3,16.2,2.0,2.25,0.5625,0.0,1,0.2333,22.5,1.5,0.02,0.0111,1,0.01
3,0.0,0.031,24.8276,0.6667,1,3,19.8,1.0,2.4828,0.0621,0.0,0,0.1727,3.1034,1.5,0.0,0.0182,0,0.01
3,0.0,0.0,36.0,0.6667,0,4,17.2,0.2,3.6,1.44,0.0,1,0.1988,3.6,1.5,0.0,0.0209,0,0.0
3,0.1157,0.0514,-3.8571,0.0,0,3,26.4,0.9,-0.3857,2.0829,0.0,-1,0.1705,1.1571,1.5,0.09,0.0409,0,0.04
2,0.15,0.11,31.0,9.0,0,2,90.0,10.8,4.65,0.49,0.0,9,0.15,10.8,1.5,0.15,0.11,0,0.11
2,0.0,0.02,14.0,5.5,1,4,90.0,2.9,2.1,2.0,0.0,2,0.075,2.9,1.5,0.0,0.065,0,0.02
2,0.05,0.13,38.0,7.3333,0,3,90.0,14.4,5.7,0.97,0.0,11,0.0667,14.4,1.5,0.05,0.0867,0,0.13
2,0.0,0.01,15.0,4.6667,1,2,90.0,3.2,2.25,1.34,0.0,1,0.05,3.2,1.5,0.0,0.0675,0,0.01
2,0.0,0.19,16.0,4.3333,0,2,90.0,2.7,2.4,3.21,0.0,1,0.04,2.7,1.5,0.0,0.092,0,0.19
2,0.06,0.01,26.0,2.6667,1,3,90.0,1.7,3.9,0.59,0.0,6,0.022,1.7,1.5,0.06,0.072,1,0.01
2,0.45,0.05,40.0,7.3333,0,3,90.0,10.4,6.0,1.69,0.0,15,0.112,10.4,1.5,0.45,0.078,1,0.05
2,0.0,0.09,30.0,9.0,1,3,90.0,4.6,4.5,1.18,0.0,6,0.102,4.6,1.5,0.0,0.07,0,0.09
2,0.0,0.01,13.0,7.0,0,3,90.0,1.4,1.95,2.39,0.0,0,0.102,1.4,1.5,0.0,0.07,0,0.01
2,0.07,0.03,14.0,3.0,1,3,90.0,5.3,2.1,1.12,0.0,3,0.116,5.3,1.5,0.07,0.038,0,0.03
2,0.06,0.0,24.0,2.6667,0,2,90.0,4.4,3.6,1.12,0.0,5,0.116,4.4,1.5,0.06,0.036,0,0.0
2,0.0,0.02,19.0,3.0,1,2,90.0,3.6,2.85,1.6,0.0,1,0.026,3.6,1.5,0.0,0.03,0,0.02
2,0.06,0.02,10.0,2.3333,0,3,90.0,4.2,1.5,0.83,0.0,1,0.038,4.2,1.5,0.06,0.016,0,0.02
2,0.03,0.13,17.0,1.3333,0,4,90.0,4.7,2.55,1.26,0.0,2,0.044,4.7,1.5,0.03,0.04,0,0.13
2,0.0,0.0,10.0,1.3333,1,2,90.0,1.9,1.5,1.74,0.0,1,0.03,1.9,1.5,0.0,0.034,0,0.0
2,0.21,0.0,2.0,1.0,1,4,90.0,3.7,0.3,1.25,0.0,0,0.06,3.7,1.5,0.21,0.034,1,0.0
2,0.0,0.0,4.0,0.3333,0,3,90.0,0.8,0.6,1.61,0.0,0,0.06,0.8,1.5,0.0,0.03,0,0.0
2,0.0,0.01,19.0,0.6667,1,3,90.0,3.8,2.85,1.14,0.0,2,0.048,3.8,1.5,0.0,0.028,0,0.01
2,0.02,0.01,12.0,1.0,0,2,90.0,4.0,1.8,2.74,0.0,1,0.046,4.0,1.5,0.02,0.004,0,0.01
2,0.1,0.1,11.0,1.6667,1,2,90.0,2.7,1.65,1.4,0.0,2,0.066,2.7,1.5,0.1,0.024,0,0.1
2,0.01,0.01,13.0,1.0,0,2,90.0,2.7,1.95,3.31,0.0,0,0.026,2.7,1.5,0.01,0.026,0,0.01
2,0.02,0.01,12.0,1.0,1,2,90.0,2.0,1.8,0.78,0.0,1,0.03,2.0,1.5,0.02,0.028,0,0.01
2,0.0,0.07,22.0,1.3333,0,3,90.0,4.2,3.3,1.53,0.0,3,0.03,4.2,1.5,0.0,0.04,0,0.07
2,0.0,0.0,12.0,1.6667,1,3,90.0,1.9,1.8,1.21,0.0,1,0.026,1.9,1.5,0.0,0.038,0,0.0
2,0.0,0.01,12.0,2.0,0,3,90.0,2.4,1.8,1.66,0.0,2,0.006,2.4,1.5,0.0,0.02,0,0.01
2,0.0,0.3,24.0,3.0,1,3,90.0,2.2,3.6,0.1,0.0,6,0.004,2.2,1.5,0.0,0.078,1,0.3
2,0.0,0.0,7.0,3.0,0,3,90.0,1.0,1.05,1.87,0.0,1,0.0,1.0,1.5,0.0,0.076,0,0.0
2,0.06,0.06,16.0,3.0,1,3,90.0,4.0,2.4,0.83,0.0,2,0.012,4.0,1.5,0.06,0.074,0,0.06
2,0.0,0.0,16.0,1.6667,0,4,90.0,2.7,2.4,0.92,0.0,2,0.012,2.7,1.5,0.0,0.074,0,0.0
2,0.02,0.01,3.0,1.6667,0,3,90.0,1.5,0.45,1.22,0.0,1,0.016,1.5,1.5,0.02,0.074,0,0.01
2,0.0,0.0,20.0,1.0,1,3,90.0,3.2,3.0,1.91,0.0,0,0.016,3.2,1.5,0.0,0.014,0,0.0
2,0.0,0.22,32.0,3.0,0,4,90.0,4.1,4.8,2.87,0.0,8,0.016,4.1,1.5,0.0,0.058,0,0.22
2,0.32,0.31,29.0,4.0,1,4,90.0,8.4,4.35,1.27,0.0,4,0.068,8.4,1.5,0.32,0.108,0,0.31
2,0.06,0.02,30.0,6.3333,1,3,90.0,3.8,4.5,0.42,0.0,7,0.08,3.8,1.5,0.06,0.112,0,0.02
2,0.0,0.01,7.0,4.0,0,3,90.0,1.5,1.05,1.14,0.0,1,0.076,1.5,1.5,0.0,0.112,0,0.01
2,0.0,0.01,23.0,4.6667,1,3,90.0,0.9,3.45,0.35,0.0,6,0.076,0.9,1.5,0.0,0.114,0,0.01
2,0.0,0.09,13.0,3.0,0,4,90.0,3.9,1.95,1.57,0.0,2,0.076,3.9,1.5,0.0,0.088,1,0.09
2,0.0,0.0105,24.0698,4.3333,1,2,89.2,1.5,3.6105,1.1302,0.0,5,0.0121,1.5698,1.5,0.0,0.0283,0,0.01
3,0.09,0.36,14.0,6.0,0,3,90.0,9.1,1.4,0.49,0.0,6,0.09,9.1,1.5,0.09,0.36,0,0.36
3,0.18,0.03,2.0,3.5,1,3,90.0,3.8,0.2,2.0,0.0,1,0.135,3.8,1.5,0.18,0.195,0,0.03
3,0.21,0.04,16.0,4.0,0,2,90.0,11.5,1.6,0.97,0.0,5,0.16,11.5,1.5,0.21,0.1433,1,0.04
3,0.47,0.06,2.0,2.6667,1,3,90.0,5.8,0.2,1.34,0.0,2,0.2375,5.8,1.5,0.47,0.1225,0,0.06
3,0.0,0.0,11.25,2.6667,0,2,76.8,0.2,1.125,1.125,0.0,1,0.2227,0.75,1.5,0.0,0.1148,0,0.0
3,0.0,0.01,9.0,1.6667,1,2,76.8,1.2,0.9,0.59,0.0,2,0.2016,1.2,1.5,0.0,0.0328,0,0.01
3,0.0,0.01,13.0,2.0,0,3,76.8,3.3,1.3,1.69,0.0,3,0.1594,3.3,1.5,0.0,0.0281,0,0.01
3,0.41,0.02,3.0,2.6667,1,3,76.8,2.3,0.3,1.18,0.0,3,0.2062,2.3,1.5,0.41,0.0234,0,0.02
3,0.16,0.01,13.0,2.6667,0,4,76.8,2.3,1.3,2.39,0.0,2,0.1336,2.3,1.5,0.16,0.0117,0,0.01
3,0.15,0.03,12.0,3.6667,1,3,90.0,8.9,1.2,1.12,0.0,6,0.144,8.9,1.5,0.15,0.016,1,0.03
3,0.07,0.58,21.0,4.3333,0,2,90.0,4.7,2.1,1.12,0.0,5,0.158,4.7,1.5,0.07,0.13,0,0.58
3,0.0,0.03,6.0,4.3333,1,3,90.0,1.8,0.6,1.6,0.0,2,0.158,1.8,1.5,0.0,0.134,0,0.03
3,0.0,0.1098,4.3902,2.6667,0,2,80.2,2.5,0.439,1.4488,0.0,1,0.0853,5.4878,1.5,0.0,0.1571,0,0.05
3,0.02,0.06,3.0,1.6667,0,3,80.2,2.3,0.3,1.26,0.0,2,0.0539,2.3,1.5,0.02,0.1683,0,0.06
3,0.26,0.07,5.0,1.6667,1,2,80.2,8.2,0.5,1.74,0.0,2,0.0786,8.2,1.5,0.26,0.1773,0,0.07
3,0.0,0.073,3.6486,1.0,1,2,77.0,2.7,0.3649,1.7757,0.0,-1,0.0655,3.2838,1.5,0.0,0.0631,1,0.06
3,0.9652,0.0522,28.6957,3.0,1,3,72.8,11.7,2.8696,1.1478,0.0,8,0.2522,15.2609,1.5,0.74,0.0692,0,0.04
3,0.0,0.1269,19.6154,4.0,0,2,80.2,5.3,1.9615,2.0077,0.0,5,0.2289,6.1154,1.5,0.0,0.0763,0,0.11
3,0.04,0.19,22.0,6.0,1,3,80.2,7.2,2.2,1.4,0.0,5,0.2334,7.2,1.5,0.04,0.1055,1,0.19
3,0.06,0.12,4.0,4.0,1,3,80.2,5.8,0.4,0.78,0.0,2,0.1885,5.8,1.5,0.06,0.1167,1,0.12
3,0.02,0.01,6.0,3.0,0,3,83.4,2.1,0.6,1.53,0.0,2,0.1856,2.1,1.5,0.02,0.1014,0,0.01
3,0.08,0.01,4.0,2.0,1,3,87.6,1.8,0.4,1.21,0.0,2,0.0411,1.8,1.5,0.08,0.0904,0,0.01
3,0.05,0.04,16.0,3.3333,0,3,90.0,5.6,1.6,1.66,0.0,6,0.05,5.6,1.5,0.05,0.074,0,0.04
3,0.41,0.39,45.0,7.0,1,3,90.0,20.6,4.5,0.1,0.0,13,0.124,20.6,1.5,0.41,0.114,0,0.39
3,0.1029,0.0771,5.1429,7.3333,0,4,86.0,1.9,0.5143,1.2214,0.0,3,0.134,2.4429,1.5,0.08,0.1067,0,0.06
3,0.2348,0.013,3.913,6.3333,1,3,81.8,2.6,0.3913,0.8609,0.0,3,0.176,3.3913,1.5,0.18,0.1122,0,0.01
3,0.0554,0.0138,11.0769,2.6667,0,2,76.8,0.6,1.1077,1.0662,0.0,2,0.1781,0.8308,1.5,0.04,0.1195,0,0.01
3,0.0391,0.013,5.2174,2.6667,0,3,72.6,2.8,0.5217,0.913,0.0,3,0.1835,3.6522,1.5,0.03,0.119,0,0.01
3,0.1726,0.0123,7.3973,2.3333,1,2,69.2,0.6,0.7397,2.1822,0.0,2,0.1223,0.7397,1.5,0.14,0.026,0,0.01
3,0.0,0.0,4.0909,2.0,0,3,59.6,0.4,0.4091,6.5864,0.0,1,0.1178,1.6364,1.5,0.0,0.0121,1,0.0
3,0.0,0.0409,12.2727,1.3333,1,2,50.2,1.7,1.2273,0.0,0.0,1,0.0753,6.9545,1.5,0.0,0.0143,0,0.01
3,0.0375,0.1,23.75,2.3333,1,3,51.6,5.0,2.375,0.125,0.0,5,0.0698,6.25,1.5,0.03,0.0384,0,0.08
3,0.0,0.012,10.8,2.6667,0,3,52.8,2.2,1.08,1.2,0.0,2,0.058,2.64,1.5,0.0,0.0375,0,0.01
3,0.9,0.36,54.0,2.6667,1,3,39.2,2.6,5.4,0.0,0.0,1,0.0367,46.8,1.5,0.05,0.0551,0,0.02
3,0.0,0.0,90.0,1.3333,1,2,35.2,0.0,9.0,0.0,0.0,1,0.0409,0.0,1.5,0.0,0.0614,0,0.0
2,0.03,0.01,24.0,6.0,1,2,90.0,1.5,3.6,1.18,0.0,6,0.03,1.5,1.5,0.03,0.01,1,0.01
2,0.0,0.0,13.5,3.5,1,3,55.0,0.3,2.025,1.125,0.0,1,0.0245,1.35,1.5,0.0,0.0082,0,0.0
2,0.0,0.0,13.5,2.6667,0,3,43.3333,0.2,2.025,2.34,0.0,1,0.0208,0.9,1.5,0.0,0.0069,0,0.0
2,0.0,0.0148,20.6557,1.3333,1,2,47.75,2.0,3.0984,1.2098,0.0,2,0.0141,2.9508,1.5,0.0,0.0094,0,0.01
2,0.0,0.01,7.0,1.3333,1,3,56.2,0.8,1.05,1.25,0.0,1,0.0096,0.8,1.5,0.0,0.0096,0,0.01
2,0.0,0.0,8.0,1.3333,0,3,56.2,1.2,1.2,1.61,0.0,1,0.0,1.2,1.5,0.0,0.0064,0,0.0
2,0.0,0.01,9.0,1.3333,1,2,70.2,1.5,1.35,1.14,0.0,2,0.0,1.5,1.5,0.0,0.0077,0,0.01
2,0.0,0.03,16.0,1.3333,0,3,84.2,2.5,2.4,2.74,0.0,1,0.0,2.5,1.5,0.0,0.0128,0,0.03
2,0.0,0.02,16.0,1.6667,1,3,90.0,1.9,2.4,1.4,0.0,2,0.0,1.9,1.5,0.0,0.014,0,0.02
2,0.012,0.0,10.8,1.3333,0,2,87.0,2.5,1.62,2.952,0.0,1,0.0021,3.0,1.5,0.01,0.0124,0,0.0
2,0.0,0.0,270.0,1.3333,0,2,69.2,0.0,40.5,0.0,0.0,1,0.0026,0.0,1.5,0.0,0.0156,0,0.0
2,0.0,0.0,18.0,1.0,1,2,54.2,0.6,2.7,0.84,0.0,1,0.0033,3.6,1.5,0.0,0.0166,0,0.0
2,0.0,0.0,23.6842,2.6667,0,2,51.4,1.6,3.5526,2.7355,0.0,6,0.0035,1.8947,1.5,0.0,0.007,0,0.0
2,0.0,0.01,18.0,2.6667,1,2,51.4,1.8,2.7,1.27,0.0,1,0.0035,1.8,1.5,0.0,0.0035,0,0.01
2,0.0,0.01,22.0,4.3333,1,3,54.4,1.7,3.3,0.42,0.0,6,0.0,1.7,1.5,0.0,0.0066,1,0.01
2,0.02,0.01,15.0,3.0,0,3,72.2,1.5,2.25,1.14,0.0,2,0.005,1.5,1.5,0.02,0.0075,0,0.01
2,0.0,0.0935,30.3896,4.6667,1,2,84.6,2.9,4.5584,0.4091,0.0,6,0.0043,3.3896,1.5,0.0,0.0234,0,0.08
2,0.15,0.0,17.0,4.3333,0,3,87.4,1.3,2.55,1.57,0.0,5,0.035,1.3,1.5,0.15,0.0227,0,0.0
2,0.0,0.01,26.0,5.6667,1,2,87.4,1.2,3.9,1.08,0.0,6,0.035,1.2,1.5,0.0,0.0227,1,0.01
3,0.01,0.03,12.0,3.0,0,3,90.0,5.7,1.2,0.49,0.0,3,0.01,5.7,1.5,0.01,0.03,0,0.03
3,0.11,0.1,8.0,2.0,1,3,90.0,1.6,0.8,2.0,0.0,1,0.06,1.6,1.5,0.11,0.065,0,0.1
3,0.0,0.04,17.0,2.0,0,3,90.0,2.7,1.7,0.97,0.0,2,0.04,2.7,1.5,0.0,0.0567,1,0.04
3,0.0,0.02,21.0,1.6667,1,2,90.0,2.4,2.1,1.34,0.0,2,0.03,2.4,1.5,0.0,0.0475,0,0.02
3,0.0,0.26,22.0,2.0,0,3,90.0,4.3,2.2,2.57,0.0,2,0.024,4.3,1.5,0.0,0.09,0,0.26
3,0.0,0.01,12.0,2.0,1,3,90.0,1.4,1.2,0.59,0.0,2,0.022,1.4,1.5,0.0,0.086,0,0.01
3,0.0,0.01,9.0,2.3333,0,3,90.0,2.1,0.9,1.69,0.0,3,0.0,2.1,1.5,0.0,0.068,0,0.01
3,0.11,0.03,14.0,2.3333,0,3,90.0,5.9,1.4,2.39,0.0,2,0.022,5.9,1.5,0.11,0.066,1,0.03
3,0.05,0.04,11.0,2.3333,1,3,90.0,3.7,1.1,1.12,0.0,2,0.032,3.7,1.5,0.05,0.07,0,0.04
3,0.0,0.0,4.7368,1.6667,0,3,83.4,0.7,0.4737,0.6789,0.0,1,0.0345,1.1053,1.5,0.0,0.0194,0,0.0
3,0.0,0.3736,20.3774,1.3333,0,4,76.0,3.7,2.0377,0.2887,0.0,1,0.0379,6.283,1.5,0.0,0.0711,0,0.22
4,1.12,0.14,27.0,7.0,0,3,90.0,16.0,0.0,0.49,0.0,7,1.12,16.0,1.5,1.12,0.14,0,0.14
4,0.48,0.06,0.0,4.5,1,2,90.0,6.9,0.0,2.0,0.0,2,0.8,6.9,1.5,0.48,0.1,1,0.06
4,0.1157,0.0129,6.4286,3.6667,0,2,83.3333,2.1,0.0,0.6686,0.0,2,0.6084,2.7,1.5,0.09,0.0756,0,0.01
4,0.809,0.0303,50.5618,5.6667,1,4,84.75,15.2,0.0,0.8292,0.0,13,0.6611,15.3708,1.5,0.8,0.0637,0,0.03
4,0.3135,0.0303,30.3371,7.6667,0,3,85.6,10.6,0.0,1.8,0.0,8,0.5888,10.7191,1.5,0.31,0.0568,0,0.03
4,0.0,0.01,2.0,7.6667,1,3,85.6,1.0,0.0,0.59,0.0,2,0.3533,1.0,1.5,0.0,0.0294,0,0.01
4,0.0,0.08,8.0,4.0,1,3,85.6,2.3,0.0,1.18,0.0,2,0.2523,2.3,1.5,0.0,0.0336,1,0.08
4,0.23,0.01,4.0,1.6667,0,4,89.6,2.7,0.0,2.39,0.0,1,0.2692,2.7,1.5,0.23,0.0321,0,0.01
4,0.0808,0.0346,10.3846,1.6667,1,3,87.4,4.3,0.0,1.0615,0.0,2,0.1256,4.9615,1.5,0.07,0.033,0,0.03
4,0.0,0.0106,5.2941,1.3333,0,2,86.6,2.2,0.0,0.8047,0.0,1,0.0624,2.3294,1.5,0.0,0.0291,0,0.01
4,1.0427,0.0659,26.3415,3.0,1,2,85.0,13.8,0.0,1.4927,0.0,6,0.2647,15.1463,1.5,0.95,0.0402,0,0.06
4,0.319,0.057,1.1392,3.0,0,3,82.8,4.2,0.0,0.4215,0.0,2,0.3326,4.7848,1.5,0.28,0.0348,0,0.05
4,0.6488,0.0314,29.3023,5.6667,0,2,82.0,7.1,0.0,1.1198,0.0,9,0.4215,7.4302,1.5,0.62,0.0395,1,0.03
4,0.16,0.07,0.0,4.0,1,2,84.4,6.6,0.0,1.74,0.0,1,0.4287,6.6,1.5,0.16,0.0469,0,0.07
4,0.0,0.0,8.0,3.6667,1,2,76.4,1.6,0.0,0.58,0.0,1,0.4736,3.2,1.5,0.0,0.0495,0,0.0
4,0.0,0.0,90.0,1.0,1,3,60.2,0.1,0.0,5.4,0.0,1,0.3169,9.0,1.5,0.0,0.0449,0,0.0
4,0.0,0.0,27.0,1.0,0,3,46.4,1.4,0.0,5.4,0.0,1,0.3026,12.6,1.5,0.0,0.0388,0,0.0
4,0.75,0.0,30.0,1.0,1,3,30.4,2.1,0.0,8.85,0.0,1,0.1243,31.5,1.5,0.05,0.0414,1,0.0
4,0.2155,0.0634,3.8028,1.3333,0,3,26.6,4.2,0.0,1.0141,0.0,2,0.1489,5.3239,1.5,0.17,0.0338,0,0.05
4,0.5954,0.0277,2.7692,1.6667,1,4,30.6,6.8,0.0,0.0692,0.0,2,0.3824,9.4154,1.5,0.43,0.0412,0,0.02
4,0.0,0.0474,9.4737,1.6667,0,3,34.2,0.3,0.0,4.3579,0.0,1,0.3421,1.4211,1.5,0.0,0.0421,0,0.01
4,0.2,0.1,10.0,1.3333,1,3,34.0,0.6,0.0,1.7,0.0,1,0.3547,6.0,1.5,0.02,0.0476,0,0.01
4,0.0,1.8,67.5,1.0,0,3,33.6,0.1,0.0,1.125,0.0,1,0.3321,2.25,1.5,0.0,0.0911,0,0.08
4,2.6438,0.0,123.75,2.3333,1,2,22.6,7.4,0.0,0.7875,0.0,5,0.7327,41.625,1.5,0.47,0.0956,0,0.0
4,0.0,0.0,180.0,2.3333,0,3,9.8,0.0,0.0,32.4,0.0,1,0.9,0.0,1.5,0.0,0.1837,0,0.0
4,0.0,0.0409,16.3636,2.3333,1,2,10.4,1.3,0.0,0.0,0.0,1,0.8481,5.3182,1.5,0.0,0.1731,1,0.01
4,0.2143,0.1286,8.5714,1.0,0,3,12.8,4.3,0.0,0.9,0.0,1,0.7312,18.4286,1.5,0.05,0.1687,0,0.03
4,0.1227,0.0409,-4.0909,0.6667,1,3,16.4,2.4,0.0,0.0,0.0,0,0.6037,9.8182,1.5,0.03,0.0549,0,0.01
4,0.0,0.0857,0.0,0.6667,0,2,17.4,0.2,0.0,1.3286,0.0,1,0.0828,0.8571,1.5,0.0,0.0724,0,0.02
4,0.0,0.0,19.2857,0.6667,1,4,20.0,0.2,0.0,0.0,0.0,1,0.072,1.2857,1.5,0.0,0.063,1,0.0
3,0.51,0.58,21.0,3.0,0,2,90.0,14.5,2.1,0.49,0.0,3,0.51,14.5,1.5,0.51,0.58,0,0.58
3,0.25,0.15,14.0,2.5,1,3,90.0,5.5,1.4,2.0,0.0,2,0.38,5.5,1.5,0.25,0.365,0,0.15
3,0.35,0.07,7.0,2.3333,0,4,90.0,5.9,0.7,0.97,0.0,2,0.37,5.9,1.5,0.35,0.2667,0,0.07
3,0.63,0.13,33.0,4.0,1,4,90.0,16.4,3.3,1.34,0.0,8,0.435,16.4,1.5,0.63,0.2325,0,0.13
3,0.41,0.25,3.0,3.6667,0,4,90.0,6.4,0.3,3.21,0.0,1,0.43,6.4,1.5,0.41,0.236,0,0.25
3,0.11,0.34,9.0,4.0,1,3,90.0,7.9,0.9,0.59,0.0,3,0.35,7.9,1.5,0.11,0.188,0,0.34
3,0.0414,0.2897,23.7931,3.3333,0,4,89.4,4.3,2.3793,1.5103,0.0,6,0.3101,4.4483,1.5,0.04,0.2154,0,0.28
3,0.0,0.3094,39.375,4.3333,0,4,77.8,2.7,3.9375,1.9406,0.0,4,0.2753,7.5938,1.5,0.0,0.2568,1,0.11
3,0.85,0.07,20.0,5.3333,1,2,77.8,13.0,2.0,1.6,0.0,6,0.3262,13.0,1.5,0.85,0.2429,0,0.07
3,0.1875,0.075,7.5,3.6667,0,2,69.4,4.3,0.75,0.3188,0.0,1,0.2853,8.0625,1.5,0.1,0.2179,0,0.04
3,0.0,0.0,180.0,2.6667,0,2,51.6,0.4,18.0,0.0,0.0,1,0.3453,36.0,1.5,0.0,0.1744,0,0.0
3,1.17,0.045,-13.5,1.0,1,2,38.2,1.1,-1.35,1.17,0.0,1,0.5702,4.95,1.5,0.26,0.1084,0,0.01
3,0.2,0.05,1.0,1.3333,0,2,49.8,5.7,0.1,2.74,0.0,2,0.5096,5.7,1.5,0.2,0.0614,1,0.05
3,0.3706,0.0953,38.1176,4.0,1,3,48.8,11.3,3.8118,1.4824,0.0,9,0.3357,11.9647,1.5,0.35,0.0701,0,0.09
3,0.15,0.07,17.0,4.3333,0,3,57.2,9.2,1.7,3.31,0.0,2,0.3021,9.2,1.5,0.15,0.0692,0,0.07
3,0.8883,0.4325,54.9351,8.3333,1,2,72.4,18.1,5.4935,0.2805,0.0,14,0.4276,21.1558,1.5,0.76,0.1467,0,0.37
3,0.1108,0.0138,27.6923,8.0,0,3,81.4,4.2,2.7692,1.2462,0.0,8,0.3405,5.8154,1.5,0.08,0.1305,0,0.01
3,0.41,0.7,14.0,7.6667,1,3,81.4,10.0,1.4,0.83,0.0,1,0.387,10.0,1.5,0.41,0.2742,1,0.7
3,0.72,0.17,19.0,4.6667,0,3,82.4,10.6,1.9,0.92,0.0,5,0.4631,10.6,1.5,0.72,0.2883,0,0.17
3,0.0,0.07,7.0,2.6667,0,2,82.4,4.9,0.7,1.22,0.0,2,0.4303,4.9,1.5,0.0,0.2883,0,0.07
3,0.0,0.1429,8.5714,3.0,1,2,79.6,0.6,0.8571,2.0571,0.0,2,0.2736,0.8571,1.5,0.0,0.2374,0,0.1
3,0.6987,0.8171,37.8947,4.6667,0,2,81.8,14.4,3.7895,2.7355,0.0,10,0.3785,17.0526,1.5,0.59,0.3807,0,0.69
3,0.99,0.18,39.375,7.6667,1,3,79.8,13.0,3.9375,1.4288,0.0,11,0.494,14.625,1.5,0.88,0.2684,0,0.16
3,0.2305,0.3183,7.6829,8.0,1,3,78.2,9.9,0.7683,0.1098,0.0,3,0.3867,10.8659,1.5,0.21,0.3015,0,0.29
3,0.2143,0.0857,12.8571,5.6667,1,4,77.0,7.3,1.2857,0.375,0.0,3,0.4395,7.8214,1.5,0.2,0.3086,1,0.08
3,0.8172,0.6621,30.0,4.6667,0,3,81.8,10.6,3.0,1.5517,0.0,8,0.5875,10.9655,1.5,0.79,0.4093,0,0.64
3,0.2793,0.1448,63.1034,9.6667,1,4,84.0,16.5,6.3103,1.1172,0.0,18,0.5036,17.069,1.5,0.27,0.2807,0,0.14
2,0.04,0.01,26.0,6.0,0,4,90.0,4.0,3.9,0.49,0.0,6,0.04,4.0,1.5,0.04,0.01,0,0.01
2,0.0,0.06,15.0,4.0,1,4,90.0,3.0,2.25,2.0,0.0,2,0.02,3.0,1.5,0.0,0.035,0,0.06
2,0.0,0.01,15.0,3.3333,0,3,90.0,2.0,2.25,0.97,0.0,2,0.0133,2.0,1.5,0.0,0.0267,0,0.01
2,0.0,0.01,10.0,1.6667,1,4,90.0,1.8,1.5,1.34,0.0,1,0.01,1.8,1.5,0.0,0.0225,1,0.01
2,0.0,0.06,31.0,3.6667,1,4,90.0,1.9,4.65,0.59,0.0,8,0.008,1.9,1.5,0.0,0.03,0,0.06
2,0.11,0.0,24.0,5.3333,0,2,90.0,3.4,3.6,1.69,0.0,7,0.022,3.4,1.5,0.11,0.028,0,0.0
2,0.0,0.02,36.0,8.0,1,3,90.0,4.8,5.4,1.18,0.0,9,0.022,4.8,1.5,0.0,0.02,0,0.02
2,0.27,0.0,15.0,5.3333,0,3,90.0,2.1,2.25,2.39,0.0,0,0.076,2.1,1.5,0.27,0.018,0,0.0
2,0.16,0.01,12.0,3.3333,1,3,90.0,2.6,1.8,1.12,0.0,1,0.108,2.6,1.5,0.16,0.018,0,0.01
2,0.0,0.0,22.0,2.0,0,4,90.0,1.1,3.3,1.12,0.0,5,0.108,1.1,1.5,0.0,0.006,0,0.0
2,0.0,0.01,14.0,2.3333,1,2,90.0,2.8,2.1,1.6,0.0,1,0.086,2.8,1.5,0.0,0.008,1,0.01
2,0.0,0.01,14.0,2.3333,0,3,90.0,1.9,2.1,0.83,0.0,1,0.086,1.9,1.5,0.0,0.006,0,0.01
2,0.0,0.71,16.0,1.3333,0,2,90.0,2.7,2.4,1.26,0.0,2,0.032,2.7,1.5,0.0,0.148,0,0.71
2,0.0,0.01,11.0,1.3333,1,3,90.0,1.9,1.65,1.74,0.0,1,0.0,1.9,1.5,0.0,0.148,0,0.01
2,0.0,0.0,8.0,1.3333,1,4,90.0,1.6,1.2,1.25,0.0,1,0.0,1.6,1.5,0.0,0.148,0,0.0
2,0.0,0.01,15.0,1.0,0,2,90.0,2.5,2.25,1.61,0.0,1,0.0,2.5,1.5,0.0,0.148,0,0.01
2,0.0,0.0,14.0,1.3333,1,2,90.0,1.3,2.1,1.14,0.0,2,0.0,1.3,1.5,0.0,0.146,0,0.0
2,0.0,0.01,13.0,1.3333,0,3,90.0,1.2,1.95,2.74,0.0,1,0.0,1.2,1.5,0.0,0.006,0,0.01
2,0.0,0.01,22.0,2.6667,1,2,90.0,4.4,3.3,1.4,0.0,5,0.0,4.4,1.5,0.0,0.006,0,0.01
2,0.0,0.0,10.4651,2.3333,0,3,89.2,1.7,1.5698,2.6477,0.0,1,0.0,1.7791,1.5,0.0,0.0061,0,0.0
2,0.0,0.01,15.0,2.3333,1,2,89.2,2.6,2.25,0.78,0.0,1,0.0,2.6,1.5,0.0,0.0061,0,0.01
2,0.0,0.0,6.6667,0.6667,0,2,76.6,0.5,1.0,1.1667,0.0,0,0.0,1.6667,1.5,0.0,0.007,1,0.0
2,0.0,0.0,30.0,0.6667,1,3,61.0,1.5,4.5,0.0,0.0,1,0.0,11.25,1.5,0.0,0.0059,0,0.0
2,0.0,0.0,22.5,0.6667,0,3,47.0,0.5,3.375,1.395,0.0,1,0.0,2.25,1.5,0.0,0.0038,1,0.0
2,0.0,0.048,33.6,2.6667,1,2,44.8,2.3,5.04,1.296,0.0,6,0.0,2.76,1.5,0.0,0.0201,0,0.04
3,0.0,0.0,270.0,1.0,1,4,1.0,1.4,27.0,46.8,0.0,1,0.0,126.0,1.5,0.0,0.0,0,0.0
3,0.0,0.01,12.0,1.0,0,2,45.5,4.4,1.2,3.21,0.0,1,0.0,4.4,1.5,0.0,0.0099,1,0.01
3,0.04,0.04,19.0,1.6667,1,4,60.3333,4.9,1.9,0.59,0.0,3,0.0199,4.9,1.5,0.04,0.0249,0,0.04
3,0.1,0.01,6.0,2.0,0,2,67.75,1.9,0.6,1.69,0.0,2,0.0465,1.9,1.5,0.1,0.0199,0,0.01
3,0.0,0.02,8.0,2.6667,1,2,72.2,1.9,0.8,1.18,0.0,3,0.0349,1.9,1.5,0.0,0.0199,0,0.02
3,0.0,0.1174,18.2609,2.3333,0,4,85.8,3.7,1.8261,2.9087,0.0,2,0.0294,4.8261,1.5,0.0,0.0357,0,0.09
3,0.013,0.2217,7.8261,2.3333,1,3,81.6,7.0,0.7826,1.1348,0.0,2,0.0331,9.1304,1.5,0.01,0.0728,0,0.17
3,0.0,0.03,7.0,2.3333,0,2,81.6,1.7,0.7,1.12,0.0,3,0.0243,1.7,1.5,0.0,0.0706,0,0.03
3,0.0,0.2761,10.2273,2.3333,1,4,81.2,4.0,1.0227,1.5239,0.0,2,0.0022,4.0909,1.5,0.0,0.1286,0,0.27
3,0.0,0.25,7.5,2.0,0,2,70.4,0.6,0.75,1.65,0.0,1,0.0026,1.5,1.5,0.0,0.1688,1,0.1
3,0.0,0.1111,14.4444,1.6667,0,2,72.8,1.7,1.4444,1.1889,0.0,2,0.0025,1.8889,1.5,0.0,0.1657,0,0.1
3,0.0,0.0429,8.5714,1.3333,1,2,63.2,0.4,0.8571,2.5286,0.0,1,0.0,1.7143,1.5,0.0,0.1453,0,0.01
3,0.0,0.14,13.0,1.6667,1,3,63.2,6.6,1.3,1.25,0.0,2,0.0,6.6,1.5,0.0,0.1766,1,0.14
3,0.0,0.0155,-1.5517,1.0,1,3,57.2,0.5,-0.1552,0.8534,0.0,0,0.0,0.7759,1.5,0.0,0.1133,0,0.01
3,0.0,0.0,22.5,1.0,1,2,50.8,0.2,2.25,0.0,0.0,1,0.0,4.5,1.5,0.0,0.0921,0,0.0
3,0.0269,0.0134,9.403,1.0,0,4,48.0,1.7,0.9403,3.2642,0.0,2,0.0075,2.2836,1.5,0.02,0.0638,0,0.01
3,0.0,0.04,10.0,1.6667,1,4,61.8,1.8,1.0,0.78,0.0,2,0.0058,1.8,1.5,0.0,0.0583,0,0.04
3,0.0,0.0,7.9747,2.0,0,4,59.6,0.7,0.7975,1.0595,0.0,2,0.006,0.7975,1.5,0.0,0.0181,1,0.0
3,0.0,0.1731,20.7692,2.0,1,3,63.6,6.9,2.0769,0.5654,0.0,2,0.0057,7.9615,1.5,0.0,0.0566,0,0.15
3,0.0,0.0,0.0,1.6667,0,2,66.6,0.0,0.0,4.3579,0.0,1,0.0054,0.0,1.5,0.0,0.0541,1,0.0
3,0.0,0.4,30.0,1.3333,1,3,55.0,0.6,3.0,1.7,0.0,1,0.0,6.0,1.5,0.0,0.0753,0,0.04
3,0.0,0.09,45.0,1.0,0,4,39.0,0.5,4.5,0.0,0.0,1,0.0,4.5,1.5,0.0,0.0923,0,0.01
3,0.0,0.0913,13.0435,1.3333,0,2,37.0,2.0,1.3043,0.913,0.0,2,0.0,2.6087,1.5,0.0,0.1314,0,0.07
3,0.0,0.0,4.4444,1.6667,1,2,37.6,0.6,0.4444,2.0667,0.0,2,0.0,0.6667,1.5,0.0,0.0574,0,0.0
3,0.0,0.1066,8.2895,2.3333,0,3,49.0,1.2,0.8289,2.7355,0.0,3,0.0,1.4211,1.5,0.0,0.0771,0,0.09
3,0.0,0.0675,21.375,3.0,1,3,63.2,3.7,2.1375,1.4288,0.0,4,0.0,4.1625,1.5,0.0,0.0655,0,0.06
3,0.03,0.2,32.0,5.0,1,2,79.2,7.4,3.2,0.42,0.0,8,0.0068,7.4,1.5,0.03,0.0955,0,0.2
3,0.06,0.02,5.0,4.3333,0,2,83.4,1.9,0.5,1.14,0.0,1,0.0194,1.9,1.5,0.06,0.0799,0,0.02
3,0.0672,0.0134,9.403,4.0,1,2,80.6,2.4,0.9403,0.4701,0.0,3,0.0313,3.2239,1.5,0.05,0.0849,0,0.01
3,0.0,0.0,12.8571,1.6667,0,3,68.2,0.0,1.2857,0.2571,0.0,1,0.037,0.0,1.5,0.0,0.0765,0,0.0
1,0.0,0.0,22.0,6.0,0,3,90.0,0.7,0.0,0.49,1.0,6,0.0,0.7,1.5,0.0,0.0,0,0.0
1,0.0,0.0,8.0,4.0,1,2,90.0,0.5,0.0,2.0,2.0,2,0.0,0.5,1.5,0.0,0.0,0,0.0
1,0.0,0.0,8.0,3.3333,0,2,90.0,0.2,0.0,0.97,0.0,2,0.0,0.2,1.5,0.0,0.0,0,0.0
1,0.0,0.0,12.0,1.6667,1,2,90.0,1.5,0.0,1.34,2.0,1,0.0,1.5,1.5,0.0,0.0,1,0.0
1,0.0,0.0,13.0,1.3333,0,3,90.0,1.6,0.0,3.21,2.0,1,0.0,1.6,1.5,0.0,0.0,0,0.0
1,0.0,0.0,30.0,3.3333,1,2,90.0,3.9,0.0,0.59,5.0,8,0.0,3.9,1.5,0.0,0.0,1,0.0
1,0.0,0.0,26.0,6.0,0,2,90.0,2.2,0.0,1.69,3.0,9,0.0,2.2,1.5,0.0,0.0,0,0.0
1,0.0,0.0,35.0,8.6667,1,3,90.0,3.8,0.0,1.18,5.0,9,0.0,3.8,1.5,0.0,0.0,0,0.0
1,0.0,0.0,13.0,6.3333,0,3,90.0,2.2,0.0,2.39,3.0,1,0.0,2.2,1.5,0.0,0.0,1,0.0
1,0.0,0.0,8.0,3.6667,1,3,90.0,0.2,0.0,1.12,0.0,1,0.0,0.2,1.5,0.0,0.0,0,0.0
1,0.0,0.0,29.0,3.6667,0,2,90.0,3.6,0.0,1.12,5.0,9,0.0,3.6,1.5,0.0,0.0,0,0.0
1,0.0,0.0,9.0,3.6667,1,3,90.0,1.2,0.0,1.6,1.0,1,0.0,1.2,1.5,0.0,0.0,0,0.0
1,0.0,0.0,9.0,3.6667,0,2,90.0,0.6,0.0,0.83,1.0,1,0.0,0.6,1.5,0.0,0.0,0,0.0
1,0.0,0.0,13.0,1.3333,0,3,90.0,1.6,0.0,1.26,2.0,2,0.0,1.6,1.5,0.0,0.0,0,0.0
1,0.0,0.0,12.0,1.3333,1,4,90.0,1.8,0.0,1.74,2.0,1,0.0,1.8,1.5,0.0,0.0,1,0.0
1,0.0,0.0,7.3256,1.6667,1,2,89.2,0.0,0.0,1.2349,0.0,2,0.0,0.0,1.5,0.0,0.0,0,0.0
1,0.0,0.0,16.0,2.0,0,2,89.2,2.5,0.0,1.66,3.0,3,0.0,2.5,1.5,0.0,0.0,1,0.0
1,0.0,0.0,19.0,3.6667,1,2,89.2,0.3,0.0,0.1,0.0,6,0.0,0.3,1.5,0.0,0.0,0,0.0
1,0.0,0.0,11.0,3.3333,0,3,89.2,2.7,0.0,1.87,3.0,1,0.0,2.7,1.5,0.0,0.0,0,0.0
1,0.0,0.0,10.0,3.0,1,4,89.2,1.1,0.0,0.83,1.0,2,0.0,1.1,1.5,0.0,0.0,0,0.0
3,0.02,0.02,12.0,3.0,0,4,90.0,3.1,1.2,0.49,0.0,3,0.02,3.1,1.5,0.02,0.02,0,0.02
3,0.0,0.13,16.0,2.5,1,3,90.0,4.5,1.6,2.0,0.0,2,0.01,4.5,1.5,0.0,0.075,0,0.13
3,0.08,0.05,16.0,2.3333,0,2,90.0,6.7,1.6,0.97,0.0,2,0.0333,6.7,1.5,0.08,0.0667,0,0.05
3,0.08,0.16,16.0,2.0,1,4,90.0,6.4,1.6,1.34,0.0,2,0.045,6.4,1.5,0.08,0.09,0,0.16
3,0.0105,0.0105,11.5116,2.0,0,4,89.2,2.2,1.1512,2.5012,0.0,2,0.0383,2.3023,1.5,0.01,0.0747,0,0.01
3,0.0,0.0,6.9231,2.0,1,3,86.8,0.0,0.6923,1.0615,0.0,2,0.0353,0.0,1.5,0.0,0.0726,0,0.0
3,0.0,0.0,4.0,2.0,0,3,86.8,0.7,0.4,1.12,0.0,2,0.0353,0.7,1.5,0.0,0.0456,1,0.0
3,0.16,0.45,31.0,4.0,1,2,86.8,9.9,3.1,1.6,0.0,8,0.0518,9.9,1.5,0.16,0.1286,1,0.45
3,0.74,0.07,8.0,3.6667,0,3,86.8,7.8,0.8,0.83,0.0,1,0.1887,7.8,1.5,0.74,0.1099,0,0.07
3,0.15,0.03,9.0,3.6667,0,2,87.6,2.6,0.9,1.26,0.0,2,0.2158,2.6,1.5,0.15,0.113,1,0.03
3,0.1271,0.1906,15.8824,1.6667,1,4,89.0,5.2,1.5882,1.2176,0.0,2,0.2366,5.5059,1.5,0.12,0.1476,0,0.18
3,0.7119,0.0269,2.6866,2.0,1,2,84.4,3.8,0.2687,0.806,0.0,2,0.3626,5.1045,1.5,0.53,0.16,0,0.02
3,0.02,0.05,11.0,2.0,1,3,84.4,2.7,1.1,1.14,0.0,2,0.3327,2.7,1.5,0.02,0.0746,0,0.05
3,0.0,0.0101,11.1236,2.0,0,2,84.2,1.1,1.1124,2.7708,0.0,2,0.1753,1.1124,1.5,0.0,0.062,0,0.01
3,0.1,0.07,8.0,2.0,1,3,84.2,4.7,0.8,1.4,0.0,2,0.1646,4.7,1.5,0.1,0.0705,0,0.07
3,0.03,0.02,11.0,2.0,0,2,85.2,3.9,1.1,3.31,0.0,2,0.1437,3.9,1.5,0.03,0.0359,0,0.02
3,0.0,0.02,7.0,1.6667,1,2,89.8,1.4,0.7,0.78,0.0,1,0.0301,1.4,1.5,0.0,0.0341,0,0.02
3,0.06,0.02,12.0,1.6667,0,3,89.8,4.1,1.2,1.53,0.0,2,0.0381,4.1,1.5,0.06,0.0281,0,0.02
3,0.1,0.01,19.0,3.0,1,3,90.0,4.9,1.9,1.21,0.0,6,0.058,4.9,1.5,0.1,0.028,0,0.01
3,0.17,0.01,5.0,3.0,0,4,90.0,1.4,0.5,1.66,0.0,1,0.072,1.4,1.5,0.17,0.016,1,0.01
3,0.15,0.06,13.0,3.3333,1,2,90.0,4.6,1.3,0.1,0.0,3,0.096,4.6,1.5,0.15,0.024,0,0.06
3,0.0,0.04,10.0,1.6667,0,2,90.0,2.9,1.0,1.87,0.0,1,0.096,2.9,1.5,0.0,0.028,0,0.04
3,0.03,0.27,18.0,2.3333,1,2,90.0,6.8,1.8,0.83,0.0,3,0.09,6.8,1.5,0.03,0.078,0,0.27
3,0.06,0.02,18.0,2.0,0,3,90.0,3.5,1.8,0.92,0.0,2,0.082,3.5,1.5,0.06,0.08,1,0.02
3,0.0,0.06,16.0,2.3333,0,3,90.0,2.4,1.6,1.22,0.0,2,0.048,2.4,1.5,0.0,0.09,0,0.06
3,0.0,0.0,18.0,2.0,1,2,90.0,2.3,1.8,1.91,0.0,2,0.018,2.3,1.5,0.0,0.078,0,0.0
3,0.0,0.0,10.0,2.0,0,2,90.0,2.3,1.0,2.87,0.0,2,0.018,2.3,1.5,0.0,0.07,0,0.0
3,0.0,0.0,32.1429,1.6667,1,3,74.8,0.5,3.2143,0.0,0.0,1,0.0144,3.2143,1.5,0.0,0.0193,0,0.0
4,0.0,0.0474,9.4737,1.0,0,4,19.0,0.0,0.0,2.1316,0.0,1,0.0,0.0,1.5,0.0,0.0474,0,0.01
4,0.0,0.6158,113.6842,4.0,1,3,19.0,5.7,0.0,2.5579,0.0,7,0.0,27.0,1.5,0.0,0.3316,0,0.13
4,0.0,0.1108,18.0,4.3333,0,4,34.3333,3.2,0.0,4.0292,0.0,5,0.0,4.4308,1.5,0.0,0.1922,0,0.08
4,0.27,0.0,9.0,4.3333,1,3,30.75,2.5,0.0,1.035,0.0,1,0.0439,11.25,1.5,0.06,0.161,0,0.0
4,0.0,0.17,-2.0,2.6667,0,2,42.6,3.2,0.0,1.69,0.0,2,0.0254,3.2,1.5,0.0,0.1648,0,0.17
4,0.21,0.02,-1.0,1.6667,1,4,56.8,3.0,0.0,1.18,0.0,2,0.0856,3.0,1.5,0.21,0.1268,0,0.02
4,0.135,0.0,1.5,1.6667,0,2,65.0,0.7,0.0,2.625,0.0,1,0.0997,1.05,1.5,0.09,0.0748,1,0.0
4,0.0,0.4091,32.7273,1.3333,1,2,54.2,1.8,0.0,1.6364,0.0,1,0.1196,14.7273,1.5,0.0,0.0797,0,0.05
4,0.0,0.0,38.5714,1.0,1,2,51.6,0.0,0.0,3.0857,0.0,1,0.1047,0.0,1.5,0.0,0.0837,1,0.0
4,0.9,0.54,54.0,1.0,0,4,35.6,6.3,0.0,4.14,0.0,1,0.2022,56.7,1.5,0.1,0.0657,0,0.06
4,0.0,0.0,180.0,1.0,0,4,18.2,0.3,0.0,5.7,0.0,1,0.1879,9.0,1.5,0.0,0.1088,0,0.0
4,0.0,0.0,67.5,1.0,1,2,7.0,0.1,0.0,13.275,0.0,1,0.2571,2.25,1.5,0.0,0.2829,0,0.0
4,1.86,0.02,52.0,3.0,1,3,13.8,6.8,0.0,1.92,0.0,7,1.3435,13.6,1.5,0.93,0.0913,0,0.01
4,0.91,0.0,40.0,6.6667,0,3,30.4,7.4,0.0,1.61,0.0,12,1.1487,7.4,1.5,0.91,0.0414,0,0.0
4,0.21,0.15,8.0,6.6667,1,3,46.4,7.3,0.0,1.14,0.0,1,0.7953,7.3,1.5,0.21,0.0621,0,0.15
4,0.04,0.12,0.0,5.0,0,2,63.8,5.8,0.0,2.74,0.0,2,0.5897,5.8,1.5,0.04,0.079,0,0.12
4,0.0,0.0424,12.7059,1.6667,1,2,80.0,6.0,0.0,1.4824,0.0,2,0.4702,6.3529,1.5,0.0,0.072,0,0.04
4,0.0,0.01,2.0,2.0,0,4,89.0,1.4,0.0,3.31,0.0,2,0.2346,1.4,1.5,0.0,0.0647,0,0.01
4,0.12,0.08,-2.0,2.0,1,2,89.0,2.2,0.0,0.72,0.0,2,0.0748,2.2,1.5,0.12,0.0809,0,0.08
4,0.057,0.0,35.3165,3.3333,0,3,86.8,5.4,0.0,1.0595,0.0,6,0.0435,6.1519,1.5,0.05,0.0518,1,0.0
4,0.15,0.02,2.0,3.3333,1,4,86.8,5.2,0.0,1.21,0.0,2,0.0664,5.2,1.5,0.15,0.0311,0,0.02
4,0.07,0.03,14.0,4.3333,0,2,87.8,6.6,0.0,1.66,0.0,5,0.08,6.6,1.5,0.07,0.0287,0,0.03
4,0.88,0.01,21.0,4.3333,1,2,87.8,6.2,0.0,0.1,0.0,6,0.2604,6.2,1.5,0.88,0.0287,0,0.01
4,0.06,0.0,3.0,4.3333,0,3,87.8,1.3,0.0,1.87,0.0,2,0.2481,1.3,1.5,0.06,0.0123,0,0.0
4,1.305,0.045,25.875,5.3333,1,4,88.0,13.7,0.0,0.7425,0.0,8,0.4745,15.4125,1.5,1.16,0.0205,1,0.04
4,0.25,0.03,30.0,6.3333,0,3,88.0,8.2,0.0,0.92,0.0,9,0.495,8.2,1.5,0.25,0.0225,1,0.03
4,0.07,0.03,6.0,6.3333,0,2,88.0,4.3,0.0,1.22,0.0,2,0.495,4.3,1.5,0.07,0.0225,1,0.03
4,0.4932,0.0,27.1233,5.3333,1,3,84.6,5.1,0.0,2.1822,0.0,5,0.4128,6.2877,1.5,0.4,0.0213,0,0.0
4,1.1427,0.0101,-6.0674,3.0,0,3,84.4,6.1,0.0,2.5382,0.0,2,0.6419,6.1685,1.5,1.13,0.0235,0,0.01
4,1.1687,0.0269,84.6269,7.6667,1,2,81.8,15.2,0.0,1.706,0.0,16,0.5985,20.4179,1.5,0.87,0.0198,1,0.02
4,0.36,0.03,52.0,10.3333,1,3,81.8,14.5,0.0,0.42,0.0,13,0.6227,14.5,1.5,0.36,0.0198,0,0.03
4,0.3441,0.0397,-5.2941,10.3333,0,2,77.4,1.0,0.0,1.2309,0.0,2,0.7023,1.3235,1.5,0.26,0.0209,0,0.03
4,0.1881,0.0134,36.2687,7.0,1,4,76.2,5.5,0.0,0.4701,0.0,6,0.652,7.3881,1.5,0.14,0.0236,1,0.01
4,1.0191,0.0662,54.2647,5.6667,0,3,72.0,10.4,0.0,1.6544,0.0,9,0.6,13.7647,1.5,0.77,0.035,1,0.05
4,1.86,0.072,109.2,11.6667,1,3,73.6,19.5,0.0,1.296,0.0,20,0.7533,23.4,1.5,1.55,0.044,0,0.06
1,0.0,0.0,90.0,1.0,1,3,3.0,0.1,0.0,2.1,0.0,1,0.0,3.0,1.5,0.0,0.0,0,0.0
2,0.0,0.02,29.0,8.0,0,2,90.0,1.9,4.35,0.49,0.0,8,0.0,1.9,1.5,0.0,0.02,0,0.02
2,0.03,0.13,15.0,5.0,1,3,90.0,4.7,2.25,2.0,0.0,2,0.015,4.7,1.5,0.03,0.075,0,0.13
2,0.0,0.03,13.0,4.0,0,3,90.0,2.1,1.95,0.97,0.0,2,0.01,2.1,1.5,0.0,0.06,1,0.03
2,0.0,0.23,24.0,2.6667,1,3,90.0,4.5,3.6,1.34,0.0,4,0.0075,4.5,1.5,0.0,0.1025,0,0.23
2,0.0,0.01,14.0,2.3333,0,3,90.0,1.7,2.1,3.21,0.0,1,0.006,1.7,1.5,0.0,0.084,0,0.01
2,0.0,0.01,18.0,3.3333,1,4,90.0,1.7,2.7,0.59,0.0,5,0.006,1.7,1.5,0.0,0.082,0,0.01
2,0.0,0.0,20.0,4.0,0,3,90.0,2.8,3.0,1.69,0.0,6,0.0,2.8,1.5,0.0,0.056,0,0.0
2,0.0,0.11,32.0,5.6667,1,2,90.0,5.6,4.8,1.18,0.0,6,0.0,5.6,1.5,0.0,0.072,0,0.11
2,0.04,0.22,6.0,3.6667,0,3,90.0,3.9,0.9,2.39,0.0,-1,0.008,3.9,1.5,0.04,0.07,0,0.22
2,0.0,0.013,11.7391,2.0,1,4,85.8,0.6,1.7609,1.1348,0.0,1,0.0084,0.7826,1.5,0.0,0.0734,0,0.01
2,0.35,0.0,35.0,5.0,0,3,85.8,6.8,5.25,1.12,0.0,15,0.0818,6.8,1.5,0.35,0.0713,0,0.0
2,0.0,0.08,14.0,5.6667,1,2,85.8,2.4,2.1,1.6,0.0,1,0.0818,2.4,1.5,0.0,0.0881,1,0.08
2,0.0,0.03,11.0,5.6667,0,2,85.8,3.1,1.65,0.83,0.0,1,0.0818,3.1,1.5,0.0,0.0713,1,0.03
2,0.0,0.02,12.0,1.3333,0,3,85.8,2.8,1.8,1.26,0.0,2,0.0734,2.8,1.5,0.0,0.0294,0,0.02
2,0.0,0.1929,32.1429,1.3333,1,3,77.6,2.4,4.8214,2.9571,0.0,1,0.0812,7.7143,1.5,0.0,0.0441,0,0.06
2,0.0,0.0,7.0,1.3333,0,3,77.6,1.4,1.05,1.61,0.0,1,0.0,1.4,1.5,0.0,0.0441,0,0.0
2,0.0,0.02,4.0,1.0,1,2,77.6,2.9,0.6,1.14,0.0,1,0.0,2.9,1.5,0.0,0.0302,1,0.02
2,0.0,0.03,7.0,0.6667,0,4,77.6,2.7,1.05,2.74,0.0,0,0.0,2.7,1.5,0.0,0.0302,0,0.03
2,0.0,0.11,28.0,2.3333,1,4,77.6,6.0,4.2,1.4,0.0,6,0.0,6.0,1.5,0.0,0.051,0,0.11
2,0.0,0.0,7.0,2.0,0,2,90.0,1.6,1.05,3.31,0.0,0,0.0,1.6,1.5,0.0,0.032,0,0.0
2,0.0,0.02,14.0,2.3333,1,3,90.0,3.2,2.1,0.78,0.0,1,0.0,3.2,1.5,0.0,0.036,1,0.02
2,0.0,0.01,6.0,0.3333,0,2,90.0,1.8,0.9,1.53,0.0,0,0.0,1.8,1.5,0.0,0.034,0,0.01
2,0.0,0.0,11.0,0.6667,1,3,90.0,1.0,1.65,1.21,0.0,1,0.0,1.0,1.5,0.0,0.028,0,0.0
2,0.07,0.07,7.0,1.0,0,4,90.0,5.5,1.05,1.66,0.0,2,0.014,5.5,1.5,0.07,0.02,0,0.07
2,0.0,0.01,17.0,2.6667,1,3,90.0,1.3,2.55,0.1,0.0,5,0.014,1.3,1.5,0.0,0.022,0,0.01
2,0.0,0.03,5.0,2.6667,0,3,90.0,2.0,0.75,1.87,0.0,1,0.014,2.0,1.5,0.0,0.024,0,0.03
2,0.09,0.32,18.0,3.0,1,2,90.0,7.9,2.7,0.83,0.0,3,0.032,7.9,1.5,0.09,0.086,0,0.32
2,0.0,0.11,14.0,2.0,0,2,90.0,4.5,2.1,0.92,0.0,2,0.032,4.5,1.5,0.0,0.108,0,0.11
2,0.0,0.01,17.0,2.3333,0,2,90.0,2.5,2.55,1.22,0.0,2,0.018,2.5,1.5,0.0,0.096,0,0.01
2,0.0,0.0,12.1622,1.3333,1,3,86.8,0.9,1.8243,2.1527,0.0,0,0.0187,1.0946,1.5,0.0,0.0975,1,0.0
2,0.0,0.16,37.0,4.6667,0,2,86.8,6.1,5.55,2.87,0.0,12,0.0187,6.1,1.5,0.0,0.1244,0,0.16
2,0.1,0.05,8.0,4.0,1,2,86.8,3.2,1.2,1.27,0.0,0,0.0207,3.2,1.5,0.1,0.0684,0,0.05
2,0.04,0.02,20.0,6.0,1,3,86.8,2.5,3.0,0.42,0.0,6,0.029,2.5,1.5,0.04,0.0498,0,0.02
2,0.0,0.2571,10.7143,2.6667,0,4,85.6,2.8,1.6071,1.125,0.0,2,0.0294,3.0,1.5,0.0,0.0988,1,0.24
2,0.34,0.12,38.0,6.6667,1,3,88.8,13.0,5.7,0.35,0.0,12,0.0973,13.0,1.5,0.34,0.1196,1,0.12
2,0.2087,0.0261,19.5652,5.3333,0,3,84.6,1.9,2.9348,1.6304,0.0,2,0.1362,2.4783,1.5,0.16,0.0957,0,0.02
2,0.05,0.08,28.0,6.6667,1,2,84.6,5.7,4.2,1.08,0.0,6,0.1255,5.7,1.5,0.05,0.1021,0,0.08
3,0.9,0.0783,7.8261,1.0,1,3,23.0,1.0,0.7826,0.9391,0.0,1,0.9,3.913,1.5,0.23,0.0783,0,0.02
3,0.28,0.4,38.0,5.5,0,3,56.5,15.4,3.8,0.83,0.0,10,0.4062,15.4,1.5,0.28,0.3345,0,0.4
3,0.05,0.21,7.0,4.3333,0,2,67.6667,4.0,0.7,1.26,0.0,2,0.2483,4.0,1.5,0.05,0.2793,0,0.21
3,0.14,0.22,23.0,4.6667,1,3,73.25,9.1,2.3,1.74,0.0,2,0.215,9.1,1.5,0.14,0.2611,0,0.22
3,0.0,1.3091,28.6364,1.6667,1,3,63.0,4.1,2.8636,2.6591,0.0,1,0.2,16.7727,1.5,0.0,0.3343,0,0.32
3,0.84,0.04,32.0,4.0,0,2,76.4,9.0,3.2,1.61,0.0,9,0.3086,9.0,1.5,0.84,0.2804,0,0.04
3,0.13,0.67,26.0,5.3333,1,3,76.4,11.0,2.6,1.14,0.0,6,0.2733,11.0,1.5,0.13,0.344,0,0.67
3,0.78,0.08,27.0,8.0,0,3,76.4,14.8,2.7,2.74,0.0,9,0.4453,14.8,1.5,0.78,0.3134,0,0.08
3,0.5,0.38,55.0,10.0,1,3,76.4,21.8,5.5,1.4,0.0,15,0.5301,21.8,1.5,0.5,0.351,0,0.38
3,0.2217,0.6783,66.5217,13.3333,1,3,85.8,13.0,6.6522,0.2609,0.0,16,0.5077,16.9565,1.5,0.17,0.3545,0,0.52
3,0.0,0.0,9.0,10.6667,0,2,69.8,0.0,0.9,0.18,0.0,1,0.4074,0.0,1.5,0.0,0.4255,0,0.0
3,0.0,0.3375,33.75,6.0,1,3,55.0,2.9,3.375,0.7875,0.0,1,0.4745,16.3125,1.5,0.0,0.3404,1,0.06
3,0.1075,0.1209,9.403,1.6667,0,2,50.4,4.3,0.9403,1.6925,0.0,3,0.2679,5.7761,1.5,0.08,0.375,1,0.09
3,0.4299,0.5239,55.0746,5.3333,1,4,45.8,13.5,5.5075,1.706,0.0,12,0.224,18.1343,1.5,0.32,0.4166,0,0.39
3,0.2118,0.2118,21.1765,5.3333,1,3,35.4,2.1,2.1176,1.6941,0.0,1,0.2237,11.1176,1.5,0.04,0.2949,0,0.04
3,0.42,0.45,13.0,5.0,0,4,51.4,9.0,1.3,1.14,0.0,2,0.3012,9.0,1.5,0.42,0.3607,1,0.45
3,0.5143,0.1393,51.4286,6.3333,1,4,65.0,17.8,5.1429,0.375,0.0,16,0.3711,19.0714,1.5,0.48,0.3046,0,0.13
3,0.2586,0.569,37.2414,10.0,0,3,69.0,10.4,3.7241,1.5517,0.0,12,0.3939,10.7586,1.5,0.25,0.407,0,0.55
3,0.61,0.39,14.0,11.3333,1,2,73.6,12.2,1.4,1.08,0.0,6,0.4402,12.2,1.5,0.61,0.3815,0,0.39
2,0.0,0.0,7.0,1.0,0,2,90.0,1.8,1.05,3.21,0.0,1,0.0,1.8,1.5,0.0,0.0,0,0.0
2,0.0,0.0,135.0,1.0,0,3,46.0,0.1,20.25,10.35,0.0,1,0.0,4.5,1.5,0.0,0.0,0,0.0
2,0.0,0.0,24.0,1.0,1,3,35.6667,0.3,3.6,1.08,0.0,1,0.0,1.8,1.5,0.0,0.0,1,0.0
2,0.0,0.0,67.5,1.0,0,2,27.75,0.0,10.125,8.1,0.0,1,0.0,0.0,1.5,0.0,0.0,0,0.0
2,0.0,0.03,12.0,1.3333,0,3,40.2,2.9,1.8,1.26,0.0,2,0.0,2.9,1.5,0.0,0.0134,0,0.03
2,0.0,0.02,22.0,1.3333,1,2,40.2,3.0,3.3,1.74,0.0,1,0.0,3.0,1.5,0.0,0.0224,0,0.02
2,0.0,0.03,11.0,1.0,1,2,57.8,2.4,1.65,1.25,0.0,0,0.0,2.4,1.5,0.0,0.0249,0,0.03
2,0.0,0.01,7.0,0.6667,0,4,72.8,1.9,1.05,1.61,0.0,1,0.0,1.9,1.5,0.0,0.0223,0,0.01
2,0.0,0.0,11.0,1.0,1,3,90.0,1.9,1.65,1.14,0.0,2,0.0,1.9,1.5,0.0,0.018,0,0.0
2,0.0,0.01,3.0,1.0,0,4,90.0,2.0,0.45,2.74,0.0,0,0.0,2.0,1.5,0.0,0.014,0,0.01
2,0.0,0.01,9.0,1.3333,1,3,90.0,1.6,1.35,1.4,0.0,2,0.0,1.6,1.5,0.0,0.012,0,0.01
2,0.05,0.0,9.0,0.6667,0,3,90.0,1.6,1.35,3.31,0.0,0,0.01,1.6,1.5,0.05,0.006,0,0.0
2,0.0,0.01,11.0,1.0,1,3,90.0,2.2,1.65,0.78,0.0,1,0.01,2.2,1.5,0.0,0.006,0,0.01
2,0.0,0.0,12.0,0.3333,0,3,90.0,1.1,1.8,1.53,0.0,0,0.01,1.1,1.5,0.0,0.006,0,0.0
2,0.04,0.0,14.0,0.6667,1,3,90.0,3.1,2.1,1.21,0.0,1,0.018,3.1,1.5,0.04,0.004,1,0.0
2,0.09,0.0,13.0,1.0,0,3,90.0,4.9,1.95,1.66,0.0,2,0.036,4.9,1.5,0.09,0.002,0,0.0
2,0.13,0.01,41.0,5.6667,1,4,90.0,6.8,6.15,0.1,0.0,14,0.052,6.8,1.5,0.13,0.004,1,0.01
2,0.0,0.0,15.0,5.6667,0,4,90.0,2.1,2.25,1.87,0.0,1,0.052,2.1,1.5,0.0,0.002,0,0.0
2,0.0,0.0,15.0,5.6667,1,2,90.0,2.2,2.25,0.83,0.0,2,0.052,2.2,1.5,0.0,0.002,0,0.0
2,0.0,0.01,12.0,1.6667,0,2,90.0,1.9,1.8,0.92,0.0,2,0.044,1.9,1.5,0.0,0.004,0,0.01
2,0.0,0.0,14.0,1.6667,1,3,90.0,1.2,2.1,1.27,0.0,1,0.026,1.2,1.5,0.0,0.004,0,0.0
2,0.04,0.01,24.0,2.6667,1,2,90.0,5.0,3.6,0.42,0.0,5,0.008,5.0,1.5,0.04,0.004,0,0.01
2,0.08,0.01,17.0,2.6667,0,3,90.0,3.1,2.55,1.14,0.0,2,0.024,3.1,1.5,0.08,0.006,0,0.01
2,0.07,0.0,43.0,6.0,1,3,90.0,7.5,6.45,0.35,0.0,11,0.038,7.5,1.5,0.07,0.006,0,0.0
2,0.1,0.0,9.0,5.0,0,3,90.0,2.3,1.35,1.57,0.0,2,0.058,2.3,1.5,0.1,0.004,0,0.0
2,0.0,0.01,29.0,6.3333,1,4,90.0,2.3,4.35,1.08,0.0,6,0.058,2.3,1.5,0.0,0.006,0,0.01
3,0.0,0.0,15.0,1.0,0,2,12.0,0.3,1.5,2.925,0.0,1,0.0,2.25,1.5,0.0,0.0,1,0.0
3,0.0,0.0365,9.7297,2.0,1,4,43.0,1.4,0.973,1.2162,0.0,3,0.0,1.7027,1.5,0.0,0.0314,1,0.03
3,0.0,0.1125,33.75,1.6667,0,3,31.3333,0.3,3.375,2.1375,0.0,1,0.0,3.375,1.5,0.0,0.0383,0,0.01
3,0.0,0.0,5.625,2.0,0,2,43.5,0.2,0.5625,1.7775,0.0,2,0.0,0.225,1.5,0.0,0.0207,0,0.0
3,0.0,0.0,27.6923,1.3333,0,2,37.4,0.5,2.7692,3.9462,0.0,1,0.0,3.4615,1.5,0.0,0.0193,0,0.0
3,0.4,0.0,20.0,1.3333,1,3,36.8,0.8,2.0,0.0,0.0,1,0.0196,8.0,1.5,0.04,0.0196,0,0.0
3,0.0,0.0,64.2857,1.0,1,3,23.4,0.3,6.4286,4.1143,0.0,1,0.0308,3.8571,1.5,0.0,0.0077,0,0.0
3,0.0,0.1227,12.2727,1.0,1,3,26.2,0.6,1.2273,0.0,0.0,1,0.0275,2.4545,1.5,0.0,0.0206,0,0.03
3,0.0,0.0,90.0,1.0,1,2,10.8,0.4,9.0,0.0,0.0,1,0.0667,12.0,1.5,0.0,0.05,0,0.0
3,0.06,0.08,9.0,3.0,0,2,90.0,6.0,0.9,0.49,0.0,3,0.06,6.0,1.5,0.06,0.08,0,0.08
3,0.0,0.0247,11.0959,2.5,1,2,81.5,3.0,1.1096,2.4658,0.0,2,0.0331,3.6986,1.5,0.0,0.0552,0,0.02
3,0.0386,0.0129,9.0,2.3333,0,3,77.6667,2.9,0.9,0.6686,0.0,2,0.0348,3.7286,1.5,0.03,0.0425,0,0.01
3,0.2314,0.2829,6.4286,2.0,1,2,75.75,7.3,0.6429,1.0286,0.0,2,0.0802,9.3857,1.5,0.18,0.098,1,0.22
3,0.0,0.02,10.0,2.0,0,3,78.6,3.0,1.0,3.21,0.0,2,0.0618,3.0,1.5,0.0,0.0802,0,0.02
3,0.0,0.013,3.913,2.3333,1,3,74.4,2.1,0.3913,0.4696,0.0,3,0.0508,2.7391,1.5,0.0,0.0677,1,0.01
3,0.1286,0.0,1.1688,2.6667,0,3,75.2,1.8,0.1169,1.5195,0.0,3,0.0766,2.1039,1.5,0.11,0.0622,1,0.0
3,0.0,0.0,14.4,2.3333,1,3,66.2,0.1,1.44,0.828,0.0,1,0.0789,0.36,1.5,0.0,0.068,0,0.0
3,0.0,0.0,6.1017,1.6667,1,4,64.0,1.7,0.6102,0.2288,0.0,1,0.0309,2.5932,1.5,0.0,0.0084,0,0.0
3,1.0957,0.0,35.2174,3.6667,0,2,59.8,7.0,3.5217,0.7826,0.0,9,0.286,9.1304,1.5,0.84,0.003,0,0.0
3,0.0,0.0136,9.5455,4.0,1,3,59.2,2.7,0.9545,1.8545,0.0,2,0.2889,3.6818,1.5,0.0,0.003,1,0.01
3,0.1139,0.0228,4.557,4.3333,0,3,59.6,4.7,0.4557,0.4215,0.0,2,0.2839,5.3544,1.5,0.1,0.0091,1,0.02
3,0.0,0.0662,11.9118,2.0,1,3,68.2,2.0,1.1912,1.5221,0.0,2,0.2481,2.6471,1.5,0.0,0.0211,1,0.05
3,0.0759,0.1518,7.5904,2.0,1,4,73.0,2.6,0.759,1.2795,0.0,2,0.249,2.8193,1.5,0.07,0.0542,0,0.14
3,0.045,0.6525,21.375,3.0,0,2,75.2,4.3,2.1375,1.7775,0.0,5,0.0503,4.8375,1.5,0.04,0.1915,0,0.58
3,0.0,0.3273,49.0909,2.6667,0,4,64.2,1.5,4.9091,8.1818,0.0,1,0.0589,12.2727,1.5,0.0,0.2327,0,0.04
3,0.0,0.0,270.0,2.3333,1,2,48.6,0.2,27.0,0.0,0.0,1,0.0407,18.0,1.5,0.0,0.3,0,0.0
3,0.084,0.024,3.6,1.3333,0,2,50.0,2.9,0.36,2.952,0.0,2,0.0648,3.48,1.5,0.07,0.2808,0,0.02
3,0.0,0.0,9.0,1.3333,1,4,37.4,0.8,0.9,2.61,0.0,1,0.0529,3.6,1.5,0.0,0.308,0,0.0
3,0.16,0.0,2.0,1.3333,0,2,30.4,3.2,0.2,1.76,0.0,1,0.0888,6.4,1.5,0.08,0.0355,0,0.0
3,0.0,0.0375,-7.5,0.6667,0,3,33.0,1.5,-0.75,0.5625,0.0,0,0.0818,5.625,1.5,0.0,0.0164,0,0.01
3,0.0,0.0,9.0,0.6667,0,3,36.8,0.2,0.9,2.34,0.0,1,0.0734,0.9,1.5,0.0,0.0147,1,0.0
3,0.1385,0.5538,58.8462,1.6667,1,2,27.0,4.3,5.8846,1.6615,0.0,4,0.08,14.8846,1.5,0.04,0.1133,0,0.16
3,0.0,0.0,20.7692,2.0,0,4,25.6,0.0,2.0769,3.9462,0.0,1,0.0844,0.0,1.5,0.0,0.1195,0,0.0
3,0.0,0.0,50.0,2.0,1,2,18.4,0.2,5.0,0.0,0.0,1,0.0391,2.0,1.5,0.0,0.1663,1,0.0
3,0.0,0.2571,77.1429,1.0,1,3,15.0,2.2,7.7143,4.1143,0.0,1,0.048,28.2857,1.5,0.0,0.216,0,0.02
3,0.5143,0.0,167.1429,3.6667,0,3,13.8,5.9,16.7143,0.9,0.0,9,0.1565,37.9286,1.5,0.08,0.2348,0,0.0
3,0.0,0.0,18.0,3.6667,1,4,9.6,0.0,1.8,0.0,0.0,1,0.15,0.0,1.5,0.0,0.0375,0,0.0
3,0.0,0.0,135.0,3.6667,0,4,7.4,0.0,13.5,2.7,0.0,1,0.1946,0.0,1.5,0.0,0.0486,1,0.0
2,0.0,0.0,270.0,1.0,0,3,1.0,0.0,40.5,0.0,0.0,1,0.0,0.0,1.5,0.0,0.0,0,0.0
2,0.0,0.0,90.0,0.5,0,4,2.0,0.2,13.5,23.4,0.0,0,0.0,6.0,1.5,0.0,0.0,0,0.0
2,0.0,0.0,270.0,0.6667,1,2,1.6667,0.0,40.5,0.0,0.0,1,0.0,0.0,1.5,0.0,0.0,0,0.0
2,0.0,0.0,90.0,0.6667,1,3,2.0,0.1,13.5,0.0,0.0,1,0.0,3.0,1.5,0.0,0.0,0,0.0
2,0.0,0.02,21.0,6.0,0,3,90.0,1.6,3.15,0.49,0.0,6,0.0,1.6,1.5,0.0,0.02,0,0.02
2,0.0,0.0,10.9756,4.0,1,3,86.0,1.2,1.6463,2.1951,0.0,2,0.0,1.3171,1.5,0.0,0.0105,0,0.0
2,0.0,0.02,9.0,3.3333,0,3,87.3333,2.2,1.35,0.97,0.0,2,0.0,2.2,1.5,0.0,0.0137,1,0.02
2,0.01,0.02,7.0,1.3333,1,3,88.0,1.7,1.05,1.34,0.0,0,0.0026,1.7,1.5,0.01,0.0153,0,0.02
2,0.45,0.0,2.0,0.6667,0,3,88.4,1.0,0.3,3.21,0.0,0,0.0937,1.0,1.5,0.45,0.0122,0,0.0
2,0.03,0.01,22.0,2.0,1,2,88.4,1.6,3.3,0.59,0.0,6,0.0998,1.6,1.5,0.03,0.0102,0,0.01
2,0.0,0.0,18.0,3.6667,0,3,90.0,2.2,2.7,1.69,0.0,5,0.098,2.2,1.5,0.0,0.01,1,0.0
2,0.07,0.03,13.0,3.6667,0,2,90.0,2.4,1.95,2.39,0.0,0,0.112,2.4,1.5,0.07,0.012,0,0.03
2,0.07,0.01,4.0,1.3333,1,2,90.0,0.4,0.6,1.12,0.0,-1,0.124,0.4,1.5,0.07,0.01,0,0.01
2,0.0,0.0,26.087,1.6667,0,2,85.8,1.7,3.913,0.7826,0.0,6,0.0357,2.2174,1.5,0.0,0.0105,0,0.0
2,0.06,0.05,15.0,2.0,1,3,85.8,5.2,2.25,1.6,0.0,1,0.042,5.2,1.5,0.06,0.0189,0,0.05
2,0.0,0.01,22.0,3.6667,0,3,85.8,5.1,3.3,0.83,0.0,4,0.042,5.1,1.5,0.0,0.021,0,0.01
2,0.01,0.02,13.0,2.3333,0,3,85.8,2.3,1.95,1.26,0.0,2,0.0294,2.3,1.5,0.01,0.0189,0,0.02
2,0.0,0.0132,10.5882,2.6667,1,4,81.4,1.3,1.5882,1.5221,0.0,2,0.0155,1.7206,1.5,0.0,0.0199,0,0.01
2,0.0,0.01,10.0,1.3333,1,2,85.6,1.4,1.5,1.25,0.0,0,0.0147,1.4,1.5,0.0,0.021,0,0.01
2,0.0,0.0,10.9091,1.0,0,4,74.2,0.6,1.6364,2.9727,0.0,1,0.0024,1.6364,1.5,0.0,0.0121,0,0.0
2,0.0,0.0,11.0,1.0,0,2,74.2,2.6,1.65,1.66,0.0,2,0.0024,2.6,1.5,0.0,0.0097,1,0.0
2,0.0,0.02,22.0,3.0,1,3,74.2,1.1,3.3,0.1,0.0,6,0.0,1.1,1.5,0.0,0.0097,0,0.02
2,0.0,0.0,11.0,3.0,0,3,78.6,2.0,1.65,1.87,0.0,1,0.0,2.0,1.5,0.0,0.0069,0,0.0
2,0.18,0.01,9.0,3.0,1,3,78.6,1.9,1.35,0.83,0.0,2,0.0412,1.9,1.5,0.18,0.0069,0,0.01
2,0.0,0.0,13.0,1.6667,0,2,90.0,2.1,1.95,0.92,0.0,2,0.036,2.1,1.5,0.0,0.006,0,0.0
2,0.0,0.01,18.0,2.0,0,2,90.0,2.4,2.7,1.22,0.0,2,0.036,2.4,1.5,0.0,0.008,0,0.01
2,0.0,0.0,12.0,1.3333,1,2,90.0,2.1,1.8,1.91,0.0,0,0.036,2.1,1.5,0.0,0.004,0,0.0
2,0.0,0.0,27.6923,1.0,0,2,74.6,0.5,4.1538,3.9462,0.0,1,0.0434,3.4615,1.5,0.0,0.0048,0,0.0
2,0.0,0.0,270.0,0.6667,1,2,56.8,0.0,40.5,21.6,0.0,1,0.0,0.0,1.5,0.0,0.0032,0,0.0
2,0.0,0.0,135.0,1.0,0,2,39.2,0.2,20.25,2.7,0.0,1,0.0,9.0,1.5,0.0,0.0046,0,0.0
3,0.1773,0.0409,32.7273,7.0,0,2,66.0,8.2,3.2727,0.6545,0.0,7,0.1773,11.1818,1.5,0.13,0.0409,1,0.03
3,0.0,0.0281,8.4375,4.0,1,2,65.0,0.5,0.8438,3.0938,0.0,1,0.09,0.7031,1.5,0.0,0.0346,0,0.02
3,0.0,0.1333,6.6667,3.0,0,3,52.3333,1.9,0.6667,0.7333,0.0,1,0.0745,6.3333,1.5,0.0,0.0516,0,0.04
3,0.54,0.09,9.0,1.0,1,4,41.75,3.4,0.9,5.85,0.0,1,0.1024,30.6,1.5,0.06,0.0539,0,0.01
3,0.1862,0.0931,6.2069,1.0,0,4,39.2,2.9,0.6207,1.0862,0.0,1,0.1148,9.0,1.5,0.06,0.0597,0,0.03
3,0.0,0.0,20.0,1.0,0,2,29.6,0.8,2.0,0.0,0.0,1,0.073,4.0,1.5,0.0,0.0608,0,0.0
3,0.0,0.0,6.0,1.0,0,3,22.8,1.9,0.6,3.36,0.0,1,0.0947,5.7,1.5,0.0,0.0632,0,0.0
3,0.03,0.04,4.0,1.3333,1,4,35.4,1.5,0.4,0.46,0.0,2,0.0763,1.5,1.5,0.03,0.0407,0,0.04
3,0.08,0.12,18.0,1.3333,0,3,42.4,1.2,1.8,3.2,0.0,1,0.0552,2.4,1.5,0.04,0.0552,0,0.06
3,0.0,0.0136,9.5455,2.0,1,2,49.8,0.6,0.9545,0.9955,0.0,3,0.0253,0.8182,1.5,0.0,0.0398,0,0.01
3,0.0,0.475,0.0,1.3333,0,4,53.4,0.8,0.0,1.025,0.0,0,0.0236,2.0,1.5,0.0,0.1011,0,0.19
3,0.0,0.0,11.25,1.3333,1,3,52.2,0.4,1.125,1.0875,0.0,1,0.0241,1.5,1.5,0.0,0.1034,0,0.0
2,0.24,0.15,11.0,1.0,1,3,90.0,4.8,1.65,1.16,0.0,1,0.24,4.8,1.5,0.24,0.15,0,0.15
2,0.0,0.0,18.0,0.5,0,3,90.0,1.8,2.7,1.24,0.0,0,0.12,1.8,1.5,0.0,0.075,0,0.0
2,0.0,0.0,14.0,1.0,1,4,90.0,2.8,2.1,1.02,0.0,2,0.08,2.8,1.5,0.0,0.05,0,0.0
2,0.0,0.01,11.0,1.0,0,4,90.0,2.6,1.65,1.04,0.0,1,0.06,2.6,1.5,0.0,0.04,0,0.01
2,0.0,0.0,12.0,1.3333,1,2,90.0,1.8,1.8,0.89,0.0,1,0.048,1.8,1.5,0.0,0.032,0,0.0
2,0.0,0.26,19.0,2.6667,1,4,90.0,3.4,2.85,0.72,0.0,6,0.0,3.4,1.5,0.0,0.054,0,0.26
2,0.0,0.0,18.0,2.6667,0,3,90.0,3.6,2.7,2.24,0.0,1,0.0,3.6,1.5,0.0,0.054,0,0.0
2,0.0,0.01,26.0,5.0,0,3,90.0,3.0,3.9,0.66,0.0,8,0.0,3.0,1.5,0.0,0.056,0,0.01
2,0.0,0.01,5.0,3.3333,1,2,90.0,0.9,0.75,0.53,0.0,1,0.0,0.9,1.5,0.0,0.056,1,0.01
2,0.0,0.01,11.0,3.3333,0,4,90.0,2.2,1.65,2.24,0.0,1,0.0,2.2,1.5,0.0,0.058,0,0.01
2,0.0,0.0,19.0,1.0,1,3,90.0,2.1,2.85,2.18,0.0,1,0.0,2.1,1.5,0.0,0.006,1,0.0
2,0.0,0.01,27.0,3.6667,0,3,90.0,2.1,4.05,0.71,0.0,9,0.0,2.1,1.5,0.0,0.008,0,0.01
2,0.07,0.46,28.0,5.3333,1,3,90.0,3.6,4.2,1.58,0.0,6,0.014,3.6,1.5,0.07,0.098,1,0.46
2,0.0,0.0,22.0,6.6667,1,3,90.0,1.5,3.3,0.93,0.0,5,0.014,1.5,1.5,0.0,0.096,1,0.0
2,0.05,0.01,14.0,4.0,0,3,90.0,1.8,2.1,1.34,0.0,1,0.024,1.8,1.5,0.05,0.096,1,0.01
2,0.0,0.0,12.0,2.0,1,3,90.0,1.5,1.8,2.6,0.0,0,0.024,1.5,1.5,0.0,0.096,0,0.0
2,0.04,0.01,15.0,0.6667,0,2,90.0,2.3,2.25,2.06,0.0,1,0.032,2.3,1.5,0.04,0.096,0,0.01
2,0.0,0.01,21.0,2.3333,1,3,90.0,2.1,3.15,1.11,0.0,6,0.018,2.1,1.5,0.0,0.006,0,0.01
2,0.0,0.0,20.0,4.0,0,3,90.0,3.3,3.0,1.71,0.0,5,0.018,3.3,1.5,0.0,0.006,0,0.0
2,0.86,0.03,23.0,6.3333,1,4,90.0,7.6,3.45,0.98,0.0,8,0.18,7.6,1.5,0.86,0.01,0,0.03
2,0.0,0.0,12.0,4.6667,0,3,90.0,2.7,1.8,1.63,0.0,1,0.18,2.7,1.5,0.0,0.01,0,0.0
2,0.0,0.01,16.0,3.6667,1,4,90.0,2.1,2.4,0.62,0.0,2,0.172,2.1,1.5,0.0,0.01,1,0.01
2,0.08,0.0,26.0,4.0,0,2,90.0,8.4,3.9,1.25,0.0,9,0.188,8.4,1.5,0.08,0.008,0,0.0
2,0.0,0.01,12.0,4.0,1,2,90.0,1.7,1.8,1.87,0.0,1,0.188,1.7,1.5,0.0,0.01,0,0.01
2,0.0,0.01,15.0,3.6667,0,3,90.0,1.7,2.25,2.56,0.0,1,0.016,1.7,1.5,0.0,0.006,1,0.01
2,0.0,0.02,15.0,1.0,0,2,90.0,2.5,2.25,1.56,0.0,1,0.016,2.5,1.5,0.0,0.01,0,0.02
2,0.0,0.01,13.0,1.3333,0,2,90.0,3.1,1.95,2.54,0.0,2,0.016,3.1,1.5,0.0,0.01,0,0.01
2,0.01,0.05,22.0,3.0,1,4,90.0,1.9,3.3,0.46,0.0,6,0.002,1.9,1.5,0.01,0.02,1,0.05
2,0.1607,0.0,3.2143,2.3333,0,3,83.2,1.6,0.4821,2.8286,0.0,-1,0.0238,2.5714,1.5,0.1,0.0195,0,0.0
2,0.06,0.01,25.0,3.3333,1,3,83.2,2.9,3.75,0.85,0.0,5,0.0368,2.9,1.5,0.06,0.0195,0,0.01
2,0.11,0.0,40.0,6.3333,1,4,83.2,9.3,6.0,2.06,0.0,15,0.0606,9.3,1.5,0.11,0.0151,0,0.0
2,0.0,0.02,23.0,8.6667,1,2,83.2,2.4,3.45,0.84,0.0,6,0.0606,2.4,1.5,0.0,0.0173,0,0.02
2,0.0,0.17,22.0,8.6667,0,2,83.2,4.0,3.3,0.96,0.0,5,0.0584,4.0,1.5,0.0,0.0433,0,0.17
2,0.0,0.0,23.0,5.6667,1,3,90.0,2.0,3.45,0.64,0.0,6,0.034,2.0,1.5,0.0,0.04,0,0.0
2,0.0,0.0,9.0,4.0,0,4,90.0,3.2,1.35,2.89,0.0,1,0.022,3.2,1.5,0.0,0.038,0,0.0
4,0.0,0.0,2.4324,1.0,0,3,37.0,0.3,0.0,5.1568,0.0,1,0.0,0.7297,1.5,0.0,0.0,1,0.0
4,0.375,0.075,15.0,1.0,1,4,30.5,1.7,0.0,1.7625,0.0,1,0.1475,6.375,1.5,0.1,0.0295,0,0.02
4,2.0333,0.0,83.3333,2.3333,0,2,29.3333,5.9,0.0,1.8,0.0,5,0.7261,19.6667,1.5,0.61,0.0205,1,0.0
4,1.39,0.01,17.0,4.0,1,2,44.5,10.8,0.0,0.89,0.0,6,1.0618,10.8,1.5,1.39,0.0152,0,0.01
4,0.3732,0.022,-1.0976,4.3333,1,4,52.0,2.0,0.0,0.6366,0.0,2,0.8446,2.1951,1.5,0.34,0.0173,1,0.02
4,0.09,0.03,15.0,3.3333,0,3,56.6,3.9,0.0,1.14,0.0,2,0.7951,5.85,1.5,0.06,0.0223,0,0.02
4,0.2352,0.0614,32.7273,4.3333,0,3,69.4,7.7,0.0,0.6443,0.0,9,0.6821,7.875,1.5,0.23,0.0285,0,0.06
4,0.0607,0.0,5.0562,4.3333,1,3,81.8,0.7,0.0,0.536,0.0,2,0.4577,0.7079,1.5,0.06,0.0242,0,0.0
4,0.0,0.0592,3.5526,4.3333,0,4,79.0,1.9,0.0,2.4158,0.0,2,0.1572,2.25,1.5,0.0,0.0342,0,0.05
4,0.7556,0.0444,0.0,2.0,1,3,78.8,7.0,0.0,2.2222,0.0,2,0.2353,7.7778,1.5,0.68,0.0388,0,0.04
4,1.6929,0.2036,-6.4286,1.6667,1,4,83.6,13.2,0.0,1.425,0.0,1,0.549,14.1429,1.5,1.58,0.0732,0,0.19
4,0.8455,0.0136,13.6364,2.6667,1,4,79.2,2.6,0.0,0.7909,0.0,5,0.6682,3.5455,1.5,0.62,0.0659,0,0.01
4,0.2778,0.0333,1.1111,2.6667,0,2,77.6,3.0,0.0,0.7778,0.0,2,0.726,3.3333,1.5,0.25,0.0742,0,0.03
4,0.48,0.06,-4.0,3.0,0,2,80.4,4.9,0.0,1.34,0.0,2,0.8082,4.9,1.5,0.48,0.0739,0,0.06
4,0.828,0.036,-3.6,1.6667,1,4,69.2,0.3,0.0,1.44,0.0,1,0.822,1.08,1.5,0.23,0.078,0,0.01
4,0.0986,0.0247,3.6986,1.6667,0,3,67.0,6.0,0.0,2.4041,0.0,2,0.446,7.3973,1.5,0.08,0.0349,0,0.02
4,0.9581,0.0,0.0,1.6667,1,4,66.2,2.7,0.0,0.6097,0.0,2,0.4622,3.9194,1.5,0.66,0.0326,0,0.0
4,0.3825,0.0225,3.375,2.0,0,4,66.0,4.7,0.0,1.665,0.0,2,0.4882,5.2875,1.5,0.34,0.03,0,0.02
4,0.9643,0.0107,10.7143,3.0,1,2,64.8,5.7,0.0,1.05,0.0,5,0.6139,6.1071,1.5,0.9,0.0167,0,0.01
4,0.0701,0.0,4.6753,3.0,0,2,75.2,0.8,0.0,0.9818,0.0,2,0.4883,0.9351,1.5,0.06,0.012,0,0.0
4,0.22,0.04,2.0,3.0,1,4,78.6,3.8,0.0,0.62,0.0,2,0.4992,3.8,1.5,0.22,0.016,0,0.04
4,0.0,0.0,12.0896,2.0,0,2,79.6,1.4,0.0,0.9269,0.0,2,0.3437,1.8806,1.5,0.0,0.0158,0,0.0
4,0.9562,0.225,22.5,1.6667,1,3,66.8,3.9,0.0,5.2875,0.0,1,0.3638,21.9375,1.5,0.17,0.0243,0,0.04
4,0.1862,0.0621,3.1034,1.3333,0,4,55.8,2.2,0.0,1.0862,0.0,1,0.1645,6.8276,1.5,0.06,0.0323,0,0.02
4,0.34,0.13,1.0,1.3333,0,2,58.4,4.4,0.0,1.56,0.0,2,0.2435,4.4,1.5,0.34,0.0709,0,0.13
4,2.4828,0.0,71.3793,3.0,0,3,46.2,6.8,0.0,3.4759,0.0,6,0.5338,21.1034,1.5,0.8,0.074,0,0.0
4,0.5707,0.011,31.8293,5.6667,1,4,49.2,10.2,0.0,0.5049,0.0,9,0.6915,11.1951,1.5,0.52,0.0732,0,0.01
4,0.3545,0.0,2.7273,5.6667,1,2,59.2,3.1,0.0,0.9955,0.0,2,0.602,4.2273,1.5,0.26,0.0486,0,0.0
4,0.29,0.01,24.0,5.6667,1,3,71.4,12.0,0.0,2.0,0.0,6,0.5571,12.0,1.5,0.29,0.0378,1,0.01
4,1.1734,0.0114,30.7595,5.3333,0,4,69.2,9.5,0.0,0.8089,0.0,8,0.7543,10.8228,1.5,1.03,0.0078,0,0.01
4,0.0692,0.8654,24.2308,6.0,1,3,79.0,8.8,0.0,0.4962,0.0,4,0.4922,10.1538,1.5,0.06,0.1777,0,0.75
4,0.5351,0.0,0.0,4.6667,0,4,77.4,2.9,0.0,2.0919,0.0,2,0.4837,3.527,1.5,0.44,0.1791,0,0.0
2,0.0,0.0682,34.0909,6.0,1,3,66.0,1.5,5.1136,1.2,0.0,6,0.0,2.0455,1.5,0.0,0.0682,0,0.05
2,0.0,0.0333,20.0,3.5,0,3,46.5,0.6,3.0,0.7333,0.0,1,0.0,2.0,1.5,0.0,0.0581,1,0.01
2,0.0,0.0,25.0,4.3333,1,4,61.0,2.6,3.75,1.11,0.0,6,0.0,2.6,1.5,0.0,0.0295,0,0.0
2,0.0,0.0,24.0,2.6667,1,3,49.5,0.2,3.6,0.0,0.0,1,0.0,1.2,1.5,0.0,0.0273,0,0.0
2,0.0,0.0,15.8824,2.3333,0,3,46.4,0.8,2.3824,2.4882,0.0,0,0.0,2.1176,1.5,0.0,0.0233,0,0.0
2,0.0,0.02,5.0,0.0,0,3,51.2,0.7,0.75,1.56,0.0,-1,0.0,0.7,1.5,0.0,0.0105,0,0.02
2,0.0,0.0,270.0,0.0,0,2,46.0,0.0,40.5,4.5,0.0,1,0.0,0.0,1.5,0.0,0.0078,0,0.0
2,0.0,0.04,24.0,2.6667,1,2,46.0,3.5,3.6,0.46,0.0,8,0.0,3.5,1.5,0.0,0.0235,0,0.04
2,0.0,1.12,12.0,2.6667,0,2,52.0,1.7,1.8,2.7,0.0,-1,0.0,3.4,1.5,0.0,0.2146,0,0.56
2,0.0,0.0,15.6522,2.6667,0,4,49.8,0.5,2.3478,1.487,0.0,1,0.0,1.9565,1.5,0.0,0.2241,0,0.0
2,0.0,0.02,26.0,2.3333,1,4,49.8,3.7,3.9,0.64,0.0,7,0.0,3.7,1.5,0.0,0.2241,0,0.02
2,0.0,0.0,7.0,3.0,0,3,67.6,0.7,1.05,2.89,0.0,1,0.0,0.7,1.5,0.0,0.1651,0,0.0
3,0.56,0.1,7.0,2.0,1,2,90.0,6.8,0.7,1.5,0.0,2,0.56,6.8,1.5,0.56,0.1,0,0.1
3,0.09,0.03,2.0,2.0,0,3,90.0,2.4,0.2,3.11,0.0,2,0.325,2.4,1.5,0.09,0.065,0,0.03
3,0.21,0.1,10.0,2.0,1,2,90.0,8.0,1.0,1.16,0.0,2,0.2867,8.0,1.5,0.21,0.0767,0,0.1
3,1.07,0.03,25.0,4.0,0,2,90.0,15.5,2.5,1.24,0.0,8,0.4825,15.5,1.5,1.07,0.065,0,0.03
3,0.0,0.0,15.9494,4.0,1,4,87.8,3.5,1.5949,1.162,0.0,2,0.3957,3.9873,1.5,0.0,0.0533,0,0.0
3,0.12,0.05,25.0,5.6667,0,4,87.8,8.0,2.5,1.04,0.0,7,0.3055,8.0,1.5,0.12,0.0431,1,0.05
3,0.5644,0.3051,28.9831,4.3333,1,4,81.6,9.4,2.8983,1.3576,0.0,4,0.3904,14.339,1.5,0.37,0.0838,0,0.2
3,1.14,0.22,29.0,6.3333,1,4,81.6,14.8,2.9,0.72,0.0,8,0.5956,14.8,1.5,1.14,0.1103,0,0.22
3,0.0,0.0,13.0,4.6667,0,2,81.6,2.0,1.3,2.24,0.0,2,0.3596,2.0,1.5,0.0,0.1037,0,0.0
3,0.19,0.01,4.0,4.3333,0,3,83.8,3.8,0.4,0.66,0.0,3,0.3909,3.8,1.5,0.19,0.1031,0,0.01
3,0.1,0.01,0.0,2.0,1,2,83.8,2.6,0.0,0.53,0.0,1,0.3866,2.6,1.5,0.1,0.0945,0,0.01
3,0.74,0.02,30.0,5.0,0,2,90.0,5.9,3.0,2.24,0.0,11,0.434,5.9,1.5,0.74,0.052,0,0.02
3,0.2629,0.1112,0.0,4.3333,1,3,89.8,5.3,0.0,2.2045,0.0,1,0.2586,5.3596,1.5,0.26,0.0301,0,0.11
3,0.0,0.03,8.0,5.0,0,2,89.8,2.8,0.8,0.71,0.0,3,0.2586,2.8,1.5,0.0,0.0361,0,0.03
3,0.57,0.03,29.0,4.3333,1,2,89.8,9.7,2.9,1.58,0.0,9,0.3347,9.7,1.5,0.57,0.0401,0,0.03
3,0.2,0.01,25.0,7.3333,1,3,89.8,6.9,2.5,0.93,0.0,10,0.3548,6.9,1.5,0.2,0.0401,0,0.01
3,0.0,0.02,8.0,6.6667,0,2,80.8,0.9,0.8,0.96,0.0,1,0.2295,1.8,1.5,0.0,0.0423,0,0.01
3,0.04,0.01,11.0,4.6667,1,3,81.0,2.9,1.1,1.11,0.0,3,0.18,2.9,1.5,0.04,0.02,0,0.01
3,0.507,0.0127,5.0704,2.0,1,3,77.2,4.2,0.507,0.7225,0.0,2,0.2821,5.3239,1.5,0.4,0.0163,0,0.01
3,0.0511,0.0,3.0682,2.6667,0,3,76.8,2.2,0.3068,1.0636,0.0,3,0.1617,2.25,1.5,0.05,0.0094,0,0.0
3,0.25,0.03,-3.0,2.3333,1,4,76.8,4.8,-0.3,1.28,0.0,2,0.1734,4.8,1.5,0.25,0.0141,0,0.03
3,0.255,0.015,4.5,2.0,0,3,79.8,3.7,0.45,3.315,0.0,1,0.2053,5.55,1.5,0.17,0.0135,0,0.01
3,0.0,0.1648,5.0704,1.6667,0,4,76.0,3.9,0.507,1.9775,0.0,2,0.2061,4.9437,1.5,0.0,0.0426,0,0.13
3,0.2593,0.0305,0.0,1.3333,0,3,73.6,2.4,0.0,2.1661,0.0,1,0.1565,3.661,1.5,0.17,0.0465,0,0.02
3,0.05,0.04,1.0,2.0,1,2,74.0,3.0,0.1,0.46,0.0,3,0.1557,3.0,1.5,0.05,0.0559,0,0.04
3,0.0,0.02,6.0,2.0,0,2,74.0,1.0,0.6,2.96,0.0,2,0.0949,1.0,1.5,0.0,0.0535,0,0.02
3,0.0,0.01,20.0,3.3333,1,3,80.0,4.4,2.0,0.85,0.0,5,0.0495,4.4,1.5,0.0,0.0495,0,0.01
3,0.14,0.13,10.0,3.3333,1,3,83.8,3.0,1.0,2.06,0.0,3,0.0773,3.0,1.5,0.14,0.0473,0,0.13
3,0.14,0.06,6.0,3.6667,1,2,90.0,2.3,0.6,0.84,0.0,3,0.066,2.3,1.5,0.14,0.052,0,0.06
3,0.0679,0.017,6.7925,2.3333,0,3,82.6,1.2,0.6792,0.9509,0.0,1,0.0697,2.0377,1.5,0.04,0.0501,1,0.01
3,2.1574,0.0662,23.8235,4.0,1,3,78.2,13.0,2.3824,0.4632,0.0,8,0.4488,17.2059,1.5,1.63,0.0598,0,0.05
3,0.0,0.02,4.0,3.3333,0,2,78.2,0.7,0.4,2.76,0.0,1,0.4488,0.7,1.5,0.0,0.0621,0,0.02
3,0.0,0.011,13.1707,2.0,1,2,82.0,2.7,1.3171,1.4598,0.0,2,0.0,2.9634,1.5,0.0,0.011,0,0.01
3,0.03,0.14,8.0,2.0,0,3,86.0,3.6,0.8,3.11,0.0,2,0.0157,3.6,1.5,0.03,0.0785,0,0.14
3,0.06,0.22,10.0,1.6667,1,4,87.3333,6.1,1.0,1.16,0.0,1,0.0309,6.1,1.5,0.06,0.1271,0,0.22
3,0.0,0.0122,12.1622,1.6667,0,3,84.0,1.6,1.2162,0.9243,0.0,2,0.0241,1.9459,1.5,0.0,0.1018,0,0.01
3,0.0,0.0,27.0,1.3333,1,2,69.2,0.0,2.7,0.0,0.0,1,0.0234,0.0,1.5,0.0,0.0988,0,0.0
3,0.03,0.3,29.0,3.3333,0,2,70.8,9.7,2.9,1.04,0.0,7,0.0305,9.7,1.5,0.03,0.1703,0,0.3
3,0.75,0.88,8.0,3.3333,1,2,70.8,7.0,0.8,0.89,0.0,2,0.2136,7.0,1.5,0.75,0.3585,0,0.88
3,0.22,0.09,27.0,5.6667,1,3,70.8,7.9,2.7,0.72,0.0,8,0.2542,7.9,1.5,0.22,0.3254,0,0.09
3,0.01,0.02,9.0,4.0,0,3,74.0,1.1,0.9,2.24,0.0,2,0.2457,1.1,1.5,0.01,0.3138,0,0.02
3,0.0,0.02,11.0,4.3333,0,3,90.0,2.6,1.1,0.66,0.0,3,0.202,2.6,1.5,0.0,0.262,0,0.02
3,0.13,0.04,8.0,2.3333,1,3,90.0,3.2,0.8,0.53,0.0,2,0.222,3.2,1.5,0.13,0.21,0,0.04
3,0.06,0.01,9.0,2.0,0,3,90.0,1.6,0.9,2.24,0.0,1,0.084,1.6,1.5,0.06,0.036,0,0.01
3,0.08,0.12,15.0,1.6667,1,3,90.0,7.1,1.5,2.18,0.0,2,0.056,7.1,1.5,0.08,0.042,1,0.12
3,0.01,0.04,19.0,2.0,0,4,90.0,3.3,1.9,0.71,0.0,3,0.056,3.3,1.5,0.01,0.046,0,0.04
3,0.0,0.03,10.0,2.6667,1,2,90.0,1.2,1.0,0.93,0.0,3,0.056,1.2,1.5,0.0,0.048,0,0.03
3,0.03,0.24,8.0,2.6667,0,4,90.0,6.4,0.8,0.77,0.0,2,0.036,6.4,1.5,0.03,0.088,0,0.24
3,0.3,0.03,19.0,2.3333,0,2,90.0,8.8,1.9,1.34,0.0,2,0.084,8.8,1.5,0.3,0.092,0,0.03
3,0.0,0.05,10.0,2.0,1,4,90.0,4.0,1.0,2.6,0.0,2,0.068,4.0,1.5,0.0,0.078,0,0.05
3,0.0,0.03,13.0,2.0,0,3,90.0,2.7,1.3,2.06,0.0,2,0.066,2.7,1.5,0.0,0.076,0,0.03
3,0.14,0.05,11.0,2.3333,1,3,90.0,7.7,1.1,1.11,0.0,3,0.094,7.7,1.5,0.14,0.08,0,0.05
3,0.05,0.07,13.0,2.6667,0,3,90.0,6.0,1.3,1.71,0.0,3,0.098,6.0,1.5,0.05,0.046,0,0.07
3,0.0,0.16,11.0,2.3333,1,3,90.0,4.5,1.1,0.98,0.0,1,0.038,4.5,1.5,0.0,0.072,1,0.16
3,0.0,0.01,8.0,1.6667,0,3,90.0,3.1,0.8,1.63,0.0,1,0.038,3.1,1.5,0.0,0.064,1,0.01
3,0.2,0.06,17.0,1.6667,1,3,90.0,5.4,1.7,0.62,0.0,3,0.078,5.4,1.5,0.2,0.07,1,0.06
3,0.0,0.02,12.0,2.0,0,3,90.0,0.5,1.2,1.25,0.0,2,0.05,0.5,1.5,0.0,0.064,1,0.02
3,0.06,0.36,26.0,3.3333,1,3,90.0,7.1,2.6,1.87,0.0,5,0.052,7.1,1.5,0.06,0.122,0,0.36
3,0.0365,0.3527,24.3243,3.0,0,3,86.8,6.3,2.4324,3.1135,0.0,2,0.0601,7.6622,1.5,0.03,0.1535,0,0.29
3,0.0,0.09,11.0,3.0,0,3,86.8,1.8,1.1,1.56,0.0,2,0.0601,1.8,1.5,0.0,0.17,0,0.09
3,0.1241,0.0,6.2069,1.6667,0,2,74.6,1.2,0.6207,3.4759,0.0,1,0.0314,3.7241,1.5,0.04,0.1834,1,0.0
3,0.0,0.03,6.0,2.0,1,3,74.6,2.6,0.6,0.46,0.0,3,0.0314,2.6,1.5,0.0,0.1858,0,0.03
3,0.0,0.08,0.0,1.3333,0,2,65.6,1.7,0.0,2.7,0.0,0,0.0192,3.4,1.5,0.0,0.1235,0,0.04
3,0.0,0.0,7.8261,1.3333,1,3,55.4,0.0,0.7826,0.5087,0.0,1,0.013,0.0,1.5,0.0,0.052,0,0.0
3,0.0,0.0,15.0,1.3333,1,2,55.4,1.4,1.5,2.06,0.0,3,0.013,1.4,1.5,0.0,0.0227,1,0.0
3,0.07,0.04,11.0,2.3333,1,2,67.6,4.4,1.1,0.84,0.0,3,0.0186,4.4,1.5,0.07,0.0293,0,0.04
3,0.2167,0.0167,-1.6667,2.0,0,3,60.4,2.8,-0.1667,0.9333,0.0,0,0.0596,4.6667,1.5,0.13,0.0268,0,0.01
3,0.19,0.2,10.0,2.0,1,3,69.4,4.8,1.0,0.64,0.0,3,0.1012,4.8,1.5,0.19,0.0648,0,0.2
3,0.0,0.04,9.0,1.6667,0,2,82.8,1.6,0.9,2.89,0.0,2,0.0848,1.6,1.5,0.0,0.063,0,0.04
2,0.0,0.0,180.0,1.0,0,3,1.0,0.0,27.0,33.3,0.0,1,0.0,0.0,1.5,0.0,0.0,1,0.0
2,0.0,0.0,22.0,3.5,0,2,45.5,1.0,3.3,0.77,0.0,6,0.0,1.0,1.5,0.0,0.0,0,0.0
2,0.64,0.02,10.0,4.0,0,3,60.3333,5.5,1.5,1.71,0.0,5,0.3182,5.5,1.5,0.64,0.0099,0,0.02
2,0.2068,0.0122,4.8649,3.6667,1,3,63.75,5.5,0.7297,1.1919,0.0,0,0.2859,6.6892,1.5,0.17,0.0106,0,0.01
2,0.3273,0.0,8.1818,2.0,0,3,62.0,4.2,1.2273,1.1291,0.0,1,0.2932,6.8727,1.5,0.2,0.0087,0,0.0
2,0.0,0.03,15.0,1.0,1,3,79.8,3.9,2.25,0.62,0.0,2,0.2278,3.9,1.5,0.0,0.0135,0,0.03
2,0.0,0.13,10.0,1.6667,0,4,79.8,2.8,1.5,1.25,0.0,2,0.2278,2.8,1.5,0.0,0.0429,0,0.13
2,0.05,0.01,11.0,1.6667,1,2,79.8,1.9,1.65,1.87,0.0,1,0.0947,1.9,1.5,0.05,0.0406,1,0.01
2,0.43,0.29,7.0,1.3333,0,3,83.0,5.3,1.05,2.56,0.0,1,0.1475,5.3,1.5,0.43,0.0998,0,0.29
2,0.0,0.01,10.0,1.0,0,4,90.0,1.7,1.5,1.56,0.0,1,0.096,1.7,1.5,0.0,0.094,0,0.01
2,0.0,0.0303,12.1348,1.3333,0,3,89.8,3.4,1.8202,2.518,0.0,2,0.0962,3.4382,1.5,0.0,0.0942,0,0.03
2,0.0,0.0,270.0,1.3333,0,2,72.0,0.0,40.5,0.0,0.0,1,0.12,0.0,1.5,0.0,0.085,0,0.0
2,0.23,0.01,22.0,3.0,1,3,72.0,4.5,3.3,2.06,0.0,6,0.165,4.5,1.5,0.23,0.085,1,0.01
2,0.04,0.01,20.0,4.3333,1,3,72.0,2.1,3.0,0.84,0.0,6,0.0675,2.1,1.5,0.04,0.015,1,0.01
2,0.0,0.0,13.0,4.6667,0,2,72.0,2.5,1.95,0.96,0.0,2,0.0675,2.5,1.5,0.0,0.0125,1,0.0
3,0.06,0.03,15.0,2.0,1,3,90.0,3.9,1.5,1.5,0.0,2,0.06,3.9,1.5,0.06,0.03,1,0.03
3,0.0,0.0,2.0,1.0,0,4,67.5,0.2,0.2,4.24,0.0,0,0.04,0.4,1.5,0.0,0.02,0,0.0
3,0.0,0.04,19.0,1.3333,1,4,75.0,1.9,1.9,0.88,0.0,2,0.024,1.9,1.5,0.0,0.028,0,0.04
3,0.0,0.02,16.0,1.3333,0,3,78.75,1.6,1.6,1.24,0.0,2,0.0171,1.6,1.5,0.0,0.0257,1,0.02
3,0.07,0.01,6.0,2.0,1,2,81.0,3.7,0.6,1.02,0.0,2,0.0289,3.7,1.5,0.07,0.0222,0,0.01
3,0.02,0.26,16.0,2.0,0,2,81.0,4.9,1.6,1.04,0.0,2,0.02,4.9,1.5,0.02,0.0733,0,0.26
3,0.18,0.04,26.0,1.6667,1,3,81.0,1.5,2.6,1.6,0.0,1,0.04,3.0,1.5,0.09,0.0778,0,0.02
3,0.0,0.0,3.0,1.3333,1,3,81.0,0.7,0.3,0.53,0.0,1,0.04,0.7,1.5,0.0,0.0689,0,0.0
3,0.26,0.06,60.0,3.3333,0,3,72.0,7.3,6.0,2.48,0.0,8,0.0775,14.6,1.5,0.13,0.08,0,0.03
3,0.34,0.05,7.0,3.3333,1,3,72.0,4.8,0.7,2.18,0.0,1,0.145,4.8,1.5,0.34,0.09,0,0.05
3,0.03,0.03,9.0,4.0,0,3,72.0,3.7,0.9,0.71,0.0,3,0.1475,3.7,1.5,0.03,0.0325,0,0.03
3,0.18,0.05,11.0,2.0,1,2,81.0,3.2,1.1,1.58,0.0,2,0.1511,3.2,1.5,0.18,0.0356,0,0.05
3,0.0,0.0,-6.0,1.6667,1,3,72.0,0.7,-0.6,0.4,0.0,0,0.17,1.4,1.5,0.0,0.04,0,0.0
3,0.0,0.0,7.8261,0.6667,0,2,67.6,0.1,0.7826,3.3652,0.0,0,0.1464,0.3913,1.5,0.0,0.0346,0,0.0
3,0.06,0.01,19.0,0.6667,1,3,67.6,3.1,1.9,0.98,0.0,2,0.0719,3.1,1.5,0.06,0.024,1,0.01
3,0.0,0.0102,9.2045,1.0,0,3,67.2,2.4,0.9205,1.3398,0.0,1,0.0643,2.4545,1.5,0.0,0.0188,0,0.01
3,0.0692,0.0138,15.2308,2.0,1,3,62.2,2.3,1.5231,0.7338,0.0,3,0.0318,3.1846,1.5,0.05,0.0087,1,0.01
3,0.0,0.0188,15.0,1.6667,0,4,62.8,0.8,1.5,1.05,0.0,1,0.0315,1.5,1.5,0.0,0.0115,0,0.01
3,0.0,0.0111,12.2222,2.0,0,4,74.4,1.9,1.2222,2.7667,0.0,2,0.0266,2.1111,1.5,0.0,0.0121,0,0.01
3,0.04,0.01,35.0,4.6667,1,3,74.4,7.3,3.5,0.85,0.0,11,0.0218,7.3,1.5,0.04,0.0121,0,0.01
3,0.0365,0.0,13.3784,5.3333,1,4,71.6,3.3,1.3378,2.2014,0.0,3,0.0302,4.0135,1.5,0.03,0.0101,0,0.0
3,0.0701,0.0818,35.0649,8.0,1,3,74.0,6.2,3.5065,0.8649,0.0,10,0.0316,7.2468,1.5,0.06,0.0243,0,0.07
3,0.0,0.0114,12.5316,4.6667,0,3,80.2,2.6,1.2532,0.8089,0.0,1,0.0292,2.962,1.5,0.0,0.0224,0,0.01
3,0.03,0.12,12.0,4.6667,1,2,82.0,3.4,1.2,0.64,0.0,3,0.0351,3.4,1.5,0.03,0.0461,0,0.12
3,0.06,0.02,35.0,4.6667,0,3,82.0,8.2,3.5,2.89,0.0,10,0.0395,8.2,1.5,0.06,0.0483,0,0.02
2,0.34,0.01,6.0,0.0,1,4,90.0,2.3,0.9,2.27,0.0,0,0.34,2.3,1.5,0.34,0.01,0,0.01
2,0.0,0.0,8.0,0.5,0,2,90.0,2.5,1.2,1.88,0.0,1,0.17,2.5,1.5,0.0,0.005,0,0.0
2,0.0,0.0,-52.5,-1.0,1,3,64.0,0.0,-7.875,41.925,0.0,-4,0.1594,0.0,1.5,0.0,0.0047,0,0.0
2,0.0,0.0,12.0,-1.0,1,2,70.5,2.2,1.8,1.35,0.0,0,0.1085,2.2,1.5,0.0,0.0032,1,0.0
2,0.0,0.0,11.5116,-1.0,0,3,73.6,2.1,1.7267,1.2872,0.0,1,0.0832,2.1977,1.5,0.0,0.0024,0,0.0
2,0.0,0.1658,11.8421,0.6667,1,3,70.8,1.2,1.7763,0.4382,0.0,1,0.0,1.4211,1.5,0.0,0.0356,0,0.14
2,0.0,0.05,18.0,1.3333,0,3,70.8,2.6,2.7,0.7,0.0,2,0.0,2.6,1.5,0.0,0.0483,0,0.05
2,0.0,0.0,5.0,0.6667,0,4,86.4,0.8,0.75,2.99,0.0,-1,0.0,0.8,1.5,0.0,0.0396,0,0.0
2,0.2864,0.0,4.0909,0.3333,0,3,81.6,1.3,0.6136,2.85,0.0,0,0.0463,1.7727,1.5,0.21,0.0419,0,0.0
2,0.0,0.0,12.8571,0.0,1,2,68.6,0.9,1.9286,4.0286,0.0,1,0.0551,3.8571,1.5,0.0,0.0499,1,0.0
3,0.32,0.28,9.0,2.0,1,3,90.0,10.6,0.9,1.5,0.0,2,0.32,10.6,1.5,0.32,0.28,0,0.28
3,0.0,0.126,7.2,1.5,0,2,70.0,2.2,0.72,3.834,0.0,1,0.2057,3.96,1.5,0.0,0.225,0,0.07
3,0.3536,0.0321,19.2857,1.3333,1,3,56.0,1.1,1.9286,1.35,0.0,1,0.2304,3.5357,1.5,0.11,0.1929,0,0.01
3,0.0,0.18,18.0,1.0,0,3,45.75,1.6,1.8,0.72,0.0,1,0.2115,9.6,1.5,0.0,0.1918,0,0.03
3,0.425,0.275,7.5,1.0,1,2,43.8,3.4,0.75,1.4,0.0,1,0.2466,8.5,1.5,0.17,0.2055,0,0.11
3,0.0923,0.0462,18.4615,1.3333,1,4,41.4,3.8,1.8462,0.6346,0.0,2,0.1565,4.3846,1.5,0.08,0.113,0,0.04
3,0.08,0.36,8.0,1.3333,0,3,40.4,2.1,0.8,1.36,0.0,1,0.1782,4.2,1.5,0.04,0.1649,1,0.18
3,0.02,0.02,12.0,1.6667,0,3,52.8,2.9,1.2,1.0,0.0,2,0.1057,2.9,1.5,0.02,0.1295,1,0.02
3,0.1739,0.0102,12.2727,1.6667,1,4,67.4,3.9,1.2273,0.5727,0.0,2,0.1282,3.9886,1.5,0.17,0.0961,0,0.01
3,0.0778,0.0778,4.4444,1.6667,0,3,76.4,3.6,0.4444,2.3556,0.0,1,0.0895,4.0,1.5,0.07,0.0754,0,0.07
3,0.94,0.57,30.0,4.0,1,2,78.8,10.5,3.0,1.41,0.0,9,0.2832,10.5,1.5,0.94,0.1942,1,0.57
3,0.0,0.0365,6.0811,4.0,0,2,84.6,2.5,0.6081,1.3378,0.0,2,0.2553,3.0405,1.5,0.0,0.1489,0,0.03
3,0.804,0.084,60.0,8.3333,1,2,81.6,14.2,6.0,0.264,0.0,14,0.4081,17.04,1.5,0.67,0.1654,0,0.07
3,0.5423,0.0462,27.6923,7.3333,1,4,79.6,8.1,2.7692,1.1885,0.0,6,0.4862,9.3462,1.5,0.47,0.1764,0,0.04
3,0.1421,0.0355,3.5526,7.3333,0,3,78.6,2.9,0.3553,2.8421,0.0,2,0.5038,3.4342,1.5,0.12,0.1695,0,0.03
3,0.39,0.14,15.0,3.3333,1,4,78.6,8.9,1.5,0.41,0.0,2,0.3779,8.9,1.5,0.39,0.071,0,0.14
3,0.0,0.06,12.0,2.0,0,2,81.8,1.9,1.2,1.82,0.0,2,0.3631,1.9,1.5,0.0,0.0748,0,0.06
3,0.1141,0.0127,16.4789,2.0,1,4,81.0,4.1,1.6479,2.0028,0.0,2,0.2378,5.1972,1.5,0.09,0.0622,0,0.01
3,0.18,0.04,0.0,1.6667,1,2,74.4,2.7,0.0,1.08,0.0,1,0.1669,5.4,1.5,0.09,0.0629,0,0.02
3,0.26,0.25,31.0,4.3333,0,2,77.2,11.2,3.1,1.67,0.0,10,0.1935,11.2,1.5,0.26,0.1119,1,0.25
3,0.0,0.0926,13.2353,4.6667,1,3,72.8,4.9,1.3235,1.1118,0.0,3,0.1088,6.4853,1.5,0.0,0.1014,0,0.07
3,0.56,0.36,37.0,7.6667,0,3,72.8,19.3,3.7,0.83,0.0,10,0.2473,19.3,1.5,0.56,0.1755,1,0.36
3,0.0,0.1,16.6667,5.3333,1,2,74.8,7.5,1.6667,2.3111,0.0,3,0.219,8.3333,1.5,0.0,0.1901,0,0.09
3,0.2096,0.0616,9.863,5.0,0,2,80.4,4.9,0.9863,2.3055,0.0,2,0.2216,6.0411,1.5,0.17,0.1836,0,0.05
3,0.0,0.0562,11.25,2.0,0,3,68.8,0.7,1.125,1.9969,0.0,1,0.191,1.9687,1.5,0.0,0.1544,1,0.02
3,0.0,0.18,15.0,1.6667,1,3,73.2,4.2,1.5,0.59,0.0,2,0.1795,4.2,1.5,0.0,0.1721,0,0.18
3,0.3329,0.9247,18.4932,3.0,0,3,69.8,8.3,1.8493,1.1219,0.0,6,0.1135,10.2329,1.5,0.27,0.2811,0,0.75
3,0.0,0.3214,12.8571,3.3333,1,3,70.4,4.3,1.2857,1.0607,0.0,2,0.1125,4.6071,1.5,0.0,0.3324,0,0.3
3,0.0,0.02,10.0,3.3333,1,3,73.8,2.8,1.0,1.01,0.0,2,0.0659,2.8,1.5,0.0,0.3098,0,0.02
3,0.17,0.23,16.0,2.3333,0,3,85.4,9.8,1.6,0.62,0.0,3,0.0927,9.8,1.5,0.17,0.3119,0,0.23
3,0.0,0.03,12.0,2.3333,1,2,85.4,1.1,1.2,3.25,0.0,2,0.0927,1.1,1.5,0.0,0.2803,0,0.03
3,0.05,0.06,15.0,2.3333,0,4,88.8,5.9,1.5,2.11,0.0,2,0.0446,5.9,1.5,0.05,0.1297,0,0.06
2,0.04,0.02,16.0,2.0,1,3,90.0,5.6,2.4,1.5,0.0,2,0.04,5.6,1.5,0.04,0.02,1,0.02
2,0.0,0.01,6.0,0.5,0,2,90.0,0.8,0.9,3.11,0.0,-1,0.02,0.8,1.5,0.0,0.015,1,0.01
2,0.0,0.0,180.0,0.6667,1,2,60.3333,0.4,27.0,25.2,0.0,1,0.0199,36.0,1.5,0.0,0.0149,0,0.0
2,0.0,0.04,0.0,0.0,0,4,56.5,1.0,0.0,3.42,0.0,0,0.0159,2.0,1.5,0.0,0.0199,0,0.02
2,0.47,0.01,32.0,5.0,0,4,63.2,10.3,4.8,0.77,0.0,14,0.1453,10.3,1.5,0.47,0.0171,0,0.01
2,0.0,0.0,10.8,5.0,1,2,50.2,0.4,1.62,1.44,0.0,1,0.1685,1.44,1.5,0.0,0.0143,0,0.0
2,0.0726,0.0,14.5161,5.3333,0,3,44.6,1.5,2.1774,2.671,0.0,1,0.2099,2.1774,1.5,0.05,0.0121,1,0.0
2,0.0,0.0,0.0,0.3333,0,4,51.0,0.5,0.0,3.2727,0.0,-1,0.1835,1.3636,1.5,0.0,0.0106,0,0.0
2,0.0,0.0,270.0,0.3333,1,3,42.2,0.0,40.5,0.0,0.0,1,0.2218,0.0,1.5,0.0,0.0043,0,0.0
4,1.7113,0.0,-5.0704,2.0,1,4,71.0,9.6,0.0,0.4056,0.0,2,1.7113,12.169,1.5,1.35,0.0,0,0.0
4,0.3462,0.0462,-2.3077,1.5,0,2,55.0,2.4,0.0,2.2615,0.0,1,1.2273,5.5385,1.5,0.15,0.0164,0,0.02
4,0.05,0.05,15.0,1.3333,0,2,42.6667,0.8,0.0,0.0,0.0,1,1.0617,4.0,1.5,0.01,0.0211,0,0.01
4,1.56,0.06,12.0,1.0,0,2,35.75,3.9,0.0,1.56,0.0,1,1.114,23.4,1.5,0.26,0.0252,0,0.01
4,0.18,0.0,-9.0,0.6667,0,2,32.6,0.8,0.0,4.14,0.0,0,0.9994,3.6,1.5,0.04,0.0221,1,0.0
4,0.7862,0.2172,10.3448,2.0,1,2,35.8,6.5,0.0,1.1793,0.0,5,0.6134,6.7241,1.5,0.76,0.1257,1,0.21
4,0.0,0.9,115.7143,2.6667,0,2,30.8,4.6,0.0,5.9143,0.0,3,0.6253,29.5714,1.5,0.0,0.2162,0,0.14
4,0.56,0.07,32.0,5.3333,1,4,45.2,10.5,0.0,2.09,0.0,8,0.6451,10.5,1.5,0.56,0.1712,0,0.07
4,0.05,0.15,15.0,4.0,0,3,45.8,0.3,0.0,0.5,0.0,1,0.5384,1.5,1.5,0.01,0.1769,0,0.03
4,1.95,0.0,-10.0,3.3333,1,3,45.4,1.4,0.0,2.65,0.0,1,0.6819,7.0,1.5,0.39,0.1784,0,0.0
4,0.96,0.08,33.0,3.3333,1,3,46.0,15.7,0.0,0.2,0.0,8,0.7513,15.7,1.5,0.96,0.1252,1,0.08
4,0.21,0.03,9.0,3.6667,0,2,61.2,2.5,0.0,1.52,0.0,2,0.6265,2.5,1.5,0.21,0.0618,0,0.03
4,0.07,0.05,7.0,4.0,0,2,61.2,3.2,0.0,0.89,0.0,2,0.4824,3.2,1.5,0.07,0.0559,1,0.05
4,0.0,0.0,-4.0909,1.3333,1,3,62.0,0.3,0.0,2.3727,0.0,0,0.4732,1.2273,1.5,0.0,0.0465,1,0.0
4,0.15,0.77,14.0,2.3333,1,3,76.4,4.5,0.0,2.1,0.0,5,0.3275,4.5,1.5,0.15,0.2191,0,0.77
4,0.2,0.0667,3.3333,2.0,0,2,63.8,1.9,0.0,0.7,0.0,1,0.1382,6.3333,1.5,0.06,0.2455,1,0.02
4,0.3205,0.0247,36.9863,4.0,1,4,60.4,6.9,0.0,1.0849,0.0,6,0.1609,8.5068,1.5,0.26,0.2563,1,0.02
4,0.2,0.17,24.0,4.3333,0,4,60.4,7.7,0.0,2.86,0.0,6,0.1997,7.7,1.5,0.2,0.2921,0,0.17
4,0.28,0.07,28.0,6.0,1,3,74.0,7.6,0.0,2.15,0.0,6,0.2311,7.6,1.5,0.28,0.2554,0,0.07
4,0.684,0.024,2.4,4.6667,0,4,71.0,6.6,0.0,1.272,0.0,2,0.3473,7.92,1.5,0.57,0.0761,0,0.02
4,0.0581,0.2468,13.0645,3.3333,1,3,78.0,5.4,0.0,2.7435,0.0,2,0.3115,7.8387,1.5,0.04,0.1038,0,0.17
4,0.0,0.0,4.0909,1.6667,0,4,67.8,0.0,0.0,2.6591,0.0,1,0.2894,0.0,1.5,0.0,0.1142,1,0.0
4,0.15,0.025,35.0,3.0,0,3,64.2,5.6,0.0,1.825,0.0,6,0.2832,7.0,1.5,0.12,0.0785,0,0.02
4,0.0,0.0,90.0,2.6667,1,3,46.8,0.0,0.0,3.0,0.0,1,0.2808,0.0,1.5,0.0,0.0808,0,0.0
4,0.0,0.0,7.5,2.6667,0,3,34.2,0.0,0.0,2.475,0.0,1,0.0842,0.0,1.5,0.0,0.1,0,0.0
4,0.0,0.0,18.0,1.0,0,4,23.8,1.3,0.0,0.27,0.0,1,0.0908,11.7,1.5,0.0,0.0151,0,0.0
4,0.0,0.0,-30.0,0.6667,1,3,20.0,0.0,0.0,5.7,0.0,0,0.108,0.0,1.5,0.0,0.018,0,0.0
4,0.0,0.0,67.5,0.6667,0,2,6.4,0.0,0.0,5.85,0.0,1,0.0,0.0,1.5,0.0,0.0,0,0.0
4,0.4731,0.0808,-3.4615,0.6667,1,3,21.4,2.6,0.0,0.8423,0.0,1,0.3449,3.0,1.5,0.41,0.0589,0,0.07
4,0.3375,0.0,11.25,1.0,0,2,20.6,0.0,0.0,3.375,0.0,1,0.3845,0.0,1.5,0.03,0.0612,1,0.0
4,0.0,0.0562,-11.25,0.6667,1,4,21.8,0.0,0.0,3.9938,0.0,0,0.3633,0.0,1.5,0.0,0.0661,0,0.01
3,0.18,0.06,-6.0,1.0,0,4,15.0,0.5,-0.6,2.88,0.0,1,0.18,3.0,1.5,0.03,0.06,0,0.01
3,0.0621,0.0103,2.069,1.5,1,3,51.0,1.1,0.2069,1.0552,0.0,2,0.0794,1.1379,1.5,0.06,0.0176,0,0.01
3,0.1,0.29,23.0,2.6667,0,3,64.0,6.1,2.3,1.04,0.0,5,0.0891,6.1,1.5,0.1,0.1453,0,0.29
3,0.1301,0.8133,15.1807,3.0,1,4,68.75,6.2,1.5181,0.9651,0.0,2,0.1015,6.7229,1.5,0.12,0.3469,0,0.75
3,0.19,0.67,17.0,3.3333,1,3,73.0,14.0,1.7,0.72,0.0,3,0.1233,14.0,1.5,0.19,0.4266,0,0.67
3,0.04,0.12,18.0,2.0,0,3,79.0,2.4,1.8,1.04,0.0,1,0.1116,4.8,1.5,0.02,0.4056,0,0.06
3,0.1,0.19,13.0,2.3333,0,3,79.6,8.8,1.3,0.66,0.0,3,0.1198,8.8,1.5,0.1,0.4432,0,0.19
3,0.05,0.11,3.0,2.0,1,2,79.6,2.9,0.3,0.53,0.0,2,0.1085,2.9,1.5,0.05,0.4025,1,0.11
3,0.04,0.08,7.0,2.3333,0,3,81.0,4.7,0.7,2.24,0.0,2,0.0889,4.7,1.5,0.04,0.2467,0,0.08
3,0.425,0.125,8.75,2.0,1,2,77.4,6.4,0.875,1.525,0.0,2,0.1279,8.0,1.5,0.34,0.1256,0,0.1
3,0.18,0.03,16.0,4.0,0,3,86.4,7.4,1.6,0.71,0.0,8,0.1479,7.4,1.5,0.18,0.1062,0,0.03
3,0.21,0.28,50.0,8.0,1,2,86.4,15.0,5.0,1.58,0.0,14,0.1708,15.0,1.5,0.21,0.125,0,0.28
3,0.09,0.28,11.0,8.3333,1,3,86.4,4.7,1.1,0.93,0.0,3,0.1792,4.7,1.5,0.09,0.1604,0,0.28
3,0.07,0.22,20.0,7.6667,0,3,86.4,5.2,2.0,0.77,0.0,6,0.1854,5.2,1.5,0.07,0.1896,0,0.22
3,0.06,0.2,9.0,3.6667,0,3,90.0,5.6,0.9,1.34,0.0,2,0.122,5.6,1.5,0.06,0.202,1,0.2
3,0.0,0.13,22.0,4.3333,1,2,90.0,5.5,2.2,2.6,0.0,5,0.086,5.5,1.5,0.0,0.222,0,0.13
3,0.111,0.1356,7.3973,2.6667,0,3,86.6,2.3,0.7397,2.4041,0.0,1,0.0644,2.8356,1.5,0.09,0.1954,1,0.11
3,0.0,0.0333,10.0,2.3333,1,3,74.0,0.1,1.0,2.2667,0.0,1,0.0535,0.3333,1.5,0.0,0.163,0,0.01
3,0.0,0.06,10.0,1.6667,0,3,74.0,3.4,1.0,1.71,0.0,3,0.0365,3.4,1.5,0.0,0.1241,1,0.06
3,0.0321,0.0643,12.8571,2.0,1,3,72.8,4.7,1.2857,1.05,0.0,2,0.0297,5.0357,1.5,0.03,0.0915,0,0.06
3,0.031,0.1862,14.4828,2.3333,0,3,72.2,4.3,1.4483,1.3552,0.0,2,0.0374,4.4483,1.5,0.03,0.1047,0,0.18
3,0.0,0.58,35.0,4.0,1,3,75.6,11.9,3.5,0.62,0.0,8,0.0143,11.9,1.5,0.0,0.2119,1,0.58
3,0.0,0.27,12.0,4.0,0,2,88.2,4.1,1.2,1.25,0.0,2,0.0122,4.1,1.5,0.0,0.2347,0,0.27
3,0.66,0.27,12.0,4.0,1,4,88.2,11.2,1.2,1.28,0.0,2,0.1469,11.2,1.5,0.66,0.2776,0,0.27
3,0.24,0.26,17.0,2.0,0,3,89.4,13.8,1.7,2.56,0.0,2,0.1872,13.8,1.5,0.24,0.3141,1,0.26
3,0.05,0.07,16.0,3.0,0,3,90.0,3.5,1.6,1.56,0.0,5,0.19,3.5,1.5,0.05,0.29,0,0.07
3,0.07,0.51,7.0,2.6667,0,3,90.0,4.9,0.7,2.54,0.0,1,0.204,4.9,1.5,0.07,0.276,0,0.51
3,0.05,0.05,8.0,3.0,1,2,90.0,3.2,0.8,0.46,0.0,3,0.214,3.2,1.5,0.05,0.232,0,0.05
3,0.0,0.43,19.0,2.0,0,2,90.0,8.1,1.9,2.96,0.0,2,0.082,8.1,1.5,0.0,0.264,0,0.43
3,0.06,0.09,34.0,5.0,1,3,90.0,10.5,3.4,0.85,0.0,10,0.046,10.5,1.5,0.06,0.23,0,0.09
3,0.11,0.27,23.0,6.0,1,3,90.0,12.8,2.3,2.06,0.0,6,0.058,12.8,1.5,0.11,0.27,0,0.27
3,0.21,0.42,15.0,6.3333,1,4,90.0,8.8,1.5,0.84,0.0,3,0.086,8.8,1.5,0.21,0.252,0,0.42
3,0.0,0.3,11.0,3.6667,0,2,90.0,2.2,1.1,0.96,0.0,2,0.076,2.2,1.5,0.0,0.302,0,0.3
3,0.0,0.6221,21.1765,2.6667,1,2,85.6,5.0,2.1176,0.4632,0.0,3,0.0799,6.6176,1.5,0.0,0.3259,0,0.47
3,0.0,0.08,23.0,3.3333,0,2,85.6,1.4,2.3,2.89,0.0,5,0.0673,1.4,1.5,0.0,0.3238,1,0.08
2,0.01,0.01,10.0,2.0,1,2,90.0,2.4,1.5,1.02,0.0,2,0.01,2.4,1.5,0.01,0.01,0,0.01
2,0.15,0.02,11.0,2.0,0,3,90.0,3.8,1.65,1.04,0.0,2,0.08,3.8,1.5,0.15,0.015,0,0.02
2,0.0,0.21,20.0,2.0,1,2,90.0,7.4,3.0,0.89,0.0,2,0.0533,7.4,1.5,0.0,0.08,1,0.21
2,0.07,0.01,25.0,3.3333,1,3,90.0,2.3,3.75,0.72,0.0,6,0.0575,2.3,1.5,0.07,0.0625,0,0.01
2,0.0,0.0,15.5172,3.3333,0,2,89.4,2.0,2.3276,1.6966,0.0,2,0.0463,2.069,1.5,0.0,0.0503,0,0.0
2,0.0,0.02,26.0,5.3333,0,3,89.4,4.4,3.9,0.66,0.0,8,0.0443,4.4,1.5,0.0,0.0523,0,0.02
2,0.2,0.01,23.0,7.0,1,4,89.4,10.7,3.45,0.53,0.0,11,0.0544,10.7,1.5,0.2,0.0503,1,0.01
2,0.55,0.06,27.0,9.3333,0,4,89.4,8.6,4.05,2.24,0.0,9,0.1651,8.6,1.5,0.55,0.0201,0,0.06
2,0.13,0.02,4.0,7.0,1,3,89.4,1.0,0.6,2.18,0.0,1,0.1772,1.0,1.5,0.13,0.0221,0,0.02
2,0.0,0.01,22.0,5.3333,0,2,90.0,2.2,3.3,0.71,0.0,6,0.176,2.2,1.5,0.0,0.024,1,0.01
2,0.0,0.01,20.0,4.3333,1,2,90.0,0.8,3.0,1.58,0.0,6,0.176,0.8,1.5,0.0,0.022,0,0.01
2,0.06,0.02,23.0,6.3333,1,3,90.0,4.1,3.45,0.93,0.0,7,0.148,4.1,1.5,0.06,0.024,1,0.02
2,0.13,0.06,12.0,4.6667,0,3,90.0,6.0,1.8,1.34,0.0,1,0.064,6.0,1.5,0.13,0.024,0,0.06
2,0.01,0.06,10.0,3.0,1,4,90.0,2.1,1.5,2.6,0.0,1,0.04,2.1,1.5,0.01,0.032,0,0.06
2,0.0,0.01,21.0,1.0,0,2,90.0,2.3,3.15,2.06,0.0,1,0.04,2.3,1.5,0.0,0.032,0,0.01
2,0.04,0.01,21.0,2.6667,1,2,90.0,2.4,3.15,1.11,0.0,6,0.048,2.4,1.5,0.04,0.032,0,0.01
2,0.0,0.08,24.0,4.3333,0,3,90.0,3.5,3.6,1.71,0.0,6,0.036,3.5,1.5,0.0,0.044,0,0.08
2,0.0,0.01,8.0,4.3333,1,4,90.0,2.8,1.2,0.98,0.0,1,0.01,2.8,1.5,0.0,0.034,0,0.01
2,0.0,0.0,10.0,2.6667,0,3,90.0,0.8,1.5,1.63,0.0,1,0.008,0.8,1.5,0.0,0.022,0,0.0
2,0.03,0.18,16.0,1.3333,1,4,90.0,7.5,2.4,0.62,0.0,2,0.014,7.5,1.5,0.03,0.056,0,0.18
2,0.01,0.01,11.0,1.6667,0,3,90.0,2.2,1.65,1.25,0.0,2,0.008,2.2,1.5,0.01,0.056,0,0.01
2,0.04,0.02,12.0,1.6667,1,3,90.0,3.2,1.8,1.87,0.0,1,0.016,3.2,1.5,0.04,0.044,1,0.02
2,0.0207,0.0724,9.3103,1.3333,0,2,89.4,3.5,1.3966,2.6483,0.0,1,0.0201,3.6207,1.5,0.02,0.0564,0,0.07
2,0.0,0.02,11.0,1.3333,0,3,89.4,2.6,1.65,2.54,0.0,2,0.0201,2.6,1.5,0.0,0.0604,0,0.02
2,0.0,0.11,24.0,3.6667,1,3,89.4,4.3,3.6,0.46,0.0,8,0.0141,4.3,1.5,0.0,0.0463,0,0.11
2,0.02,0.01,5.0,3.0,0,3,89.4,1.6,0.75,2.96,0.0,-1,0.0161,1.6,1.5,0.02,0.0463,0,0.01
2,0.02,0.01,26.0,4.3333,1,3,89.4,1.6,3.9,0.85,0.0,6,0.0121,1.6,1.5,0.02,0.0443,0,0.01
2,0.0,0.02,12.0,2.0,1,3,81.0,0.7,1.8,2.58,0.0,1,0.0089,1.4,1.5,0.0,0.0356,0,0.01
3,0.05,0.38,18.0,2.0,1,3,90.0,6.7,1.8,1.5,0.0,2,0.05,6.7,1.5,0.05,0.38,1,0.38
3,0.0,0.02,14.0,2.0,0,3,90.0,1.0,1.4,3.11,0.0,2,0.025,1.0,1.5,0.0,0.2,0,0.02
3,0.05,0.2,16.0,2.0,1,2,90.0,3.3,1.6,1.16,0.0,2,0.0333,3.3,1.5,0.05,0.2,1,0.2
3,0.02,0.02,13.0,2.0,0,4,90.0,2.0,1.3,1.24,0.0,2,0.03,2.0,1.5,0.02,0.155,0,0.02
3,0.0,0.0,7.0,2.0,1,4,90.0,0.7,0.7,1.02,0.0,2,0.024,0.7,1.5,0.0,0.124,1,0.0
3,0.1658,0.0355,10.6579,2.0,0,3,87.2,2.8,1.0658,1.0776,0.0,2,0.0433,3.3158,1.5,0.14,0.0557,1,0.03
3,0.48,0.17,8.0,2.0,1,3,87.2,7.8,0.8,0.89,0.0,2,0.1424,7.8,1.5,0.48,0.0867,1,0.17
3,0.22,0.04,15.0,2.3333,1,2,87.2,7.1,1.5,0.72,0.0,3,0.1775,7.1,1.5,0.22,0.0537,1,0.04
3,0.0342,0.0,9.1139,2.3333,0,3,85.0,0.6,0.9114,1.8456,0.0,2,0.1842,0.6835,1.5,0.03,0.0508,0,0.0
3,0.08,0.01,11.0,2.6667,0,2,85.0,3.3,1.1,0.66,0.0,3,0.2012,3.3,1.5,0.08,0.0529,0,0.01
3,0.0,0.02,2.0,1.6667,0,4,78.8,0.2,0.2,2.0,0.0,0,0.185,0.4,1.5,0.0,0.0525,0,0.01
3,0.0,0.02,10.0,1.3333,1,3,69.8,1.9,1.0,1.44,0.0,1,0.0851,3.8,1.5,0.0,0.0181,1,0.01
3,0.26,0.03,39.0,4.0,0,3,69.8,9.0,3.9,0.77,0.0,11,0.0954,9.0,1.5,0.26,0.0155,0,0.03
3,0.1846,0.0577,2.3077,4.3333,0,2,69.6,2.1,0.2308,1.4308,0.0,1,0.1293,2.4231,1.5,0.16,0.0284,1,0.05
3,0.0,0.01,4.0,4.6667,1,2,69.6,0.8,0.4,2.6,0.0,2,0.1086,0.8,1.5,0.0,0.0284,0,0.01
3,0.02,0.02,14.0,1.6667,0,3,78.6,2.1,1.4,2.06,0.0,2,0.1008,2.1,1.5,0.02,0.0275,0,0.02
3,0.04,0.01,7.0,2.3333,1,3,87.6,3.2,0.7,1.11,0.0,3,0.0986,3.2,1.5,0.04,0.0247,1,0.01
3,0.0,0.0,22.5,2.0,0,3,72.0,0.1,2.25,5.925,0.0,1,0.055,0.75,1.5,0.0,0.0225,0,0.0
3,1.2375,0.3375,78.75,4.0,1,4,61.2,7.9,7.875,0.3375,0.0,8,0.1147,29.625,1.5,0.33,0.0382,0,0.09
3,0.0,0.0,8.7805,3.0,0,4,51.4,0.9,0.878,1.5146,0.0,0,0.1366,1.9756,1.5,0.0,0.042,1,0.0
3,0.04,0.04,21.0,3.3333,1,4,51.4,6.5,2.1,1.87,0.0,2,0.1436,6.5,1.5,0.04,0.049,0,0.04
3,0.08,0.04,7.0,1.0,0,2,51.4,5.6,0.7,2.56,0.0,1,0.1576,5.6,1.5,0.08,0.0595,0,0.04
3,0.0115,0.0692,6.9231,1.3333,0,2,64.6,1.3,0.6923,1.8,0.0,1,0.1282,1.5,1.5,0.01,0.0641,0,0.06
3,0.0,0.09,18.0,1.3333,0,3,71.8,2.7,1.8,2.13,0.0,2,0.0326,4.05,1.5,0.0,0.0501,1,0.06
3,0.04,0.02,2.0,1.3333,0,3,72.6,0.7,0.2,2.7,0.0,1,0.0372,1.4,1.5,0.02,0.0521,0,0.01
3,0.0,0.0,24.0,1.3333,1,3,57.6,0.5,2.4,1.44,0.0,1,0.0344,3.0,1.5,0.0,0.0531,0,0.0
3,0.0,0.075,37.5,1.0,1,4,42.0,1.2,3.75,0.75,0.0,1,0.0129,9.0,1.5,0.0,0.06,0,0.01
3,0.1543,0.0257,10.2857,1.0,0,3,33.4,1.4,1.0286,1.0543,0.0,1,0.0431,3.6,1.5,0.06,0.0485,1,0.01
3,0.13,0.05,14.0,1.6667,1,3,39.4,3.8,1.4,0.64,0.0,3,0.0959,3.8,1.5,0.13,0.0365,0,0.05
3,0.0,0.01,11.0,2.0,0,3,48.4,2.3,1.1,2.89,0.0,2,0.0707,2.3,1.5,0.0,0.0298,0,0.01
2,0.31,0.01,1.0,2.0,1,4,90.0,2.0,0.15,1.5,0.0,2,0.31,2.0,1.5,0.31,0.01,0,0.01
2,0.03,0.07,15.0,0.5,0,4,90.0,3.3,2.25,3.11,0.0,-1,0.17,3.3,1.5,0.03,0.04,0,0.07
2,0.0,0.05,17.0,1.0,1,2,90.0,3.7,2.55,1.16,0.0,2,0.1133,3.7,1.5,0.0,0.0433,1,0.05
2,0.0,0.46,25.0,2.3333,0,4,90.0,6.6,3.75,1.24,0.0,6,0.085,6.6,1.5,0.0,0.1475,0,0.46
2,0.0,0.6,180.0,3.0,1,2,72.6,1.6,27.0,0.0,0.0,1,0.0843,48.0,1.5,0.0,0.1512,0,0.02
2,0.0,0.225,30.0,2.6667,1,3,57.0,0.9,4.5,0.0,0.0,1,0.0095,6.75,1.5,0.0,0.1989,0,0.03
2,0.0,0.0,22.5,1.0,1,4,41.4,0.5,3.375,1.725,0.0,1,0.0,3.75,1.5,0.0,0.2435,0,0.0
2,0.0,0.0,10.0,0.6667,0,4,32.4,0.4,1.5,3.42,0.0,0,0.0,0.8,1.5,0.0,0.2833,0,0.0
2,0.0,0.03,25.0,2.3333,0,2,32.4,2.6,3.75,0.66,0.0,6,0.0,2.6,1.5,0.0,0.0444,0,0.03
2,0.0,0.0,270.0,2.3333,1,2,32.0,0.2,40.5,0.0,0.0,1,0.0,18.0,1.5,0.0,0.0338,0,0.0
2,0.0,0.0,360.0,2.6667,0,2,29.8,0.5,54.0,18.9,0.0,1,0.0,45.0,1.5,0.0,0.0181,0,0.0
2,0.0,0.1059,5.2941,1.0,1,4,30.8,0.5,0.7941,5.1353,0.0,1,0.0,2.6471,1.5,0.0,0.0292,0,0.02
2,0.0,0.0,62.6087,2.0,1,3,26.4,3.1,9.3913,2.7391,0.0,4,0.0,12.1304,1.5,0.0,0.0341,0,0.0
2,0.0,0.0,9.1837,2.0,1,3,18.2,1.3,1.3776,1.3592,0.0,1,0.0,2.3878,1.5,0.0,0.0198,0,0.0
2,0.0,0.18,28.0,4.0,0,2,36.0,3.3,4.2,0.77,0.0,7,0.0,3.3,1.5,0.0,0.1,0,0.18
2,0.0,0.11,6.0,2.6667,0,4,53.8,1.5,0.9,1.34,0.0,0,0.0,1.5,1.5,0.0,0.1037,0,0.11
2,0.0,0.03,6.0,2.3333,1,2,68.4,2.8,0.9,2.6,0.0,0,0.0,2.8,1.5,0.0,0.0842,0,0.03
2,0.0,0.0145,8.7097,0.0,0,4,76.2,0.4,1.3065,2.671,0.0,0,0.0,0.5806,1.5,0.0,0.078,0,0.01
2,0.0,0.0,50.0,0.3333,0,3,68.2,0.7,7.5,2.2,0.0,1,0.0,7.0,1.5,0.0,0.0871,0,0.0
2,0.0,0.0196,11.7391,0.3333,0,3,59.4,1.4,1.7609,3.1304,0.0,0,0.0,2.7391,1.5,0.0,0.0485,0,0.01
1,0.0,0.01,10.0,2.0,1,2,90.0,2.4,0.0,1.5,1.0,2,0.0,2.4,1.5,0.0,0.01,0,0.01
1,0.0,0.0,7.0,1.0,0,4,90.0,1.6,0.0,3.11,3.0,0,0.0,1.6,1.5,0.0,0.005,0,0.0
1,0.0,0.01,13.0,1.3333,1,3,90.0,0.8,0.0,1.16,2.0,2,0.0,0.8,1.5,0.0,0.0067,0,0.01
1,0.0,0.01,17.0,1.0,0,3,90.0,4.5,0.0,1.24,6.0,1,0.0,4.5,1.5,0.0,0.0075,0,0.01
1,0.0,0.02,16.0,2.0,1,2,90.0,3.5,0.0,1.02,3.0,3,0.0,3.5,1.5,0.0,0.01,0,0.02
1,0.0,0.01,10.0,2.0,0,3,90.0,1.2,0.0,1.04,1.0,2,0.0,1.2,1.5,0.0,0.01,1,0.01
1,0.0,0.0,8.0,2.0,1,3,90.0,0.5,0.0,0.89,0.0,1,0.0,0.5,1.5,0.0,0.01,0,0.0
1,0.0,0.02,32.0,4.0,1,2,90.0,4.0,0.0,0.72,3.0,9,0.0,4.0,1.5,0.0,0.012,0,0.02
1,0.0,0.01,19.0,4.0,0,3,90.0,2.3,0.0,2.24,4.0,2,0.0,2.3,1.5,0.0,0.012,1,0.01
1,0.0,0.01,22.0,5.3333,0,2,90.0,2.0,0.0,0.66,2.0,5,0.0,2.0,1.5,0.0,0.01,1,0.01
1,0.0,0.02,16.0,3.0,1,2,90.0,2.8,0.0,0.53,2.0,2,0.0,2.8,1.5,0.0,0.012,0,0.02
1,0.0,0.0,14.0,3.0,0,3,90.0,2.5,0.0,2.24,3.0,2,0.0,2.5,1.5,0.0,0.012,0,0.0
1,0.0,0.0,9.0,1.6667,1,3,90.0,1.3,0.0,2.18,1.0,1,0.0,1.3,1.5,0.0,0.008,1,0.0
1,0.0,0.01,23.0,3.3333,0,4,90.0,1.6,0.0,0.71,2.0,7,0.0,1.6,1.5,0.0,0.008,0,0.01
1,0.0,0.02,27.0,5.0,1,3,90.0,2.5,0.0,1.58,3.0,7,0.0,2.5,1.5,0.0,0.01,1,0.02
1,0.0,0.0,29.0,8.0,1,4,90.0,2.1,0.0,0.93,4.0,10,0.0,2.1,1.5,0.0,0.006,0,0.0
1,0.0,0.05,25.0,7.6667,0,3,90.0,1.6,0.0,0.77,2.0,6,0.0,1.6,1.5,0.0,0.016,0,0.05
1,0.0,0.01,17.0,6.0,0,3,90.0,2.9,0.0,1.34,4.0,2,0.0,2.9,1.5,0.0,0.018,0,0.01
1,0.0,0.01,17.0,3.3333,1,4,90.0,4.5,0.0,2.6,6.0,2,0.0,4.5,1.5,0.0,0.018,1,0.01
1,0.0,0.0,17.0,2.0,0,3,90.0,3.5,0.0,2.06,4.0,2,0.0,3.5,1.5,0.0,0.014,0,0.0
1,0.0,0.01,29.0,4.3333,1,3,90.0,3.6,0.0,1.11,4.0,9,0.0,3.6,1.5,0.0,0.016,0,0.01
1,0.0,0.01,30.0,7.0,0,3,90.0,3.8,0.0,1.71,5.0,10,0.0,3.8,1.5,0.0,0.008,1,0.01
1,0.0,0.02,15.0,7.0,1,4,90.0,2.6,0.0,0.98,4.0,2,0.0,2.6,1.5,0.0,0.01,0,0.02
1,0.0,0.0,12.0,4.3333,0,3,90.0,1.2,0.0,1.63,1.0,1,0.0,1.2,1.5,0.0,0.008,0,0.0
1,0.0,0.03,17.0,2.0,1,3,90.0,2.7,0.0,0.62,2.0,3,0.0,2.7,1.5,0.0,0.014,0,0.03
1,0.0,0.01,22.0,2.6667,0,2,90.0,4.6,0.0,1.25,6.0,4,0.0,4.6,1.5,0.0,0.014,0,0.01
1,0.0,0.01,13.0,2.3333,1,3,90.0,1.8,0.0,1.87,2.0,0,0.0,1.8,1.5,0.0,0.014,1,0.01
1,0.0,0.03,25.0,2.3333,0,4,90.0,4.3,0.0,2.56,6.0,3,0.0,4.3,1.5,0.0,0.016,0,0.03
1,0.0,0.02,16.0,1.6667,0,3,90.0,2.7,0.0,1.56,3.0,2,0.0,2.7,1.5,0.0,0.02,0,0.02
1,0.0,0.04,18.0,2.6667,0,2,90.0,3.2,0.0,2.54,4.0,3,0.0,3.2,1.5,0.0,0.022,1,0.04
1,0.0,0.01,24.0,4.3333,1,3,90.0,1.1,0.0,0.46,1.0,8,0.0,1.1,1.5,0.0,0.022,0,0.01
1,0.0,0.0,12.0,3.6667,0,2,90.0,3.0,0.0,2.96,4.0,0,0.0,3.0,1.5,0.0,0.02,0,0.0
1,0.0,0.01,29.0,5.3333,1,3,90.0,2.3,0.0,0.85,3.0,8,0.0,2.3,1.5,0.0,0.016,0,0.01
1,0.0,0.01,36.0,6.0,1,3,90.0,5.4,0.0,2.06,7.0,10,0.0,5.4,1.5,0.0,0.014,0,0.01
1,0.0,0.01,31.0,9.3333,1,3,90.0,3.1,0.0,0.84,4.0,10,0.0,3.1,1.5,0.0,0.008,0,0.01
1,0.0,0.01,16.0,7.6667,0,2,90.0,3.0,0.0,0.96,4.0,3,0.0,3.0,1.5,0.0,0.008,1,0.01
1,0.0,0.0,27.0,7.0,1,2,90.0,1.7,0.0,0.64,1.0,8,0.0,1.7,1.5,0.0,0.008,0,0.0
1,0.0,0.01,14.0,4.0,0,3,90.0,3.1,0.0,2.89,4.0,1,0.0,3.1,1.5,0.0,0.008,0,0.01
2,0.04,0.03,8.0,2.0,1,2,90.0,1.9,1.2,1.5,0.0,2,0.04,1.9,1.5,0.04,0.03,0,0.03
2,0.21,0.01,14.0,1.0,0,3,90.0,2.4,2.1,3.11,0.0,0,0.125,2.4,1.5,0.21,0.02,0,0.01
2,0.12,0.03,12.0,1.3333,1,3,90.0,3.7,1.8,1.16,0.0,2,0.1233,3.7,1.5,0.12,0.0233,1,0.03
2,0.0,0.0,14.0,1.0,0,3,90.0,2.5,2.1,0.87,0.0,1,0.0925,2.5,1.5,0.0,0.0175,0,0.0
2,0.0,0.0,10.0,1.6667,1,3,90.0,2.7,1.5,1.02,0.0,2,0.074,2.7,1.5,0.0,0.014,0,0.0
2,0.28,0.69,41.0,5.6667,0,3,90.0,14.7,6.15,1.04,0.0,14,0.122,14.7,1.5,0.28,0.146,0,0.69
2,0.0,0.06,18.0,5.6667,1,3,90.0,5.1,2.7,0.89,0.0,1,0.08,5.1,1.5,0.0,0.156,0,0.06
2,0.0,0.01,31.0,7.3333,1,2,90.0,4.9,4.65,0.72,0.0,7,0.056,4.9,1.5,0.0,0.152,0,0.01
2,0.0,0.06,7.0,2.6667,0,2,90.0,2.9,1.05,2.24,0.0,0,0.056,2.9,1.5,0.0,0.164,0,0.06
2,0.03,0.0,23.0,4.3333,0,4,90.0,2.0,3.45,0.66,0.0,6,0.062,2.0,1.5,0.03,0.164,0,0.0
2,0.17,0.0,5.0,2.3333,1,2,90.0,5.3,0.75,0.53,0.0,1,0.04,5.3,1.5,0.17,0.026,0,0.0
2,0.0,0.02,13.0,2.6667,0,3,90.0,4.6,1.95,2.24,0.0,1,0.04,4.6,1.5,0.0,0.018,0,0.02
2,0.09,0.03,14.0,1.0,1,3,90.0,3.2,2.1,2.18,0.0,1,0.058,3.2,1.5,0.09,0.022,1,0.03
2,0.07,0.09,26.0,3.3333,0,2,90.0,4.0,3.9,0.71,0.0,8,0.072,4.0,1.5,0.07,0.028,0,0.09
2,0.02,0.05,19.0,5.0,1,3,90.0,3.1,2.85,1.58,0.0,6,0.07,3.1,1.5,0.02,0.038,0,0.05
2,0.0,0.0,22.0,6.6667,1,2,90.0,1.9,3.3,0.93,0.0,6,0.036,1.9,1.5,0.0,0.038,1,0.0
2,0.0,0.02,26.0,6.0,0,4,90.0,3.9,3.9,0.77,0.0,6,0.036,3.9,1.5,0.0,0.038,0,0.02
2,0.0,0.0,16.0,4.3333,0,2,90.0,2.3,2.4,1.34,0.0,1,0.018,2.3,1.5,0.0,0.032,0,0.0
2,0.04,0.0,8.0,2.6667,1,2,90.0,2.9,1.2,2.6,0.0,1,0.012,2.9,1.5,0.04,0.014,0,0.0
2,0.1,0.07,12.0,0.6667,0,3,90.0,5.8,1.8,2.06,0.0,0,0.028,5.8,1.5,0.1,0.018,0,0.07
2,0.05,0.01,21.0,2.0,1,2,90.0,2.3,3.15,1.11,0.0,5,0.038,2.3,1.5,0.05,0.02,0,0.01
2,0.18,0.21,25.0,3.6667,0,2,90.0,6.4,3.75,1.71,0.0,6,0.074,6.4,1.5,0.18,0.058,1,0.21
2,0.0,0.38,16.0,4.0,1,3,90.0,4.2,2.4,0.98,0.0,1,0.074,4.2,1.5,0.0,0.134,0,0.38
2,0.0,0.0,16.0,2.6667,0,4,90.0,2.8,2.4,1.63,0.0,1,0.066,2.8,1.5,0.0,0.134,1,0.0
2,0.38,0.04,15.0,1.3333,1,3,90.0,7.0,2.25,0.62,0.0,2,0.122,7.0,1.5,0.38,0.128,0,0.04
2,0.0,0.08,17.0,1.3333,0,3,90.0,6.0,2.55,1.25,0.0,1,0.112,6.0,1.5,0.0,0.142,0,0.08
2,0.0,0.02,15.0,1.3333,1,2,90.0,2.9,2.25,1.87,0.0,1,0.076,2.9,1.5,0.0,0.104,1,0.02
2,0.32,0.02,6.0,1.0,0,3,90.0,2.4,0.9,2.56,0.0,1,0.14,2.4,1.5,0.32,0.032,0,0.02
2,0.0,0.5,16.0,0.6667,0,3,90.0,5.2,2.4,1.56,0.0,0,0.14,5.2,1.5,0.0,0.132,0,0.5
2,0.25,0.01,2.0,0.6667,0,2,90.0,2.5,0.3,2.54,0.0,1,0.114,2.5,1.5,0.25,0.126,0,0.01
2,0.0,0.0,17.0,2.0,1,2,90.0,1.0,2.55,0.46,0.0,5,0.114,1.0,1.5,0.0,0.11,0,0.0
2,0.0,0.06,8.0,1.3333,0,3,90.0,1.8,1.2,2.96,0.0,-2,0.114,1.8,1.5,0.0,0.118,1,0.06
2,0.0,0.0,24.0,3.0,1,3,90.0,2.5,3.6,0.85,0.0,6,0.05,2.5,1.5,0.0,0.114,0,0.0
2,0.03,0.09,34.0,3.6667,1,2,90.0,6.3,5.1,2.06,0.0,7,0.056,6.3,1.5,0.03,0.032,1,0.09
2,0.06,0.01,24.0,6.0,1,3,90.0,3.4,3.6,0.84,0.0,5,0.018,3.4,1.5,0.06,0.032,0,0.01
2,0.11,0.02,16.0,4.6667,0,2,90.0,4.8,2.4,0.96,0.0,2,0.04,4.8,1.5,0.11,0.036,0,0.02
2,0.0,0.03,29.0,5.3333,1,2,90.0,6.9,4.35,0.64,0.0,9,0.04,6.9,1.5,0.0,0.03,0,0.03
2,0.0,0.01,9.0,3.6667,0,3,90.0,2.7,1.35,2.89,0.0,0,0.04,2.7,1.5,0.0,0.032,0,0.01
3,0.0,0.0,28.125,4.0,0,3,32.0,0.3,2.8125,1.6875,0.0,4,0.0,0.8438,1.5,0.0,0.0,0,0.0
3,0.0269,0.0134,10.7463,3.0,1,2,49.5,2.0,1.0746,2.606,0.0,2,0.0182,2.6866,1.5,0.02,0.0091,0,0.01
3,0.029,0.0,36.2903,4.6667,0,4,53.6667,5.2,3.629,2.221,0.0,8,0.0224,7.5484,1.5,0.02,0.0056,0,0.0
3,0.0,0.03,1.0,3.6667,0,3,62.75,2.3,0.1,2.26,0.0,1,0.0143,2.3,1.5,0.0,0.0143,0,0.03
3,0.0,0.405,15.75,4.0,1,3,66.2,7.4,1.575,0.9675,0.0,3,0.0109,8.325,1.5,0.0,0.1088,1,0.36
3,0.2068,0.0486,3.6486,2.3333,0,2,74.6,4.5,0.3649,0.2189,0.0,3,0.0507,5.473,1.5,0.17,0.1062,1,0.04
3,0.0,0.0851,3.6486,2.3333,1,3,76.0,3.6,0.3649,2.0554,0.0,1,0.045,4.3784,1.5,0.0,0.1184,0,0.07
3,0.3729,0.27,16.7143,3.0,1,3,77.6,5.1,1.6714,0.7071,0.0,5,0.1067,6.5571,1.5,0.29,0.1647,0,0.21
3,0.0,0.1,8.0,2.3333,0,4,68.6,3.4,0.8,1.66,0.0,1,0.1207,6.8,1.5,0.0,0.1915,0,0.05
3,0.8438,0.0562,5.625,2.3333,0,3,59.0,4.4,0.5625,1.9969,0.0,1,0.2319,12.375,1.5,0.3,0.119,0,0.02
3,0.09,0.1238,14.625,1.6667,1,3,60.2,10.4,1.4625,0.405,0.0,3,0.2003,11.7,1.5,0.08,0.1375,0,0.11
3,0.0,0.037,19.726,2.0,0,3,60.0,3.9,1.9726,2.6137,0.0,2,0.201,4.8082,1.5,0.0,0.126,0,0.03
3,0.0,0.132,16.8,2.3333,1,2,61.0,3.4,1.68,1.512,0.0,2,0.1121,4.08,1.5,0.0,0.0944,1,0.11
3,0.1033,0.118,14.7541,2.0,0,3,64.2,5.6,1.4754,1.4016,0.0,2,0.1262,8.2623,1.5,0.07,0.0981,0,0.08
3,0.08,0.49,51.0,6.3333,1,2,75.8,10.8,5.1,0.29,0.0,15,0.0546,10.8,1.5,0.08,0.1947,0,0.49
3,0.02,0.38,26.0,7.6667,1,3,77.8,10.6,2.6,1.39,0.0,6,0.0393,10.6,1.5,0.02,0.2522,0,0.38
3,0.03,0.015,10.5,7.6667,0,3,75.2,1.5,1.05,2.19,0.0,2,0.0455,2.25,1.5,0.02,0.2561,0,0.01
3,0.0422,0.0703,9.8438,3.3333,1,3,73.0,2.4,0.9844,0.3938,0.0,2,0.0542,3.375,1.5,0.03,0.249,0,0.05
3,0.0329,0.0659,10.9756,1.6667,0,3,77.2,4.7,1.0976,1.9317,0.0,1,0.042,5.1585,1.5,0.03,0.2308,0,0.06
3,0.4,0.2,15.0,1.3333,1,3,62.8,1.3,1.5,0.3,0.0,1,0.0516,6.5,1.5,0.08,0.1548,0,0.04
3,0.1111,0.1778,5.5556,1.3333,0,3,61.0,5.7,0.5556,2.2889,0.0,2,0.0767,6.3333,1.5,0.1,0.0944,0,0.16
3,0.21,0.25,6.0,2.0,1,3,67.0,7.3,0.6,2.15,0.0,3,0.1209,7.3,1.5,0.21,0.1504,0,0.25
3,0.0857,0.4929,20.3571,3.0,0,3,71.0,13.4,2.0357,1.6286,0.0,4,0.1268,14.3571,1.5,0.08,0.2459,1,0.46
3,0.0,0.0643,10.7143,3.0,1,3,71.4,0.7,1.0714,1.7036,0.0,2,0.1185,0.75,1.5,0.0,0.2445,1,0.06
3,0.0243,0.5473,7.2973,2.6667,1,4,82.6,7.2,0.7297,2.0068,0.0,2,0.0893,8.7568,1.5,0.02,0.3007,1,0.45
3,0.0806,0.1612,12.0896,2.0,0,2,79.8,10.0,1.209,0.4836,0.0,2,0.0835,13.4328,1.5,0.06,0.3023,0,0.12
3,0.2118,0.0529,5.2941,2.3333,1,3,75.4,3.4,0.5294,1.1118,0.0,3,0.0764,4.5,1.5,0.16,0.2698,1,0.04
3,0.1033,0.0738,13.2787,2.3333,0,3,70.8,3.5,1.3279,0.6934,0.0,2,0.0788,5.1639,1.5,0.07,0.1831,0,0.05
3,0.4437,0.1268,5.0704,2.6667,1,3,68.2,6.8,0.507,2.6366,0.0,3,0.1742,8.6197,1.5,0.35,0.2006,1,0.1
3,0.0,0.1929,25.7143,3.3333,0,4,70.2,12.8,2.5714,2.0036,0.0,5,0.1641,13.7143,1.5,0.0,0.1256,1,0.18
3,0.0771,1.0671,34.7143,4.6667,0,3,70.8,14.7,3.4714,1.6457,0.0,6,0.1627,18.9,1.5,0.06,0.3051,0,0.83
3,0.4078,0.1687,23.9062,4.6667,1,3,70.0,9.7,2.3906,0.2672,0.0,3,0.198,13.6406,1.5,0.29,0.3291,1,0.12
3,2.0836,0.3082,54.2466,8.0,0,2,72.4,19.6,5.4247,1.1219,0.0,15,0.5942,24.1644,1.5,1.69,0.368,0,0.25
3,0.04,0.36,8.0,6.6667,1,4,76.2,1.6,0.8,1.02,0.0,2,0.4913,1.6,1.5,0.04,0.411,0,0.36
3,0.0,0.1071,13.9286,6.6667,1,3,76.2,3.3,1.3929,0.9321,0.0,3,0.4913,3.5357,1.5,0.0,0.3921,0,0.1
3,0.2189,0.0365,7.2973,2.6667,0,4,77.0,4.8,0.7297,0.7541,0.0,3,0.5143,5.8378,1.5,0.18,0.201,0,0.03
3,0.0,0.0123,9.863,2.6667,1,2,78.8,0.5,0.9863,2.8973,0.0,2,0.4363,0.6164,1.5,0.0,0.1713,0,0.01
3,0.0632,0.1263,6.3158,1.0,0,2,57.0,1.6,0.6316,3.3632,0.0,1,0.0632,2.5263,1.5,0.04,0.1263,0,0.08
3,0.0,0.0,13.3333,1.0,0,2,42.0,0.5,1.3333,5.7333,0.0,1,0.0429,1.6667,1.5,0.0,0.0857,1,0.0
3,0.0,0.0,18.0,1.0,0,4,33.0,0.0,1.8,0.0,0.0,1,0.0364,0.0,1.5,0.0,0.0727,1,0.0
3,0.0,0.0,30.0,1.0,1,3,27.0,0.3,3.0,4.2,0.0,1,0.0333,3.0,1.5,0.0,0.0667,0,0.0
3,0.0,1.44,18.0,1.0,1,3,26.6,3.8,1.8,0.144,0.0,1,0.0271,13.68,1.5,0.0,0.3248,0,0.4
3,0.1421,0.0474,47.3684,2.0,1,3,19.0,0.5,4.7368,0.0947,0.0,4,0.0284,2.3684,1.5,0.03,0.3884,1,0.01
3,0.675,0.1125,45.0,2.0,0,4,15.2,2.3,4.5,0.0,0.0,1,0.1066,25.875,1.5,0.06,0.4974,0,0.01
3,0.0,0.0,45.0,2.0,0,3,13.0,0.0,4.5,9.45,0.0,1,0.1246,0.0,1.5,0.0,0.5815,0,0.0
3,0.0,0.0,270.0,1.0,1,3,11.4,0.1,27.0,11.7,0.0,1,0.1421,9.0,1.5,0.0,0.6632,1,0.0
3,0.0,0.1125,22.5,1.0,0,2,9.6,0.3,2.25,5.4,0.0,1,0.1687,1.6875,1.5,0.0,0.075,0,0.02
3,0.14,0.04,19.0,2.3333,1,2,23.8,3.3,1.9,1.39,0.0,5,0.1513,3.3,1.5,0.14,0.0529,0,0.04
3,0.0,1.6714,51.4286,3.3333,0,3,27.8,3.4,5.1429,4.0821,0.0,4,0.0906,10.9286,1.5,0.0,0.3755,0,0.52
3,0.27,0.08,38.0,5.6667,1,3,45.0,9.9,3.8,0.29,0.0,8,0.164,9.9,1.5,0.27,0.264,0,0.08
3,0.0,0.07,30.0,6.0,1,2,62.8,5.6,3.0,1.39,0.0,6,0.1175,5.6,1.5,0.0,0.2092,0,0.07
3,0.024,0.012,19.2,5.3333,0,3,74.6,3.1,1.92,2.88,0.0,2,0.1038,3.72,1.5,0.02,0.1737,0,0.01
3,0.0,0.14,17.0,3.3333,1,2,74.6,3.4,1.7,0.41,0.0,2,0.07,3.4,1.5,0.0,0.1979,0,0.14
3,0.0,0.1098,16.4634,2.0,0,4,85.4,2.3,1.6463,1.9317,0.0,2,0.0611,2.5244,1.5,0.0,0.0843,1,0.1
3,0.06,0.17,22.0,3.3333,1,3,85.4,5.1,2.2,1.6,0.0,6,0.0169,5.1,1.5,0.06,0.1033,0,0.17
3,0.1,0.05,10.0,3.3333,0,2,85.4,2.1,1.0,2.19,0.0,2,0.0379,2.1,1.5,0.1,0.0991,0,0.05
3,0.02,0.45,23.0,3.6667,1,3,88.4,9.9,2.3,2.15,0.0,3,0.0367,9.9,1.5,0.02,0.1853,0,0.45
3,0.0,0.1125,22.5,2.0,0,3,73.6,0.6,2.25,0.9,0.0,1,0.044,3.375,1.5,0.0,0.1932,1,0.02
3,0.0,0.0435,30.4839,2.0,1,3,69.6,4.1,3.0484,1.8871,0.0,2,0.0466,5.9516,1.5,0.0,0.1862,0,0.03
3,0.0,0.03,15.0,1.6667,1,4,69.6,2.1,1.5,1.65,0.0,2,0.031,2.1,1.5,0.0,0.15,0,0.03
3,0.0,0.0,28.6364,1.3333,0,4,56.0,2.2,2.8636,5.3182,0.0,0,0.0064,9.0,1.5,0.0,0.1704,0,0.0
3,0.0,0.0,4.2857,1.0,1,4,42.2,0.4,0.4286,1.4571,0.0,1,0.0,1.7143,1.5,0.0,0.0341,0,0.0
3,0.0,0.0,-9.3103,0.0,0,4,44.8,0.0,-0.931,1.1483,0.0,-1,0.0,0.0,1.5,0.0,0.0241,0,0.0
3,0.45,0.1125,84.375,1.3333,0,3,35.6,5.7,8.4375,0.6188,0.0,4,0.0404,32.0625,1.5,0.08,0.0253,0,0.02
3,0.1105,0.1421,9.4737,1.3333,0,4,29.0,4.0,0.9474,1.2632,0.0,1,0.0931,6.3158,1.5,0.07,0.0683,0,0.09
3,0.0844,0.0844,25.3125,2.6667,1,3,37.4,5.5,2.5312,0.2672,0.0,3,0.1011,7.7344,1.5,0.06,0.0818,1,0.06
3,0.2368,0.6158,14.2105,1.6667,1,2,37.0,2.7,1.4211,0.5684,0.0,1,0.1265,12.7895,1.5,0.05,0.1459,0,0.13
3,0.0,0.0,18.0,1.6667,1,2,32.2,0.1,1.8,2.52,0.0,1,0.1453,1.8,1.5,0.0,0.1677,1,0.0
3,0.0,0.24,24.0,1.0,0,3,32.0,3.4,2.4,0.12,0.0,1,0.1012,20.4,1.5,0.0,0.18,0,0.04
3,0.0,0.0,8.0,1.0,1,2,29.6,0.2,0.8,3.92,0.0,1,0.0669,0.4,1.5,0.0,0.1399,0,0.0
3,0.18,0.06,12.0,0.6667,0,4,19.8,2.4,1.2,2.28,0.0,0,0.0727,14.4,1.5,0.03,0.1636,0,0.01
3,2.24,0.02,42.0,6.0,0,4,45.0,8.5,4.2,1.2,0.0,6,2.24,17.0,1.5,1.12,0.02,0,0.01
3,0.2015,0.0134,5.3731,4.0,1,3,56.0,0.8,0.5373,2.606,0.0,2,1.0205,1.0746,1.5,0.15,0.0161,0,0.01
3,0.0,0.0307,6.1364,3.3333,0,3,66.6667,1.8,0.6136,2.6386,0.0,2,0.5715,1.8409,1.5,0.0,0.0225,0,0.03
3,0.525,0.0,13.75,2.6667,0,2,68.0,4.1,1.375,2.5875,0.0,4,0.5592,5.125,1.5,0.42,0.0165,0,0.0
3,0.0,0.1,40.0,2.3333,1,2,56.2,1.8,4.0,4.2,0.0,1,0.5413,18.0,1.5,0.0,0.0192,0,0.01
3,0.0,0.2077,9.2308,2.6667,0,3,62.8,1.5,0.9231,0.2654,0.0,3,0.1634,1.7308,1.5,0.0,0.0659,1,0.18
3,0.9,0.0234,29.2208,4.3333,1,4,64.8,8.2,2.9221,0.6429,0.0,9,0.3306,9.5844,1.5,0.77,0.0667,0,0.02
3,0.0,0.0,8.8525,4.6667,0,2,59.4,1.1,0.8852,1.8885,0.0,2,0.3606,1.623,1.5,0.0,0.0636,0,0.0
3,0.1421,0.0158,3.1579,4.0,0,4,56.4,0.6,0.3158,0.9632,0.0,1,0.2745,0.9474,1.5,0.09,0.0702,0,0.01
3,0.0,0.0,30.0,1.3333,1,2,56.4,0.0,3.0,3.3,0.0,1,0.2745,0.0,1.5,0.0,0.067,0,0.0
3,0.0,0.02,6.0,1.0,0,3,49.8,0.1,0.6,2.16,0.0,1,0.3108,0.2,1.5,0.0,0.0145,0,0.01
3,1.14,0.0,120.0,2.6667,0,2,37.4,7.5,12.0,6.72,0.0,6,0.1348,45.0,1.5,0.19,0.0096,1,0.0
3,0.0,0.0643,12.8571,2.6667,1,2,28.0,0.4,1.2857,0.45,0.0,1,0.18,2.5714,1.5,0.0,0.0193,0,0.01
3,0.0,0.0,16.3636,2.6667,1,2,18.8,0.2,1.6364,2.9455,0.0,1,0.1819,1.6364,1.5,0.0,0.0191,0,0.0
3,0.0,0.0,-6.9231,0.6667,0,2,19.6,0.0,-0.6923,10.8692,0.0,0,0.1745,0.0,1.5,0.0,0.0184,0,0.0
3,0.072,0.216,18.0,0.6667,1,3,15.6,3.4,1.8,0.468,0.0,1,0.2423,12.24,1.5,0.02,0.0808,0,0.06
3,0.05,0.0375,11.25,1.0,0,2,27.0,2.1,1.125,1.9625,0.0,2,0.04,2.625,1.5,0.04,0.0667,0,0.03
3,0.5127,0.0114,33.038,4.3333,1,3,40.0,7.4,3.3038,1.8,0.0,10,0.2295,8.4304,1.5,0.45,0.045,0,0.01
3,0.2077,0.0,10.3846,4.3333,0,3,43.0,0.6,1.0385,1.1769,0.0,1,0.2386,2.0769,1.5,0.06,0.0419,0,0.0
3,0.15,0.3,18.0,4.6667,1,3,58.4,9.1,1.8,2.15,0.0,3,0.2219,9.1,1.5,0.15,0.1233,0,0.3
3,0.0,0.0493,8.6301,2.0,0,3,68.0,2.9,0.863,1.874,0.0,2,0.1853,3.5753,1.5,0.0,0.1006,0,0.04
3,0.1286,0.3429,57.1429,5.6667,1,2,66.2,8.7,5.7143,1.8571,0.0,12,0.2039,12.4286,1.5,0.09,0.1604,0,0.24
3,0.1571,0.0,5.7143,5.3333,1,4,63.0,0.9,0.5714,2.2429,0.0,2,0.1171,1.2857,1.5,0.11,0.1657,1,0.0
3,0.0,0.0,630.0,5.6667,1,2,58.2,2.8,63.0,0.0,0.0,3,0.1082,126.0,1.5,0.0,0.1794,1,0.0
3,1.8,0.0,33.75,2.0,1,3,41.8,1.0,3.375,3.2625,0.0,1,0.155,11.25,1.5,0.16,0.1206,0,0.0
3,0.72,0.18,396.0,3.3333,0,3,28.2,5.4,39.6,0.0,0.0,6,0.2553,97.2,1.5,0.04,0.1596,1,0.01
3,0.6158,0.0,4.7368,2.6667,0,3,19.4,0.3,0.4737,1.0895,0.0,1,0.4082,1.4211,1.5,0.13,0.0093,0,0.0
3,0.0,0.0,0.0,2.3333,0,3,10.0,1.8,0.0,0.1125,0.0,0,0.594,10.125,1.5,0.0,0.018,1,0.0
3,0.0,0.0386,14.1429,1.0,1,2,23.6,1.4,1.4143,1.1571,0.0,2,0.2517,1.8,1.5,0.0,0.0305,0,0.03
3,0.2821,0.094,4.0299,1.6667,1,3,35.4,1.1,0.403,0.9403,0.0,3,0.1932,1.4776,1.5,0.21,0.0559,0,0.07
3,0.0,0.12,12.0,2.0,0,3,37.4,1.7,1.2,0.12,0.0,1,0.1636,10.2,1.5,0.0,0.0578,0,0.02
3,0.0,0.0,4.0,1.6667,1,3,42.6,0.4,0.4,2.56,0.0,1,0.0887,0.8,1.5,0.0,0.0507,0,0.0
3,2.8636,0.1636,8.1818,1.0,0,2,41.6,2.4,0.8182,3.1091,0.0,1,0.2423,19.6364,1.5,0.35,0.0606,0,0.02
2,0.0,0.01,30.0,8.0,0,4,90.0,3.2,4.5,2.73,0.0,8,0.0,3.2,1.5,0.0,0.01,0,0.01
2,0.12,0.02,9.0,4.5,1,2,90.0,1.6,1.35,3.8,0.0,1,0.06,1.6,1.5,0.12,0.015,0,0.02
2,0.0,0.18,14.0,3.3333,0,3,90.0,2.9,2.1,3.25,0.0,1,0.04,2.9,1.5,0.0,0.07,0,0.18
2,0.0,0.0,6.0,0.3333,0,2,90.0,1.0,0.9,2.26,0.0,-1,0.03,1.0,1.5,0.0,0.0525,0,0.0
2,0.0,0.05,23.0,1.6667,1,4,90.0,2.9,3.45,1.28,0.0,5,0.024,2.9,1.5,0.0,0.052,0,0.05
2,0.0,0.01,25.0,3.3333,0,2,90.0,2.2,3.75,0.3,0.0,6,0.024,2.2,1.5,0.0,0.052,0,0.01
2,0.0,0.01,13.0,4.0,1,2,90.0,1.7,1.95,1.73,0.0,1,0.0,1.7,1.5,0.0,0.05,0,0.01
2,0.0386,0.0,19.2857,3.0,1,4,86.0,3.2,2.8929,0.7071,0.0,2,0.0063,4.1143,1.5,0.03,0.0147,0,0.0
2,0.0,0.0,9.0,1.3333,0,3,86.0,2.8,1.35,3.97,0.0,1,0.0063,2.8,1.5,0.0,0.0147,0,0.0
2,0.0,0.0,36.0,1.3333,1,3,70.0,0.9,5.4,0.54,0.0,1,0.0077,8.1,1.5,0.0,0.0051,0,0.0
2,0.0,0.1,15.0,1.3333,0,4,70.0,2.0,2.25,2.19,0.0,2,0.0077,2.0,1.5,0.0,0.0283,1,0.1
2,0.0,0.0122,34.0541,3.3333,1,3,66.8,2.6,5.1081,1.1676,0.0,7,0.0081,3.1622,1.5,0.0,0.0296,0,0.01
2,0.0,0.01,14.0,3.6667,1,2,70.8,3.7,2.1,1.84,0.0,2,0.0,3.7,1.5,0.0,0.0305,1,0.01
2,0.03,0.0,10.0,3.3333,1,2,70.8,1.8,1.5,1.65,0.0,1,0.0076,1.8,1.5,0.03,0.0305,0,0.0
2,0.0,0.0,40.0,1.3333,0,3,70.6,1.1,6.0,9.5,0.0,1,0.0076,11.0,1.5,0.0,0.0306,0,0.0
2,0.08,0.01,18.0,1.3333,1,3,70.6,3.1,2.7,1.01,0.0,2,0.028,3.1,1.5,0.08,0.0076,1,0.01
2,0.0,0.01,26.0,3.0,0,2,73.8,2.9,3.9,0.63,0.0,6,0.0268,2.9,1.5,0.0,0.0073,0,0.01
2,0.0,0.0,-4.0,1.6667,1,3,73.8,1.2,-0.6,4.04,0.0,-3,0.0268,1.2,1.5,0.0,0.0049,0,0.0
1,0.0,0.0,46.0,12.0,0,3,90.0,7.5,0.0,2.73,9.0,12,0.0,7.5,1.5,0.0,0.0,0,0.0
1,0.0,0.0,19.0,7.0,1,4,90.0,4.1,0.0,3.8,5.0,2,0.0,4.1,1.5,0.0,0.0,0,0.0
1,0.0,0.0,27.0,6.3333,0,3,90.0,6.0,0.0,3.25,8.0,5,0.0,6.0,1.5,0.0,0.0,0,0.0
1,0.0,0.0,10.0,2.3333,0,4,90.0,0.5,0.0,2.26,0.0,0,0.0,0.5,1.5,0.0,0.0,0,0.0
1,0.0,0.0,22.0,3.6667,1,4,90.0,1.9,0.0,1.28,2.0,6,0.0,1.9,1.5,0.0,0.0,0,0.0
1,0.0,0.0,33.0,5.3333,0,2,90.0,2.2,0.0,0.3,3.0,10,0.0,2.2,1.5,0.0,0.0,0,0.0
1,0.0,0.0,20.0,5.6667,1,2,90.0,2.1,0.0,1.73,2.0,1,0.0,2.1,1.5,0.0,0.0,0,0.0
1,0.0,0.0,13.0,4.3333,1,2,90.0,1.9,0.0,0.57,2.0,2,0.0,1.9,1.5,0.0,0.0,0,0.0
1,0.0,0.0,15.0,1.6667,0,3,90.0,2.1,0.0,1.51,3.0,2,0.0,2.1,1.5,0.0,0.0,0,0.0
1,0.0,0.0,17.0,2.3333,0,4,90.0,3.5,0.0,1.32,5.0,3,0.0,3.5,1.5,0.0,0.0,0,0.0
1,0.0,0.0,19.0,2.6667,1,3,90.0,3.0,0.0,0.69,4.0,3,0.0,3.0,1.5,0.0,0.0,0,0.0
1,0.0,0.0,17.0,2.6667,0,3,90.0,3.1,0.0,3.08,4.0,2,0.0,3.1,1.5,0.0,0.0,0,0.0
1,0.0,0.0,22.0,2.3333,1,3,90.0,4.4,0.0,1.41,4.0,2,0.0,4.4,1.5,0.0,0.0,1,0.0
1,0.0,0.0,23.0,1.6667,0,4,90.0,5.2,0.0,2.22,9.0,1,0.0,5.2,1.5,0.0,0.0,0,0.0
1,0.0,0.0,28.0,3.0,1,2,90.0,1.6,0.0,0.29,1.0,6,0.0,1.6,1.5,0.0,0.0,0,0.0
1,0.0,0.0,37.0,5.3333,1,4,90.0,3.9,0.0,1.39,5.0,9,0.0,3.9,1.5,0.0,0.0,0,0.0
1,0.0,0.0,23.0,6.0,0,4,90.0,4.9,0.0,3.97,7.0,3,0.0,4.9,1.5,0.0,0.0,1,0.0
1,0.0,0.0,11.0,4.3333,1,2,90.0,0.6,0.0,0.41,0.0,1,0.0,0.6,1.5,0.0,0.0,1,0.0
1,0.0,0.0,7.0,1.3333,0,2,90.0,1.3,0.0,1.82,1.0,0,0.0,1.3,1.5,0.0,0.0,0,0.0
1,0.0,0.0,8.0,0.6667,1,3,90.0,1.8,0.0,1.64,2.0,1,0.0,1.8,1.5,0.0,0.0,0,0.0
1,0.0,0.0,14.0,1.0,0,4,90.0,1.6,0.0,2.19,2.0,2,0.0,1.6,1.5,0.0,0.0,0,0.0
1,0.0,0.0,29.0,3.6667,1,4,90.0,1.9,0.0,2.15,2.0,8,0.0,1.9,1.5,0.0,0.0,0,0.0
1,0.0,0.0,11.0,3.6667,0,4,90.0,1.1,0.0,1.68,2.0,1,0.0,1.1,1.5,0.0,0.0,0,0.0
1,0.0,0.0,16.0,4.0,1,2,90.0,2.7,0.0,1.84,4.0,3,0.0,2.7,1.5,0.0,0.0,0,0.0
1,0.0,0.0,15.0,1.6667,1,4,90.0,1.4,0.0,1.65,1.0,1,0.0,1.4,1.5,0.0,0.0,0,0.0
1,0.0,0.0,21.0,2.3333,0,3,90.0,4.2,0.0,1.67,7.0,3,0.0,4.2,1.5,0.0,0.0,0,0.0
1,0.0,0.0,33.0,4.0,1,2,90.0,3.6,0.0,1.17,5.0,8,0.0,3.6,1.5,0.0,0.0,1,0.0
1,0.0,0.0,12.0,4.0,0,3,90.0,1.6,0.0,0.83,2.0,1,0.0,1.6,1.5,0.0,0.0,0,0.0
1,0.0,0.0,32.0,5.3333,1,3,90.0,3.7,0.0,2.37,5.0,7,0.0,3.7,1.5,0.0,0.0,0,0.0
1,0.0,0.0,10.0,3.0,0,3,90.0,1.2,0.0,1.87,1.0,1,0.0,1.2,1.5,0.0,0.0,0,0.0
1,0.0,0.0,16.0,3.0,0,3,90.0,1.4,0.0,1.51,1.0,1,0.0,1.4,1.5,0.0,0.0,1,0.0
1,0.0,0.0,18.0,1.6667,1,3,90.0,3.3,0.0,0.59,4.0,3,0.0,3.3,1.5,0.0,0.0,0,0.0
1,0.0,0.0,34.0,4.3333,0,2,90.0,3.4,0.0,0.93,4.0,9,0.0,3.4,1.5,0.0,0.0,1,0.0
1,0.0,0.0,19.0,4.6667,1,3,90.0,3.1,0.0,1.02,4.0,2,0.0,3.1,1.5,0.0,0.0,1,0.0
1,0.0,0.0,17.0,4.6667,1,3,90.0,2.2,0.0,1.01,3.0,3,0.0,2.2,1.5,0.0,0.0,0,0.0
1,0.0,0.0,27.0,3.6667,0,3,90.0,1.9,0.0,0.63,2.0,6,0.0,1.9,1.5,0.0,0.0,0,0.0
1,0.0,0.0,22.0,3.3333,1,2,90.0,3.4,0.0,3.25,5.0,1,0.0,3.4,1.5,0.0,0.0,0,0.0
1,0.0,0.0,19.0,3.0,0,4,90.0,3.4,0.0,2.11,4.0,2,0.0,3.4,1.5,0.0,0.0,0,0.0
3,0.02,0.01,15.0,3.0,0,3,90.0,2.1,1.5,2.73,0.0,3,0.02,2.1,1.5,0.02,0.01,0,0.01
3,0.0,0.05,14.0,2.5,1,3,90.0,3.3,1.4,3.8,0.0,2,0.01,3.3,1.5,0.0,0.03,0,0.05
3,0.0257,0.0,2.5714,2.0,0,3,83.3333,0.6,0.2571,2.9829,0.0,1,0.0144,0.7714,1.5,0.02,0.0216,0,0.0
3,3.48,0.0,-6.0,1.3333,1,4,66.25,2.6,-0.6,0.24,0.0,1,0.2106,15.6,1.5,0.58,0.0204,1,0.0
3,0.0254,0.0127,3.8028,1.3333,0,3,67.2,0.5,0.3803,1.6479,0.0,2,0.1714,0.6338,1.5,0.02,0.0188,0,0.01
3,0.0,0.0,270.0,1.3333,0,3,49.4,1.0,27.0,28.8,0.0,1,0.2259,90.0,1.5,0.0,0.0219,0,0.0
3,0.0,0.0,19.2857,1.3333,1,3,34.2,0.2,1.9286,2.3143,0.0,1,0.3263,1.2857,1.5,0.0,0.0053,0,0.0
3,0.0,0.0,360.0,1.0,1,2,20.4,0.1,36.0,1.8,0.0,1,0.5294,9.0,1.5,0.0,0.0088,1,0.0
3,0.1636,0.0,8.1818,1.0,1,3,19.6,0.0,0.8182,0.5727,0.0,1,0.0367,0.0,1.5,0.02,0.0092,0,0.0
3,0.0,1.5429,19.2857,1.0,0,3,8.2,1.9,1.9286,10.0929,0.0,1,0.0439,12.2143,1.5,0.0,0.5268,0,0.24
3,0.0,0.0,25.7143,1.0,0,2,9.4,0.0,2.5714,0.7714,0.0,1,0.0383,0.0,1.5,0.0,0.4596,0,0.0
3,0.0,0.0,22.5,1.0,0,3,8.2,0.7,2.25,1.4625,0.0,1,0.0439,7.875,1.5,0.0,0.5268,0,0.0
3,0.0,0.0,-90.0,0.6667,1,2,8.2,0.0,-9.0,0.0,0.0,0,0.0439,0.0,1.5,0.0,0.5268,0,0.0
3,0.07,0.01,9.0,1.0,0,2,24.0,4.0,0.9,1.67,0.0,2,0.0525,4.0,1.5,0.07,0.1875,0,0.01
3,0.0,0.0103,8.2759,1.6667,1,3,38.6,2.2,0.8276,1.2103,0.0,3,0.0326,2.2759,1.5,0.0,0.0093,0,0.01
3,0.0783,0.0,15.6522,2.3333,0,3,51.0,1.5,1.5652,0.7043,0.0,2,0.0459,1.9565,1.5,0.06,0.0071,0,0.0
3,0.4612,0.0112,30.375,4.3333,1,3,65.4,7.7,3.0375,2.34,0.0,8,0.1486,8.6625,1.5,0.41,0.0083,0,0.01
3,0.1887,0.0145,7.2581,4.0,0,4,77.6,1.9,0.7258,0.9871,0.0,2,0.1554,2.7581,1.5,0.13,0.0093,0,0.01
3,0.0,0.0281,14.0625,3.6667,0,2,66.0,1.8,1.4062,1.9969,0.0,1,0.1636,5.0625,1.5,0.0,0.0109,0,0.01
3,0.0,0.0,-3.6,1.0,1,2,53.6,0.4,-0.36,1.44,0.0,0,0.2015,1.44,1.5,0.0,0.0101,0,0.0
3,0.09,0.03,14.0,1.3333,0,2,57.8,5.3,1.4,0.93,0.0,3,0.1962,5.3,1.5,0.09,0.0187,0,0.03
3,0.03,0.06,13.0,1.6667,1,2,59.8,1.9,1.3,1.02,0.0,2,0.0753,1.9,1.5,0.03,0.0331,0,0.06
3,0.0,0.0,12.8571,2.0,1,2,51.6,2.1,1.2857,1.3714,0.0,1,0.0419,9.0,1.5,0.0,0.0349,0,0.0
3,0.0486,0.0122,14.5946,2.0,0,3,60.0,4.4,1.4595,0.7541,0.0,3,0.048,5.3514,1.5,0.04,0.03,0,0.01
4,0.45,0.0562,16.875,1.0,0,4,32.0,3.3,0.0,1.6875,0.0,1,0.45,9.2812,1.5,0.16,0.0562,1,0.02
4,0.0,0.0,67.5,1.0,1,4,4.0,0.0,0.0,28.575,0.0,1,0.0,0.0,1.5,0.0,0.0,1,0.0
4,0.0,0.3,0.0,1.0,0,3,6.5,0.5,0.0,1.9,0.0,1,0.0,5.0,1.5,0.0,0.2077,0,0.03
4,1.2,0.0,22.5,1.0,1,2,8.3333,2.8,0.0,0.15,0.0,1,0.576,21.0,1.5,0.16,0.108,1,0.0
4,0.3375,0.0,-11.25,0.6667,0,2,14.25,3.5,0.0,1.9969,0.0,0,0.4421,9.8438,1.5,0.12,0.0474,0,0.0
4,0.084,0.012,1.2,1.0,1,3,26.4,2.4,0.0,0.396,0.0,2,0.2386,2.88,1.5,0.07,0.0273,0,0.01
4,0.2793,0.0,6.2069,1.0,0,3,31.4,0.2,0.0,7.7897,0.0,1,0.2522,0.6207,1.5,0.09,0.0229,0,0.0
4,0.2,0.1143,5.7143,1.6667,1,3,42.2,4.5,0.0,0.4,0.0,2,0.2474,6.4286,1.5,0.14,0.0384,0,0.08
4,0.16,0.03,4.0,1.6667,0,2,57.8,4.8,0.0,1.82,0.0,2,0.1806,4.8,1.5,0.16,0.0374,0,0.03
4,0.0,1.35,45.0,1.6667,0,3,53.0,1.7,0.0,1.4625,0.0,1,0.1562,19.125,1.5,0.0,0.0815,0,0.12
4,0.46,0.02,0.0,1.3333,1,4,47.0,2.5,0.0,2.84,0.0,1,0.2374,5.0,1.5,0.23,0.0919,0,0.01
4,0.1726,0.0986,38.2192,3.3333,0,2,55.8,8.6,0.0,1.874,0.0,8,0.2161,10.6027,1.5,0.14,0.1032,0,0.08
4,1.0703,0.0,65.6757,7.3333,1,2,58.0,13.8,0.0,1.5932,0.0,13,0.4376,16.7838,1.5,0.88,0.0745,0,0.0
4,0.58,0.21,27.0,9.6667,1,4,58.0,11.9,0.0,1.65,0.0,8,0.5679,11.9,1.5,0.58,0.1303,0,0.21
4,0.35,0.02,5.0,7.6667,0,4,74.4,6.4,0.0,1.67,0.0,2,0.5274,6.4,1.5,0.35,0.0774,0,0.02
4,0.1193,0.2169,37.9518,7.0,1,3,82.0,9.6,0.0,1.2145,0.0,11,0.4522,10.4096,1.5,0.11,0.112,1,0.2
4,0.58,0.0,3.0,5.0,0,2,85.4,4.8,0.0,0.83,0.0,2,0.5269,4.8,1.5,0.58,0.0906,0,0.0
4,2.0286,0.0,78.5714,8.6667,1,3,83.2,12.8,0.0,0.7286,0.0,13,0.6577,18.2857,1.5,1.42,0.093,0,0.0
4,0.57,0.03,25.0,7.0,0,3,83.2,15.1,0.0,1.87,0.0,6,0.6555,15.1,1.5,0.57,0.0541,0,0.03
4,0.41,0.01,1.0,7.0,0,3,83.2,4.2,0.0,1.51,0.0,2,0.6685,4.2,1.5,0.41,0.0519,0,0.01
4,0.5718,0.0212,-2.1176,3.3333,1,3,83.6,5.2,0.0,0.6247,0.0,2,0.7579,5.5059,1.5,0.54,0.0129,0,0.02
4,0.78,0.04,3.0,2.0,0,2,83.6,9.1,0.0,0.93,0.0,2,0.801,9.1,1.5,0.78,0.0215,0,0.04
4,0.48,0.02,11.0,3.0,1,4,89.0,6.8,0.0,1.02,0.0,5,0.5622,6.8,1.5,0.48,0.0243,0,0.02
4,0.7607,0.0214,22.5,4.3333,1,2,87.8,11.4,0.0,0.9321,0.0,6,0.5986,12.2143,1.5,0.71,0.0226,0,0.02
4,0.1714,0.0143,4.2857,4.3333,0,3,82.4,3.2,0.0,0.8857,0.0,2,0.5745,4.5714,1.5,0.12,0.024,0,0.01
4,0.1636,0.0,9.5455,3.3333,1,2,78.6,2.4,0.0,2.6864,0.0,2,0.5061,3.2727,1.5,0.12,0.0206,0,0.0
4,0.0,0.0,270.0,1.6667,0,4,60.8,0.0,0.0,0.0,0.0,1,0.4234,0.0,1.5,0.0,0.0148,0,0.0
3,0.0,0.0391,0.0,0.0,1,3,23.0,0.5,0.0,7.3174,0.0,0,0.0,1.9565,1.5,0.0,0.0391,0,0.01
3,0.17,0.01,33.0,5.0,0,3,56.5,8.1,3.3,3.25,0.0,10,0.1354,8.1,1.5,0.17,0.0159,0,0.01
3,0.07,0.02,9.0,4.3333,1,3,67.6667,2.6,0.9,1.28,0.0,3,0.1064,2.6,1.5,0.07,0.0177,0,0.02
3,0.09,0.01,2.0,5.0,0,2,73.25,1.4,0.2,0.3,0.0,2,0.1014,1.4,1.5,0.09,0.0154,0,0.01
3,0.0,0.01,10.0,2.3333,1,3,76.6,1.5,1.0,1.73,0.0,2,0.0775,1.5,1.5,0.0,0.0141,0,0.01
3,0.03,0.01,5.0,1.6667,1,3,90.0,2.9,0.5,0.57,0.0,1,0.072,2.9,1.5,0.03,0.012,0,0.01
3,0.1,0.0111,21.1111,1.6667,0,3,88.2,4.6,2.1111,1.6778,0.0,2,0.0571,5.1111,1.5,0.09,0.0122,1,0.01
3,0.13,0.01,30.0,4.3333,0,3,88.2,8.5,3.0,1.32,0.0,10,0.0694,8.5,1.5,0.13,0.0102,0,0.01
3,0.2,0.01,1.0,4.3333,1,4,88.2,5.0,0.1,0.69,0.0,1,0.0918,5.0,1.5,0.2,0.0102,0,0.01
3,0.0,0.01,4.0,4.0,0,3,88.2,0.7,0.4,3.08,0.0,1,0.0918,0.7,1.5,0.0,0.0102,0,0.01
3,0.08,0.01,8.0,1.3333,0,3,88.2,4.2,0.8,2.22,0.0,2,0.102,4.2,1.5,0.08,0.0102,0,0.01
3,0.0,0.0115,24.2308,2.0,1,3,87.6,2.0,2.4231,0.2538,0.0,3,0.0842,2.3077,1.5,0.0,0.0103,0,0.01
3,0.0456,0.1595,18.2278,3.3333,1,4,85.4,5.1,1.8228,1.1734,0.0,5,0.0674,5.8101,1.5,0.04,0.0379,0,0.14
3,0.024,0.0,1.2,3.0,0,2,82.4,1.7,0.12,2.88,0.0,1,0.0306,2.04,1.5,0.02,0.0371,0,0.0
3,0.0889,0.2111,14.4444,2.3333,1,3,80.6,4.8,1.4444,0.3889,0.0,1,0.0491,5.3333,1.5,0.08,0.0782,0,0.19
3,0.0,0.01,19.0,1.3333,0,2,80.6,2.2,1.9,1.82,0.0,2,0.0313,2.2,1.5,0.0,0.0782,0,0.01
3,0.03,0.01,15.0,1.6667,1,2,83.0,3.7,1.5,1.64,0.0,2,0.0369,3.7,1.5,0.03,0.0759,0,0.01
3,0.0,0.0111,11.1111,2.0,0,4,83.4,3.3,1.1111,2.2889,0.0,2,0.0281,3.6667,1.5,0.0,0.0475,0,0.01
3,0.34,0.0,3.0,2.0,1,3,86.4,5.0,0.3,2.15,0.0,2,0.0938,5.0,1.5,0.34,0.0458,0,0.0
3,0.25,0.01,28.0,4.0,0,2,88.2,9.7,2.8,1.68,0.0,8,0.1265,9.7,1.5,0.25,0.0082,0,0.01
3,0.0,0.01,9.0,4.0,1,3,88.2,3.0,0.9,1.84,0.0,2,0.1265,3.0,1.5,0.0,0.0082,0,0.01
3,0.0307,0.0102,12.2727,3.6667,1,2,87.8,4.0,1.2273,1.6875,0.0,1,0.1271,4.0909,1.5,0.03,0.0082,0,0.01
3,2.835,0.045,-13.5,1.0,0,3,75.6,4.8,-1.35,1.35,0.0,0,0.2976,21.6,1.5,0.63,0.0095,0,0.01
3,0.11,0.14,3.0,1.0,1,4,75.6,4.8,0.3,2.37,0.0,2,0.2429,4.8,1.5,0.11,0.0429,1,0.14
3,0.22,0.02,32.0,3.3333,0,2,75.6,6.6,3.2,1.87,0.0,8,0.2357,6.6,1.5,0.22,0.0452,0,0.02
3,0.3986,0.0129,10.2857,4.0,0,3,71.6,1.9,1.0286,1.6457,0.0,2,0.3268,2.4429,1.5,0.31,0.0478,0,0.01
3,0.1286,0.0214,9.6429,4.0,1,2,70.8,2.5,0.9643,0.6321,0.0,2,0.3534,2.6786,1.5,0.12,0.0508,1,0.02
3,0.21,0.0,7.0,2.3333,0,2,84.8,3.5,0.7,0.93,0.0,3,0.2059,3.5,1.5,0.21,0.0403,0,0.0
3,0.0386,0.1543,3.8571,2.0,1,2,80.8,3.5,0.3857,1.1571,0.0,1,0.1983,4.5,1.5,0.03,0.0379,0,0.12
3,0.0,0.1456,21.1765,2.3333,1,3,76.4,3.2,2.1176,0.9265,0.0,3,0.1579,4.2353,1.5,0.0,0.0613,0,0.11
3,0.09,0.03,19.0,2.3333,0,3,80.4,1.6,1.9,0.63,0.0,3,0.1007,1.6,1.5,0.09,0.0627,0,0.03
3,0.0,0.0,11.0,2.6667,1,3,81.6,2.6,1.1,3.25,0.0,2,0.0728,2.6,1.5,0.0,0.0574,1,0.0
3,0.02,0.01,14.0,2.3333,0,4,81.6,5.0,1.4,2.11,0.0,2,0.0309,5.0,1.5,0.02,0.0596,0,0.01
2,0.0,0.0,28.0,7.0,0,2,90.0,1.6,4.2,2.73,0.0,7,0.0,1.6,1.5,0.0,0.0,0,0.0
2,0.0,0.0143,1.4286,2.5,1,3,76.5,0.3,0.2143,9.2286,0.0,-2,0.0,0.4286,1.5,0.0,0.0059,0,0.01
2,0.96,0.01,28.0,4.0,0,3,81.0,7.9,4.2,2.26,0.0,7,0.3556,7.9,1.5,0.96,0.0074,1,0.01
2,0.0,0.06,28.0,4.3333,1,3,83.25,3.4,4.2,1.28,0.0,8,0.2595,3.4,1.5,0.0,0.0216,0,0.06
2,0.0,0.01,19.0,6.6667,0,2,84.6,1.4,2.85,0.3,0.0,5,0.2043,1.4,1.5,0.0,0.0191,0,0.01
2,0.0,0.01,12.0,4.6667,1,2,84.6,1.2,1.8,1.73,0.0,1,0.2043,1.2,1.5,0.0,0.0213,0,0.01
2,0.0,0.0,11.0,2.6667,1,3,90.0,2.2,1.65,0.57,0.0,2,0.192,2.2,1.5,0.0,0.018,1,0.0
2,0.0,0.01,17.0,1.3333,0,2,90.0,2.8,2.55,1.51,0.0,1,0.0,2.8,1.5,0.0,0.018,0,0.01
2,0.0,0.0,11.0,1.6667,0,2,90.0,1.9,1.65,1.32,0.0,2,0.0,1.9,1.5,0.0,0.006,0,0.0
2,0.0,0.01,10.0,1.6667,1,3,90.0,1.6,1.5,0.69,0.0,2,0.0,1.6,1.5,0.0,0.006,0,0.01
2,0.0,0.01,13.0,1.6667,0,2,90.0,1.1,1.95,3.08,0.0,1,0.0,1.1,1.5,0.0,0.006,0,0.01
2,0.0,0.01,10.0,1.0,1,2,90.0,1.0,1.5,1.41,0.0,0,0.0,1.0,1.5,0.0,0.008,0,0.01
2,0.0,0.0,10.0,0.3333,0,3,90.0,2.8,1.5,2.22,0.0,0,0.0,2.8,1.5,0.0,0.006,0,0.0
2,0.0,0.0,24.0,0.3333,1,3,75.0,1.2,3.6,7.14,0.0,1,0.0,7.2,1.5,0.0,0.0072,0,0.0
2,0.0,0.01,14.0,0.6667,0,2,75.0,1.6,2.1,1.68,0.0,1,0.0,1.6,1.5,0.0,0.0072,0,0.01
2,0.0,0.0,21.0,1.3333,1,3,75.0,4.1,3.15,1.84,0.0,2,0.0,4.1,1.5,0.0,0.0048,0,0.0
2,0.0,0.012,18.0,1.3333,1,3,72.0,2.3,2.7,1.98,0.0,1,0.0,2.76,1.5,0.0,0.005,0,0.01
2,0.0,0.0,15.0,1.3333,0,3,72.0,2.0,2.25,2.11,0.0,1,0.0,2.0,1.5,0.0,0.005,0,0.0
3,0.0,0.08,13.0,3.0,0,3,90.0,2.8,1.3,2.73,0.0,3,0.0,2.8,1.5,0.0,0.08,1,0.08
3,0.0,0.1091,12.2727,2.0,1,3,78.0,4.9,1.2273,2.6455,0.0,1,0.0,6.6818,1.5,0.0,0.0923,0,0.08
3,0.0,0.135,58.5,2.6667,0,2,58.6667,3.1,5.85,4.23,0.0,4,0.0,13.95,1.5,0.0,0.0972,0,0.03
3,0.0,0.0,14.0,2.3333,0,3,66.5,0.6,1.4,2.26,0.0,2,0.0,0.6,1.5,0.0,0.0643,0,0.0
3,0.0,0.0295,19.1803,3.0,1,2,65.4,0.9,1.918,1.2689,0.0,3,0.0,1.3279,1.5,0.0,0.0578,0,0.02
3,0.01,0.11,11.0,2.6667,0,2,65.4,5.3,1.1,0.3,0.0,3,0.0028,5.3,1.5,0.01,0.0661,0,0.11
3,0.0,0.1547,4.2188,2.6667,1,4,65.0,1.8,0.4219,2.3766,0.0,2,0.0028,2.5312,1.5,0.0,0.0748,0,0.11
3,0.0,0.3273,24.5455,2.0,1,3,63.2,0.8,2.4545,0.1636,0.0,1,0.0028,6.5455,1.5,0.0,0.0797,0,0.04
3,0.0,0.0,10.0,1.3333,0,3,48.8,0.2,1.0,1.05,0.0,1,0.0037,1.0,1.5,0.0,0.1033,0,0.0
3,0.0158,0.0,7.8947,1.0,0,4,48.0,0.5,0.7895,0.9632,0.0,1,0.0075,0.7895,1.5,0.01,0.0975,0,0.0
3,0.0,0.0,-11.25,0.6667,0,3,31.6,0.0,-1.125,10.8,0.0,0,0.0057,0.0,1.5,0.0,0.0854,0,0.0
3,0.05,0.04,15.0,1.0,1,3,36.8,2.9,1.5,1.41,0.0,2,0.0293,2.9,1.5,0.05,0.0391,0,0.04
3,0.0,0.0101,14.1573,1.3333,0,4,52.4,2.3,1.4157,2.2449,0.0,2,0.0206,2.3258,1.5,0.0,0.0172,1,0.01
3,0.0,2.61,36.0,1.6667,1,3,50.8,0.6,3.6,3.24,0.0,1,0.0213,5.4,1.5,0.0,0.1205,0,0.29
3,0.0,0.0643,25.7143,1.3333,0,3,42.2,0.3,2.5714,10.0929,0.0,1,0.0213,1.9286,1.5,0.0,0.1493,0,0.01
3,0.0,0.1125,78.75,1.0,1,3,42.2,0.3,7.875,0.675,0.0,1,0.0213,3.375,1.5,0.0,0.1536,1,0.01
3,0.0,0.0,270.0,1.0,1,2,24.4,0.0,27.0,3.6,0.0,1,0.0,0.0,1.5,0.0,0.2361,1,0.0
3,0.02,0.01,1.0,1.0,0,3,24.6,2.2,0.1,1.68,0.0,1,0.0146,2.2,1.5,0.02,0.2341,1,0.01
3,0.0,0.0,3.3333,1.0,1,3,28.0,0.8,0.3333,1.8333,0.0,1,0.0129,2.6667,1.5,0.0,0.0193,0,0.0
3,0.0711,0.0355,7.1053,1.6667,0,3,40.4,0.8,0.7105,0.5684,0.0,3,0.0356,0.9474,1.5,0.06,0.0223,0,0.03
3,0.04,0.02,7.0,2.3333,1,4,56.8,3.2,0.7,1.17,0.0,3,0.038,3.2,1.5,0.04,0.019,0,0.02
3,0.0,0.465,27.0,2.3333,0,3,68.6,3.3,2.7,0.705,0.0,1,0.0315,4.95,1.5,0.0,0.0971,0,0.31
3,0.0,0.0,20.0,1.3333,1,3,52.4,0.3,2.0,2.9,0.0,0,0.0344,3.0,1.5,0.0,0.1237,1,0.0
3,0.0,0.8053,18.9474,0.6667,0,2,50.8,2.0,1.8947,1.0895,0.0,1,0.0354,9.4737,1.5,0.0,0.1878,0,0.17
3,0.0,0.0,270.0,0.6667,0,2,35.8,0.3,27.0,0.0,0.0,1,0.0201,27.0,1.5,0.0,0.2514,0,0.0
3,0.0643,0.0107,15.0,1.6667,1,3,34.6,1.3,1.5,0.9321,0.0,3,0.0312,1.3929,1.5,0.06,0.2549,0,0.01
3,0.0486,0.1338,20.6757,2.6667,0,2,37.4,5.7,2.0676,2.1041,0.0,4,0.0481,6.9324,1.5,0.04,0.1396,0,0.11
2,0.0,0.01,25.0,6.0,0,3,90.0,3.0,3.75,2.73,0.0,6,0.0,3.0,1.5,0.0,0.01,0,0.01
2,0.0,0.03,12.0,3.5,1,2,90.0,1.1,1.8,3.8,0.0,1,0.0,1.1,1.5,0.0,0.02,0,0.03
2,0.0,0.08,11.0,2.6667,0,2,90.0,3.4,1.65,3.25,0.0,1,0.0,3.4,1.5,0.0,0.04,1,0.08
2,0.0,0.01,8.0,0.3333,0,2,90.0,0.9,1.2,2.26,0.0,-1,0.0,0.9,1.5,0.0,0.0325,0,0.01
2,0.0,0.09,30.0,2.3333,0,3,90.0,4.9,4.5,0.3,0.0,7,0.0,4.9,1.5,0.0,0.044,0,0.09
2,0.0,0.07,16.0,2.3333,1,3,90.0,3.9,2.4,1.73,0.0,1,0.0,3.9,1.5,0.0,0.056,1,0.07
2,0.05,0.23,8.0,2.6667,1,3,90.0,3.7,1.2,0.57,0.0,0,0.01,3.7,1.5,0.05,0.096,1,0.23
2,0.0,0.01,13.0,0.6667,0,3,90.0,2.4,1.95,1.51,0.0,1,0.01,2.4,1.5,0.0,0.082,0,0.01
2,0.01,0.21,12.0,0.6667,0,3,90.0,4.4,1.8,1.32,0.0,1,0.012,4.4,1.5,0.01,0.122,0,0.21
2,0.0,0.03,11.0,1.0,1,4,90.0,1.3,1.65,0.69,0.0,1,0.012,1.3,1.5,0.0,0.11,0,0.03
2,0.0,0.37,22.0,1.3333,0,3,90.0,7.2,3.3,3.08,0.0,2,0.012,7.2,1.5,0.0,0.17,1,0.37
2,0.03,0.26,23.0,2.3333,1,2,90.0,6.0,3.45,1.41,0.0,4,0.008,6.0,1.5,0.03,0.176,0,0.26
2,0.06,0.18,31.0,3.3333,0,3,90.0,8.3,4.65,2.22,0.0,4,0.02,8.3,1.5,0.06,0.21,0,0.18
2,0.0,0.0243,35.2703,4.6667,1,3,86.8,2.3,5.2905,0.2676,0.0,6,0.0187,2.7973,1.5,0.0,0.1783,0,0.02
2,0.0,0.038,32.9577,5.3333,1,3,83.0,3.1,4.9437,1.3056,0.0,6,0.0195,3.9296,1.5,0.0,0.1865,0,0.03
2,0.0,0.01,17.0,4.3333,0,3,83.0,5.8,2.55,3.97,0.0,1,0.0195,5.8,1.5,0.0,0.1084,0,0.01
2,0.2111,0.0111,14.4444,2.6667,1,4,81.2,4.3,2.1667,0.3889,0.0,1,0.0554,4.7778,1.5,0.19,0.0554,0,0.01
2,0.011,0.2854,12.0732,1.0,0,4,79.6,6.4,1.811,1.9317,0.0,1,0.0452,7.0244,1.5,0.01,0.0746,0,0.26
2,0.0,0.06,13.0,1.3333,1,2,82.8,5.1,1.95,1.64,0.0,2,0.0435,5.1,1.5,0.0,0.0804,1,0.06
2,0.0,0.15,14.0,1.6667,0,4,86.6,5.4,2.1,2.19,0.0,2,0.0416,5.4,1.5,0.0,0.1018,0,0.15
2,0.04,0.08,19.0,3.3333,1,4,86.6,4.7,2.85,2.15,0.0,6,0.0499,4.7,1.5,0.04,0.1164,0,0.08
2,0.0,0.13,28.0,4.3333,0,4,88.4,6.7,4.2,1.68,0.0,5,0.0102,6.7,1.5,0.0,0.1385,1,0.13
2,0.16,0.02,20.0,4.3333,1,3,90.0,8.8,3.0,1.84,0.0,2,0.04,8.8,1.5,0.16,0.088,1,0.02
2,0.0,0.13,21.0,4.0,1,2,90.0,6.6,3.15,1.65,0.0,5,0.04,6.6,1.5,0.0,0.102,0,0.13
2,0.0,0.02,14.0,3.0,0,2,90.0,3.1,2.1,1.67,0.0,2,0.04,3.1,1.5,0.0,0.076,1,0.02
2,0.0,0.02,21.0,4.3333,1,3,90.0,1.7,3.15,1.17,0.0,6,0.032,1.7,1.5,0.0,0.064,0,0.02
2,0.0,0.13,14.0,3.0,0,3,90.0,2.5,2.1,0.83,0.0,1,0.032,2.5,1.5,0.0,0.064,0,0.13
2,0.0,0.57,37.0,6.0,1,4,90.0,6.3,5.55,2.37,0.0,11,0.0,6.3,1.5,0.0,0.174,1,0.57
2,0.03,0.22,14.0,4.3333,0,2,90.0,5.9,2.1,1.87,0.0,1,0.006,5.9,1.5,0.03,0.192,0,0.22
2,0.0,0.05,15.0,4.3333,0,3,90.0,4.4,2.25,1.51,0.0,1,0.006,4.4,1.5,0.0,0.198,1,0.05
2,0.04,0.09,18.0,1.3333,1,2,90.0,6.7,2.7,0.59,0.0,2,0.014,6.7,1.5,0.04,0.212,0,0.09
2,0.0,0.05,21.0,3.0,0,3,90.0,4.1,3.15,0.93,0.0,6,0.014,4.1,1.5,0.0,0.196,0,0.05
2,0.01,0.05,16.0,3.0,1,2,90.0,3.8,2.4,1.02,0.0,1,0.016,3.8,1.5,0.01,0.092,0,0.05
2,0.0,0.03,18.0,3.0,1,2,90.0,2.7,2.7,1.01,0.0,2,0.01,2.7,1.5,0.0,0.054,0,0.03
2,0.05,0.01,28.0,3.3333,0,2,90.0,3.4,4.2,0.63,0.0,7,0.02,3.4,1.5,0.05,0.046,0,0.01
2,0.0,0.02,12.0,2.6667,1,2,90.0,2.0,1.8,3.25,0.0,-1,0.012,2.0,1.5,0.0,0.032,0,0.02
2,0.0,0.0115,1.1538,2.0,0,3,87.6,2.3,0.1731,1.9962,0.0,0,0.0123,2.6538,1.5,0.0,0.0247,0,0.01
2,0.0,0.02,24.0,5.0,0,2,90.0,4.1,3.6,2.73,0.0,5,0.0,4.1,1.5,0.0,0.02,1,0.02
2,0.0,0.0741,20.1176,3.0,1,2,87.5,1.9,3.0176,2.6894,0.0,1,0.0,2.0118,1.5,0.0,0.0463,0,0.07
2,0.0,0.0,1.0,2.0,0,2,88.3333,0.9,0.15,3.25,0.0,0,0.0,0.9,1.5,0.0,0.0306,0,0.0
2,0.0,0.0,6.25,0.3333,0,3,84.25,1.2,0.9375,2.5875,0.0,0,0.0,1.5,1.5,0.0,0.024,0,0.0
2,0.19,0.13,22.0,2.0,1,3,85.4,4.6,3.3,1.28,0.0,6,0.04,4.6,1.5,0.19,0.0464,0,0.13
2,0.6689,0.0243,25.5405,4.3333,0,2,82.2,8.2,3.8311,1.3378,0.0,7,0.162,9.973,1.5,0.55,0.0482,1,0.02
2,0.0,0.0931,21.7241,4.3333,0,3,71.0,3.1,3.2586,7.7897,0.0,0,0.1876,9.6207,1.5,0.0,0.0456,0,0.03
2,0.05,0.0125,22.5,2.6667,0,2,67.4,2.1,3.375,1.9625,0.0,1,0.2083,2.625,1.5,0.04,0.0507,0,0.01
2,0.0,0.0143,14.2857,1.0,0,3,65.6,2.4,2.1429,2.6429,0.0,2,0.214,3.4286,1.5,0.0,0.0549,0,0.01
2,0.0,0.0,54.0,1.3333,0,4,48.6,0.2,8.1,2.88,0.0,1,0.2185,3.6,1.5,0.0,0.0259,0,0.0
2,0.0,0.0,45.0,1.3333,1,2,35.4,0.2,6.75,3.2625,0.0,1,0.0203,2.25,1.5,0.0,0.0254,1,0.0
2,0.0,0.18,36.0,1.0,0,3,30.6,0.2,5.4,0.0,0.0,1,0.0235,3.6,1.5,0.0,0.0176,0,0.01
2,0.08,0.11,16.0,1.0,0,4,34.2,3.7,2.4,1.51,0.0,1,0.0421,3.7,1.5,0.08,0.0684,0,0.11
2,0.0,0.05,9.0,1.0,0,2,39.6,2.8,1.35,2.11,0.0,1,0.0364,2.8,1.5,0.0,0.0773,1,0.05
2,0.0,0.0,450.0,1.0,0,3,1.0,1.2,67.5,60.3,0.0,1,0.0,108.0,1.5,0.0,0.0,0,0.0
2,0.0,0.0,270.0,1.0,1,3,1.0,0.0,40.5,1.8,0.0,1,0.0,0.0,1.5,0.0,0.0,1,0.0
2,0.0,0.01,25.0,2.6667,1,2,30.6667,1.7,3.75,0.29,0.0,6,0.0,1.7,1.5,0.0,0.0098,0,0.01
2,0.03,0.01,37.0,7.0,1,3,45.5,7.5,5.55,1.39,0.0,14,0.0148,7.5,1.5,0.03,0.0099,1,0.01
2,0.0,0.01,6.0,7.0,0,2,54.4,2.3,0.9,3.97,0.0,1,0.0099,2.3,1.5,0.0,0.0099,1,0.01
2,0.0,0.05,20.0,5.3333,1,3,72.2,4.9,3.0,0.41,0.0,1,0.0075,4.9,1.5,0.0,0.0199,0,0.05
2,0.0,0.01,16.0,1.0,0,2,90.0,3.4,2.4,1.82,0.0,1,0.006,3.4,1.5,0.0,0.018,0,0.01
2,0.02,0.01,11.0,1.3333,1,2,90.0,2.0,1.65,1.64,0.0,2,0.01,2.0,1.5,0.02,0.018,0,0.01
2,0.01,0.01,15.0,1.6667,0,4,90.0,4.2,2.25,2.19,0.0,2,0.006,4.2,1.5,0.01,0.018,0,0.01
2,0.06,0.01,26.0,3.3333,1,2,90.0,3.5,3.9,2.15,0.0,6,0.018,3.5,1.5,0.06,0.018,1,0.01
2,0.18,0.02,11.0,3.0,0,3,90.0,4.6,1.65,1.68,0.0,1,0.054,4.6,1.5,0.18,0.012,1,0.02
2,0.05,0.0,9.0,2.6667,0,3,90.0,1.6,1.35,1.67,0.0,1,0.064,1.6,1.5,0.05,0.01,0,0.0
2,0.03,0.0,23.0,2.6667,1,2,90.0,2.8,3.45,1.17,0.0,6,0.066,2.8,1.5,0.03,0.008,1,0.0
2,0.21,0.12,9.0,2.6667,0,3,90.0,2.3,1.35,0.83,0.0,1,0.106,2.3,1.5,0.21,0.03,0,0.12
2,0.0,0.0,22.0,4.3333,1,2,90.0,1.2,3.3,2.37,0.0,6,0.094,1.2,1.5,0.0,0.028,0,0.0
2,0.0536,0.0107,9.6429,2.6667,0,2,88.8,2.1,1.4464,2.0036,0.0,1,0.0689,2.25,1.5,0.05,0.0264,0,0.01
2,0.14,0.03,25.0,4.6667,0,4,88.8,9.3,3.75,1.51,0.0,7,0.0872,9.3,1.5,0.14,0.0324,0,0.03
2,0.0,0.02,14.0,3.3333,1,2,88.8,2.5,2.1,0.59,0.0,2,0.0811,2.5,1.5,0.0,0.0365,0,0.02
2,0.0,0.0,28.0,5.0,0,3,88.8,2.2,4.2,0.93,0.0,6,0.0385,2.2,1.5,0.0,0.0122,1,0.0
2,0.0,0.0,13.0,2.6667,1,2,88.8,3.1,1.95,1.02,0.0,0,0.0385,3.1,1.5,0.0,0.0122,0,0.0
4,1.0286,0.0321,90.0,7.0,1,3,28.0,7.1,0.0,1.35,0.0,7,1.0286,22.8214,1.5,0.32,0.0321,0,0.01
4,0.0,0.0,16.3636,4.0,0,3,19.5,0.1,0.0,0.4909,0.0,1,0.7385,0.8182,1.5,0.0,0.0231,0,0.0
4,0.5838,0.0243,0.0,3.0,1,4,25.3333,3.8,0.0,1.3622,0.0,1,0.6632,9.2432,1.5,0.24,0.0237,0,0.01
4,0.0468,0.0468,9.3506,1.3333,1,2,38.25,5.9,0.0,0.6429,0.0,2,0.3529,6.8961,1.5,0.04,0.0353,0,0.04
4,0.14,0.0,2.0,1.3333,0,3,39.6,0.4,0.0,1.66,0.0,1,0.3045,0.8,1.5,0.07,0.0273,0,0.0
4,0.0,0.0,32.1429,1.3333,1,3,36.8,0.3,0.0,2.3143,0.0,1,0.1712,1.9286,1.5,0.0,0.0245,0,0.0
4,0.0,0.0,-11.25,0.6667,0,3,37.8,0.1,0.0,5.4,0.0,0,0.1667,0.5625,1.5,0.0,0.0238,0,0.0
4,0.0,0.0,-6.4286,0.3333,1,2,33.2,0.0,0.0,0.9,0.0,0,0.0596,0.0,1.5,0.0,0.0217,1,0.0
4,0.0,0.0,180.0,0.3333,0,2,18.0,0.0,0.0,0.0,0.0,1,0.07,0.0,1.5,0.0,0.0,0,0.0
4,0.0,0.0,24.5455,0.6667,1,2,11.2,0.0,0.0,0.5727,0.0,1,0.0,0.0,1.5,0.0,0.0,0,0.0
4,4.0,0.0,135.0,2.3333,1,3,12.0,5.1,0.0,1.8,0.0,5,1.2,25.5,1.5,0.8,0.0,0,0.0
4,0.4154,0.1385,3.4615,2.3333,1,4,14.0,5.3,0.0,0.45,0.0,1,1.1829,18.3462,1.5,0.12,0.0514,1,0.04
4,0.0,0.1125,33.75,2.3333,0,4,12.8,0.1,0.0,0.675,0.0,1,1.2938,1.125,1.5,0.0,0.0703,0,0.01
3,0.07,0.2,13.0,3.0,0,3,90.0,4.9,1.3,2.73,0.0,3,0.07,4.9,1.5,0.07,0.2,1,0.2
3,0.05,0.14,8.0,2.5,1,2,90.0,5.8,0.8,3.8,0.0,2,0.06,5.8,1.5,0.05,0.17,1,0.14
3,0.0386,0.0,6.4286,2.3333,0,2,83.3333,0.1,0.6429,2.9829,0.0,2,0.054,0.1286,1.5,0.03,0.1224,0,0.0
3,0.0,0.0,4.5,2.0,0,2,82.5,0.1,0.45,2.3288,0.0,2,0.0409,0.1125,1.5,0.0,0.0927,0,0.0
3,0.1125,0.0675,12.375,2.3333,1,3,82.0,3.1,1.2375,0.9675,0.0,3,0.0549,3.4875,1.5,0.1,0.0878,1,0.06
3,0.3273,0.1636,57.2727,2.0,0,2,66.2,1.6,5.7273,0.4909,0.0,1,0.0598,13.0909,1.5,0.04,0.0598,0,0.02
3,0.0,0.017,0.0,1.6667,1,4,58.8,0.9,0.0,1.9868,0.0,1,0.052,1.5283,1.5,0.0,0.0276,0,0.01
3,0.225,1.35,30.0,1.0,1,3,47.2,1.1,3.0,0.15,0.0,1,0.0648,8.25,1.5,0.03,0.103,0,0.18
3,0.9964,0.675,25.7143,1.0,0,3,36.8,3.2,2.5714,0.7393,0.0,1,0.2348,10.2857,1.5,0.31,0.2348,0,0.21
3,0.0,0.1687,33.75,1.6667,0,2,27.2,4.4,3.375,1.9969,0.0,3,0.2515,12.375,1.5,0.0,0.3176,0,0.06
3,0.1719,0.1921,3.0337,2.0,1,3,42.8,2.8,0.3034,0.5663,0.0,2,0.2145,2.8315,1.5,0.17,0.2734,0,0.19
3,0.1,0.28,2.0,2.0,0,2,41.2,1.2,0.2,4.0,0.0,1,0.2447,2.4,1.5,0.05,0.3408,0,0.14
3,0.0,0.0,70.7143,2.3333,1,3,41.6,0.6,7.0714,0.9,0.0,4,0.2293,3.8571,1.5,0.0,0.2596,0,0.0
3,0.3541,0.0295,35.4098,4.0,0,3,48.2,8.2,3.541,1.4016,0.0,7,0.1718,12.0984,1.5,0.24,0.1531,0,0.02
3,0.1333,0.4333,56.6667,5.0,1,3,47.2,3.5,5.6667,0.6333,0.0,4,0.1907,11.6667,1.5,0.04,0.1831,0,0.13
3,0.8,0.48,62.0,6.6667,1,3,38.4,9.7,6.2,1.88,0.0,9,0.3422,19.4,1.5,0.4,0.2484,0,0.24
3,0.0,0.02,8.0,5.0,0,2,47.4,2.4,0.8,3.97,0.0,2,0.2582,2.4,1.5,0.0,0.1557,0,0.02
3,0.18,0.04,9.0,4.3333,1,3,62.6,5.4,0.9,0.41,0.0,2,0.2473,5.4,1.5,0.18,0.1294,0,0.04
3,0.0,0.0,10.5882,1.6667,0,3,53.8,0.2,1.0588,1.3765,0.0,1,0.2074,1.0588,1.5,0.0,0.1439,0,0.0
3,0.27,0.0,36.0,1.3333,1,3,50.4,0.7,3.6,0.54,0.0,1,0.2179,6.3,1.5,0.03,0.1071,0,0.0
3,0.1571,0.0143,4.2857,1.0,0,2,54.0,4.3,0.4286,2.6429,0.0,1,0.1067,6.1429,1.5,0.11,0.0233,0,0.01
3,0.0,0.0,3.4615,0.6667,1,4,41.2,0.4,0.3462,1.9038,0.0,0,0.1398,1.3846,1.5,0.0,0.0218,0,0.0
3,0.0692,1.3846,13.8462,0.3333,1,3,28.4,5.5,1.3846,0.2769,0.0,0,0.1014,19.0385,1.5,0.02,0.2599,0,0.4
3,0.0788,0.0562,3.375,0.6667,0,3,41.0,1.1,0.3375,0.81,0.0,2,0.101,1.2375,1.5,0.07,0.202,0,0.05
3,0.4663,0.0976,44.4578,5.3333,1,3,55.6,11.8,4.4458,1.2145,0.0,14,0.204,12.7952,1.5,0.43,0.1781,0,0.09
3,0.6913,0.0522,1.3043,6.0,0,2,56.8,1.3,0.1304,0.7043,0.0,2,0.3327,1.6957,1.5,0.53,0.1838,0,0.04
3,0.55,0.15,15.0,5.6667,1,2,55.2,3.5,1.5,1.45,0.0,1,0.3783,17.5,1.5,0.11,0.1989,0,0.03
3,0.4781,0.0281,5.625,1.3333,0,4,56.4,0.8,0.5625,1.9969,0.0,1,0.4181,2.25,1.5,0.17,0.0702,0,0.01
3,0.0,0.54,21.6,1.0,1,2,45.4,2.6,2.16,1.44,0.0,1,0.4916,9.36,1.5,0.0,0.1269,0,0.15
3,0.0,0.0562,16.875,1.0,0,3,32.0,0.4,1.6875,0.1125,0.0,1,0.4556,2.25,1.5,0.0,0.135,0,0.01
3,0.1895,0.0947,4.7368,1.0,1,4,22.0,2.1,0.4737,0.5684,0.0,1,0.2618,9.9474,1.5,0.04,0.18,0,0.02
3,1.44,0.0,54.0,1.0,1,3,19.4,0.2,5.4,2.52,0.0,1,0.2691,3.6,1.5,0.08,0.1763,0,0.0
3,0.0,0.9,270.0,1.0,0,3,13.2,0.1,27.0,1.8,0.0,1,0.1636,9.0,1.5,0.0,0.2591,0,0.01
3,0.0,0.0562,16.875,1.0,1,4,11.4,0.3,1.6875,5.0062,0.0,1,0.1895,1.6875,1.5,0.0,0.0789,1,0.01
3,0.15,0.14,48.0,5.6667,0,3,26.2,12.9,4.8,2.11,0.0,15,0.1855,12.9,1.5,0.15,0.1237,0,0.14
2,0.0,0.02,7.0,1.0,0,3,90.0,2.3,1.05,1.28,0.0,1,0.0,2.3,1.5,0.0,0.02,0,0.02
2,0.156,0.144,21.6,1.5,1,3,82.5,9.4,3.24,0.54,0.0,2,0.0709,11.28,1.5,0.13,0.0764,0,0.12
2,0.0,0.22,8.0,1.3333,0,2,85.0,3.2,1.2,2.0,0.0,1,0.0459,3.2,1.5,0.0,0.1271,0,0.22
2,0.0761,0.2282,53.2394,5.0,1,2,81.5,10.7,7.9859,0.7225,0.0,12,0.0525,13.5634,1.5,0.06,0.1491,0,0.18
2,0.0,0.225,16.875,4.6667,0,3,68.4,1.8,2.5312,3.7125,0.0,1,0.05,10.125,1.5,0.0,0.1526,0,0.04
2,0.0,0.0228,21.6456,4.6667,0,2,66.2,2.1,3.2468,2.062,0.0,1,0.0517,2.3924,1.5,0.0,0.1577,1,0.02
2,0.18,0.09,26.0,2.6667,1,2,69.2,4.4,3.9,0.13,0.0,6,0.0624,4.4,1.5,0.18,0.1431,0,0.09
2,0.0716,0.1636,21.4773,4.0,1,2,68.8,3.2,3.2216,0.3784,0.0,5,0.0811,3.2727,1.5,0.07,0.1282,0,0.16
2,0.05,0.69,21.0,4.3333,0,3,72.6,10.9,3.15,0.81,0.0,2,0.0744,10.9,1.5,0.05,0.2479,1,0.69
2,0.0,0.273,28.3146,4.6667,1,3,87.2,4.2,4.2472,1.5775,0.0,7,0.0619,4.2472,1.5,0.0,0.2539,0,0.27
2,0.03,0.01,24.0,5.6667,0,4,89.4,7.2,3.6,1.35,0.0,8,0.0664,7.2,1.5,0.03,0.2456,0,0.01
2,0.23,0.3,41.0,9.3333,1,2,89.4,10.6,6.15,1.22,0.0,13,0.0765,10.6,1.5,0.23,0.2879,0,0.3
2,0.02,0.4,50.0,11.0,0,3,89.8,15.2,7.5,0.66,0.0,12,0.0661,15.2,1.5,0.02,0.3347,1,0.4
2,0.0,0.42,26.0,9.6667,0,3,89.8,11.5,3.9,1.74,0.0,4,0.0561,11.5,1.5,0.0,0.2806,0,0.42
2,0.23,0.42,39.0,8.3333,1,2,90.0,12.2,5.85,0.63,0.0,9,0.102,12.2,1.5,0.23,0.31,1,0.42
2,0.41,0.11,20.0,6.0,1,2,90.0,8.4,3.0,0.8,0.0,5,0.178,8.4,1.5,0.41,0.33,0,0.11
2,0.01,0.4,36.0,7.3333,0,3,90.0,8.8,5.4,0.76,0.0,8,0.134,8.8,1.5,0.01,0.35,0,0.4
2,0.53,0.23,10.0,4.3333,1,3,90.0,5.6,1.5,0.59,0.0,0,0.236,5.6,1.5,0.53,0.316,0,0.23
2,0.0,0.2455,24.5455,3.0,1,3,76.4,3.0,3.6818,0.7364,0.0,1,0.278,12.2727,1.5,0.0,0.2874,0,0.06
2,0.0,0.0947,6.3158,0.6667,0,4,69.8,2.6,0.9474,3.3158,0.0,1,0.245,4.1053,1.5,0.0,0.2218,0,0.06
2,0.06,0.58,48.0,2.0,1,4,60.8,5.8,7.2,0.82,0.0,4,0.1688,11.6,1.5,0.03,0.3079,0,0.29
2,0.0643,0.1714,17.1429,2.0,1,3,51.2,4.0,2.5714,1.3929,0.0,1,0.2074,8.5714,1.5,0.03,0.2531,0,0.08
2,0.0684,0.2392,31.8987,4.6667,0,2,49.0,6.8,4.7848,0.5582,0.0,9,0.0441,7.7468,1.5,0.06,0.2571,0,0.21
2,0.0217,0.2277,14.0964,3.6667,0,3,61.2,3.9,2.1145,1.1386,0.0,1,0.0412,4.2289,1.5,0.02,0.25,1,0.21
2,0.2338,0.5026,19.8701,3.6667,0,3,65.2,9.4,2.9805,0.7714,0.0,1,0.0939,10.987,1.5,0.2,0.3368,0,0.43
2,0.15,0.22,5.0,0.6667,1,2,74.2,7.5,0.75,1.16,0.0,0,0.1116,7.5,1.5,0.15,0.279,0,0.22
2,0.04,0.04,15.0,0.6667,0,3,83.8,5.0,2.25,3.36,0.0,1,0.101,5.0,1.5,0.04,0.2384,0,0.04
2,0.3857,0.18,39.8571,2.3333,1,2,82.0,7.1,5.9786,0.6557,0.0,6,0.1559,9.1286,1.5,0.3,0.2283,1,0.14
1,0.0,0.0,16.0,3.0,0,3,90.0,2.6,0.0,1.28,4.0,3,0.0,2.6,1.5,0.0,0.0,0,0.0
1,0.0,0.0,16.0,2.5,1,4,90.0,2.9,0.0,1.29,4.0,2,0.0,2.9,1.5,0.0,0.0,0,0.0
1,0.0,0.0,24.0,3.3333,0,3,90.0,5.0,0.0,2.0,7.0,5,0.0,5.0,1.5,0.0,0.0,0,0.0
1,0.0,0.0,32.0,5.0,1,3,90.0,2.9,0.0,0.66,3.0,8,0.0,2.9,1.5,0.0,0.0,1,0.0
1,0.0,0.0,14.0,5.0,0,4,90.0,0.9,0.0,0.63,1.0,2,0.0,0.9,1.5,0.0,0.0,0,0.0
1,0.0,0.0,21.0,4.3333,1,3,90.0,2.6,0.0,1.11,3.0,3,0.0,2.6,1.5,0.0,0.0,0,0.0
1,0.0,0.0,26.0,3.0,0,4,90.0,4.8,0.0,2.1,8.0,4,0.0,4.8,1.5,0.0,0.0,0,0.0
1,0.0,0.0,14.0,2.6667,0,2,90.0,1.2,0.0,2.3,1.0,1,0.0,1.2,1.5,0.0,0.0,0,0.0
1,0.0,0.0,29.0,4.3333,1,3,90.0,2.7,0.0,0.13,1.0,8,0.0,2.7,1.5,0.0,0.0,0,0.0
1,0.0,0.0,29.0,5.3333,1,3,90.0,1.5,0.0,0.45,1.0,7,0.0,1.5,1.5,0.0,0.0,0,0.0
1,0.0,0.0,23.0,7.0,0,4,90.0,2.9,0.0,0.81,4.0,6,0.0,2.9,1.5,0.0,0.0,0,0.0
1,0.0,0.0,27.0,6.6667,1,2,90.0,2.4,0.0,1.57,3.0,7,0.0,2.4,1.5,0.0,0.0,0,0.0
1,0.0,0.0,16.0,5.3333,0,3,90.0,2.8,0.0,1.35,4.0,3,0.0,2.8,1.5,0.0,0.0,0,0.0
1,0.0,0.0,14.0,4.3333,0,4,90.0,2.4,0.0,1.74,3.0,3,0.0,2.4,1.5,0.0,0.0,0,0.0
1,0.0,0.0,29.0,4.0,1,3,90.0,2.3,0.0,0.63,2.0,6,0.0,2.3,1.5,0.0,0.0,0,0.0
1,0.0,0.0,16.0,3.6667,1,3,90.0,1.5,0.0,0.8,1.0,2,0.0,1.5,1.5,0.0,0.0,0,0.0
1,0.0,0.0,24.0,4.6667,0,3,90.0,0.5,0.0,0.76,0.0,6,0.0,0.5,1.5,0.0,0.0,0,0.0
1,0.0,0.0,14.0,3.0,1,2,90.0,1.0,0.0,0.59,1.0,1,0.0,1.0,1.5,0.0,0.0,0,0.0
1,0.0,0.0,26.0,4.3333,0,2,90.0,1.1,0.0,1.39,1.0,6,0.0,1.1,1.5,0.0,0.0,0,0.0
1,0.0,0.0,17.0,3.0,1,3,90.0,1.4,0.0,0.56,2.0,2,0.0,1.4,1.5,0.0,0.0,0,0.0
1,0.0,0.0,16.0,3.3333,0,3,90.0,3.1,0.0,3.52,4.0,2,0.0,3.1,1.5,0.0,0.0,0,0.0
1,0.0,0.0,20.0,2.3333,1,3,90.0,2.7,0.0,1.87,3.0,3,0.0,2.7,1.5,0.0,0.0,1,0.0
1,0.0,0.0,24.0,2.6667,0,3,90.0,3.3,0.0,0.8,4.0,3,0.0,3.3,1.5,0.0,0.0,0,0.0
1,0.0,0.0,17.0,2.6667,0,4,90.0,3.1,0.0,1.09,4.0,2,0.0,3.1,1.5,0.0,0.0,0,0.0
1,0.0,0.0,20.0,2.6667,0,3,90.0,4.5,0.0,0.7,6.0,3,0.0,4.5,1.5,0.0,0.0,0,0.0
1,0.0,0.0,19.0,2.3333,1,3,90.0,2.8,0.0,1.16,4.0,2,0.0,2.8,1.5,0.0,0.0,1,0.0
1,0.0,0.0,10.0,2.0,0,3,90.0,1.7,0.0,3.36,2.0,1,0.0,1.7,1.5,0.0,0.0,0,0.0
1,0.0,0.0,22.0,3.0,1,4,90.0,1.5,0.0,0.56,2.0,6,0.0,1.5,1.5,0.0,0.0,0,0.0
3,0.0,0.0,10.8,1.0,1,2,25.0,0.8,1.08,3.168,0.0,1,0.0,2.88,1.5,0.0,0.0,0,0.0
4,0.15,0.075,11.25,1.0,0,2,24.0,1.2,0.0,0.9,0.0,1,0.15,4.5,1.5,0.04,0.075,0,0.02
4,0.0,0.0,112.5,1.0,1,3,14.0,0.2,0.0,6.3,0.0,1,0.1286,4.5,1.5,0.0,0.0643,0,0.0
4,3.6,0.6231,346.1538,4.3333,0,4,13.6667,10.2,0.0,2.7692,0.0,11,1.2293,70.6154,1.5,0.52,0.2415,0,0.09
4,1.6031,0.0141,22.5,6.6667,1,3,26.25,5.1,0.0,0.8016,0.0,8,1.4571,7.1719,1.5,1.14,0.1029,1,0.01
4,0.45,0.6088,-5.2941,6.6667,0,3,27.8,2.9,0.0,0.6088,0.0,1,1.2108,7.6765,1.5,0.17,0.2266,0,0.23
4,1.0012,0.0112,25.875,5.0,1,3,39.0,9.4,0.0,1.2262,0.0,6,1.2554,10.575,1.5,0.89,0.1569,0,0.01
4,0.11,0.38,14.0,4.0,0,3,56.2,7.2,0.0,2.3,0.0,5,0.9064,7.2,1.5,0.11,0.2306,1,0.38
4,0.0643,0.2571,54.6429,5.0,1,2,59.2,5.1,0.0,0.0964,0.0,4,0.7084,16.3929,1.5,0.02,0.2159,1,0.08
4,1.3101,0.0228,33.038,6.3333,1,3,62.2,13.4,0.0,0.1481,0.0,10,0.6772,15.2658,1.5,1.15,0.2084,0,0.02
4,0.9,0.01,-4.0,5.3333,0,3,73.4,8.9,0.0,0.81,0.0,2,0.7529,8.9,1.5,0.9,0.1226,0,0.01
4,0.21,0.11,19.0,5.6667,1,2,75.4,9.9,0.0,1.57,0.0,5,0.5706,9.9,1.5,0.21,0.1432,0,0.11
4,0.4607,0.0321,-5.3571,2.6667,0,4,74.2,4.5,0.0,1.1464,0.0,1,0.6574,4.8214,1.5,0.43,0.0606,0,0.03
4,0.31,0.06,-2.0,2.6667,1,4,86.6,4.8,0.0,1.22,0.0,2,0.6236,4.8,1.5,0.31,0.0478,0,0.06
4,1.3304,0.2348,27.3913,2.0,0,4,75.4,5.0,0.0,1.6043,0.0,3,0.5228,19.5652,1.5,0.34,0.0645,0,0.06
4,0.5918,0.0123,-1.2329,2.3333,0,3,72.0,1.3,0.0,1.726,0.0,2,0.4425,1.6027,1.5,0.48,0.0675,1,0.01
4,0.2688,0.4091,2.3377,2.0,1,3,69.4,7.4,0.0,0.7364,0.0,1,0.4643,8.6494,1.5,0.23,0.1323,0,0.35
4,0.1636,0.0818,24.5455,1.3333,1,4,57.0,0.9,0.0,0.3682,0.0,1,0.4421,3.6818,1.5,0.04,0.1579,0,0.02
4,0.0976,0.1084,34.6988,3.3333,0,2,55.6,10.3,0.0,0.6506,0.0,8,0.382,11.1687,1.5,0.09,0.1748,1,0.1
4,2.3857,0.8857,8.5714,4.6667,1,3,63.6,16.4,0.0,0.4571,0.0,5,0.7104,23.4286,1.5,1.67,0.3113,0,0.62
4,0.86,0.4,52.0,8.0,0,4,67.0,19.3,0.0,1.39,0.0,11,0.7764,19.3,1.5,0.86,0.4003,0,0.4
4,1.45,0.29,-1.0,6.0,1,3,69.6,13.2,0.0,0.56,0.0,2,1.0629,13.2,1.5,1.45,0.3698,0,0.29
4,0.0562,0.0,0.0,4.3333,0,3,71.6,1.0,0.0,3.9938,0.0,0,1.0282,2.8125,1.5,0.02,0.3545,1,0.0
4,0.9,0.44,25.0,2.6667,1,4,73.0,14.0,0.0,1.33,0.0,6,1.2082,14.0,1.5,0.9,0.4315,1,0.44
4,1.22,0.02,52.0,3.6667,0,3,69.4,6.0,0.0,0.78,0.0,5,0.996,12.0,1.5,0.61,0.2957,0,0.01
4,2.13,0.03,81.0,5.3333,0,3,57.4,7.8,0.0,1.26,0.0,5,1.1571,23.4,1.5,0.71,0.2352,0,0.01
4,0.468,0.156,7.2,5.0,1,3,54.4,3.0,0.0,1.848,0.0,5,0.8702,3.6,1.5,0.39,0.1952,1,0.13
4,0.2744,0.0329,7.6829,4.0,1,3,64.4,8.9,0.0,0.2634,0.0,2,0.7994,9.7683,1.5,0.25,0.1733,0,0.03
4,0.62,0.03,20.0,4.3333,1,3,64.4,9.6,0.0,0.59,0.0,6,0.7211,9.6,1.5,0.62,0.0587,1,0.03
4,0.4701,0.806,14.7761,4.3333,0,2,68.8,7.7,0.0,0.4299,0.0,5,0.607,10.3433,1.5,0.35,0.2093,1,0.6
4,0.3462,0.1108,4.1538,4.3333,1,3,75.8,6.2,0.0,1.8,0.0,2,0.4417,8.5846,1.5,0.25,0.2066,0,0.08
4,0.0,0.0,0.0,2.6667,0,3,64.0,0.4,0.0,1.7438,0.0,1,0.4134,2.25,1.5,0.0,0.2081,1,0.0
4,0.6,0.13,2.0,1.3333,0,3,65.6,6.7,0.0,1.09,0.0,1,0.4994,6.7,1.5,0.6,0.2305,1,0.13
4,0.0,0.0,32.7273,1.0,0,3,49.8,1.4,0.0,0.3273,0.0,1,0.4337,11.4545,1.5,0.0,0.2928,0,0.0
4,2.16,0.0,-18.0,1.0,1,4,39.4,1.1,0.0,2.58,0.0,1,0.5528,6.6,1.5,0.36,0.0959,0,0.0
4,0.18,0.0,12.0,1.0,0,3,29.4,1.3,0.0,3.12,0.0,1,0.6061,7.8,1.5,0.03,0.0796,0,0.0
4,0.4263,0.0474,4.7368,1.0,1,2,30.0,0.7,0.0,0.2368,0.0,1,0.648,3.3158,1.5,0.09,0.084,0,0.01
3,0.0969,0.0138,4.1538,1.0,0,2,65.0,2.6,0.4154,1.44,0.0,1,0.0969,3.6,1.5,0.07,0.0138,1,0.01
3,0.828,0.144,39.6,6.5,1,3,70.0,16.1,3.96,0.54,0.0,12,0.4886,19.32,1.5,0.69,0.0836,0,0.12
3,0.0,0.3938,33.75,5.6667,0,3,57.3333,2.4,3.375,2.1094,0.0,4,0.3977,6.75,1.5,0.0,0.1413,0,0.14
3,0.0,0.036,14.4,5.6667,1,4,49.25,0.5,1.44,0.288,0.0,1,0.3472,1.8,1.5,0.0,0.1279,0,0.01
3,0.2291,0.1636,9.8182,2.0,0,3,50.4,1.7,0.9818,0.6545,0.0,1,0.3214,2.7818,1.5,0.14,0.1357,0,0.1
3,4.6,0.0,190.0,2.6667,1,2,39.2,7.1,19.0,0.2,0.0,6,0.5923,71.0,1.5,0.46,0.1699,0,0.0
3,0.0,0.0,-43.0435,1.6667,0,4,28.8,0.0,-4.3043,6.7304,0.0,-2,0.375,0.0,1.5,0.0,0.1562,0,0.0
3,0.12,0.08,9.0,2.3333,1,2,40.4,9.6,0.9,0.13,0.0,3,0.3208,9.6,1.5,0.12,0.0847,0,0.08
3,1.5,0.0632,37.8947,2.3333,1,3,46.8,10.8,3.7895,0.2053,0.0,6,0.6423,17.0526,1.5,0.95,0.0846,0,0.04
3,0.3185,0.0831,6.9231,4.0,0,2,48.8,4.4,0.6923,0.5123,0.0,3,0.6492,6.0923,1.5,0.23,0.0664,0,0.06
3,0.1518,0.0434,29.2771,5.6667,1,2,63.6,8.6,2.9277,1.6265,0.0,8,0.4075,9.3253,1.5,0.14,0.0623,0,0.04
3,0.0,0.0,0.0,4.0,0,4,69.6,1.7,0.0,0.9509,0.0,1,0.3724,2.8868,1.5,0.0,0.0569,0,0.0
3,1.2,0.15,300.0,5.0,0,2,52.8,7.1,30.0,2.4,0.0,6,0.4773,106.5,1.5,0.08,0.0511,0,0.01
3,0.7615,2.0423,83.0769,4.6667,1,3,46.6,5.4,8.3077,0.9346,0.0,7,0.2588,18.6923,1.5,0.22,0.2704,0,0.59
3,0.14,0.39,55.0,10.6667,0,4,51.6,15.3,5.5,0.95,0.0,19,0.2023,15.3,1.5,0.14,0.3593,1,0.39
3,0.5104,0.0672,36.2687,11.3333,1,3,48.4,8.7,3.6269,0.5104,0.0,8,0.305,11.6866,1.5,0.38,0.3868,0,0.05
3,0.0,0.03,3.0,9.6667,0,3,55.8,4.1,0.3,3.52,0.0,2,0.2645,4.1,1.5,0.0,0.3452,0,0.03
3,0.46,0.03,23.0,5.6667,1,4,72.6,13.4,2.3,1.33,0.0,7,0.2975,13.4,1.5,0.46,0.2702,0,0.03
3,0.6907,0.0209,25.1163,4.3333,0,3,76.0,8.6,2.5116,0.8163,0.0,4,0.3103,18.0,1.5,0.33,0.1208,0,0.01
3,1.8375,0.0375,7.5,4.0,1,3,62.8,2.8,0.75,2.1375,0.0,1,0.4758,10.5,1.5,0.49,0.0373,0,0.01
3,0.4192,0.037,38.2192,5.6667,0,3,64.0,10.5,3.8219,0.6041,0.0,12,0.4556,12.9452,1.5,0.34,0.0309,0,0.03
3,0.0,0.0692,41.5385,1.0,0,3,13.0,2.2,4.1538,0.9692,0.0,1,0.0,15.2308,1.5,0.0,0.0692,0,0.01
3,0.0,0.0,12.8571,1.0,1,3,13.5,0.2,1.2857,5.4,0.0,1,0.0,1.2857,1.5,0.0,0.0333,0,0.0
3,0.0,0.0281,8.4375,1.0,0,4,19.6667,0.4,0.8438,2.1094,0.0,1,0.0,1.125,1.5,0.0,0.0305,0,0.01
3,0.1038,0.1038,13.8462,1.0,1,3,21.25,0.7,1.3846,0.2769,0.0,1,0.0318,2.4231,1.5,0.03,0.0529,0,0.03
3,0.2382,0.3706,34.4118,1.6667,0,3,23.8,2.5,3.4412,0.6088,0.0,3,0.0908,6.6176,1.5,0.09,0.1437,0,0.14
3,0.0,0.04,4.0,1.6667,0,2,30.2,1.6,0.4,1.28,0.0,1,0.0715,3.2,1.5,0.0,0.1192,1,0.02
3,0.0643,0.1286,32.1429,1.6667,1,4,33.0,2.0,3.2143,0.0964,0.0,1,0.0764,6.4286,1.5,0.02,0.1309,0,0.04
3,0.4065,0.029,8.7097,1.0,1,3,32.8,0.9,0.871,0.929,0.0,1,0.1537,2.6129,1.5,0.14,0.1317,0,0.01
3,0.075,2.9625,63.75,2.0,0,4,32.4,5.7,6.375,1.6875,0.0,4,0.15,21.375,1.5,0.02,0.5556,0,0.79
3,0.2571,0.0,25.7143,2.0,1,2,27.0,1.0,2.5714,0.9,0.0,1,0.1333,12.8571,1.5,0.02,0.5733,0,0.0
3,0.0,0.0,54.0,2.0,0,4,19.0,0.0,5.4,5.22,0.0,1,0.1895,0.0,1.5,0.0,0.7958,1,0.0
3,0.1174,0.7826,19.5652,1.0,0,3,18.0,2.4,1.9565,1.6043,0.0,1,0.21,9.3913,1.5,0.03,1.0,1,0.2
3,0.3938,0.2812,129.375,2.6667,0,2,15.0,4.8,12.9375,1.9687,0.0,6,0.168,27.0,1.5,0.07,1.248,1,0.05
3,0.15,0.0,22.5,2.6667,1,2,12.6,1.5,2.25,0.0,0.0,1,0.2,11.25,1.5,0.02,0.3571,0,0.0
3,0.0818,0.0818,32.7273,2.6667,1,3,15.6,2.0,3.2727,0.3682,0.0,1,0.1615,8.1818,1.5,0.02,0.3115,0,0.02
3,0.1364,0.3273,23.1818,1.6667,0,3,27.8,5.8,2.3182,0.6,0.0,3,0.1554,7.9091,1.5,0.1,0.3302,0,0.24
3,0.2429,0.0857,24.2857,2.3333,0,3,35.8,2.4,2.4286,0.5143,0.0,3,0.1911,3.4286,1.5,0.17,0.186,0,0.06
3,0.1714,0.0,30.0,2.3333,1,2,36.8,2.7,3.0,0.7714,0.0,1,0.1712,11.5714,1.5,0.04,0.1565,0,0.0
3,0.0,0.0562,5.625,1.6667,0,2,40.8,0.5,0.5625,3.9938,0.0,1,0.1456,1.4062,1.5,0.0,0.15,1,0.02
3,0.08,0.76,56.0,4.0,1,2,45.4,3.9,5.6,1.84,0.0,10,0.1388,7.8,1.5,0.04,0.2775,0,0.38
3,1.2857,0.1286,51.4286,4.0,0,4,33.6,1.3,5.1429,12.2143,0.0,1,0.1875,16.7143,1.5,0.1,0.2518,0,0.01
3,0.29,0.4,40.0,7.0,1,4,39.0,21.5,4.0,1.03,0.0,10,0.2169,21.5,1.5,0.29,0.3738,0,0.4
3,0.06,0.204,14.4,4.6667,0,4,49.8,3.9,1.44,1.044,0.0,3,0.1735,4.68,1.5,0.05,0.3542,0,0.17
3,0.08,0.16,13.0,5.0,1,3,61.4,3.8,1.3,1.61,0.0,2,0.1642,3.8,1.5,0.08,0.3283,0,0.16
3,0.3857,0.1286,25.7143,2.0,1,4,53.8,0.9,2.5714,2.5714,0.0,1,0.184,11.5714,1.5,0.03,0.2509,0,0.01
3,0.0,0.87,33.0,1.3333,1,2,58.4,5.6,3.3,0.0,0.0,1,0.1387,16.8,1.5,0.0,0.3175,0,0.29
3,0.1714,0.3,51.4286,2.0,0,4,44.6,4.1,5.1429,1.6714,0.0,4,0.0807,17.5714,1.5,0.04,0.2825,1,0.07
3,1.4625,0.1125,56.25,2.0,1,2,31.2,4.3,5.625,0.0,0.0,1,0.1615,48.375,1.5,0.13,0.3115,0,0.01
3,0.24,0.04,19.0,3.3333,0,4,31.2,4.3,1.9,0.8,0.0,5,0.2538,4.3,1.5,0.24,0.2423,0,0.04
3,0.2,0.2,16.6667,2.3333,0,2,35.2,2.8,1.6667,1.1,0.0,1,0.2403,9.3333,1.5,0.06,0.2403,0,0.06
3,0.28,0.07,7.0,2.6667,0,3,47.2,5.2,0.7,0.7,0.0,2,0.286,5.2,1.5,0.28,0.0953,0,0.07
3,0.3732,0.8122,51.5854,5.0,1,2,59.4,18.3,5.1585,1.1524,0.0,12,0.3182,20.0854,1.5,0.34,0.2788,0,0.74
3,0.0,0.2432,25.5405,6.0,0,2,72.6,5.4,2.5541,3.4541,0.0,4,0.2281,6.5676,1.5,0.0,0.2752,0,0.2
3,0.3038,0.4838,32.625,7.3333,1,3,70.6,12.9,3.2625,0.5738,0.0,6,0.2422,14.5125,1.5,0.27,0.3824,0,0.43
4,0.0,0.0692,6.9231,2.0,0,3,65.0,2.1,0.0,1.44,0.0,2,0.0,2.9077,1.5,0.0,0.0692,0,0.05
4,0.3484,0.0581,14.5161,2.0,1,3,63.5,2.8,0.0,0.2758,0.0,2,0.1701,4.0645,1.5,0.24,0.0638,0,0.04
4,0.0,0.0,3.1579,1.6667,0,2,61.3333,1.9,0.0,1.9737,0.0,1,0.1174,3.0,1.5,0.0,0.044,0,0.0
4,0.0,0.036,3.6,1.3333,1,2,52.25,0.3,0.0,0.288,0.0,1,0.1033,1.08,1.5,0.0,0.0431,1,0.01
4,1.7673,0.0164,39.2727,2.6667,0,2,52.8,7.8,0.0,0.6545,0.0,6,0.45,12.7636,1.5,1.08,0.0375,0,0.01
4,2.4,0.0,-10.0,2.6667,1,3,41.6,3.0,0.0,0.2,0.0,1,0.675,30.0,1.5,0.24,0.026,1,0.0
4,0.86,0.1,54.0,4.6667,0,3,38.2,8.8,0.0,2.14,0.0,7,0.8246,17.6,1.5,0.43,0.033,0,0.05
4,0.0844,0.0562,5.625,3.0,1,2,33.2,0.6,0.0,0.9,0.0,1,0.9651,1.6875,1.5,0.03,0.0488,0,0.02
4,2.25,0.1125,-3.75,3.0,0,3,33.0,1.1,0.0,1.6875,0.0,1,1.2982,4.125,1.5,0.6,0.06,0,0.03
4,0.0549,0.0439,14.2683,1.3333,1,2,38.4,2.5,0.0,1.6463,0.0,2,0.6328,2.7439,1.5,0.05,0.0656,0,0.04
4,0.0,0.0,10.5882,1.3333,0,3,40.0,0.3,0.0,3.3882,0.0,1,0.4995,1.5882,1.5,0.0,0.063,0,0.0
4,0.0692,0.1038,6.9231,1.3333,1,3,36.2,1.5,0.0,0.7615,0.0,1,0.3481,5.1923,1.5,0.02,0.0597,0,0.03
4,0.0,0.0318,10.5882,1.3333,0,2,46.8,3.0,0.0,0.2647,0.0,2,0.2577,3.1765,1.5,0.0,0.05,0,0.03
4,0.0,0.0818,0.0,1.3333,0,3,48.6,1.0,0.0,3.3,0.0,1,0.0259,2.7273,1.5,0.0,0.0481,0,0.03
4,0.9931,0.2172,-3.1034,1.3333,1,3,38.0,2.9,0.0,1.1172,0.0,1,0.1611,9.0,1.5,0.32,0.0758,0,0.07
4,0.0,0.0537,4.0299,1.3333,1,2,48.0,3.3,0.0,0.9537,0.0,2,0.1275,4.4328,1.5,0.0,0.075,1,0.04
4,0.9409,0.0545,25.9091,2.6667,0,3,56.0,11.8,0.0,0.6,0.0,5,0.3246,16.0909,1.5,0.69,0.0675,0,0.04
4,2.5615,0.0346,110.7692,4.0,1,3,44.2,7.3,0.0,0.9346,0.0,5,0.7127,25.2692,1.5,0.74,0.0774,0,0.01
4,0.0,0.3115,45.0,4.6667,0,3,42.8,2.9,0.0,3.5308,0.0,4,0.736,10.0385,1.5,0.0,0.1051,0,0.09
4,0.2864,0.2045,4.0909,3.3333,1,3,41.4,1.7,0.0,0.7364,0.0,1,0.6522,6.9545,1.5,0.07,0.1,1,0.05
4,0.0632,0.0158,3.1579,2.0,0,2,39.4,0.4,0.0,3.3158,0.0,1,0.7036,0.6316,1.5,0.04,0.0914,1,0.01
4,0.0,0.225,33.75,1.0,1,2,27.8,0.2,0.0,0.0,0.0,1,0.5504,2.25,1.5,0.0,0.1165,0,0.02
4,1.1,0.02,76.0,4.3333,0,2,31.6,8.8,0.0,2.6,0.0,11,0.3759,17.6,1.5,0.55,0.1025,0,0.01
4,0.84,0.04,28.0,6.0,1,3,44.4,16.3,0.0,1.03,0.0,6,0.6081,16.3,1.5,0.84,0.0527,1,0.04
4,0.1952,0.0217,3.253,6.3333,0,2,56.6,1.2,0.0,0.9976,0.0,2,0.512,1.3012,1.5,0.18,0.0318,0,0.02
4,0.0,0.0,12.8571,3.0,1,3,48.0,0.3,0.0,0.45,0.0,1,0.5888,1.9286,1.5,0.0,0.0338,0,0.0
4,0.0,0.9,-90.0,1.0,1,4,46.6,0.3,0.0,4.5,0.0,0,0.6064,27.0,1.5,0.0,0.0309,0,0.01
4,1.2176,2.3294,180.0,3.0,1,2,41.0,11.0,0.0,0.0,0.0,8,0.5488,58.2353,1.5,0.23,0.2239,1,0.44
4,0.0,0.0409,8.1818,3.0,0,3,27.4,0.6,0.0,1.5955,0.0,1,0.2693,2.4545,1.5,0.0,0.3153,0,0.01
4,0.0,1.5375,63.75,3.3333,1,4,15.6,6.3,0.0,2.1375,0.0,1,0.2654,23.625,1.5,0.0,1.0038,0,0.41
4,0.1482,0.0953,26.4706,2.3333,0,3,29.8,11.5,0.0,0.6776,0.0,5,0.2235,12.1765,1.5,0.14,0.5799,0,0.09
4,0.46,0.08,11.0,2.6667,0,2,47.6,7.6,0.0,0.7,0.0,2,0.3139,7.6,1.5,0.46,0.3895,0,0.08
4,0.09,0.54,48.0,6.3333,1,4,62.2,11.8,0.0,1.16,0.0,12,0.1997,11.8,1.5,0.09,0.327,1,0.54
4,1.277,0.0243,32.8378,6.6667,0,3,72.6,7.1,0.0,3.4541,0.0,6,0.4314,8.6351,1.5,1.05,0.2826,0,0.02
4,1.1025,0.4162,7.875,6.6667,1,3,83.8,7.1,0.0,0.5738,0.0,2,0.5842,7.9875,1.5,0.98,0.2363,0,0.37
2,0.0,0.0,25.7143,1.0,1,2,14.0,0.4,3.8571,5.4,0.0,1,0.0,2.5714,1.5,0.0,0.0,1,0.0
2,0.0158,0.0,6.3158,1.0,0,4,35.5,1.7,0.9474,2.1158,0.0,1,0.0127,2.6842,1.5,0.01,0.0,0,0.0
2,0.05,0.01,24.0,2.6667,1,4,53.6667,2.7,3.6,0.66,0.0,6,0.0335,2.7,1.5,0.05,0.0056,0,0.01
2,0.0,0.06,16.0,3.0,0,2,62.75,4.4,2.4,0.63,0.0,2,0.0215,4.4,1.5,0.0,0.0251,0,0.06
2,0.0,0.03,16.0,3.3333,1,4,68.2,3.5,2.4,1.11,0.0,2,0.0158,3.5,1.5,0.0,0.0264,0,0.03
2,0.0,0.0125,10.0,2.0,0,3,79.8,1.8,1.5,1.8,0.0,2,0.0135,2.25,1.5,0.0,0.0248,0,0.01
2,0.0,0.0,27.0,1.3333,0,3,70.4,1.4,4.05,4.41,0.0,0,0.0128,12.6,1.5,0.0,0.0281,1,0.0
2,0.6,0.1,40.0,1.0,1,3,54.2,2.1,6.0,0.1,0.0,1,0.0199,21.0,1.5,0.06,0.0365,0,0.01
2,0.0,0.0,270.0,0.6667,1,3,36.4,0.1,40.5,6.3,0.0,1,0.0297,9.0,1.5,0.0,0.0247,1,0.0
2,0.4909,0.0136,30.0,3.0,0,2,31.6,4.5,4.5,0.5045,0.0,7,0.2392,6.1364,1.5,0.36,0.0171,0,0.01
2,0.0,0.108,10.8,3.0,1,3,22.2,0.5,1.62,0.792,0.0,1,0.3405,1.8,1.5,0.0,0.0405,0,0.03
2,0.07,0.02,25.0,4.6667,0,3,38.2,2.2,3.75,0.66,0.0,6,0.2309,2.2,1.5,0.07,0.033,0,0.02
2,0.0,0.12,18.0,2.3333,0,4,45.4,3.9,2.7,2.48,0.0,0,0.1705,7.8,1.5,0.0,0.0476,0,0.06
2,0.2172,0.0931,3.1034,2.3333,1,3,51.0,1.8,0.4655,1.1172,0.0,1,0.1765,5.5862,1.5,0.07,0.0529,0,0.03
2,0.0982,0.0,18.0,0.6667,1,2,48.8,6.2,2.7,0.4909,0.0,1,0.0738,10.1455,1.5,0.06,0.0516,0,0.0
2,0.01,0.02,26.0,2.6667,0,3,61.8,1.6,3.9,0.76,0.0,6,0.0612,1.6,1.5,0.01,0.0379,1,0.02
2,0.0,0.02,11.0,2.6667,1,4,61.8,2.6,1.65,0.59,0.0,1,0.0408,2.6,1.5,0.0,0.0379,0,0.02
2,0.02,0.18,37.0,5.6667,0,4,70.8,4.9,5.55,1.39,0.0,10,0.0407,4.9,1.5,0.02,0.0636,0,0.18
2,0.0,0.0397,38.3824,5.6667,1,3,78.6,4.2,5.7574,0.5029,0.0,6,0.0206,5.5588,1.5,0.0,0.0573,1,0.03
2,0.0,0.0107,3.2143,5.3333,0,4,84.4,1.6,0.4821,3.7286,0.0,0,0.0064,1.7143,1.5,0.0,0.0555,1,0.01
2,0.0,0.0,38.5714,2.3333,0,3,67.8,0.3,5.7857,12.2143,0.0,1,0.0053,3.8571,1.5,0.0,0.0637,0,0.0
2,0.04,0.03,11.0,0.6667,1,3,67.8,3.0,1.65,1.03,0.0,1,0.0159,3.0,1.5,0.04,0.0664,0,0.03
2,0.0,0.04,24.0,2.6667,0,2,67.8,4.2,3.6,1.05,0.0,6,0.0106,4.2,1.5,0.0,0.0292,0,0.04
2,0.04,0.03,20.0,3.0,1,3,72.2,1.9,3.0,1.61,0.0,2,0.0199,1.9,1.5,0.04,0.0274,0,0.03
2,0.0,0.07,8.0,3.0,1,2,73.4,3.1,1.2,0.44,0.0,1,0.0196,3.1,1.5,0.0,0.0417,0,0.07
2,0.0875,0.325,20.0,1.6667,1,2,86.4,4.2,3.0,0.7375,0.0,2,0.0313,5.25,1.5,0.07,0.0896,0,0.26
2,0.1125,0.225,26.25,1.3333,0,3,73.2,2.9,3.9375,1.65,0.0,1,0.0344,10.875,1.5,0.03,0.1131,0,0.06
2,0.0,0.0,27.0,1.3333,0,3,57.2,0.1,4.05,2.79,0.0,1,0.0441,0.9,1.5,0.0,0.1322,0,0.0
2,0.0,0.6,60.0,1.0,0,2,40.4,1.6,9.0,0.6,0.0,1,0.0446,24.0,1.5,0.0,0.1916,0,0.04
2,0.0,0.0,22.5,1.0,0,4,24.8,0.4,3.375,0.3,0.0,1,0.0726,3.0,1.5,0.0,0.2613,1,0.0
2,0.0,0.0,17.3077,0.6667,1,3,15.6,0.4,2.5962,3.0462,0.0,0,0.0346,1.3846,1.5,0.0,0.1154,0,0.0
2,0.13,0.01,27.0,1.6667,0,4,28.8,3.5,4.05,3.36,0.0,4,0.0812,3.5,1.5,0.13,0.0312,1,0.01
3,0.0,0.0375,3.75,1.0,0,4,24.0,0.6,0.375,0.9,0.0,1,0.0,2.25,1.5,0.0,0.0375,0,0.01
3,0.0,0.0143,15.7143,2.0,1,3,43.5,0.7,1.5714,0.8143,0.0,3,0.0,1.0,1.5,0.0,0.0207,0,0.01
3,0.0,0.03,12.0,1.6667,0,3,59.0,1.7,1.2,0.63,0.0,1,0.0,1.7,1.5,0.0,0.0254,1,0.03
3,0.0474,0.0355,14.2105,2.0,1,4,63.25,3.6,1.4211,1.2671,0.0,2,0.0142,4.2632,1.5,0.04,0.0285,0,0.03
3,0.252,0.0,-25.2,0.3333,0,3,55.6,0.1,-2.52,15.012,0.0,-2,0.0356,0.36,1.5,0.07,0.0259,0,0.0
3,0.0,0.017,3.3962,0.3333,0,3,61.4,0.7,0.3396,0.9509,0.0,1,0.0322,1.1887,1.5,0.0,0.0235,0,0.01
3,0.2613,0.1161,-2.9032,0.0,0,3,55.0,1.4,-0.2903,1.1903,0.0,1,0.0655,4.0645,1.5,0.09,0.036,0,0.04
3,0.0,0.5824,68.8235,2.0,0,3,40.4,3.5,6.8824,1.8529,0.0,4,0.0891,18.5294,1.5,0.0,0.0847,0,0.11
3,0.525,0.0,7.5,2.0,1,4,27.6,0.4,0.75,0.0,0.0,1,0.15,3.0,1.5,0.07,0.1043,1,0.0
3,0.0403,0.0537,16.1194,2.3333,1,3,36.0,2.5,1.6119,0.9537,0.0,2,0.095,3.3582,1.5,0.03,0.1,0,0.04
3,0.0,0.4875,0.0,1.3333,0,4,30.2,0.5,0.0,1.2,0.0,1,0.1132,1.875,1.5,0.0,0.1907,0,0.13
3,1.38,0.05,37.0,4.0,1,2,42.0,14.2,3.7,0.59,0.0,9,0.6343,14.2,1.5,1.38,0.1414,0,0.05
3,0.1098,0.0659,16.4634,4.3333,0,3,55.0,2.4,1.6463,0.4829,0.0,3,0.5171,2.6341,1.5,0.1,0.0916,1,0.06
3,0.0329,0.0329,14.2683,4.6667,1,2,69.0,4.4,1.4268,0.6146,0.0,2,0.4017,4.8293,1.5,0.03,0.0809,0,0.03
3,0.04,0.02,9.0,2.3333,0,2,73.6,1.8,0.9,3.52,0.0,2,0.3791,1.8,1.5,0.04,0.0709,0,0.02
3,0.05,0.19,18.0,2.0,1,4,86.8,5.9,1.8,1.33,0.0,2,0.3318,5.9,1.5,0.05,0.0726,0,0.19
3,0.0,0.0273,10.9091,1.6667,0,2,75.4,0.3,1.0909,0.8455,0.0,1,0.0525,0.8182,1.5,0.0,0.074,0,0.01
3,0.0,0.1588,58.2353,1.3333,1,3,62.4,2.1,5.8235,0.0,0.0,1,0.0346,11.1176,1.5,0.0,0.0808,0,0.03
3,0.0,0.1125,-11.25,0.6667,0,2,50.8,0.3,-1.125,1.65,0.0,0,0.0319,1.125,1.5,0.0,0.0992,0,0.03
3,0.8,0.1444,-3.3333,0.6667,1,3,49.0,3.6,-0.3333,2.0778,0.0,1,0.2829,4.0,1.5,0.72,0.1433,0,0.13
3,0.0871,0.0726,15.9677,1.0,0,3,43.4,2.3,1.5968,1.1032,0.0,2,0.3235,3.3387,1.5,0.06,0.1037,0,0.05
3,0.3857,0.0,6.4286,1.3333,0,3,39.6,2.3,0.6429,3.3429,0.0,1,0.3818,14.7857,1.5,0.06,0.1091,0,0.0
3,0.0,0.3,20.0,1.3333,1,4,38.0,1.7,2.0,0.5,0.0,1,0.3979,17.0,1.5,0.0,0.1137,0,0.03
1,0.0,0.0,16.0,1.0,1,3,90.0,1.9,0.0,1.22,2.0,1,0.0,1.9,1.5,0.0,0.0,0,0.0
1,0.0,0.0,25.0,3.5,0,3,90.0,1.3,0.0,0.66,1.0,6,0.0,1.3,1.5,0.0,0.0,0,0.0
1,0.0,0.0,17.0,3.3333,1,3,90.0,2.9,0.0,1.33,3.0,3,0.0,2.9,1.5,0.0,0.0,0,0.0
1,0.0,0.0,19.0,4.0,0,2,90.0,3.8,0.0,1.69,5.0,3,0.0,3.8,1.5,0.0,0.0,0,0.0
1,0.0,0.01,13.0,2.6667,1,3,90.0,1.8,0.0,1.03,2.0,2,0.0,1.8,1.5,0.0,0.002,0,0.01
1,0.0,0.0,29.0,4.6667,0,3,90.0,2.1,0.0,1.05,2.0,9,0.0,2.1,1.5,0.0,0.002,0,0.0
1,0.0,0.0,20.0,4.6667,1,3,90.0,4.1,0.0,1.61,5.0,3,0.0,4.1,1.5,0.0,0.002,0,0.0
1,0.0,0.0,19.0,4.6667,1,4,90.0,3.5,0.0,0.44,2.0,2,0.0,3.5,1.5,0.0,0.002,0,0.0
1,0.0,0.0,20.0,2.6667,1,2,90.0,2.6,0.0,0.59,3.0,3,0.0,2.6,1.5,0.0,0.002,0,0.0
1,0.0,0.0,20.0,2.3333,0,3,90.0,3.0,0.0,0.71,3.0,2,0.0,3.0,1.5,0.0,0.0,0,0.0
2,0.0,0.0,14.0,2.0,0,3,90.0,2.7,2.1,1.28,0.0,2,0.0,2.7,1.5,0.0,0.0,1,0.0
2,0.05,0.0,16.0,2.0,1,3,90.0,2.3,2.4,1.29,0.0,2,0.025,2.3,1.5,0.05,0.0,0,0.0
2,0.0,0.1286,115.7143,1.6667,0,2,62.3333,1.8,17.3571,1.5429,0.0,1,0.0241,23.1429,1.5,0.0,0.0048,1,0.01
2,0.0,0.0,15.8824,1.3333,0,2,51.0,0.5,2.3824,3.4941,0.0,1,0.0221,2.6471,1.5,0.0,0.0044,0,0.0
2,0.0,0.0,10.5882,1.0,0,3,44.2,0.0,1.5882,6.0353,0.0,1,0.0204,0.0,1.5,0.0,0.0041,1,0.0
2,0.0,0.0136,30.0,2.3333,1,4,39.4,1.7,4.5,0.1364,0.0,5,0.0228,2.3182,1.5,0.0,0.0091,1,0.01
2,0.0,0.02,27.0,4.0,1,3,39.4,4.3,4.05,0.45,0.0,6,0.0,4.3,1.5,0.0,0.0183,0,0.02
2,0.02,0.04,14.0,4.3333,0,4,56.0,3.0,2.1,0.81,0.0,2,0.0064,3.0,1.5,0.02,0.0225,0,0.04
2,0.0,0.0429,25.7143,3.0,1,3,56.8,0.6,3.8571,0.9429,0.0,1,0.0063,2.5714,1.5,0.0,0.0254,1,0.01
2,0.05,0.02,20.0,2.6667,0,4,71.4,5.4,3.0,0.66,0.0,5,0.0176,5.4,1.5,0.05,0.0252,0,0.02
2,0.0,0.0273,27.2727,2.3333,0,2,64.8,0.7,4.0909,3.3,0.0,1,0.0194,1.9091,1.5,0.0,0.0278,0,0.01
2,0.25,0.03,26.0,4.0,1,2,64.8,5.8,3.9,0.63,0.0,6,0.0889,5.8,1.5,0.25,0.0306,1,0.03
2,0.0,0.01,13.0,3.0,1,2,64.8,3.5,1.95,0.8,0.0,2,0.0833,3.5,1.5,0.0,0.0222,1,0.01
2,0.08,0.01,11.0,3.0,1,3,78.6,3.7,1.65,0.59,0.0,1,0.087,3.7,1.5,0.08,0.0183,1,0.01
2,0.0,0.03,33.0,3.0,0,3,78.6,4.4,4.95,1.39,0.0,6,0.0756,4.4,1.5,0.0,0.0206,0,0.03
2,0.0,0.14,13.0,2.6667,1,2,90.0,2.8,1.95,0.56,0.0,1,0.066,2.8,1.5,0.0,0.044,0,0.14
2,0.0,0.0207,4.1379,1.6667,0,4,89.4,3.4,0.6207,3.6724,0.0,-2,0.0161,3.5172,1.5,0.0,0.0423,0,0.02
2,0.0,0.01,10.0,0.3333,0,3,89.4,1.1,1.5,1.69,0.0,2,0.0161,1.1,1.5,0.0,0.0423,0,0.01
2,0.0,0.04,28.0,2.6667,0,2,89.4,3.7,4.2,1.05,0.0,8,0.0,3.7,1.5,0.0,0.0483,1,0.04
2,0.05,0.02,11.0,4.0,1,3,89.4,1.9,1.65,0.59,0.0,2,0.0101,1.9,1.5,0.05,0.0463,0,0.02
2,0.2,0.03,14.0,4.0,1,4,89.4,3.9,2.1,1.87,0.0,2,0.0503,3.9,1.5,0.2,0.0242,0,0.03
2,0.0,0.0145,13.0645,1.6667,0,2,84.4,1.3,1.9597,1.1032,0.0,1,0.0533,1.8871,1.5,0.0,0.0235,1,0.01
3,0.9829,0.0474,23.6842,8.0,0,3,76.0,8.3,2.3684,1.5158,0.0,8,0.9829,9.8289,1.5,0.83,0.0474,0,0.04
3,0.4447,0.2329,29.6471,7.5,1,3,80.5,9.2,2.9647,1.0588,0.0,7,0.6988,9.7412,1.5,0.42,0.1453,0,0.22
3,0.1969,0.0,8.4375,5.3333,0,3,64.3333,2.3,0.8438,1.8281,0.0,1,0.6155,6.4687,1.5,0.07,0.1212,0,0.0
3,0.0422,0.0844,4.2188,3.6667,1,3,64.25,1.5,0.4219,0.8016,0.0,3,0.4728,2.1094,1.5,0.03,0.1121,0,0.06
3,0.52,0.92,6.0,1.6667,0,2,60.4,8.1,0.6,0.46,0.0,1,0.4798,16.2,1.5,0.26,0.2325,0,0.46
3,0.0112,0.1238,4.5,2.0,1,3,61.2,3.6,0.45,1.2262,0.0,2,0.2324,4.05,1.5,0.01,0.25,0,0.11
3,0.825,0.075,0.0,1.6667,0,3,58.6,1.5,0.0,1.8,0.0,2,0.3164,1.875,1.5,0.66,0.2119,0,0.06
3,0.12,0.05,6.0,2.0,0,3,70.2,1.0,0.6,2.3,0.0,2,0.2769,1.0,1.5,0.12,0.1897,1,0.05
3,0.2925,0.0788,24.75,3.3333,1,3,73.4,3.3,2.475,0.135,0.0,6,0.3213,3.7125,1.5,0.26,0.1839,0,0.07
3,1.9286,0.2571,244.2857,4.6667,0,3,65.8,6.0,24.4286,0.2571,0.0,6,0.3283,77.1429,1.5,0.15,0.0848,0,0.02
3,0.0,0.0,0.0,4.3333,1,3,51.2,0.0,0.0,0.9,0.0,1,0.4184,0.0,1.5,0.0,0.0703,1,0.0
3,0.0,0.025,0.0,2.6667,0,4,44.0,0.2,0.0,1.975,0.0,1,0.2168,0.5,1.5,0.0,0.0614,0,0.01
3,0.53,0.04,5.0,1.3333,1,3,44.0,13.2,0.5,1.22,0.0,2,0.3845,13.2,1.5,0.53,0.0573,0,0.04
3,0.0,0.15,8.1818,2.0,0,4,41.2,3.5,0.8182,0.3409,0.0,3,0.2971,4.7727,1.5,0.0,0.0786,0,0.11
3,0.05,0.04,-1.0,2.0,0,3,57.8,5.3,-0.1,1.74,0.0,1,0.1806,5.3,1.5,0.05,0.0623,0,0.04
3,0.1987,0.1753,9.3506,2.3333,1,3,71.8,8.4,0.9351,0.7364,0.0,3,0.188,9.8182,1.5,0.17,0.0877,0,0.15
3,0.1343,0.0806,5.3731,2.0,1,2,78.0,2.3,0.5373,0.9537,0.0,2,0.1962,3.0896,1.5,0.1,0.0923,0,0.06
3,0.6261,0.5087,35.2174,3.0,0,3,64.6,5.0,3.5217,1.2522,0.0,4,0.1337,19.5652,1.5,0.16,0.1365,0,0.13
3,0.1286,0.2857,11.4286,2.3333,1,3,64.0,7.9,1.1429,0.4571,0.0,1,0.1603,11.2857,1.5,0.09,0.1631,0,0.2
3,0.0286,0.0571,4.2857,2.6667,0,2,58.6,2.2,0.4286,0.5143,0.0,3,0.1659,3.1429,1.5,0.02,0.1782,0,0.04
3,0.47,0.05,39.0,5.3333,1,2,61.2,15.4,3.9,0.56,0.0,12,0.2471,15.4,1.5,0.47,0.1412,1,0.05
3,0.21,0.02,13.0,6.6667,0,3,65.8,5.5,1.3,3.52,0.0,5,0.2599,5.5,1.5,0.21,0.1204,1,0.02
3,1.1111,0.1111,30.0,8.6667,1,2,77.4,15.3,3.0,1.4778,0.0,9,0.4163,17.0,1.5,1.0,0.0953,0,0.1
3,0.13,0.22,22.0,6.3333,0,4,82.8,7.9,2.2,1.69,0.0,5,0.3978,7.9,1.5,0.13,0.0935,0,0.22
3,1.8511,0.0511,13.2955,7.0,1,3,87.8,15.1,1.3295,1.0534,0.0,7,0.7421,15.4432,1.5,1.81,0.0902,0,0.05
3,0.52,0.1,12.0,5.0,0,3,87.8,6.9,1.2,1.05,0.0,3,0.7524,6.9,1.5,0.52,0.1005,0,0.1
3,0.53,0.14,8.0,4.0,1,3,87.8,7.3,0.8,1.61,0.0,2,0.818,7.3,1.5,0.53,0.1251,0,0.14
3,0.6545,0.5011,29.6591,5.0,1,3,89.2,13.6,2.9659,0.3989,0.0,10,0.7325,13.9091,1.5,0.64,0.2018,0,0.49
3,0.14,0.15,23.0,6.0,1,3,89.2,12.2,2.3,0.59,0.0,6,0.7345,12.2,1.5,0.14,0.1877,0,0.15
3,0.94,0.36,23.0,7.6667,0,3,89.6,15.9,2.3,0.71,0.0,7,0.5565,15.9,1.5,0.94,0.2491,1,0.36
3,0.3323,0.0415,8.3077,5.0,1,2,84.6,4.6,0.8308,1.8,0.0,2,0.5298,6.3692,1.5,0.24,0.2489,0,0.03
3,0.1356,0.037,4.9315,3.6667,0,2,81.2,2.6,0.4932,0.6041,0.0,2,0.4589,3.2055,1.5,0.11,0.235,0,0.03
3,0.38,0.42,9.0,1.6667,0,3,81.6,9.6,0.9,1.09,0.0,1,0.3993,9.6,1.5,0.38,0.2184,0,0.42
3,0.1731,0.3808,26.5385,2.6667,0,2,79.2,17.7,2.6538,0.7615,0.0,5,0.4136,20.4231,1.5,0.15,0.2659,1,0.33
3,0.3405,0.1095,6.0811,2.6667,1,4,76.0,6.3,0.6081,0.9,0.0,2,0.2747,7.6622,1.5,0.28,0.2132,0,0.09
3,0.0,0.096,2.4,3.0,0,2,78.0,6.1,0.24,3.408,0.0,2,0.2123,7.32,1.5,0.0,0.2192,1,0.08
3,0.7714,0.2571,6.4286,2.3333,1,3,77.4,9.8,0.6429,0.6557,0.0,3,0.3279,12.6,1.5,0.6,0.2605,0,0.2
3,0.0,0.22,13.0,1.0,0,3,90.0,2.7,1.3,1.28,0.0,1,0.0,2.7,1.5,0.0,0.22,0,0.22
3,0.0,0.0789,1.5789,-0.5,1,2,73.5,1.6,0.1579,3.7579,0.0,-2,0.0,2.5263,1.5,0.0,0.1653,0,0.05
3,0.0,0.0118,9.4737,0.3333,0,2,74.3333,1.9,0.9474,1.8947,0.0,2,0.0,2.25,1.5,0.0,0.113,0,0.01
3,0.0,0.0419,14.6512,1.0,1,2,77.25,1.7,1.4651,0.6907,0.0,3,0.0,1.7791,1.5,0.0,0.0932,0,0.04
3,0.0,0.02,4.0,1.6667,0,2,70.8,1.7,0.4,0.8,0.0,0,0.0,3.4,1.5,0.0,0.0839,1,0.01
3,0.031,0.4034,24.8276,3.0,1,2,70.2,6.3,2.4828,1.1276,0.0,6,0.0077,6.5172,1.5,0.03,0.1282,0,0.39
3,0.0456,0.0,3.4177,2.3333,0,3,74.6,1.1,0.3418,2.2101,0.0,1,0.0169,1.2532,1.5,0.04,0.1086,0,0.0
3,0.01,0.02,16.0,3.0,0,4,77.4,2.2,1.6,2.3,0.0,2,0.0186,2.2,1.5,0.01,0.107,0,0.02
3,0.02,0.08,18.0,2.0,1,2,78.2,7.0,1.8,0.13,0.0,3,0.023,7.0,1.5,0.02,0.1151,0,0.08
3,0.03,0.16,8.0,2.3333,1,4,87.2,2.9,0.8,0.45,0.0,2,0.0268,2.9,1.5,0.03,0.1342,0,0.16
3,0.0,0.08,11.0,2.0,0,3,87.8,2.6,1.1,0.81,0.0,1,0.0205,2.6,1.5,0.0,0.0697,0,0.08
3,0.0214,0.0214,11.7857,1.6667,0,4,88.8,1.1,1.1786,1.1464,0.0,2,0.0162,1.1786,1.5,0.02,0.073,0,0.02
3,0.0422,0.0141,45.0,4.0,1,4,83.6,5.1,4.5,1.4062,0.0,9,0.0215,7.1719,1.5,0.03,0.0754,0,0.01
3,0.031,0.0155,4.6552,4.0,0,3,77.2,1.3,0.4655,0.3879,0.0,1,0.0233,2.0172,1.5,0.02,0.0653,0,0.01
3,0.0,1.14,12.0,3.6667,1,4,62.2,0.7,1.2,1.5,0.0,1,0.0203,4.2,1.5,0.0,0.0897,0,0.19
3,0.02,0.04,19.0,1.6667,0,4,62.2,8.3,1.9,1.39,0.0,3,0.026,8.3,1.5,0.02,0.0781,0,0.04
3,0.13,0.04,24.0,2.0,1,3,63.4,4.8,2.4,0.56,0.0,2,0.0568,4.8,1.5,0.13,0.0823,0,0.04
3,0.06,0.17,12.0,2.3333,0,2,68.6,4.8,1.2,3.52,0.0,2,0.0603,4.8,1.5,0.06,0.1181,0,0.17
3,0.05,0.03,15.0,2.0,1,4,75.0,2.0,1.5,1.33,0.0,2,0.0624,2.0,1.5,0.05,0.1128,0,0.03
3,0.3622,0.1098,31.8293,4.0,0,2,88.4,9.9,3.1829,0.8122,0.0,8,0.1201,10.8659,1.5,0.33,0.0774,0,0.1
3,0.0,0.45,38.8636,6.3333,1,3,88.0,11.1,3.8864,1.0534,0.0,9,0.1166,11.3523,1.5,0.0,0.1595,0,0.44
3,0.25,0.99,26.0,7.6667,0,3,88.0,11.9,2.6,1.05,0.0,6,0.1411,11.9,1.5,0.25,0.3539,1,0.99
3,0.95,0.03,28.0,8.3333,1,3,88.0,8.7,2.8,1.61,0.0,10,0.3232,8.7,1.5,0.95,0.3252,1,0.03
3,0.18,0.51,21.0,6.6667,1,3,88.0,11.7,2.1,0.44,0.0,4,0.3498,11.7,1.5,0.18,0.4234,0,0.51
3,0.17,0.05,34.0,8.0,1,4,89.6,9.8,3.4,0.59,0.0,10,0.3114,9.8,1.5,0.17,0.4058,0,0.05
3,0.1,0.05,16.0,5.3333,0,3,90.0,3.8,1.6,0.71,0.0,2,0.33,3.8,1.5,0.1,0.326,0,0.05
3,0.12,0.2,10.0,4.6667,1,2,90.0,6.0,1.0,1.87,0.0,2,0.304,6.0,1.5,0.12,0.168,0,0.2
3,0.0,0.0,16.875,1.6667,0,3,75.2,0.7,1.6875,1.7438,0.0,1,0.1364,3.9375,1.5,0.0,0.1939,0,0.0
3,0.09,0.17,10.0,1.6667,0,4,75.2,5.0,1.0,1.09,0.0,2,0.1149,5.0,1.5,0.09,0.1125,0,0.17
3,0.2,0.26,9.0,1.3333,0,3,75.2,10.4,0.9,0.7,0.0,1,0.1221,10.4,1.5,0.2,0.1628,0,0.26
3,0.0,0.0608,8.5135,1.6667,1,4,72.0,2.8,0.8514,0.9,0.0,2,0.1025,3.4054,1.5,0.0,0.17,1,0.05
3,0.11,0.37,11.0,1.6667,0,4,72.0,3.6,1.1,3.36,0.0,2,0.1,3.6,1.5,0.11,0.2125,0,0.37
3,0.8217,0.1304,44.3478,4.3333,1,2,82.6,11.0,4.4348,0.6652,0.0,9,0.2245,14.3478,1.5,0.63,0.207,0,0.1
2,0.1184,0.0118,11.8421,2.0,0,4,76.0,1.0,1.7763,1.8947,0.0,2,0.1184,1.1842,1.5,0.1,0.0118,0,0.01
2,0.3,0.01,24.0,4.0,1,2,83.0,3.4,3.6,0.66,0.0,6,0.2169,3.4,1.5,0.3,0.0108,0,0.01
2,0.0,0.02,21.0,3.3333,0,3,85.3333,3.0,3.15,0.63,0.0,2,0.1406,3.0,1.5,0.0,0.0141,0,0.02
2,0.0,0.05,15.0,3.3333,1,3,86.5,2.3,2.25,1.11,0.0,2,0.104,2.3,1.5,0.0,0.0234,0,0.05
2,0.02,0.0,10.0,1.0,0,3,87.2,2.4,1.5,2.1,0.0,-1,0.0867,2.4,1.5,0.02,0.0186,0,0.0
2,0.0,0.0,13.75,1.0,0,3,86.4,2.5,2.0625,1.45,0.0,2,0.0667,3.125,1.5,0.0,0.0167,0,0.0
2,0.0,0.0391,23.4783,0.6667,1,2,73.0,1.2,3.5217,0.1174,0.0,1,0.0049,4.6957,1.5,0.0,0.0197,0,0.01
2,0.03,0.01,21.0,2.6667,1,4,73.0,3.9,3.15,1.57,0.0,5,0.0123,3.9,1.5,0.03,0.0173,0,0.01
2,0.0,0.0,10.0,2.3333,0,2,73.0,3.3,1.5,1.35,0.0,1,0.0123,3.3,1.5,0.0,0.0049,0,0.0
2,0.0397,0.0,22.5,2.3333,1,3,68.6,3.1,3.375,1.3235,0.0,1,0.0157,4.1029,1.5,0.03,0.0052,0,0.0
2,0.0,0.01,16.0,2.0,0,3,90.0,4.1,2.4,1.28,0.0,2,0.0,4.1,1.5,0.0,0.01,1,0.01
2,0.0,0.21,19.0,2.0,1,4,90.0,7.0,2.85,1.29,0.0,2,0.0,7.0,1.5,0.0,0.11,0,0.21
2,0.0,0.06,13.0,2.0,0,2,90.0,3.2,1.95,2.0,0.0,2,0.0,3.2,1.5,0.0,0.0933,0,0.06
2,0.0,0.09,26.0,3.3333,1,2,90.0,4.4,3.9,0.66,0.0,6,0.0,4.4,1.5,0.0,0.0925,0,0.09
2,0.42,0.11,36.0,6.3333,0,2,90.0,11.1,5.4,0.63,0.0,11,0.084,11.1,1.5,0.42,0.096,1,0.11
2,0.0,0.28,21.0,6.3333,1,4,90.0,8.8,3.15,1.11,0.0,2,0.084,8.8,1.5,0.0,0.15,0,0.28
2,0.05,0.18,13.0,4.3333,0,4,90.0,9.2,1.95,2.1,0.0,0,0.094,9.2,1.5,0.05,0.144,0,0.18
2,0.0,0.05,23.0,1.0,0,3,90.0,4.9,3.45,2.3,0.0,1,0.094,4.9,1.5,0.0,0.142,0,0.05
2,0.0,0.7286,38.5714,0.6667,1,3,76.2,2.4,5.7857,0.7714,0.0,1,0.111,10.2857,1.5,0.0,0.1866,0,0.17
2,0.0,0.0281,8.4375,0.6667,0,3,64.6,0.5,1.2656,3.9938,0.0,0,0.0139,1.4062,1.5,0.0,0.1923,0,0.01
2,0.1,0.3,21.0,1.0,1,3,64.6,11.6,3.15,1.33,0.0,2,0.0418,11.6,1.5,0.1,0.1978,0,0.3
2,0.0,0.35,21.0,1.3333,0,3,64.6,6.9,3.15,1.69,0.0,2,0.0279,6.9,1.5,0.0,0.2452,1,0.35
2,0.0,0.0,73.6364,2.6667,1,3,51.0,3.3,11.0455,0.6545,0.0,4,0.0353,13.5,1.5,0.0,0.2929,1,0.0
2,0.1678,0.0915,18.3051,2.0,0,2,58.6,7.7,2.7458,0.9763,0.0,0,0.0645,11.7458,1.5,0.11,0.2212,0,0.06
2,0.0,0.6517,24.8276,1.6667,1,4,58.0,5.7,3.7241,0.2172,0.0,1,0.0652,17.6897,1.5,0.0,0.2855,1,0.21
2,0.15,0.27,57.0,1.6667,1,4,46.0,5.3,8.55,0.0,0.0,4,0.0626,15.9,1.5,0.05,0.2778,1,0.09
2,0.09,0.31,22.0,2.0,0,3,46.0,9.2,3.3,0.71,0.0,1,0.0978,9.2,1.5,0.09,0.2622,0,0.31
2,0.0,0.26,16.0,2.3333,1,3,59.6,10.3,2.4,1.87,0.0,2,0.0755,10.3,1.5,0.0,0.2809,0,0.26
2,0.0,0.1,15.0,1.6667,0,3,65.8,4.0,2.25,0.8,0.0,2,0.0383,4.0,1.5,0.0,0.2653,0,0.1
2,0.0651,0.1084,20.6024,1.6667,0,4,76.6,10.7,3.0904,1.1386,0.0,1,0.047,11.6024,1.5,0.06,0.2021,1,0.1
2,0.11,0.4,33.0,4.0,0,4,88.6,18.0,4.95,0.7,0.0,9,0.0528,18.0,1.5,0.11,0.2377,0,0.4
2,1.3,0.3857,60.0,7.6667,1,2,83.2,10.1,9.0,0.4,0.0,13,0.2337,14.4286,1.5,0.91,0.2445,0,0.27
2,0.0,0.78,38.0,10.0,1,2,83.2,13.5,5.7,0.56,0.0,8,0.2337,13.5,1.5,0.0,0.357,0,0.78
3,0.3316,0.3671,17.7632,5.0,0,3,76.0,4.9,1.7763,1.5158,0.0,5,0.3316,5.8026,1.5,0.28,0.3671,1,0.31
3,1.3024,0.1165,15.8824,5.0,1,3,80.5,15.3,1.5882,1.0588,0.0,5,0.8441,16.2,1.5,1.23,0.2348,0,0.11
3,0.18,0.12,19.0,5.0,0,4,83.6667,7.0,1.9,2.0,0.0,5,0.606,7.0,1.5,0.18,0.1936,0,0.12
3,0.8,0.07,26.0,6.0,1,4,85.25,18.3,2.6,0.66,0.0,8,0.6572,18.3,1.5,0.8,0.161,0,0.07
3,0.24,1.47,35.0,7.6667,0,3,86.2,12.1,3.5,0.63,0.0,10,0.5701,12.1,1.5,0.24,0.4343,0,1.47
3,1.01,0.27,36.0,9.3333,1,3,89.0,12.2,3.6,1.11,0.0,10,0.6998,12.2,1.5,1.01,0.4126,1,0.27
3,0.0616,0.4808,3.6986,7.0,0,2,86.6,3.8,0.3699,1.7753,0.0,1,0.4739,4.6849,1.5,0.05,0.4822,0,0.39
3,1.45,0.07,43.0,8.6667,0,3,86.6,15.6,4.3,2.3,0.0,15,0.7379,15.6,1.5,1.45,0.4718,0,0.07
3,1.39,0.05,40.0,10.6667,1,2,86.6,15.6,4.0,0.13,0.0,16,0.8605,15.6,1.5,1.39,0.4677,0,0.05
3,0.58,0.13,19.0,13.0,1,4,86.6,8.8,1.9,0.45,0.0,8,0.9312,8.8,1.5,0.58,0.1891,1,0.13
3,0.59,0.09,8.0,8.6667,0,3,86.6,6.8,0.8,0.81,0.0,2,0.8439,6.8,1.5,0.59,0.1517,1,0.09
3,0.94,0.21,43.0,8.6667,1,3,90.0,14.3,4.3,1.57,0.0,16,0.99,14.3,1.5,0.94,0.11,0,0.21
3,0.0,0.21,21.0,7.6667,0,3,90.0,7.9,2.1,1.35,0.0,5,0.7,7.9,1.5,0.0,0.138,0,0.21
3,0.77,0.26,18.0,8.6667,1,4,90.0,11.5,1.8,1.22,0.0,5,0.576,11.5,1.5,0.77,0.18,1,0.26
3,0.4909,0.1091,2.7273,4.3333,0,3,85.2,7.2,0.2727,0.3409,0.0,3,0.562,9.8182,1.5,0.36,0.1796,0,0.08
3,0.33,0.18,36.0,7.0,0,3,85.2,10.2,3.6,1.74,0.0,13,0.507,10.2,1.5,0.33,0.1986,0,0.18
3,0.42,0.33,8.0,6.3333,1,3,85.2,16.8,0.8,0.63,0.0,3,0.3972,16.8,1.5,0.42,0.2239,0,0.33
3,0.22,0.13,23.0,7.6667,1,2,85.2,12.1,2.3,0.8,0.0,7,0.4437,12.1,1.5,0.22,0.207,0,0.13
3,0.27,0.15,7.0,4.3333,0,3,85.2,5.7,0.7,0.76,0.0,3,0.338,5.7,1.5,0.27,0.1838,0,0.15
3,2.71,1.17,52.0,8.6667,1,3,90.0,27.0,5.2,0.59,0.0,16,0.79,27.0,1.5,2.71,0.392,0,1.17
3,0.9391,0.3913,62.6087,10.0,0,2,81.2,10.8,6.2609,2.5435,0.0,11,0.9089,21.1304,1.5,0.48,0.4389,0,0.2
3,0.7138,0.0621,6.2069,9.3333,1,3,69.0,4.7,0.6207,0.2172,0.0,1,1.02,14.5862,1.5,0.23,0.4357,1,0.02
3,1.49,0.08,14.0,6.3333,1,3,69.0,17.1,1.4,0.44,0.0,7,1.3513,17.1,1.5,1.49,0.4226,0,0.08
3,0.2136,0.2746,9.1525,3.0,1,2,62.8,5.2,0.9153,0.9,0.0,1,1.4475,7.9322,1.5,0.14,0.4729,0,0.18
3,1.19,0.16,24.0,5.3333,0,2,62.8,13.9,2.4,0.71,0.0,8,1.0118,13.9,1.5,1.19,0.1834,0,0.16
3,0.39,0.28,5.0,3.6667,1,3,71.6,12.1,0.5,1.87,0.0,2,0.8648,12.1,1.5,0.39,0.181,1,0.28
3,0.0,0.0562,5.625,3.6667,0,2,69.0,0.2,0.5625,1.7438,0.0,1,0.8374,1.125,1.5,0.0,0.1852,0,0.01
3,0.67,0.15,6.0,1.6667,0,4,69.0,8.4,0.6,1.09,0.0,2,0.6235,8.4,1.5,0.67,0.2035,0,0.15
3,0.0,0.1636,24.5455,1.3333,0,3,59.4,0.7,2.4545,0.3273,0.0,1,0.6818,5.7273,1.5,0.0,0.1879,1,0.02
3,1.12,0.31,40.0,5.3333,1,4,59.4,21.2,4.0,1.16,0.0,13,0.6606,21.2,1.5,1.12,0.2333,1,0.31
3,0.06,0.13,13.0,5.3333,0,4,59.4,5.4,1.3,3.36,0.0,2,0.5606,5.4,1.5,0.06,0.1879,0,0.13
3,1.3,0.13,6.0,7.0,1,2,74.2,13.2,0.6,0.56,0.0,6,0.7642,13.2,1.5,1.3,0.1795,0,0.13
3,0.02,0.1,17.0,2.0,0,3,90.0,0.0,1.7,1.28,0.0,2,0.02,0.0,1.5,0.02,0.1,0,0.1
3,0.12,0.05,26.0,3.5,1,3,90.0,5.3,2.6,1.29,0.0,5,0.07,5.3,1.5,0.12,0.075,0,0.05
3,0.07,0.02,10.0,3.0,0,4,90.0,2.9,1.0,2.0,0.0,2,0.07,2.9,1.5,0.07,0.0567,1,0.02
3,0.07,0.34,33.0,5.6667,1,4,90.0,8.5,3.3,0.66,0.0,10,0.07,8.5,1.5,0.07,0.1275,0,0.34
3,0.15,0.07,15.0,4.6667,0,2,90.0,5.6,1.5,0.63,0.0,2,0.086,5.6,1.5,0.15,0.116,1,0.07
3,0.08,0.36,17.0,4.6667,1,2,90.0,8.1,1.7,1.11,0.0,2,0.098,8.1,1.5,0.08,0.168,0,0.36
3,0.01,0.04,19.0,2.0,0,2,90.0,4.9,1.9,2.1,0.0,2,0.076,4.9,1.5,0.01,0.166,1,0.04
3,0.01,0.61,24.0,2.6667,0,3,90.0,7.6,2.4,2.3,0.0,4,0.064,7.6,1.5,0.01,0.284,0,0.61
3,0.13,0.18,14.0,3.0,1,4,90.0,8.4,1.4,0.13,0.0,3,0.076,8.4,1.5,0.13,0.252,0,0.18
3,0.06,0.74,44.0,6.3333,1,3,90.0,13.3,4.4,0.45,0.0,12,0.058,13.3,1.5,0.06,0.386,0,0.74
3,0.0277,0.0692,11.0769,6.0,0,2,85.0,2.2,1.1077,0.5123,0.0,3,0.0487,3.0462,1.5,0.02,0.3431,0,0.05
3,0.07,0.04,9.0,6.0,1,3,85.0,4.0,0.9,1.56,0.0,3,0.0614,4.0,1.5,0.07,0.3431,0,0.04
3,0.0375,0.525,8.75,2.6667,0,2,81.4,2.9,0.875,0.8875,0.0,2,0.0686,3.625,1.5,0.03,0.3162,0,0.42
3,0.1406,0.0562,14.0625,2.3333,1,4,76.2,4.0,1.4062,1.4062,0.0,2,0.0661,5.625,1.5,0.1,0.3047,0,0.04
3,0.47,0.13,32.0,4.3333,0,3,76.2,10.0,3.2,0.66,0.0,9,0.163,10.0,1.5,0.47,0.1606,0,0.13
3,0.1479,0.037,8.6301,4.3333,0,4,77.8,1.4,0.863,1.726,0.0,2,0.1828,1.726,1.5,0.12,0.1527,0,0.03
3,0.0295,0.0443,11.8033,4.6667,1,2,72.0,1.0,1.1803,0.3984,0.0,3,0.185,1.4754,1.5,0.02,0.1625,0,0.03
3,0.07,0.08,15.0,2.3333,1,3,75.6,2.5,1.5,0.8,0.0,2,0.1857,2.5,1.5,0.07,0.0738,0,0.08
3,0.0391,0.0,0.0,2.0,0,3,67.4,0.2,0.0,1.2522,0.0,1,0.1843,0.7826,1.5,0.01,0.0721,0,0.0
3,0.2143,0.4857,20.0,1.6667,1,3,62.0,6.3,2.0,0.4571,0.0,2,0.1074,9.0,1.5,0.15,0.1394,0,0.34
3,0.3441,0.2647,45.0,4.0,1,3,61.0,10.6,4.5,0.5029,0.0,9,0.1505,14.0294,1.5,0.26,0.1918,1,0.2
3,0.3857,0.2571,6.4286,4.0,0,4,51.6,0.9,0.6429,1.2214,0.0,1,0.1919,5.7857,1.5,0.06,0.2302,0,0.04
3,0.255,0.105,9.0,4.0,1,2,45.6,3.0,0.9,2.31,0.0,2,0.2566,4.5,1.5,0.17,0.2566,0,0.07
3,0.12,0.14,11.0,1.6667,1,2,59.0,6.3,1.1,0.44,0.0,2,0.2319,6.3,1.5,0.12,0.241,0,0.14
3,0.0375,0.225,17.5,2.0,1,2,60.8,8.5,1.75,0.7375,0.0,2,0.1895,10.625,1.5,0.03,0.1865,0,0.18
3,1.1215,0.3323,6.9231,2.0,0,4,60.2,9.6,0.6923,0.3738,0.0,2,0.3558,13.2923,1.5,0.81,0.2003,1,0.24
3,0.04,0.72,22.0,1.6667,1,3,66.4,5.7,2.2,1.3,0.0,1,0.3117,11.4,1.5,0.02,0.2684,1,0.36
3,0.0,0.0,45.0,1.3333,0,3,55.2,0.0,4.5,3.6,0.0,1,0.3196,0.0,1.5,0.0,0.3,0,0.0
3,0.0435,0.1016,20.3226,1.3333,0,3,49.6,3.2,2.0323,1.1032,0.0,2,0.323,4.6452,1.5,0.03,0.3085,0,0.07
3,0.0,0.9,180.0,1.3333,0,3,35.4,0.4,18.0,3.6,0.0,1,0.4373,36.0,1.5,0.0,0.3458,0,0.01
3,0.7714,0.6429,25.7143,1.3333,1,3,23.8,2.0,2.5714,1.4143,0.0,1,0.0832,25.7143,1.5,0.06,0.3706,0,0.05
3,1.6714,0.1286,-12.8571,1.0,0,4,17.6,4.0,-1.2857,3.3429,0.0,1,0.358,25.7143,1.5,0.26,0.1534,1,0.02
3,0.4,0.8,80.0,1.0,1,4,18.6,3.8,8.0,0.5,0.0,1,0.3774,38.0,1.5,0.04,0.2226,0,0.08
3,0.0,0.0,54.0,1.0,0,2,5.0,0.1,5.4,0.54,0.0,1,0.0,1.8,1.5,0.0,0.0,0,0.0
2,0.0,0.0,67.5,1.0,1,2,4.0,0.1,10.125,6.3,0.0,1,0.0,2.25,1.5,0.0,0.0,0,0.0
2,0.0,0.2656,30.9836,3.5,1,4,32.5,2.9,4.6475,0.1475,0.0,6,0.0,4.2787,1.5,0.0,0.2492,1,0.18
2,0.0,0.2,28.0,4.3333,1,4,51.6667,4.2,4.2,0.45,0.0,6,0.0,4.2,1.5,0.0,0.2206,1,0.2
2,0.0,0.313,11.7391,4.3333,0,3,44.5,3.2,1.7609,1.7609,0.0,1,0.0,12.5217,1.5,0.0,0.2326,0,0.08
2,0.02,0.33,43.0,7.3333,1,3,53.6,9.5,6.45,1.57,0.0,15,0.0067,9.5,1.5,0.02,0.2653,0,0.33
2,0.0,0.06,15.0,6.0,0,2,70.8,2.6,2.25,1.35,0.0,2,0.0051,2.6,1.5,0.0,0.2161,0,0.06
2,0.0,0.09,28.0,7.0,1,3,76.6,9.2,4.2,1.22,0.0,4,0.0047,9.2,1.5,0.0,0.1786,0,0.09
2,0.02,0.03,14.0,2.6667,0,3,76.6,3.2,2.1,1.74,0.0,2,0.0094,3.2,1.5,0.02,0.1386,1,0.03
2,0.0,0.21,32.0,4.3333,1,3,90.0,7.6,4.8,0.63,0.0,7,0.008,7.6,1.5,0.0,0.144,0,0.21
2,0.0,0.0,10.5882,3.3333,1,4,78.8,0.5,1.5882,1.3235,0.0,1,0.0046,1.3235,1.5,0.0,0.0891,1,0.0
2,0.0,0.0,270.0,3.0,1,3,61.0,0.0,40.5,0.0,0.0,1,0.0059,0.0,1.5,0.0,0.0974,1,0.0
2,0.75,1.2,75.0,1.0,0,3,44.2,3.0,11.25,1.95,0.0,1,0.0285,45.0,1.5,0.05,0.1303,1,0.08
2,0.0,0.0,30.0,1.0,0,3,27.4,0.2,4.5,0.6,0.0,1,0.0328,3.0,1.5,0.0,0.1905,0,0.0
2,0.03,0.02,13.0,2.0,0,2,90.0,2.4,1.95,1.28,0.0,2,0.03,2.4,1.5,0.03,0.02,0,0.02
2,0.21,0.02,17.0,2.0,1,3,90.0,5.3,2.55,1.29,0.0,2,0.12,5.3,1.5,0.21,0.02,0,0.02
2,0.0,0.0,-20.0,0.6667,0,4,69.0,0.0,-3.0,11.5667,0.0,-2,0.1043,0.0,1.5,0.0,0.0174,0,0.0
2,0.28,0.08,29.0,2.3333,1,3,74.25,8.6,4.35,1.11,0.0,7,0.1576,8.6,1.5,0.28,0.0364,1,0.08
2,0.04,0.12,25.0,2.6667,0,2,77.4,8.3,3.75,2.1,0.0,3,0.1302,8.3,1.5,0.04,0.0558,0,0.12
2,0.0,0.01,14.0,3.6667,0,3,77.4,2.7,2.1,2.3,0.0,1,0.1233,2.7,1.5,0.0,0.0535,0,0.01
2,0.0,0.02,28.0,3.6667,1,3,77.4,4.4,4.2,0.13,0.0,7,0.0744,4.4,1.5,0.0,0.0535,0,0.02
2,0.0,0.04,32.0,5.3333,1,2,90.0,4.8,4.8,0.45,0.0,8,0.064,4.8,1.5,0.0,0.054,0,0.04
2,0.08,0.03,16.0,5.6667,0,3,90.0,3.2,2.4,0.81,0.0,2,0.024,3.2,1.5,0.08,0.044,0,0.03
2,0.07,0.01,24.0,5.3333,1,3,90.0,5.2,3.6,1.57,0.0,6,0.03,5.2,1.5,0.07,0.022,0,0.01
2,0.05,0.0,14.0,3.3333,0,3,90.0,3.8,2.1,1.35,0.0,2,0.04,3.8,1.5,0.05,0.02,1,0.0
2,0.18,0.02,18.0,3.0,1,2,90.0,3.2,2.7,1.22,0.0,1,0.076,3.2,1.5,0.18,0.02,0,0.02
2,0.34,0.01,44.0,5.6667,0,2,90.0,10.1,6.6,0.66,0.0,14,0.144,10.1,1.5,0.34,0.014,0,0.01
2,0.15,0.02,10.0,5.6667,0,3,90.0,3.3,1.5,1.74,0.0,2,0.158,3.3,1.5,0.15,0.012,0,0.02
2,0.07,0.14,27.0,7.3333,1,4,90.0,8.6,4.05,0.63,0.0,6,0.158,8.6,1.5,0.07,0.038,1,0.14
2,0.0,0.01,12.0,3.3333,1,3,90.0,2.5,1.8,0.8,0.0,2,0.148,2.5,1.5,0.0,0.04,0,0.01
2,0.1,0.02,29.0,5.0,0,3,90.0,3.0,4.35,0.76,0.0,7,0.132,3.0,1.5,0.1,0.04,1,0.02
2,0.07,0.01,15.0,3.3333,1,3,90.0,1.9,2.25,0.59,0.0,1,0.078,1.9,1.5,0.07,0.04,0,0.01
2,0.0,0.0,29.0,4.6667,0,3,90.0,3.6,4.35,1.39,0.0,6,0.048,3.6,1.5,0.0,0.036,1,0.0
2,0.02,0.15,14.0,3.0,1,3,90.0,2.4,2.1,0.56,0.0,2,0.038,2.4,1.5,0.02,0.038,0,0.15
2,0.04,0.01,12.0,3.0,0,3,90.0,2.9,1.8,3.52,0.0,1,0.046,2.9,1.5,0.04,0.038,0,0.01
2,0.16,0.05,13.0,1.6667,1,4,90.0,5.7,1.95,1.33,0.0,2,0.058,5.7,1.5,0.16,0.044,0,0.05
2,0.11,0.02,18.0,1.6667,0,3,90.0,3.9,2.7,1.69,0.0,2,0.066,3.9,1.5,0.11,0.046,0,0.02
2,0.13,0.02,28.0,4.0,1,2,90.0,10.1,4.2,1.03,0.0,8,0.092,10.1,1.5,0.13,0.05,0,0.02
2,0.0,0.02,24.0,5.3333,0,3,90.0,2.4,3.6,1.05,0.0,6,0.088,2.4,1.5,0.0,0.024,0,0.02
2,0.01,0.01,17.0,5.3333,1,2,90.0,2.8,2.55,1.61,0.0,2,0.082,2.8,1.5,0.01,0.024,0,0.01
2,0.0,0.01,8.0,3.0,1,3,90.0,2.4,1.2,0.44,0.0,1,0.05,2.4,1.5,0.0,0.016,1,0.01
2,0.04,0.02,15.0,1.6667,1,3,90.0,4.7,2.25,0.59,0.0,2,0.036,4.7,1.5,0.04,0.016,1,0.02
2,0.0,0.01,15.0,1.3333,0,3,90.0,1.9,2.25,0.71,0.0,1,0.01,1.9,1.5,0.0,0.014,1,0.01
2,0.15,0.07,11.0,1.6667,1,2,90.0,5.3,1.65,1.87,0.0,2,0.04,5.3,1.5,0.15,0.024,0,0.07
2,0.0,0.0,14.0,1.6667,0,2,90.0,1.7,2.1,0.8,0.0,2,0.038,1.7,1.5,0.0,0.022,0,0.0
2,0.08,0.03,14.0,1.3333,0,3,90.0,7.2,2.1,1.09,0.0,0,0.054,7.2,1.5,0.08,0.026,0,0.03
2,0.14,0.01,15.0,1.0,0,3,90.0,2.3,2.25,0.7,0.0,1,0.074,2.3,1.5,0.14,0.024,0,0.01
2,0.08,0.0,15.0,0.6667,1,2,90.0,2.7,2.25,1.16,0.0,1,0.09,2.7,1.5,0.08,0.022,0,0.0
2,0.0,0.01,17.0,1.0,0,4,90.0,3.2,2.55,3.36,0.0,1,0.06,3.2,1.5,0.0,0.01,0,0.01
2,0.25,0.02,22.0,2.6667,1,2,90.0,7.3,3.3,0.56,0.0,6,0.11,7.3,1.5,0.25,0.014,0,0.02
4,0.0,0.1286,7.1429,2.0,0,3,63.0,0.0,0.0,2.2143,0.0,2,0.0,0.0,1.5,0.0,0.1286,0,0.09
4,0.0,0.0783,1.3043,2.0,0,3,66.0,1.8,0.0,1.9826,0.0,2,0.0,2.3478,1.5,0.0,0.1023,0,0.06
4,0.5143,0.0129,2.5714,2.0,1,4,67.3333,3.7,0.0,1.1057,0.0,2,0.1782,4.7571,1.5,0.4,0.0713,0,0.01
4,0.0,0.06,24.0,1.6667,0,4,54.25,1.7,0.0,0.3,0.0,1,0.1659,10.2,1.5,0.0,0.0705,0,0.01
4,0.0,0.0,54.0,1.3333,1,3,44.4,0.0,0.0,0.0,0.0,1,0.1622,0.0,1.5,0.0,0.0689,1,0.0
4,0.0,0.0,7.5,1.0,0,3,34.2,0.0,0.0,0.975,0.0,1,0.2105,0.0,1.5,0.0,0.0421,0,0.0
4,0.3214,0.0321,80.3571,3.0,1,2,26.0,6.0,0.0,0.1929,0.0,7,0.3462,19.2857,1.5,0.1,0.0208,0,0.01
4,0.0,0.0136,-2.7273,3.3333,1,3,25.2,2.1,0.0,2.7136,0.0,2,0.0714,2.8636,1.5,0.0,0.0214,0,0.01
4,3.15,0.1,130.0,4.6667,0,4,25.8,7.6,0.0,0.5,0.0,5,0.5093,38.0,1.5,0.63,0.0279,0,0.02
4,0.7714,0.0,12.8571,2.6667,0,2,27.6,0.9,0.0,2.7,0.0,1,0.5543,5.7857,1.5,0.12,0.0261,0,0.0
4,0.0,0.0,6.0,2.3333,1,2,28.2,0.0,0.0,1.74,0.0,1,0.5426,0.0,1.5,0.0,0.0255,0,0.0
4,0.0,0.0,60.0,1.0,0,3,23.2,0.0,0.0,3.3,0.0,1,0.5819,0.0,1.5,0.0,0.0233,1,0.0
4,0.0,0.0,-11.25,0.6667,1,4,13.2,0.3,0.0,6.4687,0.0,0,1.0227,1.6875,1.5,0.0,0.0273,0,0.0
4,0.0621,0.0,3.1034,0.6667,0,3,15.4,0.7,0.0,5.5552,0.0,1,0.1636,2.1724,1.5,0.02,0.0,0,0.0
4,0.315,0.0,42.0,2.3333,1,2,24.6,7.1,0.0,2.58,0.0,6,0.1683,10.65,1.5,0.21,0.0,0,0.0
4,0.25,0.02,27.0,4.6667,1,2,39.6,8.4,0.0,1.6,0.0,7,0.2182,8.4,1.5,0.25,0.0091,1,0.02
4,0.6494,0.0342,4.557,5.0,1,2,54.8,6.4,0.0,1.4582,0.0,2,0.3449,7.2911,1.5,0.57,0.0164,0,0.03
4,0.1029,0.0257,3.8571,3.6667,0,4,65.6,7.0,0.0,3.1629,0.0,2,0.3101,9.0,1.5,0.08,0.0192,0,0.02
4,1.13,0.08,18.0,3.3333,1,3,77.8,8.5,0.0,1.5,0.0,6,0.5183,8.5,1.5,1.13,0.0347,1,0.08
4,0.0,0.06,5.0,3.3333,0,4,83.8,3.7,0.0,0.99,0.0,2,0.436,3.7,1.5,0.0,0.0451,0,0.06
4,1.2086,0.0129,102.8571,8.3333,1,3,79.8,20.7,0.0,0.4629,0.0,17,0.6135,26.6143,1.5,0.94,0.0451,0,0.01
4,0.1552,0.0103,23.7931,8.3333,0,2,81.4,6.7,0.0,2.3276,0.0,6,0.5086,6.931,1.5,0.15,0.0398,1,0.01
4,0.33,0.0,7.0,9.3333,1,2,85.4,6.1,0.0,1.81,0.0,5,0.5375,6.1,1.5,0.33,0.0337,0,0.0
4,0.0,0.0,0.0,4.0,0,3,69.8,0.3,0.0,0.0,0.0,1,0.3662,2.25,1.5,0.0,0.0206,0,0.0
4,0.3759,0.0,31.8987,5.0,1,4,67.6,6.6,0.0,1.6291,0.0,9,0.466,7.519,1.5,0.33,0.0053,0,0.0
4,0.08,0.0,4.0,4.0,0,3,71.6,1.7,0.0,3.24,0.0,2,0.2237,1.7,1.5,0.08,0.0025,0,0.0
4,0.156,0.0,-9.6,4.3333,1,4,69.2,2.2,0.0,0.756,0.0,2,0.2263,2.64,1.5,0.13,0.0,0,0.0
2,0.0,0.0,7.2,0.0,0,3,75.0,0.0,1.08,2.808,0.0,0,0.0,0.0,1.5,0.0,0.0,0,0.0
2,0.0,0.0,34.6154,0.5,0,3,44.0,0.2,5.1923,0.5538,0.0,1,0.0,1.3846,1.5,0.0,0.0,0,0.0
2,0.21,0.0,24.0,3.0,1,2,59.3333,7.4,3.6,1.06,0.0,8,0.1062,7.4,1.5,0.21,0.0,0,0.0
2,0.0,0.0,13.0,3.6667,0,3,67.0,1.6,1.95,0.98,0.0,2,0.0705,1.6,1.5,0.0,0.0,0,0.0
2,0.1,0.0,18.0,3.6667,0,2,62.6,2.8,2.7,1.3,0.0,1,0.0748,5.6,1.5,0.05,0.0,1,0.0
2,0.0,0.0,17.069,1.3333,1,3,59.2,0.9,2.5603,3.0414,0.0,1,0.0791,1.3966,1.5,0.0,0.0,1,0.0
2,0.0,0.0,25.7143,1.0,1,2,59.4,0.9,3.8571,2.8286,0.0,1,0.0788,5.7857,1.5,0.0,0.0,0,0.0
2,0.0,0.0,22.5,1.0,0,3,43.8,0.4,3.375,0.975,0.0,1,0.0205,3.0,1.5,0.0,0.0,0,0.0
2,0.0,0.0,10.0,0.0,0,2,90.0,0.0,1.5,4.1,0.0,0,0.0,0.0,1.5,0.0,0.0,0,0.0
2,0.0,0.01,14.0,0.5,0,3,90.0,3.1,2.1,2.09,0.0,1,0.0,3.1,1.5,0.0,0.005,0,0.01
2,0.0,0.03,15.0,0.6667,1,3,90.0,1.5,2.25,1.06,0.0,1,0.0,1.5,1.5,0.0,0.0133,0,0.03
2,0.37,0.0,4.0,1.3333,0,3,90.0,4.5,0.6,0.98,0.0,2,0.0925,4.5,1.5,0.37,0.01,0,0.0
2,0.0,0.02,14.0,1.6667,1,2,90.0,3.2,2.1,0.59,0.0,2,0.074,3.2,1.5,0.0,0.012,0,0.02
2,0.0,0.01,8.0,2.0,0,3,90.0,0.8,1.2,2.9,0.0,2,0.074,0.8,1.5,0.0,0.014,0,0.01
2,0.0,0.0,13.5,1.6667,1,3,76.0,0.0,2.025,0.135,0.0,1,0.0876,0.0,1.5,0.0,0.0142,0,0.0
2,0.01,0.2,10.0,1.6667,1,3,76.0,6.7,1.5,1.68,0.0,2,0.09,6.7,1.5,0.01,0.0545,0,0.2
2,0.0,0.0,18.0,1.3333,0,4,76.0,2.4,2.7,3.47,0.0,1,0.0024,2.4,1.5,0.0,0.0545,0,0.0
2,0.0,0.0,11.0,1.0,1,3,76.0,3.4,1.65,2.44,0.0,0,0.0024,3.4,1.5,0.0,0.0497,1,0.0
2,0.0,0.01,7.0,0.6667,1,3,76.0,1.9,1.05,1.6,0.0,1,0.0024,1.9,1.5,0.0,0.0497,0,0.01
2,0.0,0.012,34.8,2.6667,1,2,87.0,2.6,5.22,1.488,0.0,7,0.0021,3.12,1.5,0.0,0.0455,1,0.01
2,0.0,0.01,9.0,3.0,0,4,87.0,2.2,1.35,2.59,0.0,1,0.0,2.2,1.5,0.0,0.0062,1,0.01
2,0.0,0.01,12.0,3.0,1,3,87.0,2.6,1.8,1.5,0.0,1,0.0,2.6,1.5,0.0,0.0083,0,0.01
2,0.0,0.02,14.0,1.3333,0,3,87.0,1.9,2.1,0.99,0.0,2,0.0,1.9,1.5,0.0,0.0124,0,0.02
2,0.0,0.0,24.0,3.0,1,3,87.0,2.1,3.6,0.88,0.0,6,0.0,2.1,1.5,0.0,0.0103,0,0.0
2,0.0,0.02,11.0,2.6667,0,3,90.0,1.6,1.65,2.28,0.0,0,0.0,1.6,1.5,0.0,0.012,1,0.02
2,0.0,0.05,29.0,3.0,1,3,90.0,3.8,4.35,1.81,0.0,3,0.0,3.8,1.5,0.0,0.02,1,0.05
2,0.0,0.02,6.0,1.3333,1,2,90.0,3.2,0.9,2.81,0.0,1,0.0,3.2,1.5,0.0,0.022,0,0.02
2,0.0,0.01,12.0,1.3333,0,3,90.0,3.0,1.8,3.31,0.0,0,0.0,3.0,1.5,0.0,0.02,0,0.01
2,0.0,0.0,54.0,0.6667,1,3,73.0,0.0,8.1,5.94,0.0,1,0.0,0.0,1.5,0.0,0.0247,0,0.0
3,0.0,0.0,135.0,1.0,0,3,2.0,0.0,13.5,54.9,0.0,1,0.0,0.0,1.5,0.0,0.0,1,0.0
3,0.0,0.0,11.25,1.0,1,3,13.0,0.2,1.125,0.0,0.0,1,0.0,0.75,1.5,0.0,0.0,0,0.0
3,0.0,0.0,0.0,1.0,0,3,10.0,0.0,0.0,0.0,0.0,1,0.0,0.0,1.5,0.0,0.0,0,0.0
3,0.0,0.0,33.75,1.0,1,3,9.5,0.1,3.375,0.0,0.0,1,0.0,1.125,1.5,0.0,0.0,0,0.0
3,6.9,0.6,90.0,1.0,1,3,8.2,1.0,9.0,0.3,0.0,1,0.5049,30.0,1.5,0.23,0.0439,0,0.02
3,0.0,0.9,45.0,1.0,1,2,9.4,1.6,4.5,1.4625,0.0,1,0.4404,18.0,1.5,0.0,0.1915,0,0.08
3,0.0,0.0,60.0,0.6667,0,2,5.2,0.3,6.0,6.3,0.0,0,0.7962,9.0,1.5,0.0,0.3462,0,0.0
3,0.0,0.0,90.0,0.6667,0,2,4.8,0.0,9.0,13.5,0.0,1,0.8625,0.0,1.5,0.0,0.375,0,0.0
3,3.96,0.0,378.0,2.3333,1,3,4.2,6.7,37.8,1.44,0.0,6,1.9286,120.6,1.5,0.22,0.4286,0,0.0
3,0.0435,0.0,7.2581,3.0,0,2,16.0,0.6,0.7258,2.5548,0.0,2,0.2812,0.871,1.5,0.03,0.09,0,0.0
3,0.3,0.0,20.0,3.0,0,3,16.2,0.2,2.0,0.3,0.0,1,0.3111,2.0,1.5,0.03,0.0,1,0.0
3,0.0,0.1607,41.7857,2.3333,1,4,21.2,3.2,4.1786,0.3857,0.0,4,0.2377,10.2857,1.5,0.0,0.0425,0,0.05
3,0.0,0.0,7.1053,2.3333,0,4,36.0,0.5,0.7105,3.9079,0.0,2,0.14,0.5921,1.5,0.0,0.025,0,0.0
3,0.6,0.0,40.0,4.0,1,3,44.0,5.3,4.0,3.26,0.0,6,0.1473,10.6,1.5,0.3,0.0205,0,0.0
3,0.2625,0.0,3.75,3.0,0,3,36.4,2.4,0.375,1.4625,0.0,1,0.1978,9.0,1.5,0.07,0.0247,0,0.0
3,3.3,0.0,90.0,2.6667,1,3,35.2,2.8,9.0,0.0,0.0,1,0.2455,84.0,1.5,0.11,0.0256,0,0.0
3,0.0,0.0,90.0,1.0,0,3,30.2,0.7,9.0,18.6,0.0,1,0.2861,21.0,1.5,0.0,0.0,0,0.0
2,0.0,0.0118,10.6579,1.0,0,3,76.0,2.9,1.5987,2.3921,0.0,1,0.0,3.4342,1.5,0.0,0.0118,1,0.01
2,0.26,0.01,13.0,1.0,1,2,83.0,3.9,1.95,1.06,0.0,1,0.141,3.9,1.5,0.26,0.0108,0,0.01
2,0.0,0.0,12.2222,1.3333,0,2,82.3333,2.7,1.8333,1.0333,0.0,2,0.0947,3.0,1.5,0.0,0.0073,1,0.0
2,0.06,0.03,9.0,1.6667,1,2,84.25,1.7,1.35,0.59,0.0,2,0.0855,1.7,1.5,0.06,0.0134,0,0.03
2,0.0,0.0,12.0,1.6667,0,2,76.4,1.1,1.8,4.5,0.0,1,0.0754,2.2,1.5,0.0,0.0118,0,0.0
2,0.0652,0.1043,20.8696,2.0,1,4,75.0,5.7,3.1304,1.3174,0.0,3,0.0888,7.4348,1.5,0.05,0.0288,0,0.08
2,0.0,0.04,9.0,2.0,1,4,75.0,5.1,1.35,1.99,0.0,2,0.0264,5.1,1.5,0.0,0.036,0,0.04
2,0.0,0.0333,10.0,2.0,0,3,69.6,2.5,1.5,4.1333,0.0,1,0.0284,4.1667,1.5,0.0,0.044,0,0.02
2,0.02,0.0,25.0,3.0,1,4,69.6,1.7,3.75,0.88,0.0,6,0.0181,1.7,1.5,0.02,0.0362,0,0.0
2,0.0,0.0,32.7273,2.6667,0,4,62.8,0.5,4.9091,1.5545,0.0,1,0.0201,4.0909,1.5,0.0,0.0401,1,0.0
2,0.1209,0.0134,10.7463,2.6667,1,2,62.4,2.8,1.6119,2.2836,0.0,1,0.0317,3.7612,1.5,0.09,0.0202,0,0.01
2,1.31,0.01,18.0,1.6667,1,3,62.4,8.7,2.7,1.83,0.0,3,0.4096,8.7,1.5,1.31,0.0115,0,0.01
2,0.0,0.01,10.0,1.6667,0,3,69.6,3.0,1.5,2.59,0.0,1,0.3672,3.0,1.5,0.0,0.0078,0,0.01
2,0.04,0.0,12.0,1.3333,0,2,69.6,3.5,1.8,2.66,0.0,0,0.3724,3.5,1.5,0.04,0.0078,0,0.0
2,0.0,0.21,31.0,2.6667,1,2,85.4,5.8,4.65,1.71,0.0,7,0.3035,5.8,1.5,0.0,0.0506,0,0.21
2,0.0,0.64,2.0,2.3333,0,3,81.0,1.9,0.3,2.52,0.0,0,0.3,3.8,1.5,0.0,0.1222,0,0.32
2,0.0,0.01,12.0,3.0,1,2,81.0,1.9,1.8,0.34,0.0,2,0.0089,1.9,1.5,0.0,0.1222,0,0.01
2,0.0,0.0,9.0,0.6667,0,2,81.0,2.0,1.35,4.26,0.0,0,0.0089,2.0,1.5,0.0,0.12,0,0.0
2,0.0,0.0,10.0,0.6667,1,3,72.0,0.3,1.5,3.02,0.0,0,0.0,0.6,1.5,0.0,0.135,0,0.0
2,0.0,0.11,25.0,1.3333,0,3,72.0,7.0,3.75,1.21,0.0,4,0.0,7.0,1.5,0.0,0.11,1,0.11
2,0.03,0.04,13.0,2.0,1,2,81.0,4.8,1.95,1.43,0.0,2,0.0067,4.8,1.5,0.03,0.0356,1,0.04
2,0.0,0.0105,8.3721,2.0,0,4,80.2,1.4,1.2558,2.7523,0.0,0,0.0067,1.4651,1.5,0.0,0.0359,0,0.01
3,0.0,0.0,21.1765,1.0,0,3,17.0,0.6,2.1176,1.5882,0.0,1,0.0,3.1765,1.5,0.0,0.0,0,0.0
3,0.0,0.0,0.0,0.5,1,3,23.0,1.7,0.0,4.2207,0.0,0,0.0,5.2759,1.5,0.0,0.0,1,0.0
3,0.0,0.21,6.0,0.6667,0,4,25.3333,0.8,0.6,5.37,0.0,1,0.0,2.4,1.5,0.0,0.0829,0,0.07
3,0.0,0.0,135.0,0.6667,1,2,19.5,0.0,13.5,4.05,0.0,1,0.0,0.0,1.5,0.0,0.0808,0,0.0
3,0.0,0.0,270.0,1.0,1,3,15.8,0.0,27.0,0.0,0.0,1,0.0,0.0,1.5,0.0,0.0797,0,0.0
3,0.1479,0.0247,8.6301,1.3333,0,3,27.0,1.1,0.863,1.1466,0.0,2,0.08,1.3562,1.5,0.12,0.06,0,0.02
3,0.2821,0.0672,2.6866,1.6667,1,4,34.6,5.9,0.2687,0.4836,0.0,2,0.1717,7.9254,1.5,0.21,0.0728,0,0.05
3,0.0,0.0134,4.0299,2.0,0,4,42.0,1.1,0.403,2.2701,0.0,2,0.1414,1.4776,1.5,0.0,0.0343,0,0.01
3,0.0,0.0,5.1923,1.6667,1,3,52.0,0.8,0.5192,2.9423,0.0,1,0.1142,1.3846,1.5,0.0,0.0277,0,0.0
3,0.0,0.0409,12.2727,1.3333,1,3,56.2,0.7,1.2273,3.0682,0.0,1,0.1057,2.8636,1.5,0.0,0.0288,0,0.01
3,0.0,0.0,10.0,1.0,0,3,47.0,0.5,1.0,3.6667,0.0,1,0.0804,1.6667,1.5,0.0,0.0268,0,0.0
3,0.0,0.16,11.0,1.3333,1,2,51.6,3.8,1.1,1.83,0.0,2,0.0,3.8,1.5,0.0,0.0628,1,0.16
3,0.0523,0.0209,10.4651,1.6667,0,4,55.4,1.4,1.0465,2.4907,0.0,2,0.0162,1.4651,1.5,0.05,0.0617,0,0.02
3,0.0,0.41,19.0,2.6667,0,3,63.0,4.9,1.9,2.66,0.0,4,0.0143,4.9,1.5,0.0,0.1714,0,0.41
3,0.1714,0.0429,7.5,2.6667,1,4,75.4,2.2,0.75,1.7464,0.0,2,0.0501,2.3571,1.5,0.16,0.1504,0,0.04
3,0.1,0.0,-3.3333,2.3333,0,4,75.4,1.5,-0.3333,4.0333,0.0,1,0.0573,5.0,1.5,0.03,0.1504,0,0.0
3,0.04,0.02,10.0,1.6667,0,3,75.4,1.3,1.0,0.82,0.0,2,0.0668,1.3,1.5,0.04,0.117,0,0.02
3,0.32,0.09,36.0,4.3333,1,3,76.2,13.3,3.6,0.34,0.0,10,0.1299,13.3,1.5,0.32,0.1323,1,0.09
3,0.0,0.0,5.1136,4.6667,0,4,75.8,0.8,0.5114,3.5489,0.0,2,0.1306,0.8182,1.5,0.0,0.0356,0,0.0
3,0.0225,0.0338,2.25,4.6667,1,4,75.0,2.3,0.225,2.8125,0.0,2,0.0984,2.5875,1.5,0.02,0.0336,0,0.03
3,0.0554,0.2908,16.6154,2.0,0,2,82.6,5.7,1.6615,1.1354,0.0,2,0.0915,7.8923,1.5,0.04,0.0763,0,0.21
3,0.0,0.0,10.5882,1.6667,0,4,74.8,1.4,1.0588,4.6765,0.0,1,0.0914,2.4706,1.5,0.0,0.0794,0,0.0
3,0.1435,0.0652,7.8261,1.3333,1,3,70.6,4.7,0.7826,0.8217,0.0,1,0.0433,6.1304,1.5,0.11,0.0739,0,0.05
2,0.0,0.0692,6.9231,0.0,0,4,26.0,0.0,1.0385,8.8269,0.0,0,0.0,0.0,1.5,0.0,0.0692,0,0.02
2,0.0,0.405,9.0,0.5,0,3,23.0,0.5,1.35,2.565,0.0,1,0.0,2.25,1.5,0.0,0.2152,1,0.09
2,0.0234,0.0935,10.5195,1.0,1,3,41.0,3.9,1.5779,1.0052,0.0,2,0.0146,4.5584,1.5,0.02,0.139,0,0.08
2,0.0,1.2375,11.25,1.3333,0,2,34.75,0.0,1.6875,0.2812,0.0,1,0.0129,0.0,1.5,0.0,0.2655,1,0.22
2,0.1014,0.3676,21.5493,2.0,1,2,42.0,11.3,3.2324,0.7479,0.0,3,0.0429,14.3239,1.5,0.08,0.3,1,0.29
2,0.0,0.2085,34.0244,4.0,0,2,53.2,12.3,5.1037,3.0402,0.0,8,0.0338,13.5,1.5,0.0,0.2944,0,0.19
2,0.02,0.34,14.0,4.0,1,4,67.2,12.5,2.1,1.04,0.0,1,0.0321,12.5,1.5,0.02,0.3,1,0.34
2,0.17,0.15,10.0,3.6667,1,2,69.8,5.9,1.5,1.99,0.0,2,0.0696,5.9,1.5,0.17,0.3069,0,0.15
2,0.03,0.1,15.0,1.3333,0,4,84.6,2.4,2.25,2.97,0.0,1,0.0638,2.4,1.5,0.03,0.2277,1,0.1
2,0.0,0.0346,6.9231,1.0,0,2,86.0,3.1,1.0385,2.4462,0.0,0,0.046,3.5769,1.5,0.0,0.1695,1,0.03
2,0.0,0.02,16.0,1.0,1,3,87.6,3.7,2.4,3.04,0.0,2,0.0452,3.7,1.5,0.0,0.1315,0,0.02
2,0.0,0.025,12.5,1.3333,0,3,84.0,2.7,1.875,2.275,0.0,2,0.0429,3.375,1.5,0.0,0.0686,1,0.02
2,0.0,0.1154,10.3846,2.0,1,3,81.6,4.0,1.5577,0.6692,0.0,2,0.0066,4.6154,1.5,0.0,0.0596,1,0.1
2,0.0,0.3,31.0345,4.0,1,4,81.0,7.9,4.6552,2.431,0.0,8,0.0,8.1724,1.5,0.0,0.1022,0,0.29
2,0.0,0.01,4.0,3.3333,1,4,83.4,1.7,0.6,1.6,0.0,0,0.0,1.7,1.5,0.0,0.095,1,0.01
2,0.0,0.18,30.0,5.6667,1,2,83.4,5.5,4.5,1.68,0.0,9,0.0,5.5,1.5,0.0,0.1295,1,0.18
2,0.1269,0.0692,27.6923,5.3333,0,3,84.6,9.1,4.1538,2.8385,0.0,7,0.0234,10.5,1.5,0.11,0.1362,0,0.06
2,0.13,0.37,44.0,8.3333,1,3,87.0,13.1,6.6,1.5,0.0,9,0.0497,13.1,1.5,0.13,0.1883,0,0.37
2,0.0,0.16,21.0,7.0,0,3,87.6,6.1,3.15,0.99,0.0,5,0.0493,6.1,1.5,0.0,0.1603,1,0.16
2,0.0,0.07,23.0,6.6667,1,4,87.6,3.7,3.45,0.88,0.0,6,0.0493,3.7,1.5,0.0,0.1726,0,0.07
2,0.0577,0.0577,18.4615,4.6667,0,2,85.2,3.9,2.7692,2.4115,0.0,3,0.0613,4.5,1.5,0.05,0.15,0,0.05
2,0.0942,0.4081,21.9767,3.3333,1,4,86.8,17.5,3.2965,1.8837,0.0,1,0.056,18.314,1.5,0.09,0.2157,1,0.39
2,0.1889,0.3111,12.2222,1.6667,1,3,85.0,7.3,1.8333,2.9889,0.0,1,0.0656,8.1111,1.5,0.17,0.2012,0,0.28
2,0.074,0.0123,0.0,0.6667,0,3,81.6,1.1,0.0,3.3904,0.0,0,0.0816,1.3562,1.5,0.06,0.1765,0,0.01
2,0.07,0.29,29.0,2.0,1,4,81.6,7.9,4.35,1.83,0.0,5,0.0971,7.9,1.5,0.07,0.225,0,0.29
2,0.0,0.25,10.0,2.3333,0,3,84.0,4.7,1.5,2.59,0.0,2,0.0836,4.7,1.5,0.0,0.2614,0,0.25
2,0.0,0.67,26.0,3.3333,0,4,84.8,7.1,3.9,2.66,0.0,3,0.0637,7.1,1.5,0.0,0.3184,0,0.67
2,0.0,0.02,10.0,2.0,1,4,77.6,0.3,1.5,2.2,0.0,1,0.0302,0.6,1.5,0.0,0.2853,0,0.01
2,0.0878,0.0659,16.4634,2.0,0,3,79.4,5.7,2.4695,3.0622,0.0,2,0.034,6.2561,1.5,0.08,0.2902,0,0.06
2,0.0,0.02,19.0,1.3333,0,4,79.4,3.1,2.85,0.82,0.0,1,0.0181,3.1,1.5,0.0,0.229,0,0.02
2,0.05,0.01,5.0,1.6667,1,2,79.4,3.3,0.75,0.34,0.0,2,0.0295,3.3,1.5,0.05,0.1746,1,0.01
2,0.17,0.01,16.0,1.0,0,3,79.4,4.4,2.4,4.26,0.0,0,0.068,4.4,1.5,0.17,0.0249,0,0.01
2,0.03,0.02,8.0,0.3333,1,4,88.4,3.9,1.2,3.14,0.0,-1,0.0672,3.9,1.5,0.03,0.0244,0,0.02
2,0.0,0.0414,12.4138,0.0,0,3,89.4,3.9,1.8621,1.2517,0.0,1,0.0503,4.0345,1.5,0.0,0.0201,0,0.04
2,0.02,0.3,23.0,0.6667,1,2,89.4,14.4,3.45,1.43,0.0,2,0.0544,14.4,1.5,0.02,0.0765,0,0.3
2,0.0,0.1884,29.3023,2.3333,0,3,88.6,6.4,4.3953,2.7523,0.0,4,0.0447,6.6977,1.5,0.0,0.1117,0,0.18
2,0.04,0.17,14.0,3.6667,1,2,88.6,8.9,2.1,1.06,0.0,5,0.0183,8.9,1.5,0.04,0.1442,1,0.17
4,1.05,0.09,28.0,8.0,0,3,90.0,0.0,0.0,4.1,0.0,8,1.05,0.0,1.5,1.05,0.09,1,0.09
4,0.16,0.15,6.0,5.0,0,4,90.0,2.8,0.0,2.09,0.0,2,0.605,2.8,1.5,0.16,0.12,0,0.15
4,0.15,0.13,21.0,5.0,1,3,90.0,5.3,0.0,1.06,0.0,5,0.4533,5.3,1.5,0.15,0.1233,0,0.13
4,0.111,0.0,0.0,3.0,0,2,85.75,0.6,0.0,1.1466,0.0,2,0.3805,0.7397,1.5,0.09,0.0971,0,0.0
4,1.04,0.08,25.0,5.3333,1,2,86.6,11.2,0.0,0.59,0.0,9,0.5176,11.2,1.5,1.04,0.0935,0,0.08
4,0.339,0.0234,29.2208,6.3333,0,4,84.0,6.4,0.0,3.2377,0.0,8,0.3707,7.4805,1.5,0.29,0.0814,0,0.02
4,0.37,0.03,4.0,6.3333,1,3,84.0,6.0,0.0,1.04,0.0,2,0.4157,6.0,1.5,0.37,0.0557,0,0.03
4,0.2,0.07,1.0,3.6667,1,3,84.0,5.0,0.0,1.99,0.0,1,0.4264,5.0,1.5,0.2,0.0429,1,0.07
4,0.2,0.0333,4.4444,1.6667,0,3,85.6,1.3,0.0,3.3,0.0,2,0.4374,1.4444,1.5,0.18,0.0484,1,0.03
4,0.0,0.0,0.0,1.6667,0,2,82.6,0.0,0.0,2.364,0.0,2,0.2266,0.0,1.5,0.0,0.0327,0,0.0
4,0.2676,0.0122,2.4324,2.0,1,4,82.0,3.6,0.0,3.3446,0.0,2,0.2129,4.3784,1.5,0.22,0.0307,0,0.01
4,0.15,0.01,3.0,2.0,0,2,82.0,5.2,0.0,2.12,0.0,2,0.1646,5.2,1.5,0.15,0.0263,0,0.01
4,0.0863,0.0123,16.0274,3.0,1,4,78.6,2.9,0.0,0.6534,0.0,5,0.142,3.5753,1.5,0.07,0.0137,0,0.01
4,0.0,0.0,10.5,3.0,0,4,74.4,1.2,0.0,2.52,0.0,2,0.1065,1.8,1.5,0.0,0.0073,1,0.0
4,0.0,0.0,15.5172,2.6667,1,4,65.2,0.7,0.0,2.2034,0.0,1,0.1215,2.1724,1.5,0.0,0.0083,0,0.0
4,0.0,0.0,10.0,1.3333,1,2,54.0,0.0,0.0,0.35,0.0,1,0.0733,0.0,1.5,0.0,0.0067,0,0.0
4,0.0,0.0,-9.0,1.0,1,2,38.0,0.1,0.0,3.6,0.0,1,0.0332,0.9,1.5,0.0,0.0047,0,0.0
4,0.0,0.0,90.0,3.0,0,3,27.2,0.6,0.0,0.6158,0.0,7,0.0,2.8421,1.5,0.0,0.0,0,0.0
4,1.4786,0.0321,-6.4286,3.0,1,4,20.8,5.9,0.0,3.4393,0.0,1,0.3981,18.9643,1.5,0.46,0.0087,0,0.01
4,1.0125,0.0,135.0,5.0,0,3,18.2,5.4,0.0,0.3375,0.0,7,0.633,30.375,1.5,0.18,0.0099,0,0.0
4,0.5598,0.011,15.3659,4.3333,1,2,31.0,8.1,0.0,0.9659,0.0,5,0.6677,8.8902,1.5,0.51,0.0116,0,0.01
4,0.9462,0.1615,51.9231,7.6667,0,2,44.6,11.9,0.0,2.4115,0.0,11,0.7951,13.7308,1.5,0.82,0.0646,1,0.14
4,0.8477,0.0314,25.1163,7.0,1,2,58.0,6.8,0.0,1.8837,0.0,5,0.8628,7.1163,1.5,0.81,0.059,0,0.03
4,0.63,0.03,33.0,8.0,1,3,70.4,11.0,0.0,2.81,0.0,8,0.7543,11.0,1.5,0.63,0.0537,0,0.03
4,0.0,0.01,7.0,5.0,0,3,85.2,2.1,0.0,3.31,0.0,2,0.5852,2.1,1.5,0.0,0.0465,0,0.01
4,0.47,0.36,31.0,6.0,1,3,86.8,12.5,0.0,1.83,0.0,8,0.5661,12.5,1.5,0.47,0.1182,1,0.36
4,0.26,0.02,3.0,4.0,0,3,89.2,4.1,0.0,2.59,0.0,2,0.4379,4.1,1.5,0.26,0.0908,0,0.02
4,0.62,0.01,3.0,4.0,0,2,90.0,4.8,0.0,2.66,0.0,2,0.396,4.8,1.5,0.62,0.086,0,0.01
4,0.0,0.03,1.0,2.0,1,2,90.0,3.0,0.0,1.71,0.0,2,0.27,3.0,1.5,0.0,0.086,0,0.03
4,0.1,0.02,4.0,2.0,0,3,90.0,1.8,0.0,2.98,0.0,2,0.29,1.8,1.5,0.1,0.088,0,0.02
4,0.0,0.0,3.0,2.0,0,3,90.0,0.8,0.0,0.82,0.0,2,0.196,0.8,1.5,0.0,0.016,0,0.0
4,0.69,0.05,33.0,4.0,1,3,90.0,14.0,0.0,0.34,0.0,8,0.282,14.0,1.5,0.69,0.022,0,0.05
4,0.0,0.0,3.0,4.0,0,3,90.0,1.8,0.0,4.26,0.0,2,0.158,1.8,1.5,0.0,0.02,0,0.0
4,0.08,0.01,6.0,4.0,1,3,90.0,3.3,0.0,3.14,0.0,2,0.174,3.3,1.5,0.08,0.016,0,0.01
4,0.37,0.03,26.0,3.6667,0,3,90.0,10.7,0.0,1.21,0.0,7,0.228,10.7,1.5,0.37,0.018,1,0.03
4,0.08,0.01,6.0,3.6667,1,3,90.0,2.3,0.0,1.43,0.0,2,0.244,2.3,1.5,0.08,0.02,0,0.01
4,0.0,0.11,1.0,3.3333,0,3,90.0,1.4,0.0,3.24,0.0,1,0.106,1.4,1.5,0.0,0.032,0,0.11
4,1.48,0.01,22.0,2.6667,1,3,90.0,9.7,0.0,1.06,0.0,5,0.402,9.7,1.5,1.48,0.034,0,0.01
4,0.0,0.0,19.2857,1.0,0,3,14.0,0.0,0.0,11.3143,0.0,1,0.0,0.0,1.5,0.0,0.0,1,0.0
4,0.0,0.0,20.7692,1.0,0,3,13.5,0.0,0.0,0.5538,0.0,1,0.0,0.0,1.5,0.0,0.0,0,0.0
4,0.225,0.15,30.0,1.0,1,2,13.0,1.3,0.0,1.5,0.0,1,0.0692,9.75,1.5,0.03,0.0462,0,0.02
4,0.0,0.0562,16.875,1.0,0,3,13.75,0.4,0.0,0.2812,0.0,1,0.0491,2.25,1.5,0.0,0.0491,1,0.01
4,0.04,0.42,13.0,1.3333,1,3,29.0,7.2,0.0,0.59,0.0,2,0.0434,7.2,1.5,0.04,0.2793,1,0.42
4,0.04,0.01,8.0,1.6667,0,2,44.2,2.4,0.0,2.9,0.0,2,0.0448,2.4,1.5,0.04,0.1873,0,0.01
4,0.23,0.03,1.0,2.0,1,3,59.6,2.3,0.0,1.04,0.0,2,0.1027,2.3,1.5,0.23,0.148,0,0.03
4,0.1,0.48,15.0,2.0,1,2,75.2,4.0,0.0,1.99,0.0,2,0.0981,4.0,1.5,0.1,0.2274,0,0.48
4,0.38,0.4,41.0,4.0,0,3,90.0,10.0,0.0,2.97,0.0,8,0.158,10.0,1.5,0.38,0.268,0,0.4
4,0.0,0.01,6.0,4.0,0,2,90.0,1.4,0.0,2.39,0.0,2,0.15,1.4,1.5,0.0,0.186,0,0.01
4,0.0342,0.0114,11.3924,4.0,1,3,87.8,3.2,0.0,3.1785,0.0,2,0.1517,3.6456,1.5,0.03,0.1907,0,0.01
4,0.0212,0.0529,11.6471,2.0,0,2,86.8,5.3,0.0,2.1282,0.0,2,0.1099,5.6118,1.5,0.02,0.197,0,0.05
4,0.03,0.34,23.0,3.0,1,2,86.8,5.2,0.0,1.68,0.0,5,0.0954,5.2,1.5,0.03,0.168,0,0.34
4,0.0,0.0,4.5763,2.6667,0,4,80.6,0.1,0.0,2.5627,0.0,1,0.0179,0.1525,1.5,0.0,0.0916,0,0.0
4,0.0,0.0,16.0714,2.3333,1,4,68.2,1.1,0.0,2.2821,0.0,1,0.0211,3.5357,1.5,0.0,0.1056,0,0.0
4,0.0,0.1,30.0,1.0,1,2,54.2,1.5,0.0,4.0,0.0,1,0.0166,15.0,1.5,0.0,0.1328,1,0.01
4,0.0,0.0,10.0,1.0,0,3,40.8,0.3,0.0,0.65,0.0,1,0.0132,1.5,1.5,0.0,0.1544,0,0.0
4,0.42,1.2,16.0,1.0,1,2,31.8,7.7,0.0,2.3,0.0,1,0.1189,15.4,1.5,0.21,0.3453,1,0.6
4,0.25,0.2,20.0,1.3333,0,4,38.0,14.0,0.0,0.99,0.0,2,0.2179,14.0,1.5,0.25,0.3837,0,0.2
4,1.08,0.09,33.0,3.6667,1,4,50.4,12.0,0.0,0.88,0.0,8,0.55,12.0,1.5,1.08,0.3214,0,0.09
4,0.06,0.01,25.0,5.0,0,2,66.6,4.6,0.0,2.28,0.0,5,0.4324,4.6,1.5,0.06,0.2432,0,0.01
4,0.04,0.28,13.0,5.0,1,3,81.0,3.8,0.0,1.81,0.0,2,0.3644,3.8,1.5,0.04,0.2622,0,0.28
4,0.21,0.16,17.0,3.0,1,4,90.0,7.8,0.0,2.81,0.0,2,0.328,7.8,1.5,0.21,0.148,1,0.16
4,0.7,0.06,40.0,4.3333,0,3,90.0,11.6,0.0,3.31,0.0,9,0.418,11.6,1.5,0.7,0.12,0,0.06
4,0.0,0.0107,13.9286,4.3333,1,3,88.8,1.6,0.0,1.6179,0.0,2,0.2047,1.7143,1.5,0.0,0.1054,0,0.01
4,0.3453,0.0105,1.0465,4.3333,0,3,88.0,1.3,0.0,2.4907,0.0,2,0.2618,1.3605,1.5,0.33,0.1064,0,0.01
4,0.5483,0.0103,23.7931,3.0,0,4,87.4,8.2,0.0,2.4414,0.0,5,0.3645,8.4828,1.5,0.53,0.0515,0,0.01
4,0.04,0.27,12.0,3.0,1,2,87.4,3.2,0.0,1.71,0.0,2,0.3295,3.2,1.5,0.04,0.0741,0,0.27
4,0.0,0.0,21.1765,2.6667,0,3,72.8,0.5,0.0,5.8765,0.0,1,0.2225,2.6471,1.5,0.0,0.0742,0,0.0
4,0.144,0.012,28.8,3.6667,1,4,71.0,5.2,0.0,0.756,0.0,8,0.2586,6.24,1.5,0.12,0.0761,1,0.01
3,0.0,0.0,16.875,1.0,0,2,16.0,0.0,1.6875,5.9062,0.0,1,0.0,0.0,1.5,0.0,0.0,1,0.0
3,0.0,0.0,1.2162,1.0,0,2,45.0,1.4,0.1216,0.9122,0.0,1,0.0,1.7027,1.5,0.0,0.0,1,0.0
3,0.2571,0.0964,3.2143,1.0,1,2,39.3333,5.4,0.3214,0.3857,0.0,1,0.061,17.3571,1.5,0.08,0.0229,1,0.03
3,0.0,0.0724,9.3103,1.3333,0,3,51.25,2.5,0.931,3.5897,0.0,2,0.0351,2.5862,1.5,0.0,0.0439,1,0.07
3,0.0,0.0,1.6364,1.3333,1,3,52.0,1.5,0.1636,4.0091,0.0,1,0.0277,2.4545,1.5,0.0,0.0346,0,0.0
3,0.0,0.0,0.0,1.3333,0,3,49.2,0.0,0.0,0.0,0.0,1,0.0293,0.0,1.5,0.0,0.0366,0,0.0
3,0.0,0.013,1.3043,1.3333,1,2,48.2,1.6,0.1304,1.5261,0.0,2,0.0299,2.087,1.5,0.0,0.0411,0,0.01
3,0.0875,0.3875,3.75,1.6667,0,4,57.0,1.7,0.375,2.675,0.0,2,0.0221,2.125,1.5,0.07,0.1232,0,0.31
2,0.0,0.0,6.4286,0.0,0,4,56.0,0.7,0.9643,3.1661,0.0,0,0.0,1.125,1.5,0.0,0.0,0,0.0
2,0.0,0.0,11.0,1.0,1,4,73.0,2.1,1.65,3.04,0.0,2,0.0,2.1,1.5,0.0,0.0,0,0.0
2,0.0,0.0,10.0,1.3333,0,3,78.6667,2.0,1.5,2.12,0.0,2,0.0,2.0,1.5,0.0,0.0,0,0.0
2,0.0,0.0,12.0,1.6667,1,2,81.5,2.2,1.8,1.68,0.0,1,0.0,2.2,1.5,0.0,0.0,0,0.0
2,0.0,0.01,12.0,1.3333,0,2,83.2,4.1,1.8,3.47,0.0,1,0.0,4.1,1.5,0.0,0.0022,1,0.01
2,0.16,0.0,29.0,2.6667,1,2,90.0,7.8,4.35,2.44,0.0,6,0.032,7.8,1.5,0.16,0.002,0,0.0
2,0.0,0.0,23.0,4.3333,1,2,90.0,2.7,3.45,1.68,0.0,6,0.032,2.7,1.5,0.0,0.002,0,0.0
2,0.0,0.0,12.0,4.3333,0,3,90.0,1.5,1.8,2.59,0.0,1,0.032,1.5,1.5,0.0,0.002,0,0.0
2,0.0,0.0,11.0,2.6667,1,2,90.0,1.2,1.65,1.5,0.0,1,0.032,1.2,1.5,0.0,0.002,0,0.0
2,0.0,0.01,22.0,1.3333,0,3,90.0,1.9,3.3,0.99,0.0,2,0.032,1.9,1.5,0.0,0.002,0,0.01
2,0.0,0.01,31.0,3.3333,1,3,90.0,1.7,4.65,0.88,0.0,7,0.0,1.7,1.5,0.0,0.004,0,0.01
2,0.48,0.0,17.0,4.6667,0,3,90.0,8.5,2.55,2.28,0.0,5,0.096,8.5,1.5,0.48,0.004,1,0.0
2,0.15,0.01,9.0,4.3333,1,3,90.0,2.7,1.35,1.81,0.0,1,0.126,2.7,1.5,0.15,0.006,0,0.01
2,0.22,0.01,4.0,2.0,1,2,90.0,2.5,0.6,2.81,0.0,0,0.17,2.5,1.5,0.22,0.008,0,0.01
2,0.0,0.0,8.0,0.3333,0,3,90.0,4.2,1.2,3.31,0.0,0,0.17,4.2,1.5,0.0,0.006,1,0.0
2,0.0225,0.0112,11.25,0.6667,0,3,88.0,1.9,1.6875,2.6663,0.0,2,0.178,2.1375,1.5,0.02,0.0061,0,0.01
2,0.0,0.08,17.0,0.6667,1,2,88.0,3.6,2.55,3.14,0.0,0,0.0798,3.6,1.5,0.0,0.0225,1,0.08
2,0.0,0.01,15.0,1.0,0,2,88.0,2.1,2.25,1.21,0.0,1,0.0491,2.1,1.5,0.0,0.0225,0,0.01
2,0.04,0.01,13.0,1.0,1,4,88.0,2.2,1.95,1.43,0.0,2,0.0123,2.2,1.5,0.04,0.0225,0,0.01
2,0.0,0.0,12.0,1.3333,0,4,88.0,2.7,1.8,3.24,0.0,1,0.0123,2.7,1.5,0.0,0.0225,1,0.0
2,0.02,0.0,4.0,1.0,1,4,90.0,0.7,0.6,1.06,0.0,0,0.012,0.7,1.5,0.02,0.02,0,0.0
1,0.0,0.0,51.4286,1.0,1,3,14.0,1.1,0.0,2.7643,12.8571,1,0.0,7.0714,1.5,0.0,0.0,0,0.0
4,0.0,16.65,315.0,1.0,0,2,2.0,0.0,0.0,54.9,0.0,1,0.0,0.0,1.5,0.0,16.65,1,0.37
4,0.0,0.3,45.0,1.0,1,3,4.0,1.6,0.0,3.0,0.0,1,0.0,24.0,1.5,0.0,4.3875,0,0.02
4,1.1,0.0,20.0,1.0,0,3,5.6667,0.2,0.0,0.5,0.0,1,0.5824,2.0,1.5,0.11,2.0647,0,0.0
4,1.45,0.2,10.0,1.0,1,3,8.75,2.2,0.0,0.0,0.0,1,1.0286,11.0,1.5,0.29,1.1057,1,0.04
4,0.0,0.0,90.0,1.0,0,4,8.4,0.4,0.0,1.6714,0.0,1,0.8571,5.1429,1.5,0.0,0.9214,1,0.0
4,0.587,0.0391,19.5652,1.0,1,4,12.6,2.1,0.0,0.0,0.0,1,0.7857,8.2174,1.5,0.15,0.1,0,0.01
4,0.6,0.0,30.0,1.0,0,3,13.2,0.9,0.0,0.0,0.0,1,0.8318,9.0,1.5,0.06,0.0682,0,0.0
4,0.0,0.0,270.0,1.0,1,2,11.6,0.1,0.0,0.0,0.0,1,0.7759,9.0,1.5,0.0,0.0776,0,0.0
4,0.3857,0.0,12.8571,1.0,1,3,9.4,0.2,0.0,0.0,0.0,1,0.4596,2.5714,1.5,0.03,0.0191,0,0.0
4,0.0,0.0,45.0,1.0,0,3,8.4,0.3,0.0,1.35,0.0,1,0.5143,13.5,1.5,0.0,0.0214,0,0.0
4,0.0,0.0,90.0,1.0,1,3,4.4,0.3,0.0,0.3,0.0,1,0.3682,9.0,1.5,0.0,0.0,0,0.0
4,0.2687,0.0806,5.3731,1.0,1,4,16.0,2.6,0.0,2.7806,0.0,1,0.2588,3.4925,1.5,0.2,0.0675,0,0.06
4,0.1421,0.0158,4.7368,0.6667,0,3,27.2,3.2,0.0,2.8263,0.0,0,0.2118,5.0526,1.5,0.09,0.0463,0,0.01
4,0.6,0.0,280.0,3.0,0,2,27.6,5.5,0.0,2.3,0.0,8,0.2283,55.0,1.5,0.06,0.0457,0,0.0
4,0.0,0.0,10.5882,3.0,0,3,30.6,0.2,0.0,3.3353,0.0,1,0.2059,1.0588,1.5,0.0,0.0412,0,0.0
4,0.0,0.0,2.0,3.3333,1,3,39.0,0.1,0.0,1.2,0.0,1,0.1615,0.2,1.5,0.0,0.0323,0,0.0
4,0.0,0.0,38.5714,1.0,0,4,27.0,0.0,0.0,2.4429,0.0,1,0.1,0.0,1.5,0.0,0.0067,0,0.0
4,0.0,0.06,30.0,1.0,0,2,18.6,0.3,0.0,0.42,0.0,1,0.0581,1.8,1.5,0.0,0.0097,0,0.01
4,0.0,2.43,171.0,2.0,1,4,18.8,5.7,0.0,0.36,0.0,4,0.0,51.3,1.5,0.0,0.2681,0,0.27
4,0.2613,0.0581,14.5161,2.0,0,3,21.6,1.8,0.0,5.6903,0.0,1,0.075,5.2258,1.5,0.09,0.25,0,0.02
4,0.3,0.0375,3.75,2.0,0,4,17.4,0.8,0.0,1.4625,0.0,1,0.1759,3.0,1.5,0.08,0.3207,0,0.01
4,0.135,0.135,22.5,1.0,1,2,20.0,2.7,0.0,1.17,0.0,1,0.18,12.15,1.5,0.03,0.306,0,0.03
4,0.0,0.0,90.0,1.0,0,3,17.6,0.1,0.0,18.6,0.0,1,0.2045,3.0,1.5,0.0,0.3375,0,0.0
4,0.8357,0.0,12.8571,1.0,1,3,18.4,1.3,0.0,2.7643,0.0,1,0.3228,8.3571,1.5,0.13,0.0587,0,0.0
2,0.0,0.01,23.0,6.0,0,3,90.0,2.3,3.45,0.3,0.0,6,0.0,2.3,1.5,0.0,0.01,1,0.01
2,0.03,0.02,28.0,6.5,1,3,90.0,3.3,4.2,0.29,0.0,7,0.015,3.3,1.5,0.03,0.015,0,0.02
2,0.0,0.19,18.0,5.0,1,3,90.0,2.6,2.7,1.45,0.0,2,0.01,2.6,1.5,0.0,0.0733,0,0.19
2,0.0,0.04,16.0,3.6667,0,4,90.0,5.6,2.4,0.94,0.0,2,0.0075,5.6,1.5,0.0,0.065,0,0.04
2,0.0,0.03,22.0,3.0,1,3,90.0,2.0,3.3,1.03,0.0,5,0.006,2.0,1.5,0.0,0.058,0,0.03
2,0.08,0.06,18.0,2.6667,0,2,90.0,6.4,2.7,0.44,0.0,1,0.022,6.4,1.5,0.08,0.068,1,0.06
2,0.0,0.01,4.0,1.6667,1,3,90.0,0.7,0.6,0.83,0.0,-1,0.016,0.7,1.5,0.0,0.066,1,0.01
2,0.01,0.26,25.0,2.6667,1,3,90.0,7.8,3.75,0.77,0.0,8,0.018,7.8,1.5,0.01,0.08,1,0.26
2,0.29,0.02,27.0,4.3333,0,3,90.0,7.3,4.05,2.96,0.0,6,0.076,7.3,1.5,0.29,0.076,0,0.02
2,0.0,0.03,13.0,5.3333,1,2,90.0,2.0,1.95,0.56,0.0,2,0.076,2.0,1.5,0.0,0.076,0,0.03
2,0.21,0.01,12.0,3.0,1,3,90.0,2.2,1.8,0.49,0.0,1,0.102,2.2,1.5,0.21,0.066,0,0.01
2,0.0,0.02,13.0,1.6667,0,3,90.0,2.1,1.95,2.04,0.0,2,0.102,2.1,1.5,0.0,0.068,1,0.02
2,0.0,0.0,270.0,1.3333,0,2,72.2,0.0,40.5,0.0,0.0,1,0.1247,0.0,1.5,0.0,0.0199,0,0.0
2,0.0,0.02,11.0,1.3333,0,3,72.2,1.8,1.65,1.01,0.0,1,0.0524,1.8,1.5,0.0,0.0199,0,0.02
2,0.0,0.05,26.0,2.6667,1,3,72.2,3.4,3.9,0.33,0.0,6,0.0524,3.4,1.5,0.0,0.0249,0,0.05
2,0.3375,0.0321,11.25,2.6667,1,4,65.4,2.4,1.6875,0.4661,0.0,1,0.0578,3.8571,1.5,0.21,0.0303,0,0.02
2,0.0,0.07,16.0,3.0,1,3,65.4,2.8,2.4,1.58,0.0,2,0.0578,2.8,1.5,0.0,0.044,0,0.07
2,0.05,0.17,33.0,4.0,1,4,83.2,7.1,4.95,0.34,0.0,9,0.0562,7.1,1.5,0.05,0.0714,1,0.17
2,0.0,0.06,33.0,6.3333,0,3,83.2,3.4,4.95,0.93,0.0,8,0.0562,3.4,1.5,0.0,0.08,0,0.06
2,0.0,0.01,17.0,6.3333,0,3,83.2,1.8,2.55,2.46,0.0,2,0.0562,1.8,1.5,0.0,0.0714,0,0.01
2,0.0,0.1,25.0,5.3333,1,2,90.0,3.0,3.75,0.68,0.0,6,0.01,3.0,1.5,0.0,0.082,0,0.1
2,0.0,0.05,22.0,3.3333,1,3,90.0,4.7,3.3,0.73,0.0,2,0.01,4.7,1.5,0.0,0.078,0,0.05
2,0.0,0.06,18.0,3.0,0,3,81.0,1.5,2.7,1.08,0.0,1,0.0,3.0,1.5,0.0,0.0556,0,0.03
2,0.07,0.17,19.0,1.6667,1,2,81.0,5.8,2.85,0.49,0.0,2,0.0156,5.8,1.5,0.07,0.08,0,0.17
2,0.0,0.01,25.0,3.0,0,2,81.0,1.9,3.75,0.49,0.0,6,0.0156,1.9,1.5,0.0,0.08,0,0.01
2,0.0,0.0,31.0,5.3333,0,3,81.0,2.1,4.65,1.64,0.0,8,0.0156,2.1,1.5,0.0,0.0578,0,0.0
2,0.21,0.02,6.0,5.3333,1,2,81.0,3.4,0.9,0.35,0.0,2,0.0622,3.4,1.5,0.21,0.0511,0,0.02
2,0.5,0.02,19.0,5.3333,0,3,90.0,2.4,2.85,0.12,0.0,6,0.156,2.4,1.5,0.5,0.044,0,0.02
2,0.0,0.03,25.0,4.6667,0,2,90.0,1.2,3.75,1.33,0.0,6,0.142,1.2,1.5,0.0,0.016,1,0.03
2,0.1414,0.3343,18.0,4.6667,1,3,86.0,4.4,2.7,0.3986,0.0,2,0.1716,5.6571,1.5,0.11,0.0691,0,0.26
2,0.3577,0.0115,36.9231,7.0,0,3,78.0,2.6,5.5385,0.2654,0.0,7,0.3577,3.0,1.5,0.31,0.0115,0,0.01
2,0.11,0.01,15.0,4.5,0,3,84.0,2.8,2.25,0.73,0.0,2,0.225,2.8,1.5,0.11,0.0107,0,0.01
2,0.03,0.01,27.0,5.6667,1,3,86.0,6.7,4.05,1.45,0.0,8,0.157,6.7,1.5,0.03,0.0105,0,0.01
2,0.0,0.0,270.0,3.6667,0,3,64.75,0.0,40.5,0.0,0.0,1,0.1564,0.0,1.5,0.0,0.0104,0,0.0
2,0.0,0.5455,19.0909,3.3333,1,4,58.4,1.5,2.8636,2.1,0.0,1,0.1387,4.0909,1.5,0.0,0.0709,0,0.2
2,0.1253,0.0228,12.5316,1.0,0,2,58.6,6.3,1.8797,0.5013,0.0,1,0.0768,7.1772,1.5,0.11,0.0737,0,0.02
2,0.3,0.01,13.0,1.3333,0,3,58.6,1.7,1.95,0.41,0.0,2,0.1352,1.7,1.5,0.3,0.0737,0,0.01
2,0.0,0.0,270.0,1.3333,1,4,40.8,0.0,40.5,0.0,0.0,1,0.1809,0.0,1.5,0.0,0.1015,0,0.0
2,0.28,0.03,30.0,4.0,1,4,58.6,11.0,4.5,0.77,0.0,9,0.2119,11.0,1.5,0.28,0.0799,0,0.03
2,0.0,0.03,27.0,5.6667,1,3,70.0,4.9,4.05,0.56,0.0,7,0.1774,4.9,1.5,0.0,0.0231,0,0.03
2,0.0,0.0,90.0,5.6667,1,2,54.8,0.1,13.5,3.3,0.0,1,0.1905,3.0,1.5,0.0,0.023,1,0.0
2,0.0,0.15,22.0,3.3333,0,3,54.8,4.2,3.3,0.33,0.0,2,0.092,4.2,1.5,0.0,0.069,0,0.15
2,0.07,0.16,12.0,1.3333,1,4,72.6,4.7,1.8,1.82,0.0,1,0.0868,4.7,1.5,0.07,0.0917,0,0.16
2,0.1,0.01,26.0,2.6667,0,3,72.6,2.3,3.9,1.01,0.0,5,0.0421,2.3,1.5,0.1,0.0868,1,0.01
2,0.27,0.03,26.0,4.0,1,3,72.6,3.7,3.9,0.33,0.0,6,0.1091,3.7,1.5,0.27,0.0868,0,0.03
2,0.0,0.01,11.0,4.0,0,3,90.0,0.7,1.65,1.23,0.0,1,0.088,0.7,1.5,0.0,0.072,0,0.01
2,0.0,0.01,15.0,3.0,1,4,90.0,1.6,2.25,1.44,0.0,2,0.088,1.6,1.5,0.0,0.044,0,0.01
2,0.0,0.07,17.0,1.6667,0,3,90.0,3.0,2.55,1.02,0.0,2,0.074,3.0,1.5,0.0,0.026,0,0.07
2,0.11,0.05,33.0,5.0,1,3,90.0,6.4,4.95,0.32,0.0,11,0.076,6.4,1.5,0.11,0.034,0,0.05
2,0.0,0.14,17.0,5.0,1,3,90.0,5.7,2.55,1.58,0.0,2,0.022,5.7,1.5,0.0,0.056,0,0.14
2,0.01,0.01,21.0,6.3333,0,3,90.0,3.3,3.15,0.93,0.0,6,0.024,3.3,1.5,0.01,0.056,0,0.01
2,0.0,0.13,16.0,3.3333,1,2,90.0,3.7,2.4,0.26,0.0,2,0.024,3.7,1.5,0.0,0.08,1,0.13
2,0.0,0.01,21.0,3.3333,0,3,90.0,2.8,3.15,2.46,0.0,2,0.024,2.8,1.5,0.0,0.068,0,0.01
2,1.2115,0.0346,0.0,1.6667,1,3,77.2,3.9,0.0,1.4192,0.0,1,0.0839,13.5,1.5,0.35,0.0699,0,0.01
2,0.42,0.01,25.0,3.0,0,3,77.2,1.9,3.75,0.49,0.0,6,0.1819,1.9,1.5,0.42,0.0396,0,0.01
2,0.0,0.01,29.0,4.3333,0,4,77.2,2.3,4.35,1.64,0.0,6,0.1795,2.3,1.5,0.0,0.0396,0,0.01
2,0.0,0.0132,18.5294,4.6667,1,3,72.8,1.1,2.7794,0.4632,0.0,2,0.1904,1.4559,1.5,0.0,0.0124,0,0.01
2,0.0,0.0,17.1429,3.0,0,2,59.0,0.6,2.5714,0.0,0.0,1,0.2349,2.5714,1.5,0.0,0.0122,0,0.0
2,0.0,0.0,14.2105,1.3333,1,3,57.6,0.2,2.1316,0.2368,0.0,1,0.1312,0.9474,1.5,0.0,0.0094,0,0.0
4,0.39,0.37,25.0,5.0,0,3,90.0,14.3,0.0,0.3,0.0,5,0.39,14.3,1.5,0.39,0.37,1,0.37
4,0.11,0.02,33.0,6.0,1,2,90.0,8.7,0.0,0.29,0.0,7,0.25,8.7,1.5,0.11,0.195,1,0.02
4,0.79,0.18,7.0,4.6667,0,4,90.0,13.2,0.0,0.73,0.0,2,0.43,13.2,1.5,0.79,0.19,0,0.18
4,0.6573,0.0202,51.573,7.6667,1,3,89.75,6.0,0.0,1.4663,0.0,14,0.4864,6.0674,1.5,0.65,0.1479,0,0.02
4,0.06,0.43,37.0,8.3333,0,3,89.8,11.3,0.0,0.94,0.0,9,0.4009,11.3,1.5,0.06,0.2045,0,0.43
4,0.8839,0.0321,6.4286,8.0,1,3,83.0,3.7,0.0,0.4018,0.0,1,0.4684,5.9464,1.5,0.55,0.1453,1,0.02
4,0.09,0.08,29.0,6.0,0,4,83.0,10.3,0.0,0.44,0.0,8,0.4641,10.3,1.5,0.09,0.1583,0,0.08
4,0.2015,0.0537,9.403,3.6667,0,4,78.4,1.6,0.0,0.4701,0.0,2,0.3444,2.1493,1.5,0.15,0.1355,0,0.04
4,0.32,0.03,34.0,6.3333,1,2,78.6,6.5,0.0,0.83,0.0,9,0.2679,6.5,1.5,0.32,0.1374,0,0.03
4,0.1256,0.157,14.6512,4.3333,0,3,77.8,5.9,0.0,1.0779,0.0,2,0.2846,6.1744,1.5,0.12,0.074,0,0.15
4,0.0771,1.2343,18.0,4.3333,1,3,80.6,7.9,0.0,0.3986,0.0,2,0.1653,10.1571,1.5,0.06,0.2814,0,0.96
4,0.1731,0.1038,21.9231,3.0,0,3,78.2,6.6,0.0,2.4808,0.0,5,0.1841,7.6154,1.5,0.15,0.2923,0,0.09
4,0.23,0.26,12.0,3.0,1,2,82.8,6.5,0.0,0.56,0.0,2,0.1913,6.5,1.5,0.23,0.3239,1,0.26
4,0.0419,1.0779,28.2558,4.0,1,3,82.0,13.2,0.0,0.3977,0.0,5,0.1317,13.814,1.5,0.04,0.5466,0,1.03
4,0.0,0.0,2.6866,3.0,0,3,78.2,0.2,0.0,1.8806,0.0,2,0.1105,0.2687,1.5,0.0,0.5386,0,0.0
4,0.47,0.3,15.0,4.0,0,2,82.2,5.7,0.0,0.33,0.0,5,0.1949,5.7,1.5,0.47,0.3679,0,0.3
4,0.11,0.12,3.0,3.0,1,3,84.6,6.4,0.0,1.82,0.0,2,0.1809,6.4,1.5,0.11,0.3638,0,0.12
4,1.2,0.5,37.0,5.0,0,2,84.6,19.5,0.0,1.01,0.0,8,0.3872,19.5,1.5,1.2,0.4149,0,0.5
4,1.19,0.06,33.0,5.6667,1,2,85.4,8.6,0.0,0.33,0.0,7,0.626,8.6,1.5,1.19,0.2066,0,0.06
4,0.63,0.16,15.0,5.6667,0,3,90.0,13.0,0.0,1.23,0.0,2,0.72,13.0,1.5,0.63,0.228,0,0.16
4,0.9733,0.0105,58.6047,7.3333,1,2,89.2,12.0,0.0,0.5023,0.0,13,0.8193,12.5581,1.5,0.93,0.1715,0,0.01
4,0.3,0.05,8.0,5.6667,0,4,89.2,11.2,0.0,1.02,0.0,2,0.8576,11.2,1.5,0.3,0.1574,0,0.05
4,0.0592,0.2605,4.7368,5.6667,1,2,86.4,6.5,0.0,0.3434,0.0,2,0.6458,7.6974,1.5,0.05,0.1042,0,0.22
4,0.4857,0.2429,27.1429,2.0,1,2,81.0,8.6,0.0,1.8,0.0,2,0.5,12.2857,1.5,0.34,0.1356,0,0.17
4,0.1432,0.133,23.5227,3.0,1,2,80.6,7.0,0.0,0.3477,0.0,5,0.3931,7.1591,1.5,0.14,0.1295,0,0.13
4,0.0,0.12,18.0,2.6667,0,4,66.4,0.9,0.0,1.26,0.0,1,0.225,5.4,1.5,0.0,0.1599,0,0.02
4,0.0,0.2613,34.8387,3.3333,1,2,54.6,5.0,0.0,0.1161,0.0,4,0.1747,14.5161,1.5,0.0,0.2077,0,0.09
4,0.1059,0.0529,5.2941,2.3333,0,3,53.0,2.3,0.0,2.4618,0.0,2,0.1902,3.0441,1.5,0.08,0.1528,0,0.04
4,1.33,0.11,-4.0,2.6667,1,3,58.4,11.8,0.0,0.73,0.0,2,0.4777,11.8,1.5,1.33,0.1202,0,0.11
4,0.5178,0.0493,6.1644,2.0,0,2,55.4,3.8,0.0,0.6658,0.0,2,0.5946,4.6849,1.5,0.42,0.0975,1,0.04
4,0.57,0.48,23.0,3.0,1,2,70.4,12.8,0.0,0.49,0.0,5,0.6136,12.8,1.5,0.57,0.1943,0,0.48
4,0.4,0.05,28.0,4.3333,0,4,82.2,8.2,0.0,0.49,0.0,6,0.6131,8.2,1.5,0.4,0.1577,0,0.05
4,0.092,0.0409,10.2273,4.3333,0,4,86.2,3.3,0.0,1.6773,0.0,2,0.5868,3.375,1.5,0.09,0.1503,1,0.04
4,3.6,0.0,303.75,4.3333,1,2,69.8,5.2,0.0,0.0,0.0,5,0.4642,58.5,1.5,0.32,0.1573,0,0.0
4,8.8875,0.1125,270.0,4.0,0,3,56.8,5.4,0.0,0.0,0.0,5,0.6877,60.75,1.5,0.79,0.1838,1,0.01
4,0.0,0.0,180.0,3.6667,0,4,39.0,0.2,0.0,0.0,0.0,1,0.7385,18.0,1.5,0.0,0.0462,0,0.0
3,0.0,0.03,11.0,3.0,0,3,90.0,1.1,1.1,0.3,0.0,3,0.0,1.1,1.5,0.0,0.03,0,0.03
3,0.0,0.76,17.0,2.5,0,3,90.0,8.9,1.7,0.73,0.0,2,0.0,8.9,1.5,0.0,0.395,0,0.76
3,0.0,0.0643,-6.4286,1.6667,1,4,64.6667,0.2,-0.6429,0.0,0.0,0,0.0,1.2857,1.5,0.0,0.3711,0,0.01
3,0.35,0.56,49.0,5.0,0,3,71.0,15.4,4.9,0.94,0.0,13,0.1109,15.4,1.5,0.35,0.431,0,0.56
3,0.0,0.02,10.0,4.6667,0,2,74.8,2.6,1.0,0.41,0.0,1,0.0842,2.6,1.5,0.0,0.3321,0,0.02
3,0.0,0.02,12.0,5.3333,1,2,74.8,4.0,1.2,0.83,0.0,2,0.0842,4.0,1.5,0.0,0.3297,0,0.02
3,0.03,1.07,35.0,3.3333,0,3,74.8,9.8,3.5,1.03,0.0,7,0.0914,9.8,1.5,0.03,0.4043,0,1.07
3,0.4929,0.1286,57.8571,7.6667,1,3,88.8,17.6,5.7857,0.825,0.0,14,0.1703,18.8571,1.5,0.46,0.3628,0,0.12
3,0.0,0.18,31.0,9.3333,0,2,88.8,6.8,3.1,2.96,0.0,7,0.0993,6.8,1.5,0.0,0.2858,1,0.18
3,0.03,0.06,14.0,7.3333,1,3,88.8,7.0,1.4,0.56,0.0,1,0.1054,7.0,1.5,0.03,0.2939,0,0.06
3,0.06,0.39,9.0,3.3333,1,4,88.8,8.1,0.9,0.49,0.0,2,0.1176,8.1,1.5,0.06,0.3689,0,0.39
3,0.0,0.62,19.0,1.6667,0,3,88.8,3.8,1.9,2.04,0.0,2,0.1115,3.8,1.5,0.0,0.2777,0,0.62
3,0.14,0.15,32.0,4.3333,0,2,90.0,11.8,3.2,0.33,0.0,9,0.046,11.8,1.5,0.14,0.28,0,0.15
3,0.05,0.13,10.0,4.3333,1,4,90.0,8.1,1.0,1.82,0.0,2,0.056,8.1,1.5,0.05,0.27,0,0.13
3,0.34,0.16,38.0,8.0,0,2,90.0,11.6,3.8,1.01,0.0,13,0.118,11.6,1.5,0.34,0.29,0,0.16
3,0.22,0.1,13.0,6.0,1,4,90.0,8.4,1.3,0.33,0.0,3,0.15,8.4,1.5,0.22,0.232,0,0.1
3,0.5691,0.1191,34.4118,8.0,0,3,85.6,9.0,3.4412,1.4426,0.0,8,0.2481,11.9118,1.5,0.43,0.1325,0,0.09
3,0.09,0.0643,11.5714,4.3333,0,2,81.6,2.9,1.1571,1.2729,0.0,2,0.2449,3.7286,1.5,0.07,0.1169,0,0.05
3,0.0,0.0692,27.6923,3.6667,1,4,66.2,0.8,2.7692,0.2077,0.0,1,0.2882,5.5385,1.5,0.0,0.1115,0,0.01
3,0.2769,1.5231,3.4615,1.0,1,3,53.4,4.5,0.3462,1.1077,0.0,0,0.2697,15.5769,1.5,0.08,0.2326,0,0.44
3,0.25,0.41,15.0,1.3333,1,4,53.4,10.5,1.5,0.34,0.0,3,0.2798,10.5,1.5,0.25,0.3371,0,0.41
3,0.24,0.1,11.0,1.6667,0,3,57.8,7.5,1.1,0.93,0.0,2,0.1993,7.5,1.5,0.24,0.3145,0,0.1
3,0.08,0.39,25.0,2.6667,1,4,61.8,14.7,2.5,0.26,0.0,3,0.1893,14.7,1.5,0.08,0.3932,1,0.39
3,0.0,0.02,7.0,2.0,0,2,77.2,2.4,0.7,2.46,0.0,1,0.1516,2.4,1.5,0.0,0.3171,1,0.02
3,0.0,0.06,7.0,2.3333,1,2,90.0,3.8,0.7,0.68,0.0,3,0.114,3.8,1.5,0.0,0.196,0,0.06
3,0.5351,0.6446,13.3784,2.0,1,2,86.8,6.8,1.3378,0.8392,0.0,2,0.1576,8.2703,1.5,0.44,0.2281,0,0.53
3,0.0,0.0,270.0,2.0,0,2,69.0,0.1,27.0,0.0,0.0,1,0.1357,9.0,1.5,0.0,0.2609,0,0.0
3,0.0,0.0234,31.5584,3.0,0,3,66.4,4.5,3.1558,0.3039,0.0,6,0.1193,5.2597,1.5,0.0,0.1708,0,0.02
3,0.0,0.05,10.0,3.3333,0,4,66.4,2.3,1.0,1.64,0.0,3,0.1193,2.3,1.5,0.0,0.1789,0,0.05
3,0.0911,0.7063,17.0886,3.6667,1,3,64.2,5.5,1.7089,0.3987,0.0,2,0.1458,6.2658,1.5,0.08,0.3421,0,0.62
3,0.17,0.6,39.0,5.3333,0,2,67.4,13.4,3.9,0.12,0.0,11,0.0668,13.4,1.5,0.17,0.3445,0,0.6
3,0.0,0.11,7.0,5.0,0,3,85.2,4.3,0.7,1.33,0.0,2,0.0528,4.3,1.5,0.0,0.2958,1,0.11
3,0.02,0.17,34.0,7.6667,1,4,87.8,9.8,3.4,0.36,0.0,10,0.0554,9.8,1.5,0.02,0.3178,0,0.17
3,0.0,0.9,450.0,1.0,1,3,1.0,0.5,45.0,0.0,0.0,1,0.0,45.0,1.5,0.0,0.9,0,0.01
3,0.0,0.0,270.0,1.0,0,4,1.0,0.0,27.0,0.0,0.0,1,0.0,0.0,1.5,0.0,0.45,0,0.0
3,0.0,0.22,26.0,2.0,0,2,15.6667,2.0,2.6,0.72,0.0,4,0.0,4.0,1.5,0.0,0.2298,0,0.11
3,0.0,9.0,324.0,3.0,1,2,13.0,5.6,32.4,0.0,0.0,4,0.0,100.8,1.5,0.0,1.0731,0,0.5
3,0.0,0.1059,10.5882,3.0,0,3,13.8,0.2,1.0588,3.4412,0.0,1,0.0,1.0588,1.5,0.0,0.8348,0,0.02
3,0.3316,0.0947,2.3684,2.0,1,2,21.2,3.0,0.2368,0.3079,0.0,1,0.1189,7.1053,1.5,0.14,0.5689,0,0.04
3,9.7875,0.225,292.5,3.3333,0,4,22.6,8.0,29.25,1.35,0.0,8,0.8044,90.0,1.5,0.87,0.5496,1,0.02
3,0.51,0.225,18.0,4.0,1,2,25.6,6.3,1.8,0.48,0.0,3,0.9492,9.45,1.5,0.34,0.5133,0,0.15
3,0.0,0.0,270.0,4.0,1,4,24.8,0.0,27.0,3.6,0.0,1,0.9798,0.0,1.5,0.0,0.1669,0,0.0
3,1.35,0.0,18.0,1.6667,1,3,23.4,1.7,1.8,0.36,0.0,1,1.1538,15.3,1.5,0.15,0.1615,0,0.0
3,0.0,0.12,15.0,1.3333,0,2,33.8,3.6,1.5,1.08,0.0,2,0.7243,3.6,1.5,0.0,0.1544,0,0.12
3,0.0,0.7,70.0,1.3333,1,4,34.0,3.1,7.0,1.7,0.0,1,0.2594,31.0,1.5,0.0,0.18,0,0.07
3,0.0,3.6,180.0,1.3333,0,3,22.2,1.5,18.0,0.0,0.0,1,0.1216,135.0,1.5,0.0,0.1865,0,0.04
3,0.0,0.225,33.75,1.0,0,3,23.6,0.5,3.375,0.0,0.0,1,0.1144,5.625,1.5,0.0,0.1907,0,0.02
3,0.0818,0.6545,16.3636,1.0,0,4,22.0,2.2,1.6364,0.4091,0.0,1,0.0818,9.0,1.5,0.02,0.6545,1,0.16
3,0.6857,1.2857,150.0,6.5,0,3,21.5,10.9,15.0,0.6,0.0,12,0.3767,46.7143,1.5,0.16,0.9628,0,0.3
3,0.1157,0.2571,32.1429,6.6667,1,3,37.6667,5.8,3.2143,0.5914,0.0,7,0.215,7.4571,1.5,0.09,0.5257,0,0.2
3,0.08,0.49,27.0,8.0,0,4,50.75,14.1,2.7,1.02,0.0,5,0.1552,14.1,1.5,0.08,0.5099,0,0.49
3,0.5727,0.0818,35.4545,5.3333,1,4,47.2,3.4,3.5455,0.0818,0.0,4,0.2136,9.2727,1.5,0.21,0.45,0,0.03
3,0.05,0.55,22.0,3.6667,1,4,60.8,17.1,2.2,1.58,0.0,2,0.1747,17.1,1.5,0.05,0.4648,0,0.55
3,0.0,0.15,-30.0,2.0,0,2,57.8,0.4,-3.0,3.15,0.0,0,0.1339,6.0,1.5,0.0,0.3986,0,0.01
3,0.29,0.29,14.0,1.3333,1,3,61.8,11.4,1.4,0.26,0.0,2,0.1835,11.4,1.5,0.29,0.399,1,0.29
3,0.1588,0.2515,31.7647,2.6667,0,2,57.4,7.9,3.1765,2.4618,0.0,6,0.2101,10.4559,1.5,0.12,0.3355,0,0.19
3,0.0,0.35,15.0,3.6667,1,2,68.8,8.6,1.5,0.68,0.0,3,0.1203,8.6,1.5,0.0,0.3637,0,0.35
3,0.09,1.17,69.0,9.0,0,2,68.8,21.5,6.9,1.08,0.0,18,0.1308,21.5,1.5,0.09,0.5259,0,1.17
3,0.2925,1.17,27.0,7.6667,1,3,83.6,17.1,2.7,0.3713,0.0,2,0.1636,19.2375,1.5,0.26,0.6545,0,1.04
3,0.1775,0.0127,43.0986,9.6667,0,4,79.8,7.5,4.3099,0.2282,0.0,9,0.1376,9.507,1.5,0.14,0.6226,0,0.01
3,0.2148,0.2557,31.7045,7.3333,0,2,83.8,12.6,3.1705,1.6773,0.0,11,0.1504,12.8864,1.5,0.21,0.6057,0,0.25
3,0.0346,0.4038,13.8462,7.3333,1,3,81.4,5.6,1.3846,0.4038,0.0,2,0.1614,6.4615,1.5,0.03,0.6236,0,0.35
3,0.1459,0.6811,36.4865,6.3333,0,3,78.2,16.1,3.6486,0.1459,0.0,6,0.1749,19.5811,1.5,0.12,0.5087,0,0.56
3,0.3309,0.3706,25.1471,4.6667,0,3,75.8,5.5,2.5147,0.6882,0.0,6,0.1781,7.2794,1.5,0.25,0.3443,0,0.28
3,0.28,0.67,19.0,4.6667,1,3,79.6,15.9,1.9,0.36,0.0,2,0.2013,15.9,1.5,0.28,0.4771,0,0.67
2,0.0,0.01,28.0,7.0,1,2,90.0,1.3,4.2,0.29,0.0,7,0.0,1.3,1.5,0.0,0.01,0,0.01
2,0.03,0.1,14.0,4.5,0,2,90.0,3.7,2.1,0.73,0.0,2,0.015,3.7,1.5,0.03,0.055,1,0.1
2,0.0,0.01,12.0,3.6667,1,2,90.0,2.4,1.8,1.45,0.0,2,0.01,2.4,1.5,0.0,0.04,0,0.01
2,0.19,0.04,11.0,2.0,0,3,90.0,5.7,1.65,0.94,0.0,2,0.055,5.7,1.5,0.19,0.04,0,0.04
2,0.0,0.02,26.0,3.3333,1,2,90.0,2.5,3.9,1.03,0.0,6,0.044,2.5,1.5,0.0,0.036,0,0.02
2,0.15,0.29,9.0,2.3333,0,2,90.0,7.0,1.35,0.44,0.0,-1,0.074,7.0,1.5,0.15,0.092,0,0.29
2,0.0,0.01,10.0,2.3333,0,2,90.0,1.3,1.5,0.41,0.0,2,0.068,1.3,1.5,0.0,0.074,0,0.01
2,0.0,0.0,18.0,0.6667,1,4,75.0,0.3,2.7,0.0,0.0,1,0.0816,1.8,1.5,0.0,0.0864,0,0.0
2,0.0,0.01,24.0,3.0,0,3,75.0,1.6,3.6,1.03,0.0,6,0.036,1.6,1.5,0.0,0.0792,0,0.01
2,0.0,0.07,15.0,2.3333,0,2,75.0,2.1,2.25,2.96,0.0,0,0.036,2.1,1.5,0.0,0.0912,0,0.07
2,0.11,0.02,15.0,2.6667,1,2,75.0,2.5,2.25,0.56,0.0,2,0.0264,2.5,1.5,0.11,0.0264,1,0.02
2,0.0,0.02,16.0,1.0,1,3,75.0,3.4,2.4,0.49,0.0,1,0.0264,3.4,1.5,0.0,0.0288,0,0.02
2,0.0,0.02,21.0,1.6667,0,3,90.0,4.9,3.15,2.04,0.0,2,0.022,4.9,1.5,0.0,0.028,0,0.02
2,0.15,0.02,5.0,1.6667,0,3,90.0,3.7,0.75,0.33,0.0,2,0.052,3.7,1.5,0.15,0.03,0,0.02
2,0.1,0.31,16.0,1.6667,1,3,90.0,6.2,2.4,1.82,0.0,1,0.072,6.2,1.5,0.1,0.078,0,0.31
2,0.0,0.0409,36.8182,1.3333,1,4,76.4,0.8,5.5227,0.5318,0.0,1,0.0589,3.2727,1.5,0.0,0.0895,0,0.01
2,0.0,0.01,17.0,1.0,0,3,76.4,3.5,2.55,1.23,0.0,1,0.0589,3.5,1.5,0.0,0.0872,1,0.01
2,0.0,0.03,18.0,1.3333,0,2,76.4,3.9,2.7,1.02,0.0,2,0.0589,3.9,1.5,0.0,0.0895,0,0.03
2,0.08,0.01,26.0,3.0,1,4,76.4,3.0,3.9,0.32,0.0,6,0.0424,3.0,1.5,0.08,0.0872,0,0.01
2,0.06,0.04,13.0,3.3333,1,3,76.4,5.0,1.95,1.58,0.0,2,0.033,5.0,1.5,0.06,0.0236,1,0.04
2,0.17,0.03,23.0,4.6667,1,2,90.0,7.9,3.45,0.34,0.0,6,0.062,7.9,1.5,0.17,0.024,0,0.03
2,0.0,0.01,24.0,4.6667,0,3,90.0,2.2,3.6,0.93,0.0,6,0.062,2.2,1.5,0.0,0.024,0,0.01
2,0.0,0.04,13.0,4.6667,1,2,90.0,2.3,1.95,0.26,0.0,2,0.062,2.3,1.5,0.0,0.026,0,0.04
2,0.0,0.03,27.0,4.6667,1,2,90.0,2.1,4.05,0.68,0.0,6,0.046,2.1,1.5,0.0,0.03,1,0.03
2,0.0,0.03,23.0,3.3333,1,2,90.0,3.4,3.45,0.73,0.0,2,0.034,3.4,1.5,0.0,0.028,1,0.03
2,0.0,0.07,16.0,3.0,0,3,90.0,5.8,2.4,1.08,0.0,1,0.0,5.8,1.5,0.0,0.036,0,0.07
2,0.12,0.09,10.0,1.6667,1,2,90.0,5.3,1.5,0.49,0.0,2,0.024,5.3,1.5,0.12,0.052,0,0.09
2,0.0,0.01,27.0,3.0,0,3,90.0,2.2,4.05,0.12,0.0,6,0.024,2.2,1.5,0.0,0.046,1,0.01
2,0.0,0.02,29.0,5.3333,0,2,90.0,3.7,4.35,1.33,0.0,8,0.024,3.7,1.5,0.0,0.044,1,0.02
2,0.22,0.55,13.0,5.3333,1,3,90.0,1.8,1.95,0.36,0.0,2,0.068,1.8,1.5,0.22,0.148,0,0.55
3,0.0,0.0,20.7692,1.0,1,3,13.0,0.2,2.0769,4.7769,0.0,1,0.0,1.3846,1.5,0.0,0.0,1,0.0
3,0.0,0.0,270.0,1.0,0,4,7.0,0.2,27.0,26.1,0.0,1,0.0,18.0,1.5,0.0,0.0,1,0.0
3,0.0,0.12,18.0,1.0,0,3,19.6667,4.1,1.8,0.16,0.0,1,0.0,8.2,1.5,0.0,0.0915,0,0.06
3,0.0,0.025,20.0,1.0,1,2,23.75,1.3,2.0,0.55,0.0,1,0.0,3.25,1.5,0.0,0.0663,0,0.01
3,0.0783,0.0,11.7391,1.3333,0,3,32.8,1.1,1.1739,0.1565,0.0,2,0.0329,1.4348,1.5,0.06,0.0384,0,0.0
3,0.0,0.0,120.0,1.3333,1,2,30.8,0.7,12.0,6.0,0.0,1,0.0351,21.0,1.5,0.0,0.0409,0,0.0
3,0.0,0.1286,38.5714,1.3333,0,4,32.0,0.4,3.8571,10.1571,0.0,1,0.0338,5.1429,1.5,0.0,0.045,0,0.01
3,0.0,0.39,17.0,1.3333,0,4,41.0,3.5,1.7,2.89,0.0,2,0.0263,3.5,1.5,0.0,0.18,0,0.39
3,0.0,0.0,27.0,1.3333,0,4,35.8,0.2,2.7,0.81,0.0,1,0.0302,1.8,1.5,0.0,0.2011,0,0.0
3,0.18,0.0,18.0,1.3333,1,3,25.0,1.2,1.8,4.44,0.0,1,0.0216,7.2,1.5,0.03,0.288,1,0.0
3,0.0,0.0,10.8,1.0,0,3,29.4,0.8,1.08,0.18,0.0,1,0.0184,2.88,1.5,0.0,0.2449,0,0.0
3,0.0,0.03,12.0,1.3333,1,3,46.0,2.9,1.2,0.46,0.0,2,0.0117,2.9,1.5,0.0,0.1643,1,0.03
3,0.0,0.01,13.0,2.0,0,2,46.0,2.0,1.3,1.25,0.0,3,0.0117,2.0,1.5,0.0,0.0157,0,0.01
3,0.0889,0.0333,11.1111,2.3333,1,4,60.2,1.7,1.1111,1.9778,0.0,2,0.0329,1.8889,1.5,0.08,0.0209,0,0.03
3,0.0,0.0,15.0,2.0,0,4,60.8,0.4,1.5,1.25,0.0,1,0.0237,2.0,1.5,0.0,0.0207,0,0.0
3,0.0667,0.1,23.3333,1.3333,1,2,61.2,0.9,2.3333,1.0,0.0,1,0.0294,3.0,1.5,0.02,0.0294,0,0.03
3,0.0,0.0,34.6154,1.0,1,4,45.8,0.4,3.4615,0.6923,0.0,1,0.0393,2.7692,1.5,0.0,0.0275,0,0.0
3,0.0,0.07,14.0,1.3333,0,4,45.8,2.2,1.4,2.19,0.0,2,0.0393,2.2,1.5,0.0,0.0511,0,0.07
3,0.0228,0.0228,17.0886,1.6667,1,3,45.4,2.6,1.7089,2.9848,0.0,2,0.0159,2.962,1.5,0.02,0.0476,0,0.02
3,0.0257,0.0257,14.1429,2.0,0,3,55.8,2.4,1.4143,1.1957,0.0,2,0.0194,3.0857,1.5,0.02,0.0452,0,0.02
3,0.1465,0.0523,8.3721,2.0,1,3,67.6,3.8,0.8372,1.1302,0.0,2,0.0479,3.9767,1.5,0.14,0.0426,0,0.05
3,0.04,0.02,15.0,2.0,0,3,83.0,4.1,1.5,1.9,0.0,2,0.0477,4.1,1.5,0.04,0.039,0,0.02
3,0.0,0.01,11.0,2.0,1,3,83.0,2.3,1.1,1.21,0.0,2,0.0477,2.3,1.5,0.0,0.026,1,0.01
3,0.0167,0.0167,-1.6667,1.6667,1,3,78.0,0.8,-0.1667,2.55,0.0,1,0.0485,1.3333,1.5,0.01,0.0254,0,0.01
3,0.0,0.8182,24.5455,1.3333,1,4,66.2,1.0,2.4545,0.0,0.0,1,0.0517,8.1818,1.5,0.0,0.0517,0,0.1
3,0.0,0.0,90.0,1.0,0,2,50.2,1.5,9.0,6.9,0.0,1,0.0179,22.5,1.5,0.0,0.0502,0,0.0
1,0.0,0.01,27.0,6.0,0,3,90.0,1.8,0.0,0.3,1.0,6,0.0,1.8,1.5,0.0,0.01,0,0.01
1,0.0,0.01,25.0,6.0,1,3,90.0,2.3,0.0,0.29,1.0,6,0.0,2.3,1.5,0.0,0.01,0,0.01
1,0.0,0.0,7.0,4.6667,0,2,90.0,0.4,0.0,0.73,0.0,2,0.0,0.4,1.5,0.0,0.0067,0,0.0
1,0.0,0.0,17.0,3.6667,1,3,90.0,3.1,0.0,1.45,3.0,3,0.0,3.1,1.5,0.0,0.005,0,0.0
1,0.0,0.0,12.0,2.3333,0,3,90.0,1.6,0.0,0.94,2.0,2,0.0,1.6,1.5,0.0,0.004,0,0.0
1,0.0,0.0,23.0,3.6667,1,2,90.0,2.3,0.0,1.03,3.0,6,0.0,2.3,1.5,0.0,0.002,0,0.0
1,0.0,0.0,7.0,3.0,0,3,90.0,0.2,0.0,0.44,0.0,1,0.0,0.2,1.5,0.0,0.0,0,0.0
1,0.0,0.0,11.0,2.6667,0,4,90.0,1.5,0.0,0.41,1.0,1,0.0,1.5,1.5,0.0,0.0,1,0.0
1,0.0,0.0,27.0,3.0,0,3,90.0,2.6,0.0,1.03,3.0,7,0.0,2.6,1.5,0.0,0.0,0,0.0
1,0.0,0.0,12.0,3.3333,1,3,90.0,0.8,0.0,0.77,0.0,2,0.0,0.8,1.5,0.0,0.0,0,0.0
1,0.0,0.0,24.0,3.3333,0,3,90.0,3.3,0.0,2.96,5.0,1,0.0,3.3,1.5,0.0,0.0,1,0.0
1,0.0,0.0,19.0,1.6667,1,3,90.0,2.8,0.0,0.56,2.0,2,0.0,2.8,1.5,0.0,0.0,0,0.0
1,0.0,0.0,13.0,1.3333,1,3,90.0,1.1,0.0,0.49,1.0,1,0.0,1.1,1.5,0.0,0.0,0,0.0
1,0.0,0.0,23.0,2.3333,0,4,90.0,4.6,0.0,2.04,6.0,4,0.0,4.6,1.5,0.0,0.0,0,0.0
1,0.0,0.0,10.0,2.3333,0,2,90.0,0.8,0.0,0.33,1.0,2,0.0,0.8,1.5,0.0,0.0,0,0.0
1,0.0,0.0,4.0,2.0,1,3,90.0,0.1,0.0,1.82,0.0,0,0.0,0.1,1.5,0.0,0.0,0,0.0
1,0.0,0.0,19.0,1.3333,0,3,90.0,1.6,0.0,1.01,1.0,2,0.0,1.6,1.5,0.0,0.0,0,0.0
1,0.0,0.0,24.0,2.6667,1,4,90.0,2.0,0.0,0.33,2.0,6,0.0,2.0,1.5,0.0,0.0,0,0.0
1,0.0,0.0,25.7143,3.0,0,4,73.4,0.0,0.0,1.0286,0.0,1,0.0,0.0,1.5,0.0,0.0,0,0.0
1,0.0,0.0,15.0,2.6667,1,3,73.4,1.3,0.0,1.44,2.0,1,0.0,1.3,1.5,0.0,0.0,0,0.0
1,0.0,0.0,10.0,1.3333,0,2,73.4,1.2,0.0,1.02,1.0,2,0.0,1.2,1.5,0.0,0.0,1,0.0
1,0.0,0.0,28.0,3.3333,1,3,73.4,1.8,0.0,0.32,1.0,7,0.0,1.8,1.5,0.0,0.0,0,0.0
1,0.0,0.0,23.0,4.6667,1,3,73.4,4.1,0.0,1.58,5.0,5,0.0,4.1,1.5,0.0,0.0,0,0.0
1,0.0,0.0,24.0,6.0,1,4,90.0,1.9,0.0,0.34,2.0,6,0.0,1.9,1.5,0.0,0.0,0,0.0
1,0.0,0.01,33.0,6.6667,0,4,90.0,2.7,0.0,0.93,4.0,9,0.0,2.7,1.5,0.0,0.002,1,0.01
1,0.0,0.0,9.0,5.6667,1,3,90.0,0.5,0.0,0.26,0.0,2,0.0,0.5,1.5,0.0,0.002,0,0.0
1,0.0,0.0,1.6364,3.6667,0,4,83.0,0.0,0.0,2.1109,1.6364,0,0.0,0.0,1.5,0.0,0.0022,0,0.0
1,0.0,0.0,14.0,1.3333,1,3,83.0,1.3,0.0,0.49,1.0,2,0.0,1.3,1.5,0.0,0.0022,0,0.0
1,0.0,0.0,32.0,3.0,0,4,83.0,2.9,0.0,0.49,3.0,7,0.0,2.9,1.5,0.0,0.0022,0,0.0
1,0.0,0.0,12.0,3.3333,0,3,74.0,1.1,0.0,2.54,2.0,1,0.0,2.2,1.5,0.0,0.0,0,0.0
1,0.0,0.0,14.0,3.3333,1,2,74.0,0.8,0.0,0.35,0.0,2,0.0,0.8,1.5,0.0,0.0,0,0.0
1,0.0,0.0,29.0,3.0,0,3,81.0,1.3,0.0,0.12,1.0,6,0.0,1.3,1.5,0.0,0.0,0,0.0
1,0.0,0.0,33.0882,5.0,0,4,76.6,2.2,0.0,0.6882,3.9706,7,0.0,2.9118,1.5,0.0,0.0,0,0.0
3,0.27,0.11,6.0,3.0,0,2,90.0,7.4,0.6,0.3,0.0,3,0.27,7.4,1.5,0.27,0.11,0,0.11
3,0.33,0.53,35.0,6.0,1,3,90.0,15.7,3.5,0.29,0.0,9,0.3,15.7,1.5,0.33,0.32,0,0.53
3,0.45,4.05,360.0,5.3333,0,3,61.3333,5.5,36.0,9.225,0.0,4,0.3033,123.75,1.5,0.02,0.4011,0,0.18
3,0.0,0.0202,21.236,6.0,1,3,68.25,5.6,2.1236,1.4663,0.0,5,0.2044,5.6629,1.5,0.0,0.2769,1,0.02
3,0.2045,0.2182,15.0,3.6667,0,3,67.8,6.9,1.5,1.2545,0.0,2,0.2044,9.4091,1.5,0.15,0.2655,1,0.16
3,0.1047,0.0419,42.907,6.0,1,3,67.0,8.8,4.2907,0.9942,0.0,11,0.1612,9.2093,1.5,0.1,0.2499,0,0.04
3,0.07,0.18,11.0,5.0,0,4,67.0,7.7,1.1,0.44,0.0,2,0.0913,7.7,1.5,0.07,0.1558,0,0.18
3,0.0,0.23,15.0,5.0,0,3,84.2,4.8,1.5,0.41,0.0,2,0.0684,4.8,1.5,0.0,0.1347,1,0.23
3,0.02,0.04,7.0,2.0,1,4,84.4,5.2,0.7,0.83,0.0,2,0.0725,5.2,1.5,0.02,0.1386,1,0.04
3,1.48,0.25,18.0,3.6667,0,3,89.2,12.4,1.8,1.03,0.0,7,0.337,12.4,1.5,1.48,0.1493,0,0.25
3,0.32,0.04,54.0,5.0,1,2,81.0,5.8,5.4,1.16,0.0,6,0.3844,11.6,1.5,0.16,0.16,1,0.02
3,0.17,0.14,19.0,5.0,0,4,81.0,7.3,1.9,2.96,0.0,2,0.4067,7.3,1.5,0.17,0.1511,0,0.14
3,0.15,0.02,11.0,3.3333,1,2,81.0,6.2,1.1,0.56,0.0,2,0.44,6.2,1.5,0.15,0.1044,1,0.02
3,0.7625,0.0125,38.75,4.3333,1,2,77.4,8.6,3.875,0.475,0.0,9,0.5977,10.75,1.5,0.61,0.1023,0,0.01
3,0.0,0.2125,8.75,4.6667,0,3,73.8,2.4,0.875,1.75,0.0,3,0.2659,3.0,1.5,0.0,0.0878,0,0.17
3,0.13,0.06,10.0,4.6667,0,3,82.8,8.6,1.0,0.33,0.0,2,0.2304,8.6,1.5,0.13,0.087,1,0.06
3,0.02,0.34,18.0,3.3333,1,3,82.8,3.8,1.8,1.82,0.0,5,0.1978,3.8,1.5,0.02,0.1304,0,0.34
3,0.37,0.04,33.0,5.0,0,2,82.8,12.2,3.3,1.01,0.0,8,0.2457,12.2,1.5,0.37,0.1348,0,0.04
3,0.19,0.93,42.0,8.3333,1,3,86.4,17.6,4.2,0.33,0.0,12,0.1479,17.6,1.5,0.19,0.3208,0,0.93
3,0.32,0.33,10.0,7.3333,0,3,90.0,11.7,1.0,1.23,0.0,2,0.206,11.7,1.5,0.32,0.34,0,0.33
3,0.1421,0.1066,22.5,6.6667,1,4,87.2,4.8,2.25,0.5447,0.0,6,0.2106,5.6842,1.5,0.12,0.3571,0,0.09
3,0.68,0.19,73.0,9.3333,0,3,87.2,22.3,7.3,1.02,0.0,20,0.3468,22.3,1.5,0.68,0.3261,0,0.19
3,0.2,0.06,11.0,9.6667,1,3,87.2,5.9,1.1,0.32,0.0,3,0.3117,5.9,1.5,0.2,0.3303,0,0.06
3,0.2,0.35,17.0,8.3333,1,2,87.2,8.4,1.7,1.58,0.0,2,0.3138,8.4,1.5,0.2,0.2106,0,0.35
3,0.31,0.22,13.0,2.6667,1,3,87.2,16.6,1.3,0.34,0.0,3,0.3117,16.6,1.5,0.31,0.1878,0,0.22
3,0.96,0.16,39.0,5.3333,0,3,90.0,17.5,3.9,0.93,0.0,11,0.47,17.5,1.5,0.96,0.196,0,0.16
3,1.04,0.73,54.0,9.6667,1,3,90.0,23.4,5.4,0.22,0.0,15,0.542,23.4,1.5,1.04,0.304,0,0.73
3,0.41,0.03,1.0,9.3333,0,2,90.0,4.1,0.1,2.46,0.0,2,0.584,4.1,1.5,0.41,0.298,0,0.03
3,0.045,0.06,19.5,6.6667,1,4,84.0,2.5,1.95,0.78,0.0,3,0.5893,3.75,1.5,0.03,0.2529,0,0.04
3,0.4671,0.6038,88.8608,8.3333,1,3,81.8,20.3,8.8861,0.7861,0.0,20,0.6271,23.1266,1.5,0.41,0.3279,1,0.53
3,0.2915,0.2408,62.1127,13.0,0,3,78.0,14.7,6.2113,0.2282,0.0,16,0.4892,18.6338,1.5,0.23,0.3508,0,0.19
3,0.3418,0.0684,20.5063,13.6667,1,3,75.8,8.1,2.0506,0.3987,0.0,5,0.3277,9.2278,1.5,0.3,0.2018,0,0.06
3,0.2111,0.1556,38.8889,10.0,0,3,74.0,10.5,3.8889,0.1333,0.0,9,0.2822,11.6667,1.5,0.19,0.2335,0,0.14
3,0.24,0.05,2.0,5.3333,0,4,80.0,5.0,0.2,1.33,0.0,2,0.3083,5.0,1.5,0.24,0.2182,0,0.05
3,0.29,0.31,55.0,8.6667,1,3,82.2,20.5,5.5,0.36,0.0,15,0.2737,20.5,1.5,0.29,0.1642,0,0.31
3,0.09,0.04,7.0,3.0,1,3,90.0,4.1,0.7,0.29,0.0,3,0.09,4.1,1.5,0.09,0.04,0,0.04
3,0.29,0.47,33.0,5.0,0,3,90.0,13.9,3.3,0.73,0.0,7,0.19,13.9,1.5,0.29,0.255,0,0.47
3,0.0,0.0,-30.0,3.3333,1,4,61.0,0.0,-3.0,2.4,0.0,0,0.1869,0.0,1.5,0.0,0.2508,0,0.0
3,0.0,0.27,18.0,2.6667,0,3,48.25,2.3,1.8,0.0,0.0,1,0.1772,20.7,1.5,0.0,0.2518,0,0.03
3,0.0,0.06,42.0,0.3333,1,4,41.6,1.4,4.2,0.0,0.0,0,0.1644,8.4,1.5,0.0,0.238,0,0.01
3,0.1779,0.4291,14.6512,1.3333,0,3,40.8,6.7,1.4651,1.0779,0.0,3,0.2029,7.0116,1.5,0.17,0.4059,0,0.41
3,0.0,0.2613,-2.9032,1.0,0,2,29.0,2.2,-0.2903,5.8645,0.0,0,0.1055,6.3871,1.5,0.0,0.3352,0,0.09
3,1.2316,0.8289,42.6316,2.6667,1,2,36.0,7.5,4.2632,0.6632,0.0,5,0.345,17.7632,1.5,0.52,0.445,0,0.35
3,0.42,0.39,35.0,5.0,0,2,52.0,9.5,3.5,0.33,0.0,10,0.3842,9.5,1.5,0.42,0.4327,0,0.39
3,0.39,0.04,30.0,7.6667,1,3,67.0,9.4,3.0,1.82,0.0,8,0.403,9.4,1.5,0.39,0.3439,0,0.04
3,0.05,0.14,14.0,6.3333,0,2,67.8,9.5,1.4,1.01,0.0,1,0.3664,9.5,1.5,0.05,0.2681,0,0.14
3,0.0,0.0706,7.0588,3.3333,1,3,71.8,3.9,0.7059,0.3529,0.0,1,0.346,6.8824,1.5,0.0,0.2407,1,0.04
3,0.0,0.0,20.7692,1.0,1,3,66.8,0.1,2.0769,6.7846,0.0,1,0.2317,0.6923,1.5,0.0,0.1644,0,0.0
3,0.0,1.5,30.0,1.0,1,4,49.4,1.8,3.0,0.0,0.0,1,0.1603,54.0,1.5,0.0,0.0984,0,0.05
3,0.0,0.2172,18.6207,1.0,1,3,37.2,3.5,1.8621,0.4966,0.0,1,0.0242,10.8621,1.5,0.0,0.1452,1,0.07
3,0.13,0.32,10.0,1.0,1,3,37.2,9.4,1.0,0.73,0.0,1,0.0629,9.4,1.5,0.13,0.2323,1,0.32
3,0.11,0.16,9.0,1.3333,0,4,45.0,3.6,0.9,1.08,0.0,2,0.096,3.6,1.5,0.11,0.24,0,0.16
3,0.0,0.05,5.0,1.3333,0,3,46.0,0.2,0.5,1.55,0.0,1,0.0939,1.0,1.5,0.0,0.2387,0,0.01
3,0.0,0.0885,5.9016,2.0,0,3,57.6,2.7,0.5902,2.2574,0.0,3,0.075,3.9836,1.5,0.0,0.1938,1,0.06
3,0.0,0.09,27.0,1.6667,1,3,53.8,0.2,2.7,0.0,0.0,1,0.0803,1.8,1.5,0.0,0.1874,1,0.01
4,0.6835,0.057,63.7975,13.0,0,3,79.0,13.9,0.0,0.262,0.0,13,0.6835,15.8354,1.5,0.6,0.057,1,0.05
4,0.43,0.02,1.0,7.5,1,3,84.5,6.3,0.0,0.29,0.0,2,0.5485,6.3,1.5,0.43,0.0373,0,0.02
4,1.93,0.01,14.0,6.3333,0,3,86.3333,14.4,0.0,0.73,0.0,4,1.0286,14.4,1.5,1.93,0.0278,0,0.01
4,1.58,0.1,90.0,8.6667,1,2,87.25,19.8,0.0,1.45,0.0,20,1.1708,19.8,1.5,1.58,0.0464,1,0.1
4,2.56,0.03,15.0,10.0,0,2,87.8,17.4,0.0,0.94,0.0,6,1.4556,17.4,1.5,2.56,0.0431,0,0.03
4,0.69,0.01,24.0,10.6667,1,4,90.0,5.9,0.0,1.03,0.0,6,1.438,5.9,1.5,0.69,0.034,0,0.01
4,0.06,0.03,7.0,4.6667,0,2,90.0,4.6,0.0,0.44,0.0,2,1.364,4.6,1.5,0.06,0.036,0,0.03
4,0.0,0.17,11.0,3.3333,0,4,90.0,3.8,0.0,0.41,0.0,2,0.978,3.8,1.5,0.0,0.068,0,0.17
4,0.26,0.0,33.0,4.0,1,2,90.0,6.6,0.0,0.83,0.0,8,0.714,6.6,1.5,0.26,0.048,0,0.0
4,2.04,0.47,63.0,8.6667,0,3,90.0,20.8,0.0,1.03,0.0,16,0.61,20.8,1.5,2.04,0.136,0,0.47
4,0.88,0.04,8.0,8.3333,1,3,81.0,2.4,0.0,0.36,0.0,1,0.6222,4.8,1.5,0.44,0.1533,1,0.02
4,2.03,0.03,57.0,11.0,0,2,81.0,20.3,0.0,2.96,0.0,16,1.06,20.3,1.5,2.03,0.1533,0,0.03
4,0.73,0.01,25.0,8.0,1,3,81.0,10.8,0.0,0.56,0.0,7,1.2222,10.8,1.5,0.73,0.1178,0,0.01
4,0.77,0.22,18.0,10.0,1,2,81.0,6.4,0.0,0.49,0.0,7,1.3356,6.4,1.5,0.77,0.1667,1,0.22
4,0.83,0.0,-1.0,5.3333,0,4,81.0,6.4,0.0,2.04,0.0,2,1.0667,6.4,1.5,0.83,0.0622,0,0.0
4,1.0895,0.0474,9.4737,3.3333,1,2,75.8,2.0,0.0,4.6421,0.0,1,1.09,9.4737,1.5,0.23,0.0641,0,0.01
4,0.7518,0.0635,19.0588,2.6667,0,3,74.8,7.9,0.0,1.08,0.0,5,0.7869,8.3647,1.5,0.71,0.0722,0,0.06
4,0.68,0.11,57.0,6.3333,1,4,74.8,14.1,0.0,0.32,0.0,13,0.7749,14.1,1.5,0.68,0.0963,0,0.11
4,1.71,0.02,-8.0,6.6667,1,4,74.8,10.3,0.0,1.58,0.0,2,1.0011,10.3,1.5,1.71,0.0481,0,0.02
4,0.86,0.21,31.0,7.6667,1,3,74.8,10.6,0.0,0.34,0.0,8,1.0083,10.6,1.5,0.86,0.0987,0,0.21
4,0.523,0.0243,3.6486,5.0,0,2,85.8,6.4,0.0,0.8757,0.0,5,0.921,7.7838,1.5,0.43,0.0881,1,0.02
4,1.58,0.06,21.0,6.3333,1,3,86.8,6.2,0.0,0.26,0.0,6,1.0908,6.2,1.5,1.58,0.0871,0,0.06
4,0.1,0.01,11.0,4.3333,0,3,86.8,5.7,0.0,2.46,0.0,2,0.9705,5.7,1.5,0.1,0.0664,0,0.01
4,0.28,0.02,-2.0,3.3333,1,4,86.8,2.2,0.0,0.68,0.0,2,0.674,2.2,1.5,0.28,0.0664,0,0.02
4,0.6,0.17,33.0,4.0,0,2,86.8,11.1,0.0,1.08,0.0,8,0.62,11.1,1.5,0.6,0.0581,0,0.17
4,2.025,0.1687,36.0,6.6667,1,2,88.0,11.9,0.0,0.3713,0.0,10,0.8918,13.3875,1.5,1.8,0.0839,0,0.15
4,1.3821,0.1286,83.5714,7.6667,0,4,75.6,7.6,0.0,0.3536,0.0,5,0.7643,24.4286,1.5,0.43,0.0929,1,0.04
4,2.3159,0.0549,106.4634,12.0,1,4,74.0,30.2,0.0,0.3841,0.0,21,1.2697,33.1463,1.5,2.11,0.1046,0,0.05
4,0.6889,0.0556,2.2222,9.3333,0,2,72.2,1.9,0.0,0.1333,0.0,2,1.3861,2.1111,1.5,0.62,0.1147,0,0.05
4,1.72,0.02,56.0,12.0,0,3,72.2,12.3,0.0,1.33,0.0,13,1.6654,12.3,1.5,1.72,0.0773,0,0.02
4,0.76,0.01,-4.0,5.6667,1,3,74.2,3.1,0.0,0.36,0.0,2,1.3682,3.1,1.5,0.76,0.0412,0,0.01
3,0.0,0.3224,24.1791,3.0,0,4,67.0,2.9,2.4179,0.2821,0.0,3,0.0,3.8955,1.5,0.0,0.3224,1,0.24
3,0.1,0.04,15.0,3.0,1,3,78.5,1.9,1.5,0.29,0.0,3,0.0573,1.9,1.5,0.1,0.1605,0,0.04
3,0.0529,0.2224,20.1176,2.6667,0,2,80.6667,5.9,2.0118,0.3388,0.0,2,0.0558,6.2471,1.5,0.05,0.1822,0,0.21
3,0.0,0.0542,18.4337,2.3333,1,3,81.25,2.4,1.8434,1.5723,0.0,2,0.0415,2.6024,1.5,0.0,0.1495,0,0.05
3,0.0703,0.0562,9.8438,1.6667,0,2,77.8,2.6,0.9844,0.1125,0.0,1,0.0463,3.6562,1.5,0.05,0.1342,0,0.04
3,0.0,0.0269,10.7463,1.6667,0,2,77.8,0.6,1.0746,0.4701,0.0,2,0.0463,0.806,1.5,0.0,0.0833,1,0.02
3,1.8,0.0,90.0,1.3333,0,3,60.4,0.5,9.0,0.0,0.0,1,0.0477,15.0,1.5,0.06,0.0954,0,0.0
3,0.27,0.09,8.0,1.6667,1,3,61.4,4.8,0.8,0.77,0.0,2,0.1114,4.8,1.5,0.27,0.0586,0,0.09
3,0.2455,0.3273,32.7273,1.3333,0,3,47.0,1.0,3.2727,6.5455,0.0,1,0.157,8.1818,1.5,0.03,0.0728,0,0.04
3,0.0,0.0,90.0,1.3333,1,3,34.8,0.0,9.0,3.3,0.0,1,0.1862,0.0,1.5,0.0,0.0776,0,0.0
3,0.0,0.0409,12.2727,1.0,0,3,25.8,0.4,1.2273,2.6591,0.0,1,0.2512,1.6364,1.5,0.0,0.0977,0,0.01
3,0.0549,0.0659,18.6585,1.3333,0,4,41.6,3.1,1.8659,0.3293,0.0,2,0.1514,3.4024,1.5,0.05,0.0865,1,0.06
3,0.0,0.0,28.8,1.3333,0,3,28.6,0.4,2.88,0.972,0.0,1,0.0503,1.44,1.5,0.0,0.0692,1,0.0
3,0.0,0.0806,14.7761,1.6667,1,2,39.8,3.5,1.4776,0.2687,0.0,2,0.0226,4.7015,1.5,0.0,0.0588,0,0.06
3,0.07,0.13,16.0,1.6667,0,3,57.2,6.2,1.6,1.23,0.0,2,0.0378,6.2,1.5,0.07,0.0818,0,0.13
3,0.0,0.0,60.0,1.6667,1,2,53.4,0.2,6.0,28.8,0.0,1,0.0404,6.0,1.5,0.0,0.0843,1,0.0
3,0.0,0.225,67.5,1.3333,0,4,37.8,0.4,6.75,0.0,0.0,1,0.0333,9.0,1.5,0.0,0.0952,0,0.01
3,0.0,0.0,450.0,1.0,1,2,33.0,0.3,45.0,0.0,0.0,1,0.0382,27.0,1.5,0.0,0.1091,0,0.0
3,0.0434,0.1843,17.3494,1.6667,0,3,36.2,2.7,1.7349,0.7807,0.0,3,0.0547,2.9277,1.5,0.04,0.1541,0,0.17
3,0.0,0.0429,38.5714,1.6667,0,3,22.4,1.8,3.8571,2.5714,0.0,1,0.0321,7.7143,1.5,0.0,0.1527,0,0.01
3,0.09,0.045,15.0,2.3333,1,2,33.8,1.6,1.5,0.78,0.0,3,0.0533,2.4,1.5,0.06,0.1172,0,0.03
3,0.0,0.0,24.0,1.6667,1,2,36.0,1.5,2.4,0.24,0.0,1,0.05,9.0,1.5,0.0,0.105,0,0.0
3,0.0,0.0562,22.5,1.6667,0,2,39.0,2.1,2.25,3.0375,0.0,1,0.0462,11.8125,1.5,0.0,0.1015,0,0.01
3,0.38,0.21,44.0,3.6667,1,3,40.4,14.7,4.4,0.49,0.0,9,0.196,14.7,1.5,0.38,0.1158,0,0.21
3,0.0,0.04,17.0,4.3333,0,3,54.2,4.0,1.7,0.49,0.0,3,0.1461,4.0,1.5,0.0,0.0963,0,0.04
3,0.0,0.04,26.0,4.3333,0,3,51.2,1.8,2.6,0.72,0.0,1,0.1336,3.6,1.5,0.0,0.0984,0,0.02
3,0.03,0.04,10.0,2.0,1,3,66.2,3.8,1.0,0.35,0.0,2,0.1115,3.8,1.5,0.03,0.087,1,0.04
3,0.0,0.1222,13.3333,2.0,0,2,79.2,3.1,1.3333,0.1333,0.0,3,0.0932,3.4444,1.5,0.0,0.0955,0,0.11
3,0.05,0.02,8.0,2.3333,0,3,79.2,1.8,0.8,1.33,0.0,2,0.0182,1.8,1.5,0.05,0.0523,0,0.02
3,0.0,0.0,180.0,2.0,1,3,61.4,0.0,18.0,0.0,0.0,1,0.0235,0.0,1.5,0.0,0.0557,0,0.0
2,0.9818,0.0,32.7273,1.0,0,3,11.0,2.9,4.9091,0.5727,0.0,1,0.9818,23.7273,1.5,0.12,0.0,0,0.0
2,0.0,0.0115,28.8462,6.0,0,2,78.0,0.8,4.3269,0.2654,0.0,6,0.0,0.9231,1.5,0.0,0.0115,1,0.01
2,0.0,0.9,180.0,3.5,1,2,39.5,0.3,27.0,0.0,0.0,1,0.0,27.0,1.5,0.0,0.0228,1,0.01
2,0.0,0.0,270.0,2.6667,0,3,26.6667,0.1,40.5,0.0,0.0,1,0.0,9.0,1.5,0.0,0.0225,0,0.0
2,0.0,0.0134,30.8955,2.6667,0,3,36.75,0.7,4.6343,0.4701,0.0,6,0.0,0.9403,1.5,0.0,0.0184,0,0.01
2,0.0,0.3789,14.2105,2.6667,1,3,33.2,0.4,2.1316,2.1316,0.0,1,0.0,1.8947,1.5,0.0,0.0596,0,0.08
2,0.0,0.5824,37.0588,2.6667,1,3,21.0,2.0,5.5588,0.5824,0.0,1,0.0,10.5882,1.5,0.0,0.18,1,0.11
2,0.0,0.0269,14.7761,2.3333,0,4,34.2,0.8,2.2164,1.8806,0.0,5,0.0,1.0746,1.5,0.0,0.1158,1,0.02
2,0.31,0.16,30.0,4.6667,1,2,52.0,12.3,4.5,1.82,0.0,8,0.1073,12.3,1.5,0.31,0.1315,0,0.16
2,0.0,0.0409,8.1818,4.6667,1,2,43.0,0.5,1.2273,0.5318,0.0,1,0.1298,2.0455,1.5,0.0,0.1591,0,0.01
2,0.0,0.02,15.0,3.6667,1,3,57.2,1.6,2.25,1.44,0.0,2,0.0976,1.6,1.5,0.0,0.1007,1,0.02
2,0.0,0.0571,37.1429,3.0,1,3,66.4,0.8,5.5714,0.3857,0.0,6,0.084,1.1429,1.5,0.0,0.0678,0,0.04
2,0.14,0.55,15.0,3.3333,1,2,71.0,6.9,2.25,0.73,0.0,2,0.1141,6.9,1.5,0.14,0.1977,0,0.55
2,0.18,0.06,29.0,5.3333,0,3,71.0,10.8,4.35,1.08,0.0,8,0.0811,10.8,1.5,0.18,0.1724,0,0.06
2,0.0,0.13,19.0,4.0,1,2,84.6,7.1,2.85,0.49,0.0,2,0.0681,7.1,1.5,0.0,0.1702,1,0.13
2,0.0,0.0,24.5455,3.6667,0,3,68.8,0.3,3.6818,1.8818,0.0,1,0.0837,2.4545,1.5,0.0,0.2041,0,0.0
2,0.0,0.45,22.5,1.3333,0,2,57.8,0.4,3.375,0.0,0.0,1,0.0997,4.5,1.5,0.0,0.2429,1,0.04
3,0.0,0.0,270.0,1.0,0,4,1.0,0.0,27.0,0.0,0.0,1,0.0,0.0,1.5,0.0,0.0,0,0.0
3,0.3391,0.013,9.1304,2.0,0,2,35.0,4.3,0.913,1.6304,0.0,3,0.3343,5.6087,1.5,0.26,0.0129,0,0.01
3,0.0,0.0851,7.2973,2.0,1,3,48.0,3.6,0.7297,3.7338,0.0,2,0.1625,4.3784,1.5,0.0,0.05,0,0.07
3,0.0391,0.0261,2.6087,2.0,0,2,53.25,1.8,0.2609,2.1783,0.0,1,0.1225,2.3478,1.5,0.03,0.0423,0,0.02
3,0.0,0.0,15.0,1.3333,0,2,47.4,0.4,1.5,1.4625,0.0,1,0.1101,1.5,1.5,0.0,0.038,1,0.0
3,0.0,0.0584,28.0519,2.3333,1,3,62.6,6.9,2.8052,1.1455,0.0,5,0.0834,8.0649,1.5,0.0,0.0431,0,0.05
3,0.0257,0.0129,5.1429,2.6667,0,2,62.8,1.5,0.5143,1.8771,0.0,2,0.0143,1.9286,1.5,0.02,0.043,0,0.01
3,0.2,0.18,22.0,3.6667,1,2,57.0,5.8,2.2,0.76,0.0,4,0.0474,11.6,1.5,0.1,0.0537,0,0.09
3,0.3536,0.0857,6.4286,2.6667,0,3,60.0,2.9,0.6429,1.65,0.0,2,0.135,3.1071,1.5,0.33,0.069,0,0.08
3,0.1012,0.0112,0.0,2.6667,1,3,71.2,0.8,0.0,2.8912,0.0,2,0.1365,0.9,1.5,0.09,0.0607,0,0.01
3,0.0,0.04,10.0,1.6667,0,3,64.8,1.7,1.0,2.24,0.0,1,0.15,3.4,1.5,0.0,0.0583,1,0.02
3,0.19,0.22,5.0,1.6667,1,3,68.8,5.6,0.5,1.78,0.0,2,0.1858,5.6,1.5,0.19,0.1099,0,0.22
3,0.0338,0.0562,24.75,3.6667,1,3,75.8,6.4,2.475,0.585,0.0,8,0.152,7.2,1.5,0.03,0.0902,0,0.05
3,0.0,0.02,8.0,3.6667,0,3,77.0,2.9,0.8,2.75,0.0,1,0.0725,2.9,1.5,0.0,0.0748,0,0.02
3,0.0,0.1929,38.5714,3.3333,0,4,63.8,1.6,3.8571,2.8286,0.0,1,0.0621,10.2857,1.5,0.0,0.0959,0,0.03
3,0.03,0.19,17.0,2.3333,1,3,72.8,6.1,1.7,0.63,0.0,5,0.0618,6.1,1.5,0.03,0.1261,0,0.19
3,0.1,0.21,9.0,2.6667,1,3,72.8,6.2,0.9,2.27,0.0,2,0.0396,6.2,1.5,0.1,0.1236,0,0.21
3,0.13,0.03,18.0,4.6667,0,4,74.8,6.5,1.8,1.13,0.0,7,0.0626,6.5,1.5,0.13,0.1155,0,0.03
3,0.0,0.1521,15.2113,3.6667,1,3,71.0,2.2,1.5211,2.4085,0.0,2,0.0659,2.7887,1.5,0.0,0.147,1,0.12
3,0.9225,0.0,23.625,5.3333,0,2,84.2,5.9,2.3625,1.7775,0.0,7,0.2309,6.6375,1.5,0.82,0.1176,0,0.0
3,0.0,0.0808,2.3077,3.6667,1,4,81.8,2.6,0.2308,3.1385,0.0,2,0.2311,3.0,1.5,0.0,0.0946,0,0.07
3,0.2,0.05,5.0,3.6667,0,3,81.8,5.7,0.5,1.24,0.0,2,0.2531,5.7,1.5,0.2,0.0594,0,0.05
3,0.06,0.0,6.0,1.6667,1,3,72.8,0.0,0.6,3.6,0.0,1,0.2596,0.0,1.5,0.03,0.0593,1,0.0
3,0.0,0.0,25.7143,1.3333,0,3,62.8,0.6,2.5714,6.0,0.0,1,0.301,2.5714,1.5,0.0,0.0344,0,0.0
3,0.0,0.0,90.0,1.0,1,2,47.0,0.0,9.0,25.2,0.0,1,0.0881,0.0,1.5,0.0,0.046,1,0.0
3,0.6677,0.1161,14.5161,1.3333,0,2,43.8,7.4,1.4516,1.1613,0.0,2,0.2836,10.7419,1.5,0.46,0.0534,0,0.08
3,0.0,0.1929,19.2857,1.3333,1,3,28.6,1.8,1.9286,0.0,0.0,1,0.3084,11.5714,1.5,0.0,0.0692,0,0.03
3,0.0,0.0273,16.3636,1.3333,0,4,26.2,0.6,1.6364,0.9818,0.0,1,0.316,1.6364,1.5,0.0,0.0824,1,0.01
3,0.16,0.68,28.0,2.3333,1,2,40.0,14.1,2.8,2.18,0.0,5,0.279,14.1,1.5,0.16,0.36,0,0.68
3,0.0,0.0,11.25,2.3333,0,4,44.6,0.0,1.125,2.775,0.0,1,0.2502,0.0,1.5,0.0,0.3229,0,0.0
3,0.0,0.0375,7.5,2.3333,1,3,37.0,0.1,0.75,1.4625,0.0,1,0.0778,0.375,1.5,0.0,0.3551,1,0.01
1,0.0,0.0,12.0,2.0,1,2,90.0,1.9,0.0,0.83,2.0,2,0.0,1.9,1.5,0.0,0.0,0,0.0
1,0.0,0.0,14.2683,2.0,0,3,86.0,2.4,0.0,1.2622,3.2927,2,0.0,2.6341,1.5,0.0,0.0,0,0.0
1,0.0,0.0,31.7647,2.0,0,3,68.6667,2.7,0.0,3.0706,10.5882,2,0.0,7.1471,1.5,0.0,0.0,0,0.0
1,0.0,0.0,29.0,4.0,1,2,74.0,2.0,0.0,0.68,2.0,8,0.0,2.0,1.5,0.0,0.0,1,0.0
1,0.0,0.0,11.0,4.0,1,3,77.2,2.1,0.0,0.73,2.0,2,0.0,2.1,1.5,0.0,0.0,0,0.0
1,0.0,0.0,13.0,3.6667,0,4,77.2,1.7,0.0,1.08,2.0,1,0.0,1.7,1.5,0.0,0.0,0,0.0
1,0.0,0.0,12.0,1.3333,0,3,69.8,0.8,0.0,0.72,2.0,1,0.0,1.6,1.5,0.0,0.0,0,0.0
1,0.0,0.0,38.5714,1.3333,0,3,67.2,2.5,0.0,3.5143,12.8571,2,0.0,10.7143,1.5,0.0,0.0,1,0.0
1,0.0,0.0,9.0,1.6667,1,3,67.2,1.2,0.0,0.36,1.0,2,0.0,1.2,1.5,0.0,0.0,0,0.0
3,0.0,0.18,9.0,1.0,0,2,10.0,0.0,0.9,0.63,0.0,1,0.0,0.0,1.5,0.0,0.18,0,0.02
3,0.0,0.3536,22.5,1.0,1,2,19.0,2.7,2.25,0.225,0.0,1,0.0,8.6786,1.5,0.0,0.3079,0,0.11
3,0.5667,0.0667,13.3333,1.0,0,3,21.6667,4.1,1.3333,2.1,0.0,1,0.2354,13.6667,1.5,0.17,0.2077,1,0.02
3,0.7364,0.1636,20.4545,1.0,1,4,21.75,3.6,2.0455,2.9045,0.0,1,0.3621,14.7273,1.5,0.18,0.1966,1,0.04
3,0.0584,0.4792,19.8701,2.3333,0,2,32.8,3.6,1.987,1.2156,0.0,5,0.2195,4.2078,1.5,0.05,0.3293,0,0.41
3,0.9318,0.1059,38.1176,6.0,0,2,47.8,10.5,3.8118,0.5929,0.0,12,0.482,11.1176,1.5,0.88,0.2561,0,0.1
3,1.041,0.141,17.3494,7.6667,1,2,58.8,9.1,1.7349,0.7157,0.0,6,0.6857,9.8675,1.5,0.96,0.2143,0,0.13
3,0.44,0.56,13.0,6.6667,1,3,71.4,9.7,1.3,2.16,0.0,2,0.6328,9.7,1.5,0.44,0.3126,0,0.56
3,0.83,0.37,45.0,6.6667,0,3,85.0,9.8,4.5,0.94,0.0,12,0.6692,9.8,1.5,0.83,0.3325,0,0.37
3,1.23,0.04,23.0,6.6667,1,3,87.6,9.5,2.3,2.9,0.0,6,0.8918,9.5,1.5,1.23,0.2466,0,0.04
3,0.0,0.0486,14.5946,6.6667,0,2,85.4,3.1,1.4595,2.3473,0.0,2,0.7293,3.7703,1.5,0.0,0.2403,0,0.04
3,0.075,0.0,18.75,3.0,1,4,73.6,3.5,1.875,3.075,0.0,1,0.6163,13.125,1.5,0.02,0.247,0,0.0
3,0.07,0.03,26.0,3.6667,0,3,73.6,8.4,2.6,4.07,0.0,8,0.5258,8.4,1.5,0.07,0.1174,1,0.03
3,0.23,0.18,4.0,3.3333,0,3,73.6,7.3,0.4,1.08,0.0,1,0.3791,7.3,1.5,0.23,0.0709,0,0.18
3,0.36,1.03,44.0,7.6667,1,2,73.6,16.9,4.4,0.37,0.0,14,0.1663,16.9,1.5,0.36,0.313,1,1.03
3,0.06,0.19,8.0,5.3333,0,2,76.8,6.1,0.8,1.31,0.0,1,0.1734,6.1,1.5,0.06,0.3352,0,0.19
3,1.06,0.02,57.0,11.0,0,3,90.0,17.9,5.7,2.53,0.0,18,0.356,17.9,1.5,1.06,0.29,0,0.02
3,0.85,0.68,28.0,9.6667,1,3,90.0,9.9,2.8,0.73,0.0,10,0.512,9.9,1.5,0.85,0.42,0,0.68
3,0.0,0.0214,7.5,10.0,0,2,88.8,1.4,0.75,3.1071,0.0,2,0.4723,1.5,1.5,0.0,0.3932,0,0.02
3,0.52,0.16,25.0,6.6667,1,3,88.8,9.6,2.5,1.93,0.0,8,0.5047,9.6,1.5,0.52,0.2169,1,0.16
3,0.09,0.3,30.0,6.6667,0,2,88.8,10.9,3.0,0.55,0.0,10,0.5108,10.9,1.5,0.09,0.2392,0,0.3
3,0.0,0.3086,3.8571,6.6667,0,4,84.8,1.1,0.3857,2.7386,0.0,2,0.3099,1.4143,1.5,0.0,0.2972,0,0.24
3,0.3,0.42,23.0,5.6667,0,2,84.8,10.1,2.3,1.83,0.0,5,0.1932,10.1,1.5,0.3,0.242,1,0.42
3,0.1165,0.0318,36.0,6.6667,1,3,85.0,13.0,3.6,0.72,0.0,13,0.216,13.7647,1.5,0.11,0.2435,0,0.03
3,1.72,0.49,53.0,11.0,1,2,85.0,23.4,5.3,1.58,0.0,15,0.4701,23.4,1.5,1.72,0.3134,0,0.49
3,1.86,0.42,77.0,16.0,1,2,85.0,32.6,7.7,1.57,0.0,20,0.8449,32.6,1.5,1.86,0.3388,0,0.42
3,0.074,0.0863,22.1918,13.3333,0,4,85.6,6.6,2.2192,0.8384,0.0,5,0.8516,8.137,1.5,0.06,0.3007,0,0.07
3,2.5861,0.0684,90.0,17.0,1,2,83.4,23.5,9.0,1.5722,0.0,26,1.2993,26.7722,1.5,2.27,0.2309,0,0.06
3,0.4,0.05,7.0,11.0,0,2,84.4,7.0,0.7,0.87,0.0,2,1.3457,7.0,1.5,0.4,0.2325,0,0.05
3,1.28,0.02,12.0,11.3333,1,3,84.4,6.0,1.2,1.54,0.0,6,1.2519,6.0,1.5,1.28,0.1322,0,0.02
3,0.3375,0.5932,45.0,5.3333,1,2,84.0,13.2,4.5,1.0227,0.0,8,0.93,13.5,1.5,0.33,0.1671,0,0.58
3,0.45,0.73,28.0,6.6667,0,3,87.4,11.9,2.8,1.62,0.0,6,0.9741,11.9,1.5,0.45,0.2966,0,0.73
3,0.42,0.42,30.0,7.3333,0,2,89.6,11.5,3.0,1.06,0.0,8,0.5786,11.5,1.5,0.42,0.3616,1,0.42
3,0.1534,0.1943,23.5227,6.6667,1,3,89.2,10.3,2.3523,1.6159,0.0,6,0.5307,10.5341,1.5,0.15,0.3915,1,0.19
3,0.0,0.15,90.0,1.0,1,3,6.0,0.5,9.0,0.0,0.0,1,0.0,7.5,1.5,0.0,0.15,0,0.01
3,0.0,0.0,4.6154,1.0,1,4,22.5,0.8,0.4615,1.7769,0.0,1,0.0,1.8462,1.5,0.0,0.02,0,0.0
3,0.252,0.216,7.2,1.0,0,2,23.3333,1.4,0.72,1.296,0.0,1,0.09,5.04,1.5,0.07,0.09,1,0.06
3,0.0,0.0,18.9474,1.0,1,3,22.25,0.4,1.8947,2.1316,0.0,1,0.0708,1.8947,1.5,0.0,0.0708,1,0.0
3,0.0269,0.0134,5.3731,1.3333,1,2,31.2,1.6,0.5373,1.5045,0.0,2,0.0519,2.1493,1.5,0.02,0.0462,0,0.01
3,0.1,0.05,0.0,1.3333,0,4,33.6,0.7,0.0,1.25,0.0,1,0.0589,3.5,1.5,0.02,0.0429,1,0.01
3,0.0,0.0,-6.0,1.0,1,3,34.8,0.0,-0.6,1.76,0.0,0,0.0569,0.0,1.5,0.0,0.0414,0,0.0
3,0.1414,0.0129,1.2857,0.0,0,2,43.8,2.4,0.1286,5.1043,0.0,-1,0.0616,3.0857,1.5,0.11,0.0123,0,0.01
3,0.0,0.0,11.25,0.0,0,2,44.8,0.3,1.125,2.7,0.0,1,0.0603,1.125,1.5,0.0,0.0121,1,0.0
3,0.0,0.0,6.0,0.3333,1,2,40.4,0.3,0.6,0.2,0.0,1,0.0579,0.6,1.5,0.0,0.0089,0,0.0
3,0.0,0.0,4.2857,1.0,0,3,41.0,0.2,0.4286,8.5286,0.0,1,0.0483,0.8571,1.5,0.0,0.0044,0,0.0
3,0.0,0.06,24.0,1.0,0,2,35.0,0.5,2.4,0.84,0.0,1,0.0566,3.0,1.5,0.0,0.0103,0,0.01
3,0.5,0.17,42.0,13.0,0,3,90.0,15.3,4.2,0.3,0.0,13,0.5,15.3,1.5,0.5,0.17,0,0.17
3,0.0,0.07,19.0,8.0,1,4,90.0,3.1,1.9,0.29,0.0,3,0.25,3.1,1.5,0.0,0.12,0,0.07
3,0.27,0.09,39.0,8.6667,0,2,90.0,10.8,3.9,0.73,0.0,10,0.2567,10.8,1.5,0.27,0.11,0,0.09
3,0.0,0.096,8.4,4.6667,1,2,86.25,1.7,0.84,1.74,0.0,1,0.2009,2.04,1.5,0.0,0.107,0,0.08
3,0.2,1.12,17.0,4.0,0,2,87.0,11.5,1.7,0.94,0.0,1,0.2007,11.5,1.5,0.2,0.3166,0,1.12
3,0.0,0.48,2.0,0.0,1,3,78.0,1.7,0.2,3.84,0.0,-2,0.1085,3.4,1.5,0.0,0.3692,1,0.24
3,0.0,0.03,11.0,0.0,1,3,78.0,2.1,1.1,0.83,0.0,1,0.1085,2.1,1.5,0.0,0.36,0,0.03
3,0.08,0.06,22.0,1.6667,0,2,78.0,3.9,2.2,1.03,0.0,6,0.0646,3.9,1.5,0.08,0.3531,0,0.06
3,0.0643,0.1543,30.8571,4.3333,1,3,77.0,7.4,3.0857,0.3986,0.0,6,0.0771,9.5143,1.5,0.05,0.367,0,0.12
3,0.03,0.09,29.0,6.0,0,3,77.0,9.7,2.9,2.96,0.0,6,0.0374,9.7,1.5,0.03,0.1262,0,0.09
3,0.04,0.1,18.0,4.6667,1,4,86.0,3.8,1.8,0.56,0.0,2,0.0419,3.8,1.5,0.04,0.0837,0,0.1
3,0.21,0.17,11.0,3.0,1,4,86.0,4.8,1.1,0.49,0.0,1,0.0858,4.8,1.5,0.21,0.113,1,0.17
3,0.18,0.2,10.0,1.3333,0,3,86.0,5.1,1.0,0.33,0.0,1,0.1067,5.1,1.5,0.18,0.1423,0,0.2
3,0.28,0.26,7.0,1.3333,1,4,90.0,6.2,0.7,1.82,0.0,2,0.148,6.2,1.5,0.28,0.164,0,0.26
3,0.31,0.05,11.0,1.6667,0,2,90.0,4.0,1.1,1.01,0.0,2,0.204,4.0,1.5,0.31,0.156,1,0.05
3,0.22,0.38,35.0,4.6667,1,3,90.0,9.4,3.5,0.33,0.0,10,0.24,9.4,1.5,0.22,0.212,0,0.38
3,0.04,0.25,22.0,5.3333,0,3,90.0,11.8,2.2,1.23,0.0,4,0.206,11.8,1.5,0.04,0.228,0,0.25
3,0.1151,0.0419,34.5349,8.0,1,2,89.2,7.8,3.4535,0.5023,0.0,10,0.1937,8.1628,1.5,0.11,0.1978,0,0.04
3,0.13,0.15,24.0,5.3333,0,3,89.2,9.2,2.4,1.02,0.0,2,0.1635,9.2,1.5,0.13,0.1756,0,0.15
3,0.04,0.09,13.0,5.0,1,2,89.2,5.7,1.3,0.32,0.0,3,0.109,5.7,1.5,0.04,0.1836,0,0.09
3,0.29,0.13,33.0,5.0,1,3,89.2,10.9,3.3,1.58,0.0,10,0.1231,10.9,1.5,0.29,0.1332,1,0.13
3,0.14,0.34,22.0,5.3333,1,2,89.2,11.5,2.2,0.34,0.0,3,0.1433,11.5,1.5,0.14,0.1513,1,0.34
3,0.06,0.05,14.0,5.3333,0,3,90.0,4.3,1.4,0.93,0.0,3,0.132,4.3,1.5,0.06,0.152,0,0.05
3,0.1,0.41,37.0,5.3333,1,3,90.0,12.6,3.7,0.26,0.0,10,0.126,12.6,1.5,0.1,0.204,0,0.41
3,0.0,0.03,16.0,4.6667,0,3,90.0,4.0,1.6,2.46,0.0,1,0.118,4.0,1.5,0.0,0.192,0,0.03
3,0.12,0.19,18.0,4.6667,1,4,90.0,7.6,1.8,0.68,0.0,3,0.084,7.6,1.5,0.12,0.204,0,0.19
3,0.3162,0.2068,52.2973,5.3333,1,4,86.8,12.4,5.2297,0.8392,0.0,12,0.112,15.0811,1.5,0.26,0.1763,1,0.17
3,0.1356,0.1233,27.1233,6.6667,0,3,83.4,7.1,2.7123,0.6658,0.0,5,0.1273,8.7534,1.5,0.11,0.1942,1,0.1
3,0.0,0.0346,17.3077,6.6667,0,3,81.0,2.5,1.7308,0.3,0.0,3,0.1089,2.8846,1.5,0.0,0.1156,0,0.03
3,0.0,0.1,22.0,3.6667,0,3,81.0,4.9,2.2,1.64,0.0,3,0.1089,4.9,1.5,0.0,0.1311,0,0.1
3,0.03,0.58,36.0,5.3333,1,3,81.0,13.0,3.6,0.35,0.0,10,0.0889,13.0,1.5,0.03,0.2178,0,0.58
3,0.04,0.09,17.0,5.3333,0,4,84.2,4.0,1.7,0.12,0.0,3,0.0385,4.0,1.5,0.04,0.1924,0,0.09
3,0.0,0.02,14.0,5.3333,0,3,87.6,2.1,1.4,1.33,0.0,3,0.0144,2.1,1.5,0.0,0.1685,1,0.02
3,0.15,0.15,33.0,4.6667,1,2,90.0,10.4,3.3,0.36,0.0,8,0.044,10.4,1.5,0.15,0.188,1,0.15
2,0.0,0.5143,96.4286,4.0,1,4,14.0,3.6,14.4643,0.0,0.0,4,0.0,23.1429,1.5,0.0,0.5143,0,0.08
2,0.0,0.0,180.0,2.5,0,2,7.5,0.2,27.0,1.8,0.0,1,0.0,18.0,1.5,0.0,0.48,0,0.0
2,0.0,0.0,60.0,2.0,1,3,6.0,0.1,9.0,28.8,0.0,1,0.0,3.0,1.5,0.0,0.4,0,0.0
2,2.16,0.09,-9.0,1.0,1,2,7.0,0.6,-1.35,0.36,0.0,1,0.7714,5.4,1.5,0.24,0.2893,1,0.01
2,0.8,1.0,30.0,1.0,1,4,7.4,1.0,4.5,1.7,0.0,1,0.7784,10.0,1.5,0.08,0.4622,0,0.1
2,0.0,0.0,24.5455,1.0,0,4,6.8,0.1,3.6818,1.8818,0.0,1,0.8471,0.8182,1.5,0.0,0.2912,0,0.0
2,0.0,0.0,12.2727,1.0,0,2,22.0,0.1,1.8409,0.2455,0.0,1,0.0,0.4091,1.5,0.0,0.0,1,0.0
2,0.0,0.0122,17.027,1.5,1,3,48.0,1.1,2.5541,1.0095,0.0,2,0.0,1.3378,1.5,0.0,0.0094,0,0.01
2,0.0,0.04,27.0,3.0,0,3,62.0,5.6,4.05,1.03,0.0,6,0.0,5.6,1.5,0.0,0.0242,0,0.04
2,0.0,0.0129,33.4286,4.6667,1,3,64.0,1.1,5.0143,0.3986,0.0,6,0.0,1.4143,1.5,0.0,0.0211,0,0.01
2,0.0,0.01,10.0,4.3333,0,2,69.2,2.6,1.5,2.04,0.0,1,0.0,2.6,1.5,0.0,0.0182,1,0.01
2,0.0,0.0,12.8571,2.6667,0,3,69.0,0.2,1.9286,0.1286,0.0,1,0.0,0.8571,1.5,0.0,0.0183,1,0.0
2,0.0,0.0,270.0,1.0,1,3,54.4,0.0,40.5,0.0,0.0,1,0.0,0.0,1.5,0.0,0.0199,1,0.0
2,0.0,0.0214,17.1429,1.0,0,4,44.8,0.4,2.5714,1.5214,0.0,1,0.0,0.8571,1.5,0.0,0.0121,0,0.01
2,0.0,0.01,15.0,1.3333,1,4,48.8,2.7,2.25,1.44,0.0,2,0.0,2.7,1.5,0.0,0.0111,1,0.01
2,0.0,0.04,28.0,3.3333,1,2,48.8,3.3,4.2,0.32,0.0,7,0.0,3.3,1.5,0.0,0.0221,0,0.04
2,0.2,0.1,23.0,4.6667,1,3,62.6,4.0,3.45,0.34,0.0,5,0.0575,4.0,1.5,0.2,0.046,1,0.1
2,0.0,0.04,22.0,6.0,0,3,80.4,1.5,3.3,0.93,0.0,6,0.0448,1.5,1.5,0.0,0.0448,1,0.04
2,0.03,0.07,13.0,4.3333,1,3,90.0,3.4,1.95,0.26,0.0,2,0.046,3.4,1.5,0.03,0.052,1,0.07
2,0.83,0.01,27.0,6.0,0,3,90.0,9.1,4.05,2.46,0.0,10,0.212,9.1,1.5,0.83,0.052,0,0.01
2,0.0,0.05,14.0,4.3333,0,3,90.0,3.2,2.1,1.08,0.0,1,0.212,3.2,1.5,0.0,0.054,0,0.05
2,0.0,0.0,12.8571,4.0,1,3,76.2,0.4,1.9286,1.8429,0.0,1,0.2031,1.7143,1.5,0.0,0.0402,0,0.0
2,0.0,0.04,26.0,6.0,0,3,90.0,2.0,3.9,0.3,0.0,6,0.0,2.0,1.5,0.0,0.04,0,0.04
2,0.0,0.05,25.0,6.0,1,4,90.0,2.8,3.75,0.29,0.0,6,0.0,2.8,1.5,0.0,0.045,0,0.05
2,0.04,0.43,20.0,4.6667,0,3,90.0,7.5,3.0,0.73,0.0,2,0.0133,7.5,1.5,0.04,0.1733,0,0.43
2,0.0,0.03,14.0,3.3333,1,4,90.0,1.9,2.1,1.45,0.0,2,0.01,1.9,1.5,0.0,0.1375,0,0.03
2,0.0,0.15,20.0,2.0,0,2,90.0,5.8,3.0,0.94,0.0,2,0.008,5.8,1.5,0.0,0.14,0,0.15
2,0.0,0.08,31.0,5.0,1,4,90.0,3.9,4.65,1.03,0.0,11,0.008,3.9,1.5,0.0,0.148,0,0.08
2,0.02,0.06,9.0,4.3333,0,3,90.0,3.7,1.35,0.44,0.0,0,0.012,3.7,1.5,0.02,0.15,0,0.06
2,0.0,0.03,17.0,4.3333,0,3,90.0,1.4,2.55,0.41,0.0,2,0.004,1.4,1.5,0.0,0.07,0,0.03
2,0.0,0.01,11.0,1.3333,1,3,90.0,1.2,1.65,0.83,0.0,2,0.004,1.2,1.5,0.0,0.066,0,0.01
2,0.0,0.08,39.0,4.0,0,3,90.0,5.5,5.85,1.03,0.0,8,0.004,5.5,1.5,0.0,0.052,0,0.08
2,0.03,0.08,12.0,4.0,1,4,90.0,2.1,1.8,0.77,0.0,2,0.01,2.1,1.5,0.03,0.052,0,0.08
2,0.07,0.02,7.0,3.3333,0,3,90.0,3.0,1.05,2.96,0.0,0,0.02,3.0,1.5,0.07,0.044,0,0.02
2,0.0,0.03,15.0,1.3333,1,2,90.0,2.7,2.25,0.56,0.0,2,0.02,2.7,1.5,0.0,0.044,0,0.03
2,0.0,0.04,15.0,1.0,1,2,90.0,1.9,2.25,0.49,0.0,1,0.02,1.9,1.5,0.0,0.05,0,0.04
2,0.0,0.05,11.0,1.6667,0,3,90.0,2.4,1.65,2.04,0.0,2,0.02,2.4,1.5,0.0,0.044,0,0.05
2,0.02,0.12,12.0,1.6667,0,4,90.0,3.3,1.8,0.33,0.0,2,0.018,3.3,1.5,0.02,0.052,0,0.12
2,0.03,0.23,23.0,1.6667,1,3,90.0,8.6,3.45,1.82,0.0,1,0.01,8.6,1.5,0.03,0.094,0,0.23
2,0.03,0.07,18.0,1.6667,0,2,90.0,2.1,2.7,1.01,0.0,2,0.016,2.1,1.5,0.03,0.102,1,0.07
2,0.0403,0.0269,28.209,3.0,1,3,85.4,1.7,4.2313,0.2687,0.0,6,0.0232,2.2836,1.5,0.03,0.1033,1,0.02
2,0.01,0.79,26.0,4.6667,0,2,85.4,6.5,3.9,1.23,0.0,6,0.0253,6.5,1.5,0.01,0.2593,0,0.79
2,0.02,0.12,16.0,4.6667,0,4,85.4,6.6,2.4,1.02,0.0,2,0.0253,6.6,1.5,0.02,0.2593,0,0.12
2,0.0,0.0545,30.0,3.0,1,3,74.0,2.7,4.5,0.0818,0.0,1,0.0219,7.3636,1.5,0.0,0.2481,1,0.02
2,0.06,0.05,23.0,3.3333,1,3,74.0,3.5,3.45,1.58,0.0,7,0.0292,3.5,1.5,0.06,0.2432,1,0.05
2,0.0,0.19,22.0,4.3333,1,3,78.6,3.4,3.3,0.34,0.0,5,0.0206,3.4,1.5,0.0,0.2679,0,0.19
2,0.04,0.15,18.0,4.6667,1,4,78.6,5.0,2.7,0.26,0.0,2,0.0275,5.0,1.5,0.04,0.1214,0,0.15
2,0.0,0.01,17.0,3.0,0,4,78.6,2.1,2.55,2.46,0.0,2,0.0229,2.1,1.5,0.0,0.0962,0,0.01
2,0.0,0.0462,50.7692,6.0,0,2,87.6,8.0,7.6154,0.3,0.0,14,0.0205,9.2308,1.5,0.0,0.0904,0,0.04
2,0.0,0.07,31.0,8.0,0,3,87.6,2.4,4.65,1.64,0.0,8,0.0082,2.4,1.5,0.0,0.0945,0,0.07
2,0.0,0.02,12.0,8.0,1,3,87.6,1.9,1.8,0.35,0.0,2,0.0082,1.9,1.5,0.0,0.0596,0,0.02
2,0.0,0.0132,33.0882,5.3333,0,2,83.2,0.5,4.9632,0.1588,0.0,6,0.0,0.6618,1.5,0.0,0.0325,1,0.01
2,0.0,0.05,27.0,5.0,0,2,83.2,3.3,4.05,1.33,0.0,7,0.0,3.3,1.5,0.0,0.0411,0,0.05
2,0.0,0.06,15.0,5.0,1,3,85.6,3.2,2.25,0.36,0.0,2,0.0,3.2,1.5,0.0,0.0442,0,0.06
3,0.175,0.275,17.5,1.0,0,4,36.0,4.3,1.75,0.925,0.0,1,0.175,10.75,1.5,0.07,0.275,1,0.11
3,0.0,0.27,27.0,1.0,1,3,23.0,1.5,2.7,1.44,0.0,1,0.137,13.5,1.5,0.0,0.2739,0,0.03
3,0.04,0.02,0.0,1.0,0,3,30.3333,0.9,0.0,0.96,0.0,1,0.089,1.8,1.5,0.02,0.1484,1,0.01
3,0.0,0.0514,2.5714,1.0,1,2,31.5,2.4,0.2571,0.5657,0.0,1,0.0643,6.1714,1.5,0.0,0.1214,1,0.02
3,0.72,0.18,18.0,1.0,1,3,30.2,4.6,1.8,3.384,0.0,1,0.1728,16.56,1.5,0.2,0.1311,0,0.05
3,0.0,0.0,36.0,1.0,0,3,25.0,0.2,3.6,2.88,0.0,1,0.1584,1.8,1.5,0.0,0.0792,1,0.0
3,0.0,0.0783,6.5217,1.3333,1,4,36.8,4.9,0.6522,1.9565,0.0,2,0.1076,6.3913,1.5,0.0,0.0685,0,0.06
3,0.2333,0.0667,36.6667,5.0,1,3,44.0,12.9,3.6667,2.4222,0.0,12,0.1677,14.3333,1.5,0.21,0.0777,0,0.06
3,0.0365,0.1581,12.1622,5.6667,0,3,51.8,3.5,1.2162,1.8122,0.0,3,0.1529,4.2568,1.5,0.03,0.1042,0,0.13
3,0.2605,0.0592,9.4737,3.0,1,2,76.0,6.1,0.9474,1.7171,0.0,3,0.2605,7.2237,1.5,0.22,0.0592,0,0.05
3,0.3185,0.0692,1.3846,2.0,0,2,70.5,3.3,0.1385,1.7308,0.0,1,0.2872,4.5692,1.5,0.23,0.0638,0,0.05
3,0.2036,0.5571,16.0714,2.0,1,3,75.0,8.8,1.6071,1.3071,0.0,2,0.256,9.4286,1.5,0.19,0.248,1,0.52
3,0.0325,0.0,7.5904,1.6667,0,2,77.0,1.1,0.759,1.659,0.0,2,0.1958,1.1928,1.5,0.03,0.1812,0,0.0
3,0.3667,0.1333,10.0,1.6667,1,3,67.0,0.9,1.0,0.8333,0.0,1,0.2096,3.0,1.5,0.11,0.1773,0,0.04
3,0.0857,0.0857,12.8571,1.6667,0,2,64.4,2.8,1.2857,1.9,0.0,2,0.1733,4.0,1.5,0.06,0.1873,0,0.06
3,0.0,0.0,-22.5,1.0,1,2,52.2,0.0,-2.25,2.475,0.0,0,0.1345,0.0,1.5,0.0,0.2138,1,0.0
3,0.0,0.0145,10.1613,1.6667,0,2,47.8,0.8,1.0161,1.1613,0.0,3,0.0753,1.1613,1.5,0.0,0.0414,0,0.01
3,0.0,0.2455,28.6364,1.3333,1,2,35.6,1.9,2.8636,0.2864,0.0,1,0.086,7.7727,1.5,0.0,0.086,0,0.06
3,0.4034,0.031,-9.3103,1.3333,0,3,36.0,0.7,-0.931,0.9621,0.0,0,0.095,2.1724,1.5,0.13,0.07,0,0.01
3,0.33,0.09,10.0,1.0,1,2,41.4,6.3,1.0,1.4,0.0,2,0.2,6.3,1.5,0.33,0.0739,0,0.09
3,0.0692,0.2192,17.3077,1.3333,1,2,56.2,5.5,1.7308,1.2231,0.0,2,0.1665,6.3462,1.5,0.06,0.1153,1,0.19
3,0.0444,0.1333,8.8889,2.3333,0,2,60.0,3.9,0.8889,2.2889,0.0,3,0.168,4.3333,1.5,0.04,0.141,0,0.12
3,0.0375,0.1,16.25,2.3333,0,3,70.0,6.2,1.625,1.4875,0.0,2,0.1517,7.75,1.5,0.03,0.126,0,0.08
3,0.0,0.0,54.0,2.0,1,4,66.2,0.6,5.4,0.0,0.0,1,0.1251,5.4,1.5,0.0,0.1305,0,0.0
3,0.0,0.0509,3.3962,1.3333,0,3,58.8,1.9,0.3396,0.6283,0.0,1,0.0398,3.2264,1.5,0.0,0.1286,0,0.03
3,0.0,0.0,135.0,1.0,1,2,43.6,0.1,13.5,0.0,0.0,1,0.0289,4.5,1.5,0.0,0.095,1,0.0
3,0.3706,0.0,-5.2941,1.0,0,3,30.8,1.5,-0.5294,4.2882,0.0,1,0.0584,7.9412,1.5,0.07,0.0643,0,0.0
3,0.0,1.8,180.0,1.0,1,2,16.8,1.0,18.0,3.15,0.0,1,0.075,45.0,1.5,0.0,0.075,0,0.04
3,0.0,0.0,270.0,1.0,1,3,15.0,0.0,27.0,0.0,0.0,1,0.084,0.0,1.5,0.0,0.084,0,0.0
3,0.0,0.0,0.0,1.0,0,4,7.4,0.0,0.0,1.68,0.0,1,0.1703,0.0,1.5,0.0,0.0973,0,0.0
3,0.0,0.0,38.5714,1.0,1,2,8.4,0.4,3.8571,2.0571,0.0,1,0.15,5.1429,1.5,0.0,0.0857,0,0.0
3,0.0581,0.0581,2.9032,1.0,0,3,11.2,0.7,0.2903,3.0194,0.0,1,0.0321,2.0323,1.5,0.02,0.0964,0,0.02
3,0.12,0.21,29.0,2.3333,0,3,28.8,7.9,2.9,3.04,0.0,5,0.0875,7.9,1.5,0.12,0.1438,0,0.21
3,0.225,0.0375,-7.5,2.0,1,3,33.4,2.8,-0.75,5.55,0.0,0,0.1078,10.5,1.5,0.06,0.1293,0,0.01
3,0.1667,0.1,16.6667,2.0,1,2,41.2,4.2,1.6667,0.9167,0.0,1,0.1311,7.0,1.5,0.1,0.1311,0,0.06
3,1.52,0.16,21.0,2.3333,1,3,57.8,18.1,2.1,2.06,0.0,6,0.5668,18.1,1.5,1.52,0.1433,1,0.16
3,0.0305,0.0153,3.0508,2.6667,0,2,63.4,1.7,0.3051,1.6475,0.0,1,0.5167,2.5932,1.5,0.02,0.1278,0,0.01
3,0.18,0.045,18.0,2.6667,1,4,49.4,2.6,1.8,0.945,0.0,1,0.634,11.7,1.5,0.04,0.0911,0,0.01
3,0.03,0.73,13.0,3.0,1,3,90.0,7.8,1.3,2.27,0.0,3,0.03,7.8,1.5,0.03,0.73,1,0.73
3,0.76,0.42,13.0,2.0,0,2,90.0,9.3,1.3,1.8,0.0,1,0.395,9.3,1.5,0.76,0.575,1,0.42
3,1.21,0.54,35.0,5.3333,1,2,90.0,16.3,3.5,1.24,0.0,12,0.6667,16.3,1.5,1.21,0.5633,0,0.54
3,0.0,0.07,14.0,5.0,0,3,90.0,6.7,1.4,2.27,0.0,2,0.5,6.7,1.5,0.0,0.44,0,0.07
3,0.07,0.47,8.0,5.0,1,3,90.0,5.3,0.8,1.89,0.0,1,0.414,5.3,1.5,0.07,0.446,0,0.47
3,0.32,0.21,30.0,4.3333,0,3,90.0,13.6,3.0,1.12,0.0,10,0.472,13.6,1.5,0.32,0.342,0,0.21
3,0.08,0.31,19.0,4.3333,1,3,90.0,8.9,1.9,0.81,0.0,2,0.336,8.9,1.5,0.08,0.32,0,0.31
3,0.17,0.14,14.0,4.6667,1,2,90.0,6.5,1.4,0.95,0.0,2,0.128,6.5,1.5,0.17,0.24,0,0.14
3,0.09,0.24,28.0,3.6667,0,4,90.0,11.2,2.8,1.38,0.0,7,0.146,11.2,1.5,0.09,0.274,0,0.24
3,0.11,0.08,4.0,3.3333,1,3,90.0,5.4,0.4,3.94,0.0,1,0.154,5.4,1.5,0.11,0.196,0,0.08
3,0.19,0.09,30.0,6.3333,0,4,90.0,10.4,3.0,1.01,0.0,11,0.128,10.4,1.5,0.19,0.172,0,0.09
3,0.38,0.31,10.0,5.0,1,2,90.0,7.0,1.0,0.42,0.0,3,0.188,7.0,1.5,0.38,0.172,0,0.31
3,0.0,0.41,28.0,6.6667,0,3,90.0,7.2,2.8,2.73,0.0,6,0.154,7.2,1.5,0.0,0.226,1,0.41
3,0.0,0.2,7.0,3.6667,0,2,90.0,2.8,0.7,2.65,0.0,2,0.136,2.8,1.5,0.0,0.218,0,0.2
3,0.92,0.56,8.0,2.6667,1,2,90.0,11.9,0.8,1.4,0.0,0,0.298,11.9,1.5,0.92,0.314,0,0.56
3,0.06,0.45,18.0,1.0,1,3,90.0,11.4,1.8,1.48,0.0,1,0.272,11.4,1.5,0.06,0.386,1,0.45
3,0.07,0.11,8.0,0.6667,0,4,90.0,4.9,0.8,1.36,0.0,1,0.21,4.9,1.5,0.07,0.346,0,0.11
3,0.06,0.1,10.0,1.0,1,4,90.0,8.7,1.0,1.68,0.0,1,0.222,8.7,1.5,0.06,0.284,0,0.1
3,0.03,0.06,12.0,1.3333,0,3,90.0,5.1,1.2,0.74,0.0,2,0.228,5.1,1.5,0.03,0.256,0,0.06
3,0.06,0.18,10.0,1.6667,1,3,90.0,4.0,1.0,1.36,0.0,2,0.056,4.0,1.5,0.06,0.18,0,0.18
3,0.57,0.2,29.0,3.0,0,3,90.0,11.0,2.9,2.1,0.0,5,0.158,11.0,1.5,0.57,0.13,0,0.2
3,0.11,0.06,24.0,4.3333,1,2,90.0,8.6,2.4,1.69,0.0,6,0.166,8.6,1.5,0.11,0.12,0,0.06
3,0.0,0.63,23.0,4.3333,0,3,90.0,14.3,2.3,2.49,0.0,2,0.154,14.3,1.5,0.0,0.226,1,0.63
3,0.54,0.05,10.0,3.3333,0,2,90.0,7.7,1.0,1.74,0.0,2,0.256,7.7,1.5,0.54,0.224,1,0.05
3,0.13,0.04,16.0,2.6667,1,3,90.0,10.0,1.6,1.11,0.0,4,0.27,10.0,1.5,0.13,0.196,0,0.04
3,0.0,0.12,24.0,3.6667,0,2,90.0,7.4,2.4,3.32,0.0,5,0.156,7.4,1.5,0.0,0.18,0,0.12
3,1.0,0.18,34.0,6.6667,1,4,90.0,17.5,3.4,1.48,0.0,11,0.334,17.5,1.5,1.0,0.204,1,0.18
3,0.1,0.31,17.0,6.0,0,3,90.0,11.3,1.7,2.6,0.0,2,0.354,11.3,1.5,0.1,0.14,0,0.31
3,0.42,0.14,32.0,7.0,0,3,90.0,13.6,3.2,3.04,0.0,8,0.33,13.6,1.5,0.42,0.158,0,0.14
3,0.21,0.26,27.0,6.3333,1,3,90.0,10.4,2.7,3.59,0.0,9,0.346,10.4,1.5,0.21,0.202,0,0.26
3,0.96,0.07,48.0,10.6667,0,3,90.0,13.0,4.8,1.75,0.0,15,0.538,13.0,1.5,0.96,0.192,0,0.07
3,0.88,1.06,68.0,14.0,1,3,90.0,28.5,6.8,0.77,0.0,18,0.514,28.5,1.5,0.88,0.368,1,1.06
3,0.15,1.12,28.0,12.3333,1,4,90.0,18.1,2.8,2.06,0.0,4,0.524,18.1,1.5,0.15,0.53,0,1.12
3,0.0404,0.2528,25.2809,9.0,1,2,89.8,12.6,2.5281,2.3056,0.0,5,0.449,12.7416,1.5,0.04,0.5532,0,0.25
3,0.0153,0.0915,7.6271,3.0,0,2,83.6,2.9,0.7627,2.2424,0.0,0,0.4392,4.4237,1.5,0.01,0.5512,0,0.06
3,0.0,0.08,16.0,3.0,1,2,90.0,5.8,1.6,2.27,0.0,3,0.0,5.8,1.5,0.0,0.08,1,0.08
3,0.4,0.02,7.0,2.5,0,3,90.0,6.1,0.7,1.8,0.0,2,0.2,6.1,1.5,0.4,0.05,0,0.02
3,1.09,0.06,24.0,4.0,1,2,90.0,11.9,2.4,1.24,0.0,7,0.4967,11.9,1.5,1.09,0.0533,0,0.06
3,0.0,0.02,13.0,3.6667,0,3,90.0,1.8,1.3,2.27,0.0,2,0.3725,1.8,1.5,0.0,0.045,0,0.02
3,0.0,0.0143,17.1429,3.6667,1,2,84.6,1.8,1.7143,1.2857,0.0,2,0.317,2.5714,1.5,0.0,0.0404,0,0.01
3,0.02,0.03,14.0,2.3333,0,4,84.6,4.4,1.4,1.12,0.0,3,0.3213,4.4,1.5,0.02,0.0298,0,0.03
3,0.32,0.06,2.0,2.0,1,3,84.6,4.8,0.2,0.81,0.0,1,0.3043,4.8,1.5,0.32,0.0383,1,0.06
3,0.16,0.26,12.0,1.6667,1,3,75.6,3.6,1.2,1.06,0.0,1,0.1,7.2,1.5,0.08,0.0595,0,0.13
3,0.525,0.0125,2.5,1.0,0,2,72.0,5.3,0.25,1.6125,0.0,1,0.21,6.625,1.5,0.42,0.06,0,0.01
3,0.0,0.1,26.0,2.6667,1,3,77.4,6.0,2.6,1.69,0.0,6,0.1953,6.0,1.5,0.0,0.0767,0,0.1
3,0.03,0.01,10.0,2.6667,0,3,77.4,4.7,1.0,2.49,0.0,1,0.1977,4.7,1.5,0.03,0.0721,0,0.01
3,0.04,0.02,-6.0,2.3333,0,3,68.4,1.6,-0.6,2.26,0.0,0,0.1447,3.2,1.5,0.02,0.0684,0,0.01
3,0.0519,0.0346,15.5769,0.6667,1,2,69.8,3.1,1.5577,0.9692,0.0,1,0.1289,5.3654,1.5,0.03,0.0387,0,0.02
3,0.04,0.0,22.0,1.0,0,4,73.4,3.9,2.2,3.32,0.0,2,0.0294,3.9,1.5,0.04,0.0343,0,0.0
3,0.08,0.02,13.0,2.0,1,4,73.4,7.4,1.3,1.48,0.0,3,0.049,7.4,1.5,0.08,0.0147,0,0.02
3,0.0,0.36,153.0,3.0,0,3,57.4,3.8,15.3,3.87,0.0,4,0.0533,34.2,1.5,0.0,0.0282,0,0.04
3,0.1095,0.2068,14.5946,3.0,0,3,63.2,2.2,1.4595,2.4689,0.0,2,0.0684,2.6757,1.5,0.09,0.0712,0,0.17
3,0.23,0.02,13.0,2.3333,1,3,70.8,5.2,1.3,3.59,0.0,1,0.1119,5.2,1.5,0.23,0.0636,0,0.02
3,0.0,0.03,18.0,1.6667,0,4,70.8,5.3,1.8,1.75,0.0,2,0.1017,5.3,1.5,0.0,0.0712,1,0.03
3,0.35,0.02,12.0,1.6667,1,3,70.8,4.3,1.2,0.77,0.0,2,0.1703,4.3,1.5,0.35,0.0712,0,0.02
3,0.1,0.04,13.0,2.0,1,3,86.8,6.2,1.3,2.06,0.0,2,0.1597,6.2,1.5,0.1,0.0581,0,0.04
3,0.07,0.02,17.0,2.0,0,3,90.0,6.4,1.7,1.47,0.0,2,0.15,6.4,1.5,0.07,0.026,0,0.02
3,0.06,0.02,16.0,2.0,1,4,90.0,4.5,1.6,1.71,0.0,2,0.116,4.5,1.5,0.06,0.026,0,0.02
3,0.21,0.03,7.0,1.6667,1,3,90.0,3.1,0.7,2.32,0.0,1,0.158,3.1,1.5,0.21,0.026,0,0.03
3,0.0,0.23,25.0,2.6667,0,3,90.0,6.6,2.5,1.55,0.0,5,0.088,6.6,1.5,0.0,0.068,1,0.23
2,0.0,0.0375,15.0,1.0,0,3,24.0,1.1,2.25,2.0625,0.0,1,0.0,4.125,1.5,0.0,0.0375,0,0.01
2,0.0,0.05,15.0,1.0,1,2,57.0,2.2,2.25,1.24,0.0,1,0.0,2.2,1.5,0.0,0.0474,1,0.05
2,0.03,0.05,12.0,1.0,0,2,68.0,2.4,1.8,2.27,0.0,1,0.0132,2.4,1.5,0.03,0.0485,0,0.05
2,0.0,0.04,17.0,1.0,1,4,73.5,3.4,2.55,1.89,0.0,1,0.0092,3.4,1.5,0.0,0.0459,1,0.04
2,0.0,0.09,29.0,2.6667,0,3,76.8,4.9,4.35,1.12,0.0,6,0.007,4.9,1.5,0.0,0.0562,0,0.09
2,0.04,0.17,16.0,3.0,1,2,90.0,6.1,2.4,0.81,0.0,2,0.014,6.1,1.5,0.04,0.08,0,0.17
2,0.19,0.35,19.0,3.3333,1,3,90.0,11.7,2.85,0.95,0.0,2,0.052,11.7,1.5,0.19,0.14,0,0.35
2,0.03,0.02,30.0,5.0,0,3,90.0,6.2,4.5,1.38,0.0,11,0.052,6.2,1.5,0.03,0.134,0,0.02
2,0.0,0.02,13.0,4.6667,1,3,90.0,2.0,1.95,3.94,0.0,1,0.052,2.0,1.5,0.0,0.13,0,0.02
2,0.1,0.19,26.0,6.0,0,2,90.0,5.5,3.9,1.01,0.0,6,0.072,5.5,1.5,0.1,0.15,1,0.19
2,0.01,0.04,25.0,4.3333,1,3,90.0,3.1,3.75,0.42,0.0,6,0.066,3.1,1.5,0.01,0.124,0,0.04
2,0.0,0.05,38.0,8.0,0,3,90.0,8.6,5.7,2.73,0.0,12,0.028,8.6,1.5,0.0,0.064,1,0.05
2,0.0,0.01,11.0,6.6667,0,4,90.0,1.6,1.65,2.65,0.0,2,0.022,1.6,1.5,0.0,0.062,0,0.01
2,0.0,0.08,14.0,5.0,1,2,90.0,5.2,2.1,1.4,0.0,1,0.022,5.2,1.5,0.0,0.074,0,0.08
2,0.16,0.08,15.0,1.3333,1,3,90.0,4.4,2.25,1.48,0.0,1,0.034,4.4,1.5,0.16,0.052,0,0.08
2,0.0,0.01,20.0,1.6667,0,3,90.0,3.2,3.0,2.35,0.0,3,0.032,3.2,1.5,0.0,0.046,0,0.01
2,0.06,0.04,22.0,1.6667,1,3,90.0,3.8,3.3,1.68,0.0,1,0.044,3.8,1.5,0.06,0.044,0,0.04
2,0.05,0.04,5.0,1.3333,0,3,90.0,1.6,0.75,0.74,0.0,0,0.054,1.6,1.5,0.05,0.05,0,0.04
2,0.02,0.01,20.0,0.6667,1,4,90.0,4.0,3.0,1.36,0.0,1,0.058,4.0,1.5,0.02,0.036,0,0.01
2,0.02,0.09,13.0,0.6667,0,2,90.0,1.9,1.95,2.1,0.0,1,0.03,1.9,1.5,0.02,0.038,0,0.09
2,0.05,0.02,21.0,2.6667,1,2,90.0,2.9,3.15,1.69,0.0,6,0.04,2.9,1.5,0.05,0.04,0,0.02
2,0.0,0.19,28.0,4.6667,0,3,90.0,7.8,4.2,2.49,0.0,7,0.028,7.8,1.5,0.0,0.07,0,0.19
2,0.03,0.02,17.0,5.0,0,3,90.0,4.7,2.55,1.74,0.0,2,0.024,4.7,1.5,0.03,0.066,1,0.02
2,0.06,0.03,10.0,3.3333,1,3,90.0,2.6,1.5,1.11,0.0,1,0.032,2.6,1.5,0.06,0.07,0,0.03
2,0.0,0.01,15.0,1.3333,0,3,90.0,2.9,2.25,3.32,0.0,1,0.028,2.9,1.5,0.0,0.054,0,0.01
2,0.02,0.01,28.0,2.6667,1,3,90.0,3.5,4.2,1.48,0.0,6,0.022,3.5,1.5,0.02,0.052,0,0.01
2,0.08,0.02,15.0,3.0,0,3,90.0,6.3,2.25,2.6,0.0,2,0.038,6.3,1.5,0.08,0.018,0,0.02
2,0.02,0.17,20.0,3.6667,0,3,90.0,5.2,3.0,3.04,0.0,3,0.036,5.2,1.5,0.02,0.048,0,0.17
2,0.0,0.17,22.0,2.0,1,3,90.0,4.5,3.3,3.59,0.0,1,0.024,4.5,1.5,0.0,0.076,1,0.17
2,0.0,0.06,11.0,1.6667,0,3,90.0,3.4,1.65,1.75,0.0,1,0.024,3.4,1.5,0.0,0.086,0,0.06
2,0.11,0.11,19.0,1.0,1,3,90.0,8.5,2.85,0.77,0.0,1,0.042,8.5,1.5,0.11,0.106,0,0.11
2,0.02,0.0,8.0,1.3333,1,3,90.0,0.8,1.2,2.06,0.0,2,0.03,0.8,1.5,0.02,0.102,0,0.0
2,0.0,0.03,13.0,1.0,0,2,90.0,3.9,1.95,1.47,0.0,0,0.026,3.9,1.5,0.0,0.074,0,0.03
2,0.02,0.08,18.0,1.3333,1,2,90.0,2.9,2.7,1.71,0.0,2,0.03,2.9,1.5,0.02,0.056,0,0.08
2,0.02,0.01,12.0,1.0,1,4,90.0,2.6,1.8,2.32,0.0,1,0.034,2.6,1.5,0.02,0.046,1,0.01
2,0.53,0.01,41.0,6.0,0,3,90.0,9.0,6.15,1.55,0.0,15,0.118,9.0,1.5,0.53,0.026,0,0.01
3,0.0,5.49,153.0,4.0,0,3,10.0,4.2,15.3,3.6,0.0,4,0.0,37.8,1.5,0.0,5.49,1,0.61
3,0.1286,0.0,12.8571,2.5,1,4,15.5,0.6,1.2857,1.1571,0.0,1,0.0871,2.5714,1.5,0.03,1.771,1,0.0
3,0.2,0.0,30.0,2.0,0,2,13.3333,0.7,3.0,1.2,0.0,1,0.1125,7.0,1.5,0.02,1.3725,0,0.0
3,0.8,0.0,48.0,3.0,0,4,21.25,9.2,4.8,2.66,0.0,7,0.4765,18.4,1.5,0.4,0.6459,0,0.0
3,0.03,0.27,7.0,3.3333,1,2,35.0,3.8,0.7,0.56,0.0,2,0.2469,3.8,1.5,0.03,0.4526,0,0.27
3,0.1853,0.1059,10.5882,3.3333,0,2,39.8,6.3,1.0588,1.4559,0.0,1,0.2487,16.6765,1.5,0.07,0.1402,0,0.04
3,0.12,0.015,7.5,1.6667,1,4,47.6,1.5,0.75,1.23,0.0,2,0.2269,2.25,1.5,0.08,0.121,0,0.01
3,0.15,0.075,3.75,1.3333,0,3,50.6,0.9,0.375,0.8625,0.0,1,0.2206,3.375,1.5,0.04,0.1209,0,0.02
3,0.0724,0.4345,36.2069,4.0,1,2,59.0,11.5,3.6207,1.1586,0.0,9,0.0885,11.8966,1.5,0.07,0.2319,0,0.42
3,0.2,0.0,0.0,4.0,0,3,59.0,3.5,0.0,2.95,0.0,2,0.1403,3.5,1.5,0.2,0.1495,0,0.0
3,0.0,0.0,8.0,4.6667,1,2,70.2,2.0,0.8,1.26,0.0,3,0.1,2.0,1.5,0.0,0.1154,0,0.0
3,0.15,0.03,23.0,3.6667,0,4,76.2,7.5,2.3,1.54,0.0,6,0.1087,7.5,1.5,0.15,0.111,0,0.03
3,0.08,0.14,27.0,5.3333,1,3,89.4,7.5,2.7,1.46,0.0,7,0.1007,7.5,1.5,0.08,0.1188,1,0.14
3,0.18,0.01,4.0,5.0,1,4,90.0,2.4,0.4,0.7,0.0,2,0.122,2.4,1.5,0.18,0.036,0,0.01
3,0.07,0.01,6.0,3.6667,0,2,90.0,4.2,0.6,2.52,0.0,2,0.096,4.2,1.5,0.07,0.038,1,0.01
3,0.0759,0.0434,5.4217,2.0,0,3,88.6,2.4,0.5422,1.2687,0.0,2,0.1117,2.6024,1.5,0.07,0.0467,0,0.04
3,0.23,0.18,4.0,2.0,1,3,88.6,5.5,0.4,1.53,0.0,2,0.128,5.5,1.5,0.23,0.0772,0,0.18
3,0.35,0.01,19.0,3.6667,1,4,88.6,8.7,1.9,1.57,0.0,7,0.1828,8.7,1.5,0.35,0.0508,0,0.01
3,0.7382,0.6472,35.3933,6.3333,0,2,88.4,14.3,3.5393,2.3157,0.0,10,0.2952,14.4607,1.5,0.73,0.1792,1,0.64
3,0.0,0.1256,23.0233,7.3333,1,3,87.6,7.8,2.3023,0.4709,0.0,5,0.2836,8.1628,1.5,0.0,0.2034,1,0.12
3,0.45,0.0,7.5,5.3333,1,3,73.4,0.5,0.75,0.675,0.0,1,0.336,3.75,1.5,0.06,0.233,0,0.0
3,0.0,0.0117,9.3506,2.6667,0,3,70.8,2.2,0.9351,1.1221,0.0,2,0.2898,2.5714,1.5,0.0,0.1983,0,0.01
3,0.82,0.04,16.0,3.3333,1,2,70.8,7.0,1.6,0.48,0.0,7,0.4093,7.0,1.5,0.82,0.2059,0,0.04
3,0.98,0.4,18.0,5.0,1,2,71.0,12.8,1.8,0.56,0.0,6,0.4715,12.8,1.5,0.98,0.1445,0,0.4
3,0.21,0.0,11.0,5.0,0,3,71.8,1.9,1.1,3.57,0.0,2,0.5189,1.9,1.5,0.21,0.1128,0,0.0
3,0.72,0.0,-3.0,3.3333,1,4,87.4,2.8,-0.3,2.07,0.0,2,0.5622,2.8,1.5,0.72,0.0927,0,0.0
3,0.0,0.0931,12.4138,1.6667,0,3,77.8,0.5,1.2414,0.1241,0.0,1,0.6316,1.5517,1.5,0.0,0.1087,0,0.03
3,0.24,0.06,12.0,1.6667,0,4,77.8,4.2,1.2,0.6,0.0,2,0.4974,4.2,1.5,0.24,0.1134,1,0.06
3,0.0,0.08,2.0,1.3333,1,4,68.8,1.5,0.2,0.66,0.0,1,0.3061,3.0,1.5,0.0,0.034,0,0.04
3,0.2415,0.0659,4.3902,1.6667,1,4,67.2,1.2,0.439,1.5585,0.0,2,0.3161,1.3171,1.5,0.22,0.0509,0,0.06
3,0.08,0.14,25.0,3.0,0,3,67.2,8.7,2.5,1.48,0.0,6,0.1446,8.7,1.5,0.08,0.0884,0,0.14
3,0.0,0.0,4.8649,3.0,0,3,68.8,0.6,0.4865,0.8027,0.0,1,0.1413,1.4595,1.5,0.0,0.0785,0,0.0
3,0.0,0.1356,11.0959,3.0,1,3,65.4,2.2,1.1096,0.9493,0.0,2,0.0826,2.7123,1.5,0.0,0.0963,0,0.11
3,0.0,0.4364,12.2727,1.6667,0,4,69.6,1.3,1.2273,2.9182,0.0,2,0.0776,1.7727,1.5,0.0,0.1629,0,0.32
3,0.0,0.05,0.0,1.6667,1,3,56.8,0.4,0.0,2.9,0.0,1,0.0254,2.0,1.5,0.0,0.1838,0,0.01
3,0.0724,0.2793,17.5862,2.6667,0,3,56.2,6.9,1.7586,1.169,0.0,5,0.0224,7.1379,1.5,0.07,0.2274,0,0.27
3,0.0,0.0409,16.3636,1.0,1,4,22.0,0.1,1.6364,4.4182,0.0,1,0.0,0.4091,1.5,0.0,0.0409,0,0.01
3,0.0,0.0375,26.25,1.0,0,3,23.0,1.3,2.625,2.0625,0.0,1,0.0,4.875,1.5,0.0,0.0391,0,0.01
3,0.28,0.14,32.0,3.6667,1,3,45.3333,10.7,3.2,1.24,0.0,9,0.1853,10.7,1.5,0.28,0.1059,0,0.14
3,0.06,0.02,25.0,5.6667,0,3,56.5,6.8,2.5,2.27,0.0,7,0.1354,6.8,1.5,0.06,0.0717,1,0.02
3,0.0,0.02,13.0,6.0,1,3,63.2,2.0,1.3,1.89,0.0,2,0.0968,2.0,1.5,0.0,0.057,0,0.02
3,0.0,1.1769,55.3846,3.3333,1,4,61.4,1.9,5.5385,1.8692,0.0,1,0.0997,13.1538,1.5,0.0,0.1055,0,0.17
3,0.04,0.02,20.0,1.3333,1,3,65.6,3.1,2.0,0.84,0.0,1,0.0988,6.2,1.5,0.02,0.0988,0,0.01
3,0.0,0.5,16.6667,1.0,0,3,53.0,1.1,1.6667,0.1667,0.0,1,0.0272,3.6667,1.5,0.0,0.1257,0,0.15
3,0.0529,0.2753,13.7647,1.3333,1,2,52.0,3.1,1.3765,4.0553,0.0,2,0.0242,3.2824,1.5,0.05,0.2112,0,0.26
3,0.0231,0.0923,17.3077,2.0,0,3,49.6,3.3,1.7308,1.0385,0.0,3,0.0327,3.8077,1.5,0.02,0.2431,0,0.08
3,0.0,0.0231,6.9231,2.0,1,2,54.8,0.5,0.6923,0.4615,0.0,1,0.0296,1.1538,1.5,0.0,0.1675,0,0.01
3,0.0,0.0,54.0,1.6667,0,3,46.8,0.1,5.4,0.0,0.0,1,0.0269,1.8,1.5,0.0,0.1923,0,0.0
3,0.06,0.21,13.0,1.3333,1,3,59.4,4.2,1.3,1.68,0.0,2,0.0394,4.2,1.5,0.06,0.1697,0,0.21
3,0.23,0.25,12.0,1.3333,0,3,60.4,6.9,1.2,0.74,0.0,1,0.0924,6.9,1.5,0.23,0.1639,0,0.25
3,0.0,0.1579,9.4737,1.3333,1,3,56.2,3.4,0.9474,1.7684,0.0,1,0.0929,5.3684,1.5,0.0,0.1826,0,0.1
3,0.0,1.4595,41.3514,1.0,1,3,55.8,7.1,4.1351,1.3378,0.0,1,0.0935,17.2703,1.5,0.0,0.3742,0,0.6
3,0.1,0.2286,15.7143,1.3333,1,3,67.4,2.5,1.5714,0.7857,0.0,2,0.0961,3.5714,1.5,0.07,0.3525,1,0.16
3,0.09,0.1238,20.25,2.0,1,3,65.4,6.9,2.025,1.3162,0.0,3,0.1046,7.7625,1.5,0.08,0.3358,0,0.11
3,0.1,0.14,13.0,2.3333,0,2,65.4,5.3,1.3,1.47,0.0,2,0.0688,5.3,1.5,0.1,0.3055,0,0.14
3,0.0,0.0,90.0,2.0,1,3,54.6,0.5,9.0,0.0,0.0,1,0.0824,15.0,1.5,0.0,0.333,0,0.0
3,0.0,0.9,360.0,1.3333,1,4,47.4,1.5,36.0,3.6,0.0,1,0.0949,135.0,1.5,0.0,0.1595,0,0.01
3,0.0,0.0,78.0,2.0,0,3,37.8,2.8,7.8,0.36,0.0,4,0.0857,16.8,1.5,0.0,0.1238,0,0.0
3,0.1612,0.0537,5.3731,3.0,1,2,67.0,1.5,0.5373,1.5985,0.0,3,0.1612,2.0149,1.5,0.12,0.0537,0,0.04
3,0.2908,0.0692,12.4615,2.5,0,4,66.0,6.3,1.2462,1.7308,0.0,2,0.225,8.7231,1.5,0.21,0.0614,0,0.05
3,0.0,0.0,0.0,2.0,0,3,46.0,0.0,0.0,11.1,0.0,1,0.2152,0.0,1.5,0.0,0.0587,1,0.0
3,0.0,0.0,0.0,1.3333,1,3,35.75,0.3,0.0,13.32,0.0,1,0.2077,5.4,1.5,0.0,0.0566,1,0.0
3,0.8069,0.0621,9.3103,1.0,1,3,34.4,4.7,0.931,1.5207,0.0,1,0.3087,14.5862,1.5,0.26,0.0576,0,0.02
3,0.1667,0.1667,16.6667,1.0,1,2,26.4,5.2,1.6667,0.8333,0.0,1,0.3545,17.3333,1.5,0.05,0.0818,0,0.05
3,0.2423,0.0346,6.9231,1.0,0,3,18.6,2.0,0.6923,0.1731,0.0,1,0.3677,6.9231,1.5,0.07,0.0774,0,0.01
3,0.0,0.0,0.0,1.0,1,2,20.8,0.4,0.0,6.0882,0.0,1,0.3288,2.1176,1.5,0.0,0.0692,1,0.0
3,0.06,0.11,7.0,1.3333,0,4,37.8,7.2,0.7,1.01,0.0,2,0.2095,7.2,1.5,0.06,0.0905,0,0.11
3,0.1075,0.0537,13.4328,2.0,1,3,45.4,6.6,1.3433,0.4701,0.0,3,0.1031,8.8657,1.5,0.08,0.0833,0,0.04
3,0.4563,0.0,27.8873,4.3333,0,2,54.2,6.6,2.7887,2.0028,0.0,8,0.1893,8.3662,1.5,0.36,0.0531,0,0.0
3,0.06,0.01,7.0,4.3333,0,3,67.0,4.8,0.7,2.65,0.0,2,0.1504,4.8,1.5,0.06,0.043,0,0.01
3,0.72,0.31,14.0,4.6667,1,2,81.6,11.9,1.4,1.4,0.0,4,0.2824,11.9,1.5,0.72,0.1037,0,0.31
3,0.1154,0.0808,13.8462,2.6667,1,3,79.2,7.6,1.3846,1.2231,0.0,2,0.3,8.7692,1.5,0.1,0.0977,0,0.07
3,0.2957,0.0,0.0,3.0,0,3,79.8,0.3,0.0,2.1214,0.0,3,0.3316,0.3857,1.5,0.23,0.088,0,0.0
3,0.5893,0.0214,-2.1429,2.3333,0,2,82.4,5.4,-0.2143,1.4571,0.0,2,0.3626,5.7857,1.5,0.55,0.0896,0,0.02
3,0.6,0.04,37.0,6.3333,1,2,82.4,12.7,3.7,1.68,0.0,14,0.4806,12.7,1.5,0.6,0.0961,0,0.04
3,0.15,0.08,8.0,6.6667,0,3,82.4,6.9,0.8,0.74,0.0,4,0.3561,6.9,1.5,0.15,0.0459,1,0.08
3,0.0,0.23,12.0,6.6667,1,2,84.8,5.5,1.2,1.36,0.0,2,0.3248,5.5,1.5,0.0,0.0785,1,0.23
3,0.04,0.54,15.0,2.3333,0,3,88.8,7.7,1.5,1.97,0.0,1,0.2716,7.7,1.5,0.04,0.1845,0,0.54
3,0.24,0.17,48.0,6.3333,1,3,90.0,17.4,4.8,1.69,0.0,16,0.206,17.4,1.5,0.24,0.212,0,0.17
3,0.31,0.01,3.0,6.3333,0,4,90.0,5.3,0.3,2.49,0.0,2,0.148,5.3,1.5,0.31,0.206,0,0.01
3,0.79,0.25,18.0,7.6667,0,3,90.0,15.1,1.8,1.74,0.0,5,0.276,15.1,1.5,0.79,0.24,0,0.25
3,0.13,0.07,8.0,3.0,1,3,90.0,8.4,0.8,1.11,0.0,2,0.302,8.4,1.5,0.13,0.208,1,0.07
3,0.0,0.0111,8.8889,3.0,0,3,88.2,1.1,0.8889,3.5556,0.0,2,0.3,1.2222,1.5,0.0,0.1041,0,0.01
3,0.2524,0.0988,27.439,4.3333,1,2,86.6,6.0,2.7439,1.6244,0.0,9,0.3035,6.5854,1.5,0.23,0.0894,0,0.09
3,0.0,0.0155,1.5517,4.0,0,3,80.2,0.8,0.1552,2.4052,0.0,1,0.2581,1.2414,1.5,0.0,0.0965,1,0.01
3,0.7835,0.0212,42.3529,8.0,0,2,79.2,14.3,4.2353,2.2976,0.0,14,0.25,15.1412,1.5,0.74,0.0455,0,0.02
3,0.1595,0.0228,3.4177,5.6667,1,3,77.0,3.8,0.3418,2.7911,0.0,2,0.2595,4.3291,1.5,0.14,0.0351,1,0.02
3,0.08,0.04,20.0,6.6667,0,4,69.8,1.6,2.0,2.54,0.0,4,0.2966,3.2,1.5,0.04,0.0413,1,0.02
3,0.62,0.14,13.0,3.6667,1,4,71.4,17.7,1.3,0.77,0.0,5,0.3882,17.7,1.5,0.62,0.0529,0,0.14
3,0.54,0.23,3.0,3.6667,1,3,77.8,10.0,0.3,2.06,0.0,2,0.4812,10.0,1.5,0.54,0.0995,0,0.23
3,0.03,0.03,8.0,3.0,0,2,78.8,2.3,0.8,1.47,0.0,2,0.3129,2.3,1.5,0.03,0.1005,1,0.03
3,0.39,0.07,8.0,2.0,1,3,81.0,6.4,0.8,1.71,0.0,2,0.36,6.4,1.5,0.39,0.1089,1,0.07
3,0.2085,0.0329,3.2927,2.0,1,4,88.4,5.3,0.3293,2.3927,0.0,2,0.3604,5.8171,1.5,0.19,0.1018,0,0.03
3,0.18,0.02,8.0,2.3333,0,3,88.4,5.2,0.8,1.55,0.0,3,0.2708,5.2,1.5,0.18,0.0774,1,0.02
3,0.1038,0.0,65.7692,5.0,1,3,26.0,4.2,6.5769,3.4269,0.0,5,0.1038,14.5385,1.5,0.03,0.0,0,0.0
3,0.0,0.48,11.0,4.0,0,4,58.0,4.7,1.1,1.12,0.0,3,0.0233,4.7,1.5,0.0,0.3724,0,0.48
3,0.0,0.0,45.0,3.0,0,3,40.6667,0.1,4.5,16.2,0.0,1,0.0221,1.5,1.5,0.0,0.3541,0,0.0
3,0.0,0.0,0.0,1.6667,0,3,32.5,0.0,0.0,3.2625,0.0,1,0.0208,0.0,1.5,0.0,0.3323,0,0.0
3,0.0,0.0,90.0,1.0,1,4,26.2,0.0,9.0,0.0,0.0,1,0.0206,0.0,1.5,0.0,0.3298,1,0.0
1,0.0,0.0,23.0,3.0,0,4,90.0,5.3,0.0,1.61,7.0,3,0.0,5.3,1.5,0.0,0.0,0,0.0
1,0.0,0.01,16.0,2.5,1,3,90.0,3.3,0.0,1.14,5.0,2,0.0,3.3,1.5,0.0,0.005,0,0.01
1,0.0,0.0,9.0,2.0,0,2,90.0,1.3,0.0,2.74,1.0,1,0.0,1.3,1.5,0.0,0.0033,0,0.0
1,0.0,0.0,18.0,2.0,1,3,90.0,2.3,0.0,1.4,4.0,3,0.0,2.3,1.5,0.0,0.0025,0,0.0
1,0.0,0.0,6.0,0.6667,0,2,90.0,0.9,0.0,3.31,2.0,-2,0.0,0.9,1.5,0.0,0.002,0,0.0
1,0.0,0.0,14.0,1.0,1,2,90.0,2.4,0.0,0.78,3.0,2,0.0,2.4,1.5,0.0,0.002,0,0.0
1,0.0,0.0,12.0,0.0,0,3,90.0,2.0,0.0,1.53,2.0,0,0.0,2.0,1.5,0.0,0.0,0,0.0
1,0.0,0.0,12.0,1.0,1,4,90.0,1.8,0.0,1.21,2.0,1,0.0,1.8,1.5,0.0,0.0,0,0.0
1,0.0,0.0,18.0,1.3333,0,2,90.0,2.9,0.0,0.92,4.0,3,0.0,2.9,1.5,0.0,0.0,0,0.0
1,0.0,0.0,17.0,2.3333,0,3,90.0,3.0,0.0,1.22,5.0,3,0.0,3.0,1.5,0.0,0.0,0,0.0
1,0.0,0.0,15.0,2.3333,1,2,90.0,3.3,0.0,1.91,4.0,1,0.0,3.3,1.5,0.0,0.0,0,0.0
1,0.0,0.0,32.0,4.3333,0,3,90.0,4.2,0.0,2.87,5.0,9,0.0,4.2,1.5,0.0,0.0,0,0.0
1,0.0,0.0,-1.0,3.0,1,3,90.0,0.0,0.0,1.27,0.0,-1,0.0,0.0,1.5,0.0,0.0,0,0.0
1,0.0,0.0,25.0,4.6667,1,3,90.0,1.9,0.0,0.42,2.0,6,0.0,1.9,1.5,0.0,0.0,0,0.0
1,0.0,0.0,9.0,2.3333,0,3,90.0,1.0,0.0,1.14,1.0,2,0.0,1.0,1.5,0.0,0.0,0,0.0
1,0.0,0.0,26.0,4.6667,1,3,90.0,1.4,0.0,0.35,2.0,6,0.0,1.4,1.5,0.0,0.0,0,0.0
1,0.0,0.0,19.0,3.6667,0,2,90.0,4.9,0.0,1.57,7.0,3,0.0,4.9,1.5,0.0,0.0,1,0.0
1,0.0,0.0,23.0,5.0,1,3,90.0,1.8,0.0,1.08,2.0,6,0.0,1.8,1.5,0.0,0.0,0,0.0
2,0.0,0.0,10.0,1.0,1,2,45.0,0.7,1.5,4.06,0.0,1,0.0,1.4,1.5,0.0,0.0,0,0.0
2,0.0,0.04,12.0,1.0,1,2,45.0,3.8,1.8,0.52,0.0,1,0.0,7.6,1.5,0.0,0.02,0,0.02
2,0.0,0.0,9.759,1.0,0,3,57.6667,1.2,1.4639,1.659,0.0,1,0.0,1.3012,1.5,0.0,0.0104,0,0.0
2,0.15,0.01,16.0,1.0,1,2,65.75,3.4,2.4,1.89,0.0,1,0.0513,3.4,1.5,0.15,0.0103,0,0.01
2,0.0,0.01,26.0,2.6667,0,4,70.6,1.1,3.9,1.12,0.0,6,0.0382,1.1,1.5,0.0,0.0102,1,0.01
2,0.0,0.1552,13.4483,3.0,1,3,79.0,1.8,2.0172,0.8379,0.0,2,0.0342,1.8621,1.5,0.0,0.0433,0,0.15
2,0.0,0.0386,16.7143,3.3333,1,3,84.0,2.7,2.5071,0.9,0.0,2,0.0321,3.4714,1.5,0.0,0.0429,0,0.03
2,0.0,0.04,21.0,3.0,0,4,85.4,4.3,3.15,1.38,0.0,5,0.0316,4.3,1.5,0.0,0.0506,0,0.04
2,0.0,0.0123,13.5616,2.6667,1,4,82.0,1.3,2.0342,3.4274,0.0,1,0.0,1.6027,1.5,0.0,0.0527,0,0.01
2,0.07,0.03,43.0,7.0,1,3,82.0,8.2,6.45,0.42,0.0,15,0.0154,8.2,1.5,0.07,0.0571,0,0.03
2,0.0,0.0,26.0,7.3333,0,3,82.6,3.9,3.9,2.73,0.0,6,0.0153,3.9,1.5,0.0,0.024,0,0.0
2,0.06,0.0,24.0,7.3333,1,3,77.6,1.2,3.6,0.86,0.0,1,0.0232,2.4,1.5,0.03,0.0186,0,0.0
2,0.0,0.45,90.0,2.6667,1,3,60.0,0.1,13.5,3.15,0.0,1,0.03,4.5,1.5,0.0,0.015,0,0.01
2,0.0,0.0,12.0,1.0,0,2,54.4,1.0,1.8,3.28,0.0,1,0.0331,2.0,1.5,0.0,0.0132,0,0.0
2,0.0,0.0,2.0,0.6667,0,2,45.4,0.0,0.3,1.22,0.0,0,0.0119,0.0,1.5,0.0,0.004,1,0.0
2,0.08,0.08,15.0,0.6667,1,3,45.4,6.5,2.25,1.11,0.0,1,0.0436,6.5,1.5,0.08,0.0357,0,0.08
2,0.0,0.02,7.0,0.6667,0,2,54.4,0.9,1.05,3.32,0.0,1,0.0265,0.9,1.5,0.0,0.0364,1,0.02
2,0.36,0.01,29.0,3.0,1,4,72.0,5.8,4.35,1.48,0.0,7,0.11,5.8,1.5,0.36,0.0275,0,0.01
2,0.0,0.0132,39.7059,5.6667,0,4,76.6,1.9,5.9559,2.2235,0.0,9,0.1034,2.5147,1.5,0.0,0.0282,1,0.01
2,0.0,0.0,11.7391,0.0,0,2,23.0,0.2,1.7609,4.6957,0.0,0,0.0,0.7826,1.5,0.0,0.0,0,0.0
2,0.0,0.0,150.0,0.5,1,3,13.0,0.3,22.5,0.0,0.0,1,0.0,9.0,1.5,0.0,0.0,0,0.0
2,0.0,0.18,23.0,2.3333,1,2,38.6667,4.8,3.45,0.95,0.0,6,0.0,4.8,1.5,0.0,0.1397,0,0.18
2,0.0,0.02,14.0,3.0,0,3,51.5,3.0,2.1,1.38,0.0,2,0.0,3.0,1.5,0.0,0.0874,0,0.02
2,0.03,0.02,14.0,3.0,1,3,59.2,2.2,2.1,3.94,0.0,1,0.0091,2.2,1.5,0.03,0.0669,0,0.02
2,0.0,0.01,26.0,3.3333,0,3,72.6,3.6,3.9,1.01,0.0,7,0.0074,3.6,1.5,0.0,0.057,0,0.01
2,0.0,0.02,28.0,4.6667,1,2,90.0,4.5,4.2,0.42,0.0,6,0.006,4.5,1.5,0.0,0.05,0,0.02
2,0.06,0.0,22.0,6.3333,0,3,90.0,2.7,3.3,2.73,0.0,6,0.018,2.7,1.5,0.06,0.014,1,0.0
2,0.07,0.0,1.0,4.3333,0,4,90.0,3.9,0.15,2.65,0.0,1,0.032,3.9,1.5,0.07,0.01,0,0.0
2,0.2,0.01,22.0,4.0,1,4,90.0,1.7,3.3,1.4,0.0,5,0.066,1.7,1.5,0.2,0.008,1,0.01
2,0.06,0.02,15.0,2.3333,1,4,90.0,5.1,2.25,1.48,0.0,1,0.078,5.1,1.5,0.06,0.01,1,0.02
2,0.0,0.0,67.5,2.3333,0,4,72.8,0.2,10.125,2.925,0.0,1,0.0964,4.5,1.5,0.0,0.0074,0,0.0
2,0.0,0.0,27.0,2.6667,1,3,72.8,2.4,4.05,1.69,0.0,6,0.0816,2.4,1.5,0.0,0.0074,1,0.0
2,0.14,0.36,28.0,4.6667,0,2,72.8,6.1,4.2,2.49,0.0,7,0.0989,6.1,1.5,0.14,0.0964,0,0.36
2,0.0,0.02,-6.0,4.3333,0,2,63.8,1.3,-0.9,2.26,0.0,0,0.0564,2.6,1.5,0.0,0.11,0,0.01
2,1.04,0.26,23.0,4.3333,1,4,63.8,13.8,3.45,1.11,0.0,6,0.3329,13.8,1.5,1.04,0.1777,0,0.26
2,0.22,0.0,14.0,2.3333,0,2,72.0,1.9,2.1,3.52,0.0,1,0.3225,3.8,1.5,0.11,0.1575,0,0.0
2,0.1,0.0,10.0,2.3333,0,2,72.0,2.1,1.5,3.04,0.0,0,0.3475,2.1,1.5,0.1,0.1575,0,0.0
2,0.02,0.0,16.0,0.6667,1,3,72.0,3.2,2.4,3.59,0.0,1,0.3175,3.2,1.5,0.02,0.0675,0,0.0
2,0.02,0.03,18.0,0.6667,0,3,81.0,3.0,2.7,1.75,0.0,1,0.2867,3.0,1.5,0.02,0.0644,0,0.03
2,0.09,0.02,37.0,4.6667,1,2,81.0,9.6,5.55,0.77,0.0,12,0.0756,9.6,1.5,0.09,0.0111,0,0.02
2,0.0,0.01,12.0,5.0,1,3,90.0,2.1,1.8,2.06,0.0,2,0.046,2.1,1.5,0.0,0.012,0,0.01
3,0.0,0.0127,19.0141,3.0,0,3,71.0,2.4,1.9014,2.0028,0.0,3,0.0,3.0423,1.5,0.0,0.0127,0,0.01
3,0.0,0.0228,14.8101,2.5,0,2,75.0,1.2,1.481,3.019,0.0,2,0.0,1.3671,1.5,0.0,0.018,0,0.02
3,0.0,0.1111,5.5556,2.3333,0,3,77.0,2.2,0.5556,2.2889,0.0,2,0.0,2.4444,1.5,0.0,0.0506,0,0.1
3,0.03,0.03,13.0,2.0,0,2,80.25,4.7,1.3,1.36,0.0,2,0.0084,4.7,1.5,0.03,0.0449,1,0.03
3,0.0,0.0225,12.375,2.0,1,3,80.2,1.3,1.2375,1.89,0.0,2,0.0067,1.4625,1.5,0.0,0.0404,0,0.02
3,0.0,0.02,0.0,1.6667,0,3,75.0,1.2,0.0,0.74,0.0,1,0.0072,2.4,1.5,0.0,0.0432,0,0.01
3,0.0,0.01,9.0,1.6667,1,4,77.2,1.2,0.9,1.36,0.0,2,0.007,1.2,1.5,0.0,0.0396,0,0.01
3,0.07,0.01,36.0,4.3333,0,2,79.0,7.6,3.6,2.1,0.0,10,0.0228,7.6,1.5,0.07,0.0182,0,0.01
3,0.0,0.0143,12.8571,5.0,1,4,73.6,0.7,1.2857,1.7,0.0,3,0.0171,1.0,1.5,0.0,0.0147,0,0.01
3,0.0,0.04,11.0,4.6667,0,3,75.6,6.2,1.1,2.44,0.0,1,0.0167,6.2,1.5,0.0,0.019,0,0.04
3,0.0,0.02,13.0,1.6667,0,3,84.6,3.4,1.3,1.74,0.0,1,0.0149,3.4,1.5,0.0,0.0191,0,0.02
3,0.1025,0.4671,11.3924,1.3333,1,3,82.4,1.9,1.1392,1.0823,0.0,2,0.035,2.1646,1.5,0.09,0.107,0,0.41
3,0.0,0.0111,12.2222,1.6667,0,2,80.6,2.3,1.2222,3.5556,0.0,2,0.0201,2.5556,1.5,0.0,0.1094,0,0.01
3,0.0,0.0692,5.7692,2.3333,1,4,83.6,1.1,0.5769,1.7077,0.0,3,0.0194,1.2692,1.5,0.0,0.1163,0,0.06
3,0.0,0.0228,12.5316,2.6667,0,3,81.4,1.5,1.2532,2.4608,0.0,3,0.0199,1.7089,1.5,0.0,0.115,0,0.02
3,0.03,0.02,12.0,2.6667,0,3,81.4,6.0,1.2,3.04,0.0,2,0.0265,6.0,1.5,0.03,0.115,1,0.02
3,0.0536,0.0107,31.0714,5.0,1,2,82.4,7.8,3.1071,3.4714,0.0,10,0.0175,8.3571,1.5,0.05,0.0262,0,0.01
3,0.0234,0.0234,12.8571,4.6667,0,3,81.6,1.3,1.2857,1.9052,0.0,2,0.0221,1.5195,1.5,0.02,0.0287,0,0.02
3,0.06,0.11,28.0,5.6667,1,2,84.0,5.7,2.8,0.77,0.0,5,0.0343,5.7,1.5,0.06,0.0386,0,0.11
3,0.0703,0.0141,4.2188,3.3333,1,2,81.0,2.4,0.4219,1.575,0.0,3,0.0467,3.375,1.5,0.05,0.0378,0,0.01
3,0.0,0.31,15.0,3.3333,0,3,81.0,2.5,1.5,1.47,0.0,2,0.04,2.5,1.5,0.0,0.1022,0,0.31
3,0.0,0.04,14.0,2.3333,1,2,82.2,4.4,1.4,1.71,0.0,2,0.0285,4.4,1.5,0.0,0.1073,0,0.04
3,0.5159,0.0439,32.9268,4.3333,1,2,83.2,7.9,3.2927,2.3927,0.0,9,0.1255,8.6707,1.5,0.47,0.1103,0,0.04
3,0.0,0.0122,15.8108,4.6667,0,3,80.0,3.7,1.5811,1.8122,0.0,3,0.117,4.5,1.5,0.0,0.0923,0,0.01
4,0.0,0.18,54.0,1.0,0,3,5.0,1.5,0.0,1.26,0.0,1,0.0,27.0,1.5,0.0,0.18,0,0.01
4,0.061,0.0305,4.5763,1.0,1,4,32.0,2.7,0.0,1.5254,0.0,1,0.0562,4.1186,1.5,0.04,0.0422,1,0.02
4,0.0682,0.0,8.1818,1.3333,0,3,43.3333,3.2,0.0,1.4591,0.0,2,0.0623,4.3636,1.5,0.05,0.0208,0,0.0
4,0.0,0.0,20.7692,1.3333,1,3,39.0,0.8,0.0,3.4269,0.0,1,0.0519,2.7692,1.5,0.0,0.0173,1,0.0
4,0.0,0.4154,34.6154,1.3333,1,2,33.8,2.9,0.0,1.8692,0.0,1,0.0479,20.0769,1.5,0.0,0.0479,1,0.06
4,0.7579,0.0,4.7368,1.0,1,3,36.6,2.4,0.0,1.1842,0.0,1,0.123,11.3684,1.5,0.16,0.0393,0,0.0
4,0.0,0.0,-3.3333,1.0,0,3,30.2,0.5,0.0,0.1667,0.0,1,0.1252,1.6667,1.5,0.0,0.0358,1,0.0
4,0.0,0.0,67.5,1.0,1,3,17.8,0.0,0.0,2.475,0.0,1,0.1618,0.0,1.5,0.0,0.0607,0,0.0
4,1.3091,0.0,8.1818,1.0,0,3,14.8,0.5,0.0,0.9,0.0,1,0.3892,4.0909,1.5,0.16,0.073,0,0.0
4,0.0,0.0,24.5455,1.0,1,3,14.4,0.0,0.0,0.1636,0.0,1,0.4,0.0,1.5,0.0,0.0,0,0.0
4,0.8566,0.0217,39.0361,4.3333,0,2,27.2,6.2,0.0,1.7892,0.0,11,0.6287,6.7229,1.5,0.79,0.0132,0,0.02
4,0.0,0.015,9.0,4.6667,0,3,33.8,0.4,0.0,3.495,0.0,2,0.5059,0.6,1.5,0.0,0.016,0,0.01
4,0.0655,0.0327,1.6364,4.6667,1,4,44.0,3.4,0.0,1.0145,0.0,1,0.405,5.5636,1.5,0.04,0.0205,0,0.02
2,0.0,0.04,14.0,0.0,1,3,45.0,0.9,2.1,0.48,0.0,0,0.0,1.8,1.5,0.0,0.04,1,0.02
2,0.0,0.01,12.0,-0.5,0,3,67.5,2.5,1.8,1.8,0.0,-1,0.0,2.5,1.5,0.0,0.02,0,0.01
2,0.0,0.04,18.0,0.0,1,2,75.0,3.5,2.7,1.24,0.0,1,0.0,3.5,1.5,0.0,0.028,0,0.04
2,0.0,0.0,17.7273,0.3333,0,2,72.75,1.5,2.6591,1.4591,0.0,1,0.0,2.0455,1.5,0.0,0.0216,0,0.0
2,0.0,0.0107,25.7143,2.0,1,2,75.0,3.5,3.8571,1.2429,0.0,4,0.0,3.75,1.5,0.0,0.0192,0,0.01
2,0.0,0.0,6.6667,2.0,1,3,71.4,0.2,1.0,0.8,0.0,1,0.0,0.6667,1.5,0.0,0.0151,0,0.0
2,0.0,0.0,12.7059,1.6667,0,3,70.4,2.4,1.9059,2.0859,0.0,0,0.0,2.5412,1.5,0.0,0.0128,0,0.0
2,0.0,0.0,36.0,2.3333,1,2,66.4,3.1,5.4,1.8,0.0,6,0.0,3.9857,1.5,0.0,0.0027,0,0.0
2,0.0,0.0,8.5714,2.3333,0,2,57.4,0.2,1.2857,3.9429,0.0,1,0.0,0.8571,1.5,0.0,0.0031,0,0.0
2,0.0,0.0,38.5714,2.6667,1,3,42.0,0.2,5.7857,1.8,0.0,1,0.0,2.5714,1.5,0.0,0.0,0,0.0
2,0.0,0.0,20.1724,1.0,0,3,48.2,1.4,3.0259,2.281,0.0,1,0.0,2.1724,1.5,0.0,0.0,0,0.0
3,0.0,0.0,180.0,1.0,1,2,2.0,0.7,18.0,20.7,0.0,1,0.0,31.5,1.5,0.0,0.0,0,0.0
3,0.0,0.0,54.0,1.0,1,2,3.5,1.4,5.4,0.36,0.0,1,0.0,25.2,1.5,0.0,0.0,0,0.0
3,0.0,0.0107,7.5,1.3333,1,3,30.3333,0.5,0.75,1.2429,0.0,2,0.0,0.5357,1.5,0.0,0.0099,0,0.01
3,0.04,0.01,13.0,2.0,0,3,45.25,2.2,1.3,1.12,0.0,3,0.0199,2.2,1.5,0.04,0.0099,0,0.01
3,11.4,0.0,1260.0,6.3333,1,2,36.8,10.2,126.0,0.0,0.0,14,0.2054,306.0,1.5,0.38,0.0098,0,0.0
3,0.1887,0.0,31.9355,8.0,0,2,48.8,5.3,3.1935,1.9306,0.0,7,0.2029,7.6935,1.5,0.13,0.0074,0,0.0
3,0.19,0.01,10.0,7.6667,1,4,65.8,6.6,1.0,3.94,0.0,2,0.2024,6.6,1.5,0.19,0.0082,0,0.01
3,0.07,0.01,11.0,4.0,0,4,67.0,2.6,1.1,1.01,0.0,3,0.2176,2.6,1.5,0.07,0.0081,0,0.01
3,0.18,0.02,11.0,2.6667,1,2,67.0,3.7,1.1,0.42,0.0,3,0.2552,3.7,1.5,0.18,0.0107,0,0.02
3,0.05,0.0,4.0,3.0,0,3,84.4,1.2,0.4,2.73,0.0,3,0.1322,1.2,1.5,0.05,0.0085,1,0.0
3,0.0,0.01,8.0,2.6667,0,3,90.0,0.7,0.8,2.65,0.0,2,0.098,0.7,1.5,0.0,0.01,0,0.01
3,1.87,0.01,32.0,6.3333,1,4,90.0,21.2,3.2,1.4,0.0,14,0.434,21.2,1.5,1.87,0.01,1,0.01
3,0.52,0.04,9.0,6.0,1,3,90.0,5.3,0.9,1.48,0.0,2,0.524,5.3,1.5,0.52,0.016,0,0.04
3,0.08,0.06,9.0,6.3333,0,2,90.0,5.4,0.9,2.35,0.0,3,0.504,5.4,1.5,0.08,0.024,0,0.06
3,0.09,0.03,12.0,2.3333,0,3,90.0,3.9,1.2,1.36,0.0,2,0.512,3.9,1.5,0.09,0.03,0,0.03
3,0.0,0.0,50.0,2.0,1,4,73.8,0.5,5.0,0.0,0.0,1,0.6244,5.0,1.5,0.0,0.0341,0,0.0
3,0.18,0.0,8.0,1.3333,0,3,64.8,4.0,0.8,0.74,0.0,1,0.2167,8.0,1.5,0.09,0.0361,1,0.0
3,1.3781,0.0,-5.625,1.0,1,3,53.2,1.4,-0.5625,0.675,0.0,1,0.2538,3.9375,1.5,0.49,0.0305,0,0.0
3,4.7647,0.1059,116.4706,2.6667,0,3,38.6,10.3,11.6471,4.2882,0.0,6,0.7321,54.5294,1.5,0.9,0.0233,0,0.02
3,0.2077,0.1731,51.9231,3.6667,1,4,25.8,3.5,5.1923,1.7654,0.0,4,1.0744,12.1154,1.5,0.06,0.0488,0,0.05
3,0.6882,0.0,127.0588,5.3333,0,2,27.4,5.2,12.7059,2.0118,0.0,6,1.0971,27.5294,1.5,0.13,0.046,0,0.0
3,0.0,0.02,2.0,3.6667,0,4,27.4,1.4,0.2,1.22,0.0,1,1.038,2.8,1.5,0.0,0.0526,0,0.01
3,0.1459,0.0243,9.7297,2.6667,1,3,28.4,1.7,0.973,1.3378,0.0,1,0.7289,4.1351,1.5,0.06,0.057,0,0.01
3,0.0,0.0,11.0,1.3333,0,3,43.0,2.0,1.1,3.32,0.0,2,0.1047,2.0,1.5,0.0,0.0293,0,0.0
3,0.0,0.02,2.0,1.6667,1,3,55.8,3.4,0.2,1.48,0.0,2,0.0613,3.4,1.5,0.0,0.0129,0,0.02
3,0.03,0.03,6.0,1.6667,0,4,70.4,1.7,0.6,2.6,0.0,1,0.023,1.7,1.5,0.03,0.0179,0,0.03
3,0.0,0.0,18.0,1.3333,0,3,64.4,1.1,1.8,6.06,0.0,1,0.0252,6.6,1.5,0.0,0.0168,0,0.0
3,0.3808,0.0346,0.0,1.0,1,2,62.2,2.4,0.0,0.7615,0.0,1,0.0405,8.3077,1.5,0.11,0.0174,0,0.01
3,0.1731,0.0346,13.8462,1.0,1,3,49.4,2.4,1.3846,2.9077,0.0,1,0.0692,8.3077,1.5,0.05,0.0255,0,0.01
3,0.04,0.02,2.0,1.3333,1,2,49.4,3.5,0.2,1.71,0.0,2,0.0838,3.5,1.5,0.04,0.0255,0,0.02
3,0.15,0.01,3.0,1.6667,1,3,49.4,3.8,0.3,2.32,0.0,2,0.1275,3.8,1.5,0.15,0.0182,0,0.01
3,0.29,0.01,6.0,2.3333,0,3,64.4,2.0,0.6,1.55,0.0,3,0.1789,2.0,1.5,0.29,0.0168,0,0.01
2,0.0,0.0,10.5882,1.0,0,2,34.0,0.8,1.5882,1.5882,0.0,1,0.0,2.1176,1.5,0.0,0.0,0,0.0
2,0.0,0.03,11.0,1.0,1,2,62.0,2.2,1.65,1.04,0.0,1,0.0,2.2,1.5,0.0,0.0218,0,0.03
2,0.0871,0.0,11.6129,1.0,1,3,51.6667,0.7,1.7419,0.0871,0.0,1,0.0174,2.0323,1.5,0.03,0.0174,0,0.0
2,0.0,0.0,12.0,1.0,0,3,61.25,1.4,1.8,2.97,0.0,1,0.011,1.4,1.5,0.0,0.011,0,0.0
2,0.06,0.0,5.0,1.0,0,2,67.0,2.7,0.75,2.39,0.0,1,0.0242,2.7,1.5,0.06,0.0081,0,0.0
2,0.0,0.0,14.0,1.3333,1,3,78.2,2.4,2.1,3.04,0.0,2,0.0207,2.4,1.5,0.0,0.0069,0,0.0
2,0.02,0.0,15.0,1.6667,0,3,78.2,2.9,2.25,2.12,0.0,2,0.0253,2.9,1.5,0.02,0.0,0,0.0
2,0.07,0.0,26.0,4.3333,1,4,90.0,8.6,3.9,1.68,0.0,9,0.03,8.6,1.5,0.07,0.0,0,0.0
2,0.0,0.0,8.4,4.0,0,4,87.0,1.5,1.26,2.112,0.0,1,0.031,1.8,1.5,0.0,0.0,0,0.0
2,0.01,0.01,16.0,3.3333,1,3,87.0,3.4,2.4,2.44,0.0,0,0.0207,3.4,1.5,0.01,0.0021,0,0.01
2,0.0,0.01,5.0,0.6667,1,3,87.0,0.6,0.75,1.6,0.0,1,0.0207,0.6,1.5,0.0,0.0041,0,0.01
2,0.04,0.0,17.0,2.0,1,4,87.0,1.2,2.55,1.68,0.0,5,0.0248,1.2,1.5,0.04,0.0041,0,0.0
2,0.09,0.13,8.0,2.3333,0,4,87.0,2.4,1.2,2.59,0.0,1,0.029,2.4,1.5,0.09,0.031,0,0.13
2,0.0,0.28,7.0,2.0,1,2,90.0,3.6,1.05,1.5,0.0,0,0.028,3.6,1.5,0.0,0.086,0,0.28
2,0.0,0.0,10.0,1.0,0,2,90.0,1.4,1.5,0.99,0.0,2,0.026,1.4,1.5,0.0,0.084,0,0.0
2,0.0,0.01,17.0,0.6667,0,2,90.0,2.6,2.55,2.28,0.0,0,0.026,2.6,1.5,0.0,0.084,0,0.01
2,0.0,0.03,19.0,1.0,1,4,90.0,6.1,2.85,2.81,0.0,1,0.018,6.1,1.5,0.0,0.09,0,0.03
2,0.0,0.0,8.0,0.3333,0,3,90.0,3.4,1.2,3.31,0.0,0,0.0,3.4,1.5,0.0,0.064,0,0.0
2,0.1,0.0,16.0,0.6667,1,3,90.0,2.9,2.4,1.83,0.0,1,0.02,2.9,1.5,0.1,0.008,0,0.0
2,0.0,0.0,13.2787,1.0,0,3,84.2,1.5,1.9918,2.523,0.0,2,0.0214,2.2131,1.5,0.0,0.0086,0,0.0
2,0.0,0.0,13.0,1.0,0,4,84.2,2.8,1.95,2.66,0.0,0,0.0214,2.8,1.5,0.0,0.0064,1,0.0
2,0.0,0.01,13.0,1.3333,1,3,84.2,2.3,1.95,1.71,0.0,2,0.0214,2.3,1.5,0.0,0.0021,0,0.01
2,0.0,0.0,3.0,0.6667,0,4,84.2,1.4,0.45,2.98,0.0,0,0.0214,1.4,1.5,0.0,0.0021,0,0.0
2,0.0,0.0,15.0,1.0,0,3,84.2,3.0,2.25,0.82,0.0,1,0.0,3.0,1.5,0.0,0.0021,1,0.0
2,0.0,0.0,13.0,1.0,1,3,90.0,2.9,1.95,0.34,0.0,2,0.0,2.9,1.5,0.0,0.002,0,0.0
2,0.0,0.03,17.0,1.0,1,3,90.0,3.1,2.55,3.14,0.0,0,0.0,3.1,1.5,0.0,0.008,0,0.03
2,0.0,0.01,18.0,1.0,0,3,90.0,2.2,2.7,1.21,0.0,1,0.0,2.2,1.5,0.0,0.008,0,0.01
2,0.12,0.01,10.0,1.0,1,4,90.0,4.8,1.5,1.43,0.0,2,0.024,4.8,1.5,0.12,0.01,1,0.01
2,0.0,0.0,10.0,1.3333,0,4,90.0,1.2,1.5,3.24,0.0,1,0.024,1.2,1.5,0.0,0.01,0,0.0
2,0.0,0.0,16.875,1.3333,1,4,75.2,0.0,2.5312,0.1125,0.0,1,0.0287,0.0,1.5,0.0,0.012,0,0.0
3,1.6615,0.0,13.8462,1.0,1,2,13.0,0.8,1.3846,5.6769,0.0,1,1.6615,5.5385,1.5,0.24,0.0,0,0.0
3,0.0,0.18,54.0,1.0,0,3,9.0,0.7,5.4,1.26,0.0,1,1.2,12.6,1.5,0.0,0.05,1,0.01
3,0.0,0.0,90.0,1.0,1,3,7.6667,0.6,9.0,13.32,0.0,1,0.9391,10.8,1.5,0.0,0.0391,0,0.0
3,0.0,0.105,9.0,1.3333,1,4,20.75,0.9,0.9,0.48,0.0,2,0.2602,1.35,1.5,0.0,0.0867,0,0.07
3,0.1333,0.0667,36.6667,2.3333,0,4,22.0,5.0,3.6667,0.6667,0.0,4,0.2291,16.6667,1.5,0.04,0.0818,1,0.02
3,0.55,0.8,15.0,2.3333,0,4,23.0,2.8,1.5,5.7,0.0,1,0.1174,14.0,1.5,0.11,0.2035,0,0.16
3,0.0,0.4091,24.5455,2.0,1,3,24.2,0.4,2.4545,3.4364,0.0,1,0.1116,3.2727,1.5,0.0,0.2231,0,0.05
3,0.0,0.0,22.5,1.0,0,2,24.8,0.3,2.25,3.2625,0.0,1,0.1089,3.375,1.5,0.0,0.2177,0,0.0
3,0.6353,0.4235,5.2941,1.0,0,2,16.2,1.6,0.5294,0.9,0.0,1,0.3,8.4706,1.5,0.12,0.3444,0,0.08
2,0.55,0.0,38.0,14.0,1,3,90.0,8.5,5.7,2.27,0.0,14,0.55,8.5,1.5,0.55,0.0,1,0.0
2,0.03,0.01,17.0,7.5,0,2,90.0,3.8,2.55,1.8,0.0,1,0.29,3.8,1.5,0.03,0.005,1,0.01
2,0.0,0.06,20.0,5.0,1,2,75.0,1.1,3.0,1.94,0.0,0,0.232,2.2,1.5,0.0,0.016,0,0.03
2,0.0,0.0,32.7273,0.6667,0,3,59.0,0.8,4.9091,2.5364,0.0,1,0.2212,6.5455,1.5,0.0,0.0153,0,0.0
2,0.1047,0.1047,23.0233,1.0,1,3,64.4,4.3,3.4535,0.8477,0.0,2,0.1901,4.5,1.5,0.1,0.0391,0,0.1
2,0.0,0.0,45.0,1.3333,0,3,47.6,0.3,6.75,0.45,0.0,1,0.0492,4.5,1.5,0.0,0.0529,1,0.0
2,0.0,0.0,270.0,1.3333,0,2,29.8,0.0,40.5,0.0,0.0,1,0.0604,0.0,1.5,0.0,0.0785,0,0.0
2,0.0,0.0,24.5455,1.0,1,3,23.0,0.4,3.6818,0.1636,0.0,1,0.0783,3.2727,1.5,0.0,0.0783,0,0.0
2,0.0,0.0,30.0,2.6667,0,2,38.8,3.9,4.5,2.35,0.0,6,0.0464,3.9,1.5,0.0,0.0464,1,0.0
2,0.0,0.17,14.0,2.6667,1,4,39.6,2.2,2.1,1.68,0.0,1,0.0,2.2,1.5,0.0,0.0773,0,0.17
2,0.0,0.02,11.0,2.3333,0,3,56.4,2.4,1.65,0.74,0.0,0,0.0,2.4,1.5,0.0,0.0606,0,0.02
2,0.08,0.0,13.0,0.6667,1,4,74.2,2.4,1.95,1.36,0.0,1,0.0194,2.4,1.5,0.08,0.0461,0,0.0
2,0.03,0.0,13.0,0.6667,0,4,90.0,1.7,1.95,2.1,0.0,1,0.022,1.7,1.5,0.03,0.038,0,0.0
2,0.0,0.0,18.9474,1.0,1,2,75.8,0.6,2.8421,1.3737,0.0,1,0.0261,2.8421,1.5,0.0,0.0451,0,0.0
2,0.02,0.01,17.0,1.3333,0,2,75.8,3.5,2.55,2.49,0.0,2,0.0309,3.5,1.5,0.02,0.0071,0,0.01
2,0.0,0.0,10.0,1.6667,0,3,75.8,2.1,1.5,1.74,0.0,2,0.0309,2.1,1.5,0.0,0.0024,0,0.0
2,0.0,0.01,13.0,1.6667,1,4,75.8,1.4,1.95,1.11,0.0,1,0.0119,1.4,1.5,0.0,0.0047,0,0.01
2,0.0,0.0,8.0,1.0,0,2,75.8,2.3,1.2,3.32,0.0,0,0.0047,2.3,1.5,0.0,0.0047,0,0.0
2,0.0,0.01,25.0,2.3333,1,3,90.0,2.0,3.75,1.48,0.0,6,0.004,2.0,1.5,0.0,0.006,1,0.01
2,0.0,0.0,10.0,2.3333,0,2,81.0,2.4,1.5,1.68,0.0,1,0.0,4.8,1.5,0.0,0.0044,0,0.0
2,0.0,0.0,14.0,2.3333,0,4,72.0,1.0,2.1,3.04,0.0,0,0.0,2.0,1.5,0.0,0.005,1,0.0
2,0.0,0.0,12.8571,0.6667,0,3,58.2,0.6,1.9286,0.2571,0.0,1,0.0,2.5714,1.5,0.0,0.0031,0,0.0
3,0.3103,0.0207,5.1724,3.0,1,2,87.0,6.9,0.5172,1.8724,0.0,3,0.3103,7.1379,1.5,0.3,0.0207,0,0.02
3,0.3857,0.0536,-4.2857,2.5,0,3,85.5,5.8,-0.4286,1.8643,0.0,2,0.3474,6.2143,1.5,0.36,0.0368,1,0.05
3,0.12,0.58,21.0,4.0,1,4,87.0,7.2,2.1,1.24,0.0,7,0.269,7.2,1.5,0.12,0.2241,0,0.58
3,0.46,0.5,20.0,5.3333,0,3,87.75,9.5,2.0,2.27,0.0,7,0.3179,9.5,1.5,0.46,0.2949,0,0.5
3,0.68,0.03,8.0,5.3333,1,3,88.2,8.6,0.8,1.89,0.0,2,0.3918,8.6,1.5,0.68,0.2408,0,0.03
3,0.33,0.08,10.0,4.0,0,3,88.8,5.2,1.0,1.12,0.0,3,0.3953,5.2,1.5,0.33,0.2514,0,0.08
3,0.2132,0.0711,16.5789,2.3333,1,4,87.2,5.5,1.6579,0.6395,0.0,2,0.3654,6.5132,1.5,0.18,0.258,0,0.06
3,0.1597,0.0726,10.1613,2.3333,1,4,81.6,3.9,1.0161,1.0161,0.0,2,0.3882,5.6613,1.5,0.11,0.1588,0,0.05
3,0.2793,0.0517,4.1379,2.0,0,3,81.0,2.7,0.4138,1.4069,0.0,2,0.3489,2.7931,1.5,0.27,0.06,0,0.05
3,0.6882,0.0424,2.1176,2.0,1,4,80.0,3.9,0.2118,4.0553,0.0,2,0.3465,4.1294,1.5,0.65,0.063,0,0.04
3,0.3,0.04,3.0,2.3333,1,4,80.0,4.1,0.3,0.42,0.0,3,0.3398,4.1,1.5,0.3,0.054,0,0.04
3,0.79,0.25,30.0,4.3333,0,3,82.8,11.0,3.0,2.73,0.0,8,0.4609,11.0,1.5,0.79,0.0935,0,0.25
3,0.0,0.015,9.0,4.3333,0,3,82.4,0.2,0.9,3.495,0.0,2,0.4391,0.3,1.5,0.0,0.0852,0,0.01
3,0.0,0.0,45.0,3.6667,1,2,66.2,0.0,4.5,10.05,0.0,1,0.4731,0.0,1.5,0.0,0.0924,1,0.0
3,0.0,0.0,32.7273,1.3333,1,2,51.4,1.0,3.2727,3.4364,0.0,1,0.3817,8.1818,1.5,0.0,0.1051,0,0.0
3,0.0,0.0474,-4.7368,0.6667,0,2,37.2,0.2,-0.4737,3.3158,0.0,0,0.3823,0.9474,1.5,0.0,0.1306,0,0.01
3,0.0545,0.0,8.1818,0.6667,0,3,25.8,0.6,0.8182,2.5091,0.0,1,0.014,1.6364,1.5,0.02,0.014,0,0.0
3,0.1823,0.3646,19.3671,2.0,1,4,29.6,8.8,1.9367,1.9139,0.0,5,0.1095,10.0253,1.5,0.16,0.2007,1,0.32
3,0.11,0.03,22.0,4.3333,0,3,46.4,5.7,2.2,0.74,0.0,7,0.1125,5.7,1.5,0.11,0.1397,0,0.03
3,0.1138,0.0621,18.6207,6.3333,1,3,61.6,7.6,1.8621,1.4069,0.0,7,0.1169,7.8621,1.5,0.11,0.1227,0,0.06
3,0.125,0.0875,28.75,7.0,0,4,72.2,6.4,2.875,1.6125,0.0,7,0.1247,8.0,1.5,0.1,0.1197,0,0.07
3,0.2,0.04,9.0,5.6667,1,3,83.6,4.2,0.9,1.69,0.0,3,0.1464,4.2,1.5,0.2,0.112,1,0.04
3,0.3375,0.05,10.0,4.0,0,4,82.2,4.2,1.0,2.6375,0.0,2,0.173,5.25,1.5,0.27,0.0526,0,0.04
3,0.26,0.25,9.0,2.3333,0,4,82.2,6.1,0.9,1.74,0.0,2,0.2058,6.1,1.5,0.26,0.1007,0,0.25
3,0.05,0.01,6.0,2.0,1,4,82.8,5.0,0.6,1.11,0.0,2,0.1913,5.0,1.5,0.05,0.0891,0,0.01
3,0.2676,0.0122,29.1892,3.6667,0,2,83.2,4.6,2.9189,3.7095,0.0,7,0.2163,5.5946,1.5,0.22,0.0757,1,0.01
3,0.88,0.03,26.0,5.6667,1,3,83.2,6.9,2.6,1.48,0.0,8,0.3635,6.9,1.5,0.88,0.0736,0,0.03
3,0.0114,0.1367,13.6709,6.0,0,3,84.6,5.4,1.3671,2.4608,0.0,3,0.3021,6.1519,1.5,0.01,0.0894,0,0.12
3,0.0,0.0,11.25,4.0,0,3,71.4,0.5,1.125,4.2375,0.0,1,0.2924,1.875,1.5,0.0,0.0429,1,0.0
3,0.0,0.0138,9.6923,2.0,1,3,66.4,1.5,0.9692,2.9215,0.0,2,0.3009,2.0769,1.5,0.0,0.0461,0,0.01
3,0.12,0.04,4.0,1.6667,0,3,69.6,4.4,0.4,1.75,0.0,2,0.2612,4.4,1.5,0.12,0.0517,0,0.04
3,0.9,0.0,25.7143,1.6667,1,3,53.0,0.8,2.5714,1.8,0.0,1,0.0679,10.2857,1.5,0.07,0.0577,0,0.0
3,0.0,0.0,30.0,1.3333,0,3,40.2,0.4,3.0,0.36,0.0,1,0.0851,2.4,1.5,0.0,0.0224,0,0.0
3,0.0,0.2045,16.3636,1.0,1,4,22.0,2.3,1.6364,4.4182,0.0,1,0.0,9.4091,1.5,0.0,0.2045,0,0.05
3,0.0,0.0375,26.25,1.0,0,3,23.0,0.7,2.625,2.0625,0.0,1,0.0,2.625,1.5,0.0,0.1174,0,0.01
3,0.0,0.03,0.0,1.0,1,3,25.3333,0.6,0.0,0.69,0.0,1,0.0,1.8,1.5,0.0,0.0829,0,0.01
2,0.0,0.04,25.0,5.0,1,3,90.0,3.9,3.75,2.27,0.0,5,0.0,3.9,1.5,0.0,0.04,0,0.04
2,0.0,0.47,23.0,3.0,0,2,90.0,11.2,3.45,1.8,0.0,1,0.0,11.2,1.5,0.0,0.255,0,0.47
2,0.024,0.012,31.2,4.0,0,2,85.0,0.9,4.68,1.896,0.0,6,0.0071,1.08,1.5,0.02,0.1835,0,0.01
2,0.0,0.04,17.0,3.0,0,2,86.25,3.7,2.55,2.65,0.0,2,0.0052,3.7,1.5,0.0,0.1461,0,0.04
2,0.03,0.11,14.0,3.0,1,2,87.0,6.4,2.1,1.4,0.0,1,0.0103,6.4,1.5,0.03,0.1386,0,0.11
2,0.0,0.0231,13.8462,1.3333,1,2,84.6,1.5,2.0769,1.2231,0.0,1,0.0106,1.7308,1.5,0.0,0.1383,0,0.02
2,0.0,0.02,22.0,2.3333,0,4,84.6,3.0,3.3,2.35,0.0,5,0.0106,3.0,1.5,0.0,0.0426,0,0.02
2,0.0,0.06,7.0,2.0,0,2,87.6,3.7,1.05,1.36,0.0,0,0.0062,3.7,1.5,0.0,0.0514,0,0.06
2,0.0,0.06,22.0,2.6667,0,3,87.6,2.7,3.3,2.1,0.0,3,0.0062,2.7,1.5,0.0,0.0555,0,0.06
2,0.0,0.0103,22.7586,3.0,1,2,87.0,2.9,3.4138,1.6759,0.0,6,0.0,3.0,1.5,0.0,0.0352,0,0.01
2,0.0,0.1,10.0,3.3333,0,3,80.4,1.9,1.5,1.7,0.0,1,0.0,3.8,1.5,0.0,0.0448,0,0.05
2,0.0,0.0,0.0,2.3333,0,4,71.4,0.4,0.0,2.26,0.0,0,0.0,0.8,1.5,0.0,0.0454,0,0.0
3,1.8,1.35,135.0,1.0,1,4,2.0,1.6,13.5,0.0,0.0,1,1.8,72.0,1.5,0.04,1.35,0,0.03
2,0.0,0.78,40.0,12.0,1,3,90.0,8.2,6.0,2.27,0.0,12,0.0,8.2,1.5,0.0,0.78,0,0.78
2,0.0,0.1385,15.2308,6.5,0,4,77.5,2.0,2.2846,1.7308,0.0,1,0.0,2.7692,1.5,0.0,0.511,0,0.1
2,0.0,0.04,15.0,4.3333,1,2,81.6667,2.7,2.25,1.24,0.0,0,0.0,2.7,1.5,0.0,0.338,0,0.04
2,0.0,0.01,15.0,0.6667,0,2,83.75,2.9,2.25,2.27,0.0,1,0.0,2.9,1.5,0.0,0.2499,1,0.01
2,0.0,0.0,90.0,0.6667,1,4,68.0,0.4,13.5,13.32,0.0,1,0.0,7.2,1.5,0.0,0.2462,0,0.0
2,0.0,0.01,29.0,3.3333,0,4,68.0,3.1,4.35,1.01,0.0,8,0.0,3.1,1.5,0.0,0.0424,0,0.01
2,0.0,0.0643,38.5714,3.3333,0,3,57.8,0.9,5.7857,7.3286,0.0,1,0.0,5.7857,1.5,0.0,0.0218,0,0.01
2,0.0342,0.0,13.6709,3.6667,0,3,55.6,1.6,2.0506,3.019,0.0,2,0.0097,1.8228,1.5,0.03,0.0097,0,0.0
2,0.0,0.02,13.0,1.3333,0,3,55.6,1.8,1.95,1.36,0.0,1,0.0097,1.8,1.5,0.0,0.0129,0,0.02
2,0.0,0.0,17.0,1.3333,1,3,72.6,1.7,2.55,1.68,0.0,1,0.0074,1.7,1.5,0.0,0.0099,1,0.0
2,0.0404,0.0506,12.1348,1.0,0,3,72.4,4.2,1.8202,0.7483,0.0,1,0.0174,4.2472,1.5,0.04,0.0199,1,0.05
2,0.0,0.01,13.0,0.6667,1,3,87.6,2.8,1.95,1.36,0.0,0,0.0144,2.8,1.5,0.0,0.0164,0,0.01
2,0.0,0.05,15.0,0.6667,0,3,89.8,3.2,2.25,2.6,0.0,1,0.008,3.2,1.5,0.0,0.0261,0,0.05
2,0.0,0.02,9.0,0.3333,0,4,89.8,2.7,1.35,3.04,0.0,0,0.008,2.7,1.5,0.0,0.0261,1,0.02
2,0.0,0.02,17.0,1.6667,1,4,89.8,5.7,2.55,3.59,0.0,4,0.008,5.7,1.5,0.0,0.0301,1,0.02
2,0.0,0.05,9.0,1.6667,0,2,90.0,3.4,1.35,1.75,0.0,1,0.0,3.4,1.5,0.0,0.03,0,0.05
2,0.0,0.03,13.0,2.0,1,4,90.0,1.9,1.95,0.77,0.0,1,0.0,1.9,1.5,0.0,0.034,0,0.03
2,0.0,0.02,10.0,1.3333,1,3,90.0,2.8,1.5,2.06,0.0,2,0.0,2.8,1.5,0.0,0.028,0,0.02
2,0.0,0.05,12.0,1.0,0,2,90.0,3.5,1.8,1.47,0.0,0,0.0,3.5,1.5,0.0,0.034,1,0.05
2,0.0,0.0314,16.7442,1.3333,1,4,89.2,1.9,2.5116,1.7895,0.0,2,0.0,1.9884,1.5,0.0,0.0363,0,0.03
2,0.04,0.16,11.0,1.0,1,2,89.2,5.8,1.65,2.32,0.0,1,0.0081,5.8,1.5,0.04,0.0585,0,0.16
2,0.0,0.01,23.0,3.0,0,3,89.2,1.6,3.45,1.55,0.0,6,0.0081,1.6,1.5,0.0,0.0545,0,0.01
3,0.0741,0.0741,21.1765,2.0,1,2,85.0,5.0,2.1176,1.6729,0.0,2,0.0741,5.2941,1.5,0.07,0.0741,0,0.07
3,0.0635,0.0318,3.1765,2.0,0,3,85.0,4.0,0.3176,0.8576,0.0,2,0.0688,4.2353,1.5,0.06,0.0529,0,0.03
3,0.59,0.02,7.0,2.0,1,3,86.6667,4.0,0.7,0.95,0.0,2,0.2492,4.0,1.5,0.59,0.0415,0,0.02
3,0.0,0.0,7.8947,1.6667,0,2,79.25,0.6,0.7895,1.9579,0.0,1,0.2044,0.9474,1.5,0.0,0.0341,0,0.0
3,0.0,0.0,25.7143,1.3333,1,3,64.8,0.2,2.5714,2.9571,0.0,1,0.2,2.5714,1.5,0.0,0.0333,0,0.0
3,0.4957,0.0391,27.3913,3.3333,0,3,61.6,6.3,2.7391,0.9522,0.0,8,0.301,8.2174,1.5,0.38,0.0234,0,0.03
3,0.06,0.06,33.0,6.3333,1,2,62.6,6.0,3.3,0.65,0.0,10,0.2962,6.0,1.5,0.06,0.0316,1,0.06
3,0.0222,0.0222,5.5556,6.3333,0,4,60.8,0.7,0.5556,1.2667,0.0,1,0.1362,0.7778,1.5,0.02,0.0326,1,0.02
3,0.72,0.045,18.0,4.0,1,3,53.4,2.3,1.8,3.69,0.0,1,0.209,10.35,1.5,0.16,0.0404,0,0.01
3,0.0,0.0127,11.4085,1.3333,0,2,66.2,1.1,1.1408,1.1535,0.0,2,0.1686,1.3944,1.5,0.0,0.0353,0,0.01
3,0.0,0.1016,15.9677,2.0,1,2,64.8,2.4,1.5968,0.7694,0.0,3,0.0667,3.4839,1.5,0.0,0.0472,0,0.07
3,0.0,0.03,0.0,2.0,0,3,52.8,0.7,0.0,0.96,0.0,1,0.0614,2.1,1.5,0.0,0.0409,0,0.01
3,0.0,0.1674,23.0233,3.3333,1,3,53.8,7.3,2.3023,0.607,0.0,6,0.0535,7.6395,1.5,0.0,0.087,1,0.16
3,0.42,0.06,7.0,3.3333,1,2,67.8,5.6,0.7,0.36,0.0,3,0.1115,5.6,1.5,0.42,0.0823,1,0.06
3,0.54,0.03,1.0,3.6667,0,4,71.6,4.1,0.1,3.23,0.0,2,0.2413,4.1,1.5,0.54,0.083,0,0.03
3,0.2,0.0571,10.0,2.3333,0,2,71.8,3.5,1.0,3.2857,0.0,2,0.2758,5.0,1.5,0.14,0.0752,0,0.04
3,1.17,0.11,32.0,4.3333,1,3,83.8,15.7,3.2,0.29,0.0,9,0.4876,15.7,1.5,1.17,0.0859,1,0.11
3,0.2025,0.0112,6.75,4.3333,0,2,82.6,2.8,0.675,2.0138,0.0,2,0.5339,3.15,1.5,0.18,0.0545,1,0.01
3,0.1,0.3667,20.0,4.0,1,4,75.4,5.5,2.0,4.0833,0.0,1,0.4989,9.1667,1.5,0.06,0.0979,0,0.22
3,0.175,0.0,7.5,1.3333,0,4,64.6,0.5,0.75,8.275,0.0,1,0.4514,1.25,1.5,0.07,0.1059,1,0.0
3,0.12,0.1,9.0,1.3333,1,3,70.0,6.8,0.9,2.84,0.0,2,0.4114,6.8,1.5,0.12,0.1131,0,0.1
3,0.0,1.1872,15.3191,1.3333,0,3,61.4,2.5,1.5319,2.7191,0.0,1,0.1261,4.7872,1.5,0.0,0.2785,0,0.62
3,0.0,0.0435,18.871,1.6667,1,2,57.8,2.1,1.8871,3.0339,0.0,2,0.0779,3.0484,1.5,0.0,0.3021,0,0.03
3,0.0,0.0153,6.1017,1.3333,0,4,58.8,0.5,0.6102,1.7695,0.0,1,0.0582,0.7627,1.5,0.0,0.2327,1,0.01
3,0.26,0.25,7.0,1.6667,1,2,69.6,4.2,0.7,2.47,0.0,2,0.0983,4.2,1.5,0.26,0.2612,0,0.25
3,0.0,0.0143,7.1429,1.6667,0,4,64.2,0.7,0.7143,2.9,0.0,2,0.0729,1.0,1.5,0.0,0.2579,0,0.01
3,0.765,0.045,0.0,1.6667,1,3,58.8,3.7,0.0,0.81,0.0,1,0.1316,16.65,1.5,0.17,0.0949,0,0.01
3,0.0662,0.0265,5.2941,1.6667,0,3,60.0,3.4,0.5294,1.0456,0.0,2,0.144,4.5,1.5,0.05,0.09,0,0.02
3,0.0,3.15,90.0,1.3333,1,3,50.2,3.2,9.0,0.0,0.0,1,0.1721,28.8,1.5,0.0,0.2295,0,0.35
3,0.0,0.0,20.7692,1.3333,0,4,34.8,0.2,2.0769,2.7692,0.0,1,0.1138,1.3846,1.5,0.0,0.2017,1,0.0
3,0.2045,0.0409,-16.3636,0.6667,1,4,26.6,2.2,-1.6364,0.5727,0.0,0,0.1827,9.0,1.5,0.05,0.2639,0,0.01
3,0.0,0.0,12.8571,0.6667,0,2,28.2,1.6,1.2857,0.8679,0.0,1,0.0638,5.1429,1.5,0.0,0.2426,0,0.0
3,0.0,0.0818,16.3636,0.6667,0,3,19.0,0.7,1.6364,0.5727,0.0,1,0.0474,2.8636,1.5,0.0,0.36,1,0.02
3,0.0,0.0,270.0,1.0,1,2,1.0,0.1,27.0,21.6,0.0,1,0.0,9.0,1.5,0.0,0.0,0,0.0
3,0.0,0.0391,27.3913,1.0,0,3,12.0,3.3,2.7391,1.0957,0.0,1,0.0,12.913,1.5,0.0,0.0375,0,0.01
3,0.0,0.1125,45.0,1.0,1,4,10.6667,0.5,4.5,5.4,0.0,1,0.0,5.625,1.5,0.0,0.0562,0,0.01
3,0.0,0.225,8.4375,1.0,0,3,16.0,1.6,0.8438,0.5062,0.0,1,0.0,4.5,1.5,0.0,0.1406,0,0.08
3,0.0,0.05,10.0,1.6667,1,3,30.8,1.7,1.0,0.54,0.0,3,0.0,1.7,1.5,0.0,0.0877,0,0.05
3,0.1,0.09,27.0,3.3333,0,3,48.6,10.0,2.7,0.94,0.0,6,0.037,10.0,1.5,0.1,0.0889,1,0.09
3,0.7286,0.0286,2.8571,4.0,1,3,56.6,4.6,0.2857,0.5,0.0,3,0.194,6.5714,1.5,0.51,0.0795,0,0.02
3,0.17,0.05,9.0,3.6667,0,4,73.0,3.6,0.9,1.22,0.0,2,0.1923,3.6,1.5,0.17,0.0715,0,0.05
3,0.0,0.0,0.0,2.0,1,4,68.6,0.3,0.0,3.06,0.0,1,0.2047,2.7,1.5,0.0,0.0551,0,0.0
3,0.0,0.0,270.0,1.3333,1,4,50.8,0.0,27.0,0.0,0.0,1,0.2764,0.0,1.5,0.0,0.0567,1,0.0
3,0.0,0.0429,4.2857,1.0,0,3,37.0,0.8,0.4286,3.7714,0.0,1,0.3308,3.4286,1.5,0.0,0.0389,0,0.01
3,0.0,0.0818,30.0,1.0,1,4,31.0,2.3,3.0,0.8182,0.0,1,0.0987,6.2727,1.5,0.0,0.0523,0,0.03
3,0.0643,0.0257,9.0,1.6667,1,2,27.0,3.3,0.9,0.6686,0.0,3,0.0333,4.2429,1.5,0.05,0.04,0,0.02
3,0.0,0.126,3.6,1.6667,0,3,35.0,3.9,0.36,0.414,0.0,1,0.0257,7.02,1.5,0.0,0.0669,0,0.07
3,0.3886,0.1841,9.2045,2.3333,1,2,52.4,5.8,0.9205,0.7466,0.0,3,0.1477,5.9318,1.5,0.38,0.1065,0,0.18
3,0.0506,0.0303,6.0674,1.6667,0,4,66.0,4.3,0.6067,0.7685,0.0,1,0.1309,4.3483,1.5,0.05,0.09,0,0.03
3,0.2492,0.0554,4.1538,2.0,1,3,72.4,1.9,0.4154,1.9246,0.0,2,0.1641,2.6308,1.5,0.18,0.0845,1,0.04
3,0.0,0.0429,4.2857,1.0,0,3,62.6,2.1,0.4286,2.0571,0.0,0,0.1754,9.0,1.5,0.0,0.0949,0,0.01
3,0.1,0.51,31.0,3.3333,1,3,70.6,8.5,3.1,1.32,0.0,8,0.181,8.5,1.5,0.1,0.1963,0,0.51
3,0.1328,0.0148,1.4754,3.0,0,2,65.2,1.5,0.1475,1.7262,0.0,1,0.116,2.2131,1.5,0.09,0.1656,1,0.01
3,0.0,0.1227,16.3636,3.3333,0,3,51.8,1.0,1.6364,0.5727,0.0,1,0.1286,4.0909,1.5,0.0,0.2085,0,0.03
2,0.07,0.25,27.0,5.0,1,3,90.0,5.5,4.05,1.9,0.0,5,0.07,5.5,1.5,0.07,0.25,0,0.25
2,0.0,0.0,15.0,3.5,0,2,90.0,1.1,2.25,1.09,0.0,2,0.035,1.1,1.5,0.0,0.125,0,0.0
2,0.0942,0.0105,15.6977,3.0,1,2,88.6667,2.2,2.3547,0.5337,0.0,2,0.0541,2.3023,1.5,0.09,0.088,0,0.01
2,0.08,0.01,30.0,4.3333,1,3,89.0,3.6,4.5,0.54,0.0,9,0.0607,3.6,1.5,0.08,0.0683,0,0.01
2,0.05,0.01,40.0,7.6667,0,3,89.2,6.6,6.0,0.94,0.0,12,0.0585,6.6,1.5,0.05,0.0565,0,0.01
2,0.0,0.15,60.0,7.3333,1,2,72.4,1.7,9.0,1.35,0.0,1,0.0547,25.5,1.5,0.0,0.0099,0,0.01
2,0.0509,0.2377,20.3774,4.6667,0,4,65.0,2.8,3.0566,0.9509,0.0,1,0.0692,4.7547,1.5,0.03,0.0498,0,0.14
2,0.0,0.0115,15.0,1.0,1,2,63.4,1.7,2.25,3.9923,0.0,1,0.0454,1.9615,1.5,0.0,0.0511,0,0.01
2,0.18,0.0,19.0,2.6667,0,2,63.4,8.6,2.85,7.27,0.0,6,0.0738,8.6,1.5,0.18,0.0483,0,0.0
2,0.0,0.0,17.0,2.6667,1,4,63.4,2.0,2.55,2.84,0.0,1,0.0596,2.0,1.5,0.0,0.0454,0,0.0
2,0.07,0.0,16.0,3.0,0,4,80.2,3.4,2.4,1.44,0.0,2,0.0628,3.4,1.5,0.07,0.0337,0,0.0
2,0.0,0.01,11.0,1.0,1,2,87.6,1.4,1.65,2.27,0.0,0,0.0514,1.4,1.5,0.0,0.0041,0,0.01
2,0.0,0.06,23.0,1.6667,0,2,90.0,6.8,3.45,1.5,0.0,3,0.05,6.8,1.5,0.0,0.014,0,0.06
2,0.0,0.0,13.0,1.3333,1,4,90.0,2.5,1.95,2.59,0.0,1,0.014,2.5,1.5,0.0,0.014,0,0.0
2,0.0,0.0,6.25,0.6667,0,3,86.4,1.6,0.9375,2.6375,0.0,-2,0.0146,2.0,1.5,0.0,0.0146,0,0.0
2,0.0,0.0,25.0,1.6667,1,2,86.4,1.4,3.75,0.8,0.0,6,0.0,1.4,1.5,0.0,0.0146,0,0.0
2,0.05,0.03,13.0,1.6667,0,4,86.4,2.6,1.95,1.67,0.0,1,0.0104,2.6,1.5,0.05,0.0188,0,0.03
3,0.0964,0.0321,6.4286,1.0,1,3,84.0,3.0,0.6429,1.6929,0.0,1,0.0964,3.2143,1.5,0.09,0.0321,0,0.03
3,0.07,0.05,7.0,1.0,0,4,87.0,0.5,0.7,1.09,0.0,1,0.0828,0.5,1.5,0.07,0.0414,0,0.05
3,0.02,0.03,7.0,1.3333,1,3,88.0,4.1,0.7,0.95,0.0,2,0.0614,4.1,1.5,0.02,0.0375,1,0.03
3,0.0,0.23,14.0,1.6667,0,3,88.5,2.8,1.4,1.42,0.0,2,0.0458,2.8,1.5,0.0,0.0864,0,0.23
3,0.28,0.06,1.0,2.0,1,2,88.8,6.7,0.1,0.54,0.0,2,0.0932,6.7,1.5,0.28,0.0811,0,0.06
3,0.3262,0.3038,58.5,5.6667,0,2,88.0,13.9,5.85,0.945,0.0,13,0.135,15.6375,1.5,0.29,0.1309,0,0.27
3,0.0,0.25,24.0,6.0,1,4,88.0,10.1,2.4,0.65,0.0,3,0.1207,10.1,1.5,0.0,0.1718,0,0.25
3,0.02,0.09,6.0,5.6667,0,2,88.0,1.9,0.6,1.22,0.0,1,0.1207,1.9,1.5,0.02,0.1841,0,0.09
3,0.1721,0.0132,18.5294,2.3333,1,3,83.6,4.8,1.8529,0.5162,0.0,3,0.155,6.3529,1.5,0.13,0.1464,1,0.01
3,0.04,0.06,13.0,2.0,0,2,83.6,4.1,1.3,0.98,0.0,2,0.1033,4.1,1.5,0.04,0.1464,1,0.06
3,0.02,0.03,8.0,2.3333,1,3,85.6,4.3,0.8,0.56,0.0,2,0.0442,4.3,1.5,0.02,0.0925,1,0.03
3,0.2,0.09,17.0,2.0,1,3,85.6,4.5,1.7,0.58,0.0,2,0.0862,4.5,1.5,0.2,0.0589,0,0.09
3,0.15,0.09,14.0,2.3333,1,2,85.6,7.8,1.4,0.36,0.0,3,0.1136,7.8,1.5,0.15,0.0589,1,0.09
3,0.08,0.06,12.0,2.3333,0,2,90.0,2.1,1.2,3.23,0.0,2,0.098,2.1,1.5,0.08,0.066,1,0.06
3,0.05,0.19,13.0,2.3333,0,4,90.0,3.2,1.3,3.88,0.0,2,0.1,3.2,1.5,0.05,0.092,0,0.19
3,0.13,0.88,32.0,3.6667,1,3,90.0,13.3,3.2,0.29,0.0,7,0.122,13.3,1.5,0.13,0.262,0,0.88
3,0.4,0.07,14.0,3.6667,0,2,90.0,4.9,1.4,1.88,0.0,2,0.162,4.9,1.5,0.4,0.258,0,0.07
3,0.0,0.07,6.0,3.3333,1,4,90.0,3.6,0.6,3.46,0.0,1,0.132,3.6,1.5,0.0,0.254,0,0.07
3,0.0,0.02,6.0,1.3333,0,3,90.0,0.9,0.6,7.27,0.0,1,0.116,0.9,1.5,0.0,0.246,1,0.02
3,0.13,0.07,17.0,2.0,1,3,90.0,6.9,1.7,2.84,0.0,4,0.132,6.9,1.5,0.13,0.222,0,0.07
3,0.0,0.16,15.0,2.3333,0,2,90.0,4.9,1.5,1.44,0.0,2,0.106,4.9,1.5,0.0,0.078,0,0.16
3,0.11,0.3,29.0,3.6667,1,4,90.0,9.2,2.9,2.27,0.0,5,0.048,9.2,1.5,0.11,0.124,0,0.3
3,0.3,0.02,49.0,7.3333,0,3,90.0,12.7,4.9,1.5,0.0,15,0.108,12.7,1.5,0.3,0.114,0,0.02
3,0.05,0.29,8.0,7.3333,1,3,90.0,7.9,0.8,2.59,0.0,2,0.118,7.9,1.5,0.05,0.168,0,0.29
3,0.0,0.4125,15.0,6.3333,0,4,86.4,2.8,1.5,2.6375,0.0,2,0.0958,3.5,1.5,0.0,0.2292,0,0.33
3,0.14,0.57,27.0,3.3333,1,3,86.4,6.8,2.7,0.8,0.0,6,0.125,6.8,1.5,0.14,0.3146,0,0.57
3,0.0,0.1012,23.625,4.3333,0,3,84.4,5.2,2.3625,1.8675,0.0,5,0.1045,5.85,1.5,0.0,0.2773,0,0.09
3,0.27,0.19,7.0,4.3333,1,3,84.4,6.3,0.7,1.42,0.0,2,0.0981,6.3,1.5,0.27,0.3135,0,0.19
3,0.21,0.09,17.0,3.0,1,3,84.4,8.1,1.7,1.42,0.0,2,0.1322,8.1,1.5,0.21,0.2709,0,0.09
3,0.16,0.1,32.0,5.0,0,3,88.0,12.0,3.2,1.27,0.0,11,0.1595,12.0,1.5,0.16,0.2127,0,0.1
3,0.0,0.19,28.0,6.3333,1,3,88.0,5.2,2.8,0.73,0.0,6,0.1309,5.2,1.5,0.0,0.135,0,0.19
3,0.03,0.22,8.0,6.3333,0,2,90.0,4.5,0.8,0.88,0.0,2,0.134,4.5,1.5,0.03,0.158,0,0.22
3,0.41,0.14,33.0,5.3333,1,4,90.0,14.0,3.3,1.48,0.0,8,0.162,14.0,1.5,0.41,0.148,0,0.14
3,0.26,0.1,36.0,6.3333,0,3,90.0,11.9,3.6,1.08,0.0,9,0.172,11.9,1.5,0.26,0.15,0,0.1
3,0.04,0.1,17.0,6.3333,1,4,90.0,6.5,1.7,1.32,0.0,2,0.148,6.5,1.5,0.04,0.15,0,0.1
3,0.15,0.07,14.0,4.3333,0,3,90.0,4.1,1.4,1.44,0.0,2,0.178,4.1,1.5,0.15,0.126,0,0.07
3,0.68,0.59,55.0,6.6667,0,2,90.0,15.5,5.5,1.22,0.0,16,0.308,15.5,1.5,0.68,0.2,0,0.59
2,0.16,0.01,9.0,2.0,1,3,90.0,3.2,1.35,1.9,0.0,2,0.16,3.2,1.5,0.16,0.01,0,0.01
2,0.0,0.01,12.0,2.0,0,3,90.0,1.6,1.8,1.09,0.0,2,0.08,1.6,1.5,0.0,0.01,0,0.01
2,0.0,0.01,15.0,1.6667,1,3,90.0,3.7,2.25,0.95,0.0,1,0.0533,3.7,1.5,0.0,0.01,0,0.01
2,0.0,0.0,4.0,1.0,0,3,90.0,0.5,0.6,1.42,0.0,0,0.04,0.5,1.5,0.0,0.0075,0,0.0
2,0.0,0.02,25.0,2.3333,1,3,90.0,3.4,3.75,0.54,0.0,6,0.032,3.4,1.5,0.0,0.01,0,0.02
2,0.35,0.05,42.0,6.0,0,4,90.0,9.9,6.3,0.94,0.0,12,0.07,9.9,1.5,0.35,0.018,0,0.05
2,0.18,0.0,20.0,8.0,1,3,90.0,1.6,3.0,0.65,0.0,6,0.106,1.6,1.5,0.18,0.016,0,0.0
2,0.15,0.19,15.0,6.3333,0,4,90.0,6.0,2.25,1.22,0.0,1,0.136,6.0,1.5,0.15,0.052,0,0.19
2,0.0,0.02,26.0,4.3333,1,3,90.0,1.7,3.9,1.21,0.0,6,0.136,1.7,1.5,0.0,0.056,0,0.02
2,0.07,0.0,7.0,2.3333,0,3,90.0,3.4,1.05,0.98,0.0,0,0.15,3.4,1.5,0.07,0.052,0,0.0
2,0.0,0.0,0.0,2.3333,1,3,81.0,1.4,0.0,0.74,0.0,1,0.0889,2.8,1.5,0.0,0.0467,0,0.0
2,1.2578,0.0108,35.7831,5.0,1,4,79.6,11.9,5.3675,0.2169,0.0,14,0.3121,12.9036,1.5,1.16,0.0497,0,0.01
2,0.0,0.0107,11.7857,5.6667,0,2,78.4,2.4,1.7679,1.9179,0.0,2,0.2824,2.5714,1.5,0.0,0.0092,0,0.01
2,0.1,0.0,6.6667,5.3333,1,3,71.2,1.5,1.0,4.0833,0.0,0,0.3261,2.5,1.5,0.06,0.0051,0,0.0
2,0.0,0.0,10.0,1.0,0,3,69.4,2.5,1.5,6.7222,0.0,1,0.3164,2.7778,1.5,0.0,0.0052,0,0.0
2,0.0,0.14,23.0,1.6667,1,3,78.4,5.8,3.45,2.84,0.0,4,0.2801,5.8,1.5,0.0,0.0367,0,0.14
2,0.05,0.0,14.0,2.3333,0,3,79.8,2.8,2.1,1.44,0.0,2,0.0248,2.8,1.5,0.05,0.0338,1,0.0
2,0.0,0.0,1.4286,1.6667,1,3,75.6,0.9,0.2143,2.9857,0.0,-1,0.0262,1.2857,1.5,0.0,0.0333,0,0.0
2,0.0,0.01,20.0,0.6667,0,4,82.8,3.6,3.0,1.5,0.0,1,0.0109,3.6,1.5,0.0,0.0326,1,0.01
2,0.09,0.0,14.1429,0.3333,1,3,80.6,1.7,2.1214,3.15,0.0,1,0.0268,2.1857,1.5,0.07,0.0335,0,0.0
2,0.0,0.2647,63.5294,2.0,0,3,66.0,3.8,9.5294,1.5353,0.0,4,0.0327,20.1176,1.5,0.0,0.0164,0,0.05
2,0.36,0.45,30.0,4.3333,1,3,66.0,5.8,4.5,0.8,0.0,8,0.1173,5.8,1.5,0.36,0.1391,0,0.45
2,0.1059,0.0,9.2647,4.3333,0,3,67.0,1.4,1.3897,1.0456,0.0,1,0.137,1.8529,1.5,0.08,0.137,0,0.0
2,0.0,0.0,15.0,3.3333,1,2,67.0,2.4,2.25,1.42,0.0,1,0.137,2.4,1.5,0.0,0.1343,0,0.0
2,0.1,0.0,14.0,1.3333,1,3,71.0,3.2,2.1,1.42,0.0,2,0.1369,3.2,1.5,0.1,0.1268,1,0.0
2,0.0,0.0,22.0,3.0,0,3,85.6,2.0,3.3,1.27,0.0,6,0.1136,2.0,1.5,0.0,0.0946,0,0.0
2,0.13,0.01,18.0,4.6667,1,2,85.6,1.6,2.7,0.73,0.0,6,0.0652,1.6,1.5,0.13,0.0021,0,0.01
2,0.0,0.11,17.0,4.3333,0,3,90.0,5.4,2.55,0.88,0.0,1,0.046,5.4,1.5,0.0,0.024,0,0.11
2,0.06,0.0,17.0,3.0,1,2,90.0,4.1,2.55,1.48,0.0,2,0.058,4.1,1.5,0.06,0.024,0,0.0
2,0.05,0.0,11.0,1.6667,0,2,90.0,1.8,1.65,1.08,0.0,2,0.048,1.8,1.5,0.05,0.024,0,0.0
2,0.2,0.02,11.0,2.0,1,4,90.0,3.8,1.65,1.32,0.0,2,0.088,3.8,1.5,0.2,0.028,1,0.02
2,0.12,0.0,11.0,1.6667,0,2,90.0,3.7,1.65,1.44,0.0,1,0.086,3.7,1.5,0.12,0.026,0,0.0
2,0.0,0.0,7.0,1.0,0,4,90.0,1.2,1.05,1.22,0.0,0,0.086,1.2,1.5,0.0,0.004,1,0.0
1,0.0,0.0,67.5,1.0,1,4,4.0,0.0,0.0,4.05,0.0,1,0.0,0.0,1.5,0.0,0.0,0,0.0
1,0.0,0.0,20.0,1.5,0,4,47.0,3.0,0.0,3.23,3.0,2,0.0,3.0,1.5,0.0,0.0,1,0.0
1,0.0,0.0,19.0,1.6667,0,4,61.3333,4.1,0.0,3.88,7.0,2,0.0,4.1,1.5,0.0,0.0,0,0.0
1,0.0,0.0,29.0,3.6667,1,2,68.5,2.5,0.0,0.29,4.0,7,0.0,2.5,1.5,0.0,0.0,1,0.0
1,0.0,0.0,16.0,4.0,0,3,72.8,3.1,0.0,1.88,4.0,3,0.0,3.1,1.5,0.0,0.0,0,0.0
1,0.0,0.0,16.0,4.0,1,2,90.0,4.0,0.0,3.46,3.0,2,0.0,4.0,1.5,0.0,0.0,0,0.0
1,0.0,0.0,36.0,4.3333,0,3,90.0,8.7,0.0,7.27,10.0,8,0.0,8.7,1.5,0.0,0.0,0,0.0
1,0.0,0.0,25.0,4.3333,1,3,90.0,5.2,0.0,2.84,8.0,3,0.0,5.2,1.5,0.0,0.0,0,0.0
1,0.0,0.0,17.0,4.6667,0,3,90.0,2.9,0.0,1.44,4.0,3,0.0,2.9,1.5,0.0,0.0,0,0.0
1,0.0,0.0,18.0,2.3333,1,4,90.0,3.3,0.0,2.27,4.0,1,0.0,3.3,1.5,0.0,0.0,0,0.0
1,0.0,0.0,10.0,1.6667,0,3,90.0,1.2,0.0,1.5,1.0,1,0.0,1.2,1.5,0.0,0.0,1,0.0
1,0.0,0.0,13.0,1.3333,1,2,90.0,2.3,0.0,2.59,4.0,2,0.0,2.3,1.5,0.0,0.0,0,0.0
1,0.0,0.0,27.0,3.3333,1,4,90.0,2.2,0.0,0.8,3.0,7,0.0,2.2,1.5,0.0,0.0,1,0.0
1,0.0,0.0,17.0,3.6667,0,4,90.0,2.7,0.0,1.67,4.0,2,0.0,2.7,1.5,0.0,0.0,0,0.0
1,0.0,0.0,10.0,3.3333,1,2,90.0,1.2,0.0,1.42,1.0,1,0.0,1.2,1.5,0.0,0.0,0,0.0
1,0.0,0.0,13.0,1.6667,1,4,90.0,2.0,0.0,1.42,2.0,2,0.0,2.0,1.5,0.0,0.0,0,0.0
1,0.0,0.0,31.0,4.0,0,4,90.0,3.5,0.0,1.27,4.0,9,0.0,3.5,1.5,0.0,0.0,0,0.0
1,0.0,0.0,23.0,5.6667,1,3,90.0,1.0,0.0,0.73,2.0,6,0.0,1.0,1.5,0.0,0.0,0,0.0
1,0.0,0.0,20.0,5.6667,0,3,90.0,3.1,0.0,0.88,5.0,2,0.0,3.1,1.5,0.0,0.0,0,0.0
1,0.0,0.0,14.0,3.6667,1,3,90.0,2.7,0.0,1.48,3.0,3,0.0,2.7,1.5,0.0,0.0,1,0.0
1,0.0,0.0,17.0,2.6667,0,3,90.0,2.7,0.0,1.08,4.0,3,0.0,2.7,1.5,0.0,0.0,0,0.0
1,0.0,0.0,14.0,3.0,1,2,90.0,2.0,0.0,1.32,3.0,3,0.0,2.0,1.5,0.0,0.0,1,0.0
1,0.0,0.0,18.0,2.6667,0,4,90.0,3.8,0.0,1.44,5.0,2,0.0,3.8,1.5,0.0,0.0,0,0.0
3,0.094,0.4836,24.1791,4.0,1,4,67.0,5.6,2.4179,2.0149,0.0,4,0.094,7.5224,1.5,0.07,0.4836,1,0.36
3,0.1473,0.0,-4.9091,2.0,0,2,61.0,1.2,-0.4909,0.8509,0.0,0,0.118,1.9636,1.5,0.09,0.2656,0,0.0
3,0.7479,0.2789,35.493,4.6667,1,3,64.3333,11.6,3.5493,0.507,0.0,10,0.3497,14.7042,1.5,0.59,0.2705,1,0.22
3,0.2,0.04,4.0,3.6667,0,3,70.75,2.7,0.4,1.42,0.0,1,0.3021,2.7,1.5,0.2,0.1972,1,0.04
3,0.0,0.13,13.0,5.3333,1,2,74.6,2.0,1.3,0.54,0.0,5,0.2292,2.0,1.5,0.0,0.181,0,0.13
3,0.7038,0.4962,54.2308,6.0,0,2,76.8,16.4,5.4231,0.9692,0.0,12,0.3492,18.9231,1.5,0.61,0.1922,0,0.43
3,0.05,0.02,13.0,7.3333,1,4,83.8,4.6,1.3,0.65,0.0,5,0.3115,4.6,1.5,0.05,0.1804,0,0.02
3,0.9783,0.0652,27.3913,8.3333,1,2,83.4,8.5,2.7391,0.5087,0.0,8,0.3475,11.087,1.5,0.75,0.1446,1,0.05
3,0.08,0.03,6.0,5.0,0,4,83.4,1.6,0.6,0.98,0.0,2,0.3216,1.6,1.5,0.08,0.1424,0,0.03
3,0.59,0.03,23.0,5.6667,1,3,83.4,9.7,2.3,0.56,0.0,7,0.4489,9.7,1.5,0.59,0.1209,0,0.03
3,0.07,0.04,7.0,3.6667,0,2,85.8,2.9,0.7,2.49,0.0,2,0.3231,2.9,1.5,0.07,0.0357,0,0.04
3,0.13,0.24,33.0,7.3333,1,3,85.8,9.4,3.3,0.58,0.0,13,0.3399,9.4,1.5,0.13,0.0818,0,0.24
3,0.96,0.12,37.0,8.3333,1,3,90.0,13.1,3.7,0.33,0.0,10,0.366,13.1,1.5,0.96,0.092,0,0.12
3,0.33,0.02,1.0,8.3333,0,4,90.0,4.6,0.1,3.23,0.0,2,0.416,4.6,1.5,0.33,0.09,0,0.02
3,0.0616,0.111,8.6301,4.6667,0,3,86.6,3.6,0.863,3.0082,0.0,2,0.3201,4.4384,1.5,0.05,0.106,0,0.09
3,0.3361,0.3578,28.1928,3.3333,1,3,85.2,13.1,2.8193,0.2169,0.0,6,0.3761,14.2048,1.5,0.31,0.169,0,0.33
3,0.12,0.15,11.0,3.3333,0,3,85.2,3.6,1.1,1.88,0.0,2,0.3739,3.6,1.5,0.12,0.15,0,0.15
3,0.41,0.09,-5.0,3.0,1,3,85.2,3.8,-0.5,3.46,0.0,1,0.2577,3.8,1.5,0.41,0.1437,0,0.09
3,0.02,0.21,21.0,2.6667,0,2,85.2,5.8,2.1,7.27,0.0,5,0.1923,5.8,1.5,0.02,0.1838,0,0.21
3,0.1482,0.0847,25.4118,4.3333,1,3,87.6,7.7,2.5412,2.0965,0.0,7,0.2055,8.1529,1.5,0.14,0.1767,1,0.08
3,0.33,0.06,-1.0,4.3333,0,3,89.0,3.8,-0.1,1.4,0.0,1,0.2063,3.8,1.5,0.33,0.1193,0,0.06
3,0.56,0.08,20.0,4.0,1,3,80.0,2.4,2.0,2.38,0.0,4,0.2655,4.8,1.5,0.28,0.108,0,0.04
3,0.06,0.14,11.0,2.3333,0,2,80.0,2.9,1.1,1.5,0.0,2,0.1868,2.9,1.5,0.06,0.1192,0,0.14
3,1.06,0.03,22.0,4.6667,1,2,80.0,12.1,2.2,2.59,0.0,8,0.4208,12.1,1.5,1.06,0.0788,0,0.03
3,0.04,0.01,5.0,4.0,0,3,81.0,2.6,0.5,2.4,0.0,2,0.3933,2.6,1.5,0.04,0.0622,0,0.01
3,0.24,0.09,27.0,6.0,1,3,81.0,10.6,2.7,0.8,0.0,8,0.3733,10.6,1.5,0.24,0.0689,0,0.09
3,0.2057,0.1029,0.0,3.6667,0,2,79.0,2.4,0.0,1.26,0.0,1,0.3372,6.1714,1.5,0.08,0.0706,0,0.04
3,0.35,0.14,30.0,5.6667,1,2,79.0,11.0,3.0,1.72,0.0,8,0.4033,11.0,1.5,0.35,0.0706,1,0.14
3,0.28,0.02,2.0,4.0,0,3,79.0,5.1,0.2,1.23,0.0,3,0.2256,5.1,1.5,0.28,0.0684,0,0.02
3,0.62,0.78,53.0,9.3333,1,3,79.0,22.3,5.3,0.73,0.0,17,0.3577,22.3,1.5,0.62,0.2438,1,0.78
3,0.21,0.08,4.0,7.0,0,3,79.0,6.8,0.4,0.88,0.0,1,0.3509,6.8,1.5,0.21,0.2415,0,0.08
3,0.0,0.3889,41.1111,9.3333,1,2,88.2,8.4,4.1111,1.5444,0.0,10,0.298,9.3333,1.5,0.0,0.2796,1,0.35
3,0.1607,0.3857,20.3571,5.6667,0,3,87.0,10.2,2.0357,1.0607,0.0,6,0.2607,10.9286,1.5,0.15,0.329,0,0.36
3,0.21,0.38,16.0,6.0,1,2,87.0,9.1,1.6,1.32,0.0,2,0.2462,9.1,1.5,0.21,0.4034,0,0.38
3,0.55,0.2,27.0,4.6667,0,3,87.0,15.5,2.7,1.44,0.0,6,0.2317,15.5,1.5,0.55,0.2834,1,0.2
4,1.0209,0.0269,68.5075,13.0,1,3,67.0,13.2,0.0,2.0149,0.0,13,1.0209,17.7313,1.5,0.76,0.0269,0,0.02
4,0.0,0.0277,9.6923,7.5,0,3,66.0,0.4,0.0,1.1215,0.0,2,0.5182,0.5538,1.5,0.0,0.0273,0,0.02
4,0.2028,0.0254,6.338,5.6667,1,2,67.6667,3.3,0.0,0.507,0.0,2,0.4079,4.1831,1.5,0.16,0.0266,0,0.02
4,0.5918,0.037,8.6301,2.0,0,2,69.0,2.4,0.0,1.6274,0.0,2,0.4565,2.9589,1.5,0.48,0.0293,0,0.03
4,2.745,0.09,121.5,3.0,0,2,59.2,6.3,0.0,0.945,0.0,5,0.6111,28.35,1.5,0.61,0.0334,0,0.02
4,1.83,0.03,22.0,4.3333,1,3,63.8,14.0,0.0,0.65,0.0,6,0.869,14.0,1.5,1.83,0.0339,1,0.03
4,1.6941,0.0106,54.0,8.0,0,4,67.8,14.6,0.0,1.2071,0.0,13,1.2425,15.4588,1.5,1.6,0.0292,0,0.01
4,0.0,0.0,13.5,6.6667,1,3,57.6,1.3,0.0,3.69,0.0,1,1.4125,5.85,1.5,0.0,0.0281,0,0.0
4,0.72,0.0112,28.125,7.3333,1,2,59.0,5.1,0.0,0.6525,0.0,8,1.4278,5.7375,1.5,0.64,0.0214,0,0.01
4,0.34,0.64,11.0,3.6667,1,2,73.0,4.3,0.0,0.36,0.0,2,1.0874,4.3,1.5,0.34,0.1701,0,0.64
4,0.45,0.01,1.0,4.0,0,4,73.0,2.6,0.0,3.23,0.0,2,0.7471,2.6,1.5,0.45,0.1652,1,0.01
4,1.1,0.0857,4.2857,2.0,0,4,68.6,0.8,0.0,3.2857,0.0,2,0.5773,1.1429,1.5,0.77,0.1889,0,0.06
4,0.0,0.3462,6.9231,1.6667,0,2,75.0,2.4,0.0,0.9692,0.0,1,0.528,4.1538,1.5,0.0,0.2208,0,0.2
4,1.35,0.15,30.0,3.3333,1,3,77.0,19.3,0.0,3.46,0.0,7,0.6803,19.3,1.5,1.35,0.2478,0,0.15
4,0.25,0.03,29.0,4.6667,0,3,77.0,7.1,0.0,7.27,0.0,6,0.6592,7.1,1.5,0.25,0.1052,1,0.03
4,0.78,0.02,23.0,6.3333,1,2,77.0,11.4,0.0,2.84,0.0,6,0.7364,11.4,1.5,0.78,0.1075,0,0.02
4,0.0857,0.0214,6.4286,4.3333,0,4,72.8,1.9,0.0,0.0429,0.0,1,0.5984,4.0714,1.5,0.04,0.1014,1,0.01
4,0.0571,0.0143,7.1429,3.0,0,3,75.0,0.8,0.0,2.9,0.0,2,0.5904,1.1429,1.5,0.04,0.0528,1,0.01
4,0.913,0.013,39.1304,3.6667,1,2,70.8,8.0,0.0,0.7957,0.0,8,0.4602,10.4348,1.5,0.7,0.0203,1,0.01
4,0.09,0.03,26.0,5.3333,0,2,70.8,6.4,0.0,1.67,0.0,6,0.4195,6.4,1.5,0.09,0.0203,0,0.03
4,1.87,0.2,62.0,9.6667,1,3,70.8,15.8,0.0,1.42,0.0,15,0.6966,15.8,1.5,1.87,0.0661,0,0.2
4,1.34,0.26,26.0,9.6667,1,3,80.4,12.4,0.0,1.42,0.0,8,0.9045,12.4,1.5,1.34,0.1142,1,0.26
4,0.27,0.01,3.0,8.3333,0,2,85.8,6.8,0.0,1.27,0.0,2,0.8958,6.8,1.5,0.27,0.107,0,0.01
4,1.51,0.02,50.0,7.3333,1,4,90.0,13.9,0.0,0.73,0.0,12,1.016,13.9,1.5,1.51,0.104,0,0.02
4,0.06,0.04,11.0,5.3333,0,4,90.0,4.0,0.0,0.88,0.0,2,1.01,4.0,1.5,0.06,0.106,0,0.04
4,1.22,0.09,50.0,9.0,1,2,90.0,16.3,0.0,1.48,0.0,13,0.88,16.3,1.5,1.22,0.084,0,0.09
4,1.9421,0.0947,33.1579,7.3333,0,3,87.2,12.6,0.0,0.8053,0.0,7,0.9702,14.9211,1.5,1.64,0.0495,0,0.08
4,0.2687,0.0134,4.0299,7.3333,1,2,82.6,2.8,0.0,1.5851,0.0,2,1.009,3.7612,1.5,0.2,0.0523,1,0.01
4,0.34,0.15,-1.0,3.6667,0,3,82.6,5.4,0.0,1.44,0.0,2,0.754,5.4,1.5,0.34,0.0806,0,0.15
4,0.99,0.5512,56.25,6.0,0,2,80.6,13.7,0.0,1.2712,0.0,14,0.9558,15.4125,1.5,0.88,0.1831,1,0.49
3,0.12,0.16,13.0,2.0,1,3,90.0,2.5,1.3,1.9,0.0,2,0.12,2.5,1.5,0.12,0.16,0,0.16
3,0.0643,0.0482,1.6071,1.0,0,3,73.0,3.9,0.1607,0.8357,0.0,0,0.0986,6.2679,1.5,0.04,0.1171,1,0.03
3,0.0556,0.0667,18.8889,1.3333,1,4,75.6667,7.3,1.8889,0.5222,0.0,2,0.0833,8.1111,1.5,0.05,0.0991,0,0.06
3,0.2053,0.0,9.4737,1.0,0,4,71.0,1.3,0.9474,1.9579,0.0,1,0.1077,2.0526,1.5,0.13,0.0792,0,0.0
3,0.0,0.0,67.5,1.3333,1,3,57.6,0.0,6.75,0.0,0.0,1,0.1062,0.0,1.5,0.0,0.0781,0,0.0
3,0.0,0.0112,7.875,1.6667,1,4,55.6,1.4,0.7875,0.9787,0.0,3,0.0712,1.575,1.5,0.0,0.0324,0,0.01
3,0.09,0.03,18.0,2.0,0,3,62.4,7.3,1.8,0.98,0.0,2,0.0779,7.3,1.5,0.09,0.0288,0,0.03
3,0.33,0.04,24.0,4.6667,1,4,64.2,6.7,2.4,0.56,0.0,9,0.1542,6.7,1.5,0.33,0.0224,0,0.04
3,0.0,0.02,2.0,4.3333,0,3,70.8,2.3,0.2,2.49,0.0,2,0.1068,2.3,1.5,0.0,0.0254,0,0.02
3,0.82,0.03,15.0,5.6667,1,3,88.0,7.2,1.5,0.58,0.0,6,0.2536,7.2,1.5,0.82,0.0266,0,0.03
3,0.08,0.16,22.0,3.3333,1,3,90.0,8.9,2.2,0.36,0.0,2,0.264,8.9,1.5,0.08,0.056,1,0.16
3,0.0,0.04,18.0,3.3333,0,2,90.0,5.3,1.8,3.23,0.0,2,0.246,5.3,1.5,0.0,0.058,0,0.04
3,0.54,0.04,19.0,3.3333,0,3,90.0,9.3,1.9,3.88,0.0,6,0.288,9.3,1.5,0.54,0.058,1,0.04
3,0.0,0.0771,5.1429,3.0,1,3,79.0,0.0,0.5143,0.4629,0.0,1,0.3281,0.0,1.5,0.0,0.0684,0,0.03
3,0.0,0.0947,9.4737,2.6667,1,3,64.8,0.6,0.9474,0.2368,0.0,1,0.1722,2.8421,1.5,0.0,0.0806,0,0.02
3,0.0,0.0,12.2222,1.0,0,2,63.0,2.1,1.2222,6.7222,0.0,1,0.1543,2.3333,1.5,0.0,0.0371,0,0.0
3,0.0,0.1385,34.6154,1.0,0,4,47.6,3.0,3.4615,2.7692,0.0,1,0.2042,20.7692,1.5,0.0,0.0416,0,0.02
3,0.0,0.0409,16.3636,1.0,1,2,34.0,2.5,1.6364,0.5727,0.0,1,0.0,10.2273,1.5,0.0,0.0424,1,0.01
3,0.6107,0.6107,19.2857,1.0,0,3,32.6,5.8,1.9286,0.8679,0.0,1,0.1049,18.6429,1.5,0.19,0.1325,0,0.19
3,0.4838,0.225,15.75,1.0,0,4,44.8,4.2,1.575,1.2712,0.0,1,0.2491,4.725,1.5,0.43,0.1688,0,0.2
2,0.0,0.0,270.0,1.0,0,2,1.0,0.0,40.5,15.3,0.0,1,0.0,0.0,1.5,0.0,0.0,0,0.0
2,0.0,0.0,270.0,1.0,0,4,1.0,0.1,40.5,29.7,0.0,1,0.0,9.0,1.5,0.0,0.0,0,0.0
2,0.0,2.925,112.5,1.0,0,3,2.0,1.8,16.875,13.95,0.0,1,0.0,40.5,1.5,0.0,1.95,0,0.13
2,0.0829,0.3316,37.8947,3.0,1,3,20.5,7.7,5.6842,0.3079,0.0,7,0.0768,9.1184,1.5,0.07,0.45,1,0.28
2,0.0,0.0,270.0,3.0,0,4,16.6,0.0,40.5,3.6,0.0,1,0.0759,0.0,1.5,0.0,0.4446,1,0.0
2,0.0,0.0,270.0,3.0,0,3,16.6,0.0,40.5,0.0,0.0,1,0.0759,0.0,1.5,0.0,0.4446,0,0.0
2,0.0,0.0429,25.7143,1.0,0,2,20.6,0.7,3.8571,3.7714,0.0,1,0.0612,3.0,1.5,0.0,0.367,0,0.01
2,0.0,0.0231,6.9231,0.6667,1,4,27.6,0.8,1.0385,2.5615,0.0,0,0.0457,1.8462,1.5,0.0,0.1957,0,0.01
2,0.0,0.02,11.0,1.0,1,2,30.4,3.9,1.65,1.42,0.0,2,0.0,3.9,1.5,0.0,0.0237,0,0.02
2,0.06,0.09,23.0,2.3333,0,3,48.2,3.4,3.45,1.27,0.0,5,0.0224,3.4,1.5,0.06,0.0485,0,0.09
2,0.02,0.05,20.0,4.3333,1,4,66.0,1.1,3.0,0.73,0.0,6,0.0218,1.1,1.5,0.02,0.0491,0,0.05
2,0.0,0.01,11.0,4.0,0,3,79.8,3.4,1.65,0.88,0.0,1,0.018,3.4,1.5,0.0,0.0406,0,0.01
2,0.0,0.0,32.0,2.6667,1,2,81.0,1.2,4.8,0.34,0.0,1,0.0178,2.4,1.5,0.0,0.0378,0,0.0
2,0.0,0.01,14.0,1.3333,0,2,81.0,1.9,2.1,1.08,0.0,2,0.0178,1.9,1.5,0.0,0.0356,0,0.01
2,0.0,0.0,12.0,1.6667,1,3,81.0,2.5,1.8,1.32,0.0,2,0.0044,2.5,1.5,0.0,0.0156,1,0.0
2,0.05,0.13,16.0,1.6667,0,3,81.0,4.9,2.4,1.44,0.0,1,0.0111,4.9,1.5,0.05,0.0333,0,0.13
2,0.0,0.02,6.0,1.0,0,3,81.0,0.4,0.9,1.22,0.0,0,0.0111,0.4,1.5,0.0,0.0356,0,0.02
2,0.0,0.0,11.25,1.0,0,3,16.0,0.2,1.6875,0.5625,0.0,1,0.0,1.125,1.5,0.0,0.0,0,0.0
2,0.08,0.02,24.0,3.5,1,3,53.0,3.0,3.6,0.65,0.0,6,0.0679,3.0,1.5,0.08,0.017,0,0.02
2,0.0,0.01,10.0,2.6667,0,3,65.3333,1.8,1.5,1.22,0.0,1,0.0367,1.8,1.5,0.0,0.0138,1,0.01
2,0.0,0.01,23.0,4.3333,1,2,71.5,3.2,3.45,1.21,0.0,6,0.0252,3.2,1.5,0.0,0.0126,0,0.01
2,0.0,0.0,12.0,2.3333,0,3,75.2,1.9,1.8,0.98,0.0,0,0.0191,1.9,1.5,0.0,0.0096,0,0.0
2,0.09,0.0,24.0,5.0,1,2,90.0,3.2,3.6,0.56,0.0,9,0.034,3.2,1.5,0.09,0.008,0,0.0
2,0.0,0.01,9.0,3.0,0,3,90.0,2.4,1.35,2.49,0.0,0,0.018,2.4,1.5,0.0,0.006,0,0.01
2,0.3706,0.0106,22.2353,5.3333,1,3,89.0,7.4,3.3353,0.6141,0.0,7,0.089,7.8353,1.5,0.35,0.0061,0,0.01
2,0.22,0.02,24.0,4.3333,1,3,89.0,2.1,3.6,0.36,0.0,6,0.1335,2.1,1.5,0.22,0.0081,1,0.02
2,0.0,0.0101,13.1461,4.6667,0,2,88.8,2.6,1.9719,2.9427,0.0,1,0.1338,2.6292,1.5,0.0,0.0101,0,0.01
2,0.0,0.01,7.0,2.0,0,3,88.8,2.1,1.05,3.88,0.0,-1,0.1155,2.1,1.5,0.0,0.0122,0,0.01
2,0.0,0.02,27.0,2.0,1,3,88.8,1.9,4.05,0.29,0.0,6,0.1155,1.9,1.5,0.0,0.0142,0,0.02
2,0.0,0.0,17.5,2.0,0,3,79.0,1.0,2.625,3.325,0.0,1,0.0501,2.5,1.5,0.0,0.0137,0,0.0
2,0.0,0.0,33.75,2.6667,0,3,62.6,0.8,5.0625,13.8375,0.0,1,0.0,9.0,1.5,0.0,0.0115,1,0.0
2,0.0,0.0,15.8824,1.0,0,3,48.2,0.2,2.3824,1.5353,0.0,1,0.0,1.0588,1.5,0.0,0.0112,1,0.0
2,0.0,0.0,16.875,1.0,1,2,33.4,0.0,2.5312,0.0,0.0,1,0.0,0.0,1.5,0.0,0.0108,0,0.0
3,0.0,0.0,54.0,1.0,1,2,5.0,0.0,5.4,5.76,0.0,1,0.0,0.0,1.5,0.0,0.0,0,0.0
3,0.0,0.0,5.4545,1.0,0,3,19.0,0.8,0.5455,1.5273,0.0,1,0.0,2.1818,1.5,0.0,0.0,0,0.0
3,0.8,0.05,25.0,1.0,1,2,18.6667,5.1,2.5,2.8,0.0,1,0.2571,25.5,1.5,0.16,0.0161,0,0.01
3,0.0,0.0281,47.8125,2.0,0,3,22.0,4.4,4.7812,0.5062,0.0,4,0.1636,12.375,1.5,0.0,0.0205,1,0.01
3,0.0,0.16,15.0,2.6667,1,3,35.6,3.5,1.5,0.54,0.0,3,0.0809,3.5,1.5,0.0,0.091,0,0.16
3,0.37,0.04,40.0,6.0,0,2,52.6,7.2,4.0,0.94,0.0,11,0.1814,7.2,1.5,0.37,0.0753,0,0.04
3,0.09,0.39,17.0,5.6667,1,3,64.0,4.7,1.7,0.65,0.0,3,0.1744,4.7,1.5,0.09,0.1716,0,0.39
3,0.0,0.01,4.0,5.0,0,2,78.4,0.5,0.4,1.22,0.0,1,0.1056,0.5,1.5,0.0,0.1401,0,0.01
3,0.57,0.01,22.0,3.6667,1,2,90.0,6.7,2.2,1.21,0.0,7,0.206,6.7,1.5,0.57,0.122,0,0.01
3,0.19,0.03,10.0,3.0,0,2,90.0,3.8,1.0,0.98,0.0,1,0.244,3.8,1.5,0.19,0.096,0,0.03
3,0.0,0.01,5.0,3.3333,1,3,90.0,1.7,0.5,0.56,0.0,2,0.17,1.7,1.5,0.0,0.09,0,0.01
3,0.17,0.02,10.0,1.6667,0,4,90.0,2.1,1.0,2.49,0.0,2,0.186,2.1,1.5,0.17,0.016,1,0.02
3,0.0,0.0,6.9231,1.6667,0,4,77.2,0.3,0.6923,5.4692,0.0,1,0.2168,1.0385,1.5,0.0,0.0163,0,0.0
3,0.32,0.15,9.0,2.0,1,2,77.2,9.2,0.9,0.29,0.0,3,0.1585,9.2,1.5,0.32,0.049,0,0.15
3,0.08,0.63,14.0,2.0,0,2,77.2,7.2,1.4,1.88,0.0,2,0.1329,7.2,1.5,0.08,0.1889,0,0.63
3,0.0,0.0386,14.1429,2.3333,1,3,73.2,0.8,1.4143,4.3714,0.0,2,0.1402,1.0286,1.5,0.0,0.2041,0,0.03
3,0.0,0.29,24.0,2.6667,0,4,73.2,5.1,2.4,7.27,0.0,4,0.0984,5.1,1.5,0.0,0.2705,0,0.29
3,0.0,0.0,3.0,2.6667,1,3,86.0,0.7,0.3,2.84,0.0,2,0.0837,0.7,1.5,0.0,0.2302,0,0.0
3,0.8,0.01,2.0,2.6667,0,2,86.0,2.9,0.2,1.44,0.0,2,0.1842,2.9,1.5,0.8,0.2009,1,0.01
3,0.91,0.07,41.0,5.6667,1,3,86.0,11.7,4.1,2.27,0.0,13,0.3579,11.7,1.5,0.91,0.0837,0,0.07
3,0.03,0.05,13.0,5.6667,0,2,90.0,5.6,1.3,1.5,0.0,2,0.348,5.6,1.5,0.03,0.084,0,0.05
3,0.0,0.06,16.0,5.6667,1,2,90.0,3.7,1.6,2.59,0.0,2,0.348,3.7,1.5,0.0,0.038,0,0.06
3,0.0,0.01,8.0,2.0,0,2,90.0,1.3,0.8,2.4,0.0,2,0.348,1.3,1.5,0.0,0.04,0,0.01
3,0.0,0.0,6.0,2.3333,1,3,90.0,1.4,0.6,0.8,0.0,3,0.188,1.4,1.5,0.0,0.038,1,0.0
3,0.0,0.05,14.0,2.3333,0,3,90.0,3.0,1.4,1.67,0.0,2,0.006,3.0,1.5,0.0,0.034,1,0.05
3,0.42,0.06,4.0,2.3333,1,3,90.0,6.4,0.4,1.42,0.0,2,0.084,6.4,1.5,0.42,0.036,0,0.06
3,0.21,0.02,11.0,2.0,1,3,90.0,3.8,1.1,1.42,0.0,2,0.126,3.8,1.5,0.21,0.028,0,0.02
3,0.06,0.31,-3.0,2.0,0,4,90.0,1.7,-0.3,1.27,0.0,2,0.138,1.7,1.5,0.06,0.088,1,0.31
3,0.0,0.01,7.0,2.3333,1,4,90.0,0.7,0.7,0.73,0.0,3,0.138,0.7,1.5,0.0,0.09,0,0.01
3,0.0,0.0202,8.0899,2.0,0,3,89.8,2.9,0.809,0.7685,0.0,1,0.1383,2.9326,1.5,0.0,0.0842,0,0.02
3,0.26,0.03,8.0,2.0,1,3,89.8,5.8,0.8,1.48,0.0,2,0.1062,5.8,1.5,0.26,0.0782,0,0.03
3,0.2605,0.0474,31.9737,3.6667,0,2,87.0,6.0,3.1974,0.8053,0.0,8,0.1117,7.1053,1.5,0.22,0.0848,0,0.04
3,1.5448,0.2418,34.9254,6.3333,1,2,82.4,12.6,3.4925,1.5851,0.0,9,0.3561,16.9254,1.5,1.15,0.0612,0,0.18
3,0.8882,0.0355,5.9211,6.3333,0,4,79.6,4.1,0.5921,1.5276,0.0,2,0.5382,4.8553,1.5,0.75,0.0678,0,0.03
3,0.0,0.06,12.0,4.3333,0,4,79.8,1.4,1.2,1.22,0.0,2,0.5368,1.4,1.5,0.0,0.0767,1,0.06
3,0.0,6.525,427.5,4.0,1,2,4.0,5.0,42.75,7.2,0.0,4,0.0,112.5,1.5,0.0,6.525,0,0.29
3,0.0,0.0,270.0,2.5,1,3,2.5,0.0,27.0,0.0,0.0,1,0.0,0.0,1.5,0.0,5.22,0,0.0
3,0.0,0.0,67.5,2.0,0,2,4.3333,0.3,6.75,0.9,0.0,1,0.0,3.375,1.5,0.0,2.0077,0,0.0
3,0.05,0.37,55.0,6.3333,1,4,25.75,13.6,5.5,1.21,0.0,17,0.0437,13.6,1.5,0.05,0.5767,1,0.37
3,0.2812,0.0,11.25,6.3333,1,4,23.8,0.6,1.125,0.0,0.0,1,0.0756,3.375,1.5,0.05,0.4992,0,0.0
3,0.28,0.01,12.0,7.6667,0,3,41.0,4.8,1.2,1.44,0.0,5,0.1668,4.8,1.5,0.28,0.1668,1,0.01
3,0.32,0.21,1.0,2.3333,1,3,58.8,5.2,0.1,2.27,0.0,1,0.2143,5.2,1.5,0.32,0.1806,0,0.21
3,0.2739,0.0783,11.7391,2.3333,1,4,61.8,2.1,1.1739,0.8217,0.0,1,0.2243,8.2174,1.5,0.07,0.1777,0,0.02
3,0.0,0.0,24.2308,1.0,0,4,49.0,0.7,2.4231,1.2808,0.0,1,0.2645,2.4231,1.5,0.0,0.0882,0,0.0
3,0.1043,0.0,6.5217,1.6667,1,3,59.6,1.8,0.6522,0.7957,0.0,3,0.2265,2.3478,1.5,0.08,0.0725,1,0.0
3,0.1,0.4167,40.0,3.3333,0,2,52.4,12.6,4.0,1.9667,0.0,6,0.1821,21.0,1.5,0.06,0.1649,1,0.25
3,0.05,0.19,20.0,3.6667,1,3,52.4,10.0,2.0,1.42,0.0,2,0.0893,10.0,1.5,0.05,0.158,0,0.19
3,0.22,0.11,4.0,3.3333,1,3,65.8,6.2,0.4,1.42,0.0,2,0.1122,6.2,1.5,0.22,0.1505,0,0.11
3,0.0281,0.0,7.0312,2.3333,0,2,73.4,0.7,0.7031,1.6875,0.0,3,0.1054,0.9844,1.5,0.02,0.1349,0,0.0
3,0.0,0.0468,11.6883,2.6667,1,4,75.0,2.5,1.1688,0.8532,0.0,3,0.084,2.9221,1.5,0.0,0.1416,0,0.04
3,0.0,0.0141,9.8438,2.6667,0,4,77.0,0.3,0.9844,0.7594,0.0,2,0.0678,0.4219,1.5,0.0,0.0818,0,0.01
3,0.0831,0.5954,41.5385,3.3333,1,2,72.0,9.7,4.1538,1.9246,0.0,5,0.075,13.4308,1.5,0.06,0.1475,0,0.43
3,0.1456,1.2574,46.3235,5.6667,0,3,67.6,13.2,4.6324,0.7941,0.0,10,0.0506,17.4706,1.5,0.11,0.3808,1,0.95
3,0.0806,0.0537,14.7761,5.6667,1,3,68.2,6.0,1.4776,1.5851,0.0,2,0.0607,8.0597,1.5,0.06,0.388,0,0.04
3,0.0,0.5754,41.3115,5.6667,0,3,65.0,6.0,4.1311,1.7262,0.0,5,0.0637,8.8525,1.5,0.0,0.504,0,0.39
3,1.0746,0.0537,33.5821,4.6667,0,3,65.6,8.7,3.3582,1.4507,0.0,7,0.2826,11.6866,1.5,0.8,0.5076,0,0.04
1,0.0,0.0,18.0,3.0,1,3,90.0,3.4,0.0,1.9,5.0,3,0.0,3.4,1.5,0.0,0.0,0,0.0
1,0.0,0.0,14.0,3.0,0,2,90.0,2.9,0.0,1.09,3.0,3,0.0,2.9,1.5,0.0,0.0,0,0.0
1,0.02,0.0,14.0,2.3333,1,4,90.0,2.2,0.0,0.95,2.0,1,0.0067,2.2,1.5,0.02,0.0,0,0.0
1,0.0,0.0,13.0,2.0,0,3,90.0,1.9,0.0,1.42,4.0,2,0.005,1.9,1.5,0.0,0.0,1,0.0
1,0.0,0.0,25.0,3.0,1,2,90.0,1.8,0.0,0.54,2.0,6,0.004,1.8,1.5,0.0,0.0,1,0.0
1,0.0,0.0,24.0,4.6667,0,4,90.0,0.7,0.0,0.94,1.0,6,0.004,0.7,1.5,0.0,0.0,0,0.0
1,0.0,0.0,24.0,6.0,1,3,90.0,1.9,0.0,0.65,2.0,6,0.004,1.9,1.5,0.0,0.0,0,0.0
1,0.0,0.0,13.0,4.3333,0,3,90.0,1.1,0.0,1.22,1.0,1,0.0,1.1,1.5,0.0,0.0,1,0.0
1,0.0,0.0,27.0,4.6667,1,3,90.0,2.1,0.0,1.21,3.0,7,0.0,2.1,1.5,0.0,0.0,0,0.0
1,0.0,0.0,17.0,3.3333,0,3,90.0,2.9,0.0,0.98,4.0,2,0.0,2.9,1.5,0.0,0.0,1,0.0
1,0.0,0.0,21.0,5.0,1,4,90.0,1.0,0.0,0.56,1.0,6,0.0,1.0,1.5,0.0,0.0,0,0.0
1,0.0,0.0,26.0,4.0,0,2,90.0,5.4,0.0,2.49,8.0,4,0.0,5.4,1.5,0.0,0.0,0,0.0
1,0.0,0.0,12.0,4.3333,1,4,90.0,1.9,0.0,0.58,3.0,3,0.0,1.9,1.5,0.0,0.0,0,0.0
1,0.0,0.0,21.1765,4.3333,1,2,89.0,0.9,0.0,0.18,1.0588,6,0.0,0.9529,1.5,0.0,0.0,0,0.0
1,0.0,0.0,11.0,3.3333,0,3,89.0,2.6,0.0,1.22,3.0,1,0.0,2.6,1.5,0.0,0.0,0,0.0
3,0.0,0.0,32.7273,1.0,1,3,11.0,1.0,3.2727,0.2455,0.0,1,0.0,8.1818,1.5,0.0,0.0,0,0.0
3,0.1068,0.0153,1.5254,1.0,0,2,35.0,2.2,0.1525,3.3102,0.0,1,0.09,3.3559,1.5,0.07,0.0129,1,0.01
3,0.0,0.0,10.0,0.6667,1,4,26.3333,0.3,1.0,0.0,0.0,0,0.0797,3.0,1.5,0.0,0.0114,1,0.0
3,0.0,0.0,270.0,0.6667,1,4,20.0,0.0,27.0,2.7,0.0,1,0.0788,0.0,1.5,0.0,0.0112,0,0.0
3,0.0,0.0,270.0,0.6667,0,3,16.2,0.0,27.0,29.7,0.0,1,0.0778,0.0,1.5,0.0,0.0111,0,0.0
3,0.0,0.1125,11.25,1.0,0,3,17.2,0.1,1.125,8.1,0.0,1,0.0733,0.5625,1.5,0.0,0.0314,1,0.02
3,2.4,0.0,30.0,1.0,1,4,6.6,4.0,3.0,1.35,0.0,1,0.4364,60.0,1.5,0.16,0.0545,0,0.0
3,54.0,0.0,1890.0,2.6667,1,2,5.0,6.9,189.0,9.9,0.0,6,2.736,621.0,1.5,0.6,0.072,0,0.0
3,0.0,0.0,270.0,2.6667,0,2,5.0,0.5,27.0,3.6,0.0,1,2.736,45.0,1.5,0.0,0.072,0,0.0
3,0.0,0.0,270.0,2.6667,1,3,5.0,0.0,27.0,0.0,0.0,1,2.736,0.0,1.5,0.0,0.072,0,0.0
3,0.0,0.0,270.0,1.0,0,3,2.0,0.0,27.0,9.9,0.0,1,6.84,0.0,1.5,0.0,0.0,0,0.0
3,0.0,0.0,33.75,1.0,1,2,2.4,0.6,3.375,0.9,0.0,1,4.5,6.75,1.5,0.0,0.0,0,0.0
3,2.7,0.72,0.0,1.0,0,2,3.2,2.9,0.0,1.62,0.0,1,0.8438,52.2,1.5,0.15,0.225,0,0.04
2,0.0,0.0,14.0,2.0,1,3,90.0,1.7,2.1,1.9,0.0,2,0.0,1.7,1.5,0.0,0.0,0,0.0
2,0.0,0.01,11.0,2.0,0,3,90.0,3.3,1.65,1.09,0.0,2,0.0,3.3,1.5,0.0,0.005,1,0.01
2,0.1,0.01,11.0,1.6667,1,4,90.0,1.1,1.65,0.95,0.0,1,0.0333,1.1,1.5,0.1,0.0067,0,0.01
2,0.02,0.04,11.0,1.0,0,3,90.0,4.6,1.65,1.42,0.0,0,0.03,4.6,1.5,0.02,0.015,0,0.04
2,0.02,0.0,26.0,2.6667,1,2,90.0,2.6,3.9,0.54,0.0,7,0.028,2.6,1.5,0.02,0.012,0,0.0
2,0.02,0.01,26.0,4.3333,0,2,90.0,2.6,3.9,0.94,0.0,6,0.032,2.6,1.5,0.02,0.014,0,0.01
2,0.33,0.01,27.0,6.6667,1,4,90.0,2.5,4.05,0.65,0.0,7,0.098,2.5,1.5,0.33,0.014,0,0.01
2,0.0,0.0,17.0,4.6667,0,3,90.0,2.3,2.55,1.22,0.0,1,0.078,2.3,1.5,0.0,0.012,0,0.0
2,0.0,0.08,30.0,5.0,1,2,90.0,3.4,4.5,1.21,0.0,7,0.074,3.4,1.5,0.0,0.02,0,0.08
2,0.09,0.25,33.0,4.3333,0,3,90.0,4.6,4.95,0.98,0.0,5,0.088,4.6,1.5,0.09,0.07,1,0.25
2,0.02,0.01,20.0,5.6667,1,4,90.0,1.2,3.0,0.56,0.0,5,0.088,1.2,1.5,0.02,0.07,0,0.01
2,0.03,0.01,12.0,3.6667,0,3,90.0,1.8,1.8,2.49,0.0,1,0.028,1.8,1.5,0.03,0.07,0,0.01
2,0.05,0.01,15.0,2.6667,1,3,90.0,4.0,2.25,0.58,0.0,2,0.038,4.0,1.5,0.05,0.072,0,0.01
2,0.17,0.22,21.0,3.0,1,3,90.0,3.2,3.15,0.36,0.0,6,0.072,3.2,1.5,0.17,0.1,0,0.22
2,0.01,0.01,15.0,3.0,0,4,90.0,4.6,2.25,3.23,0.0,1,0.056,4.6,1.5,0.01,0.052,0,0.01
2,0.0,0.01,16.0,2.3333,0,3,90.0,2.3,2.4,3.88,0.0,0,0.052,2.3,1.5,0.0,0.052,0,0.01
2,0.0692,0.0,13.8462,0.6667,1,3,74.6,0.0,2.0769,0.2077,0.0,1,0.0579,0.0,1.5,0.01,0.0603,0,0.0
2,0.02,0.16,13.0,1.0,0,2,74.6,1.9,1.95,1.88,0.0,2,0.0507,1.9,1.5,0.02,0.0965,0,0.16
2,0.05,0.18,13.0,1.0,1,4,74.6,3.8,1.95,3.46,0.0,0,0.0217,3.8,1.5,0.05,0.0869,0,0.18
2,0.0,0.01,15.0,0.6667,0,2,74.6,5.8,2.25,7.27,0.0,0,0.0193,5.8,1.5,0.0,0.0869,1,0.01
2,0.06,0.0,15.0,0.3333,1,3,74.6,5.9,2.25,2.84,0.0,1,0.0338,5.9,1.5,0.06,0.0845,0,0.0
2,0.99,0.0,38.0,6.0,0,3,90.0,15.3,5.7,1.44,0.0,17,0.224,15.3,1.5,0.99,0.07,1,0.0
2,0.08,0.03,14.0,6.0,1,3,90.0,3.8,2.1,2.27,0.0,0,0.236,3.8,1.5,0.08,0.044,0,0.03
2,0.11,0.02,23.0,8.0,0,3,90.0,10.3,3.45,1.5,0.0,7,0.248,10.3,1.5,0.11,0.012,0,0.02
2,0.06,0.11,15.0,3.3333,1,3,90.0,3.0,2.25,2.59,0.0,3,0.26,3.0,1.5,0.06,0.032,0,0.11
2,0.0,0.0,13.0,3.3333,0,3,90.0,2.5,1.95,2.4,0.0,0,0.248,2.5,1.5,0.0,0.032,0,0.0
2,0.0,0.0,37.0,5.0,1,4,90.0,4.3,5.55,0.8,0.0,12,0.05,4.3,1.5,0.0,0.032,1,0.0
2,0.02,0.01,13.0,4.3333,0,3,90.0,0.8,1.95,1.67,0.0,1,0.038,0.8,1.5,0.02,0.028,0,0.01
2,0.0,0.01,9.0,4.6667,1,2,90.0,2.1,1.35,1.42,0.0,1,0.016,2.1,1.5,0.0,0.026,0,0.01
2,0.01,0.05,15.0,1.3333,1,4,90.0,4.0,2.25,1.42,0.0,2,0.006,4.0,1.5,0.01,0.014,1,0.05
2,0.0,0.04,28.0,3.3333,0,3,90.0,3.9,4.2,1.27,0.0,7,0.006,3.9,1.5,0.0,0.022,0,0.04
2,0.05,0.07,33.0,7.3333,1,2,90.0,8.6,4.95,0.73,0.0,13,0.016,8.6,1.5,0.05,0.036,0,0.07
2,0.01,0.01,13.0,7.0,0,4,90.0,3.2,1.95,0.88,0.0,1,0.014,3.2,1.5,0.01,0.036,0,0.01
2,0.0,0.02,16.0,5.0,1,2,81.0,0.4,2.4,2.62,0.0,1,0.0156,0.8,1.5,0.0,0.04,0,0.01
2,0.0333,0.0333,-6.6667,0.6667,0,4,68.4,0.6,-1.0,0.9,0.0,0,0.0184,2.0,1.5,0.01,0.0368,0,0.01
2,0.13,0.01,9.0,0.6667,0,2,68.4,1.4,1.35,1.19,0.0,1,0.0526,1.4,1.5,0.13,0.0289,1,0.01
2,0.0,0.0,90.0,1.0,1,2,3.0,0.2,13.5,13.5,0.0,1,0.0,6.0,1.5,0.0,0.0,0,0.0
2,0.0,0.0123,11.0959,0.5,0,3,38.0,2.0,1.6644,1.6274,0.0,0,0.0,2.4658,1.5,0.0,0.0118,0,0.01
2,0.0,0.0,270.0,0.6667,0,3,25.6667,0.0,40.5,0.0,0.0,1,0.0,0.0,1.5,0.0,0.0117,0,0.0
3,0.59,0.1,25.0,6.0,1,3,90.0,0.0,2.5,1.66,0.0,6,0.59,0.0,1.5,0.59,0.1,1,0.1
3,0.0,0.0136,8.1818,3.5,0,2,78.0,0.4,0.8182,1.1045,0.0,1,0.3404,0.5455,1.5,0.0,0.0635,0,0.01
3,0.038,0.0,16.4789,3.3333,1,3,75.6667,1.5,1.6479,0.507,0.0,3,0.2458,1.9014,1.5,0.03,0.0436,0,0.0
3,0.0,0.1579,11.0526,1.6667,0,3,71.0,4.5,1.1053,1.9579,0.0,1,0.1965,7.1053,1.5,0.0,0.0665,0,0.1
3,0.0,0.99,63.0,1.6667,0,2,60.8,3.9,6.3,0.945,0.0,1,0.1836,17.55,1.5,0.0,0.1273,0,0.22
3,0.0,0.0409,16.3636,1.0,1,3,47.2,1.7,1.6364,1.2273,0.0,1,0.0114,6.9545,1.5,0.0,0.1297,1,0.01
3,0.0,0.02,14.0,1.3333,0,3,52.0,2.0,1.4,1.22,0.0,2,0.0104,2.0,1.5,0.0,0.1212,0,0.02
3,0.0,0.0429,12.8571,1.3333,1,2,42.0,0.3,1.2857,3.5143,0.0,1,0.0,1.2857,1.5,0.0,0.1543,0,0.01
2,0.0,0.26,22.0,2.0,1,4,90.0,7.5,3.3,1.9,0.0,2,0.0,7.5,1.5,0.0,0.26,0,0.26
2,0.0,0.07,19.0,2.0,0,4,90.0,4.9,2.85,1.09,0.0,2,0.0,4.9,1.5,0.0,0.165,0,0.07
2,0.0,0.18,15.0,1.3333,1,3,90.0,8.8,2.25,0.95,0.0,0,0.0,8.8,1.5,0.0,0.17,1,0.18
2,0.0,0.04,12.0,1.0,0,3,90.0,4.0,1.8,1.42,0.0,1,0.0,4.0,1.5,0.0,0.1375,0,0.04
2,0.01,0.2,29.0,3.0,1,4,90.0,6.2,4.35,0.54,0.0,8,0.002,6.2,1.5,0.01,0.15,0,0.2
2,0.0,0.887,87.3913,9.0,0,3,85.8,13.7,13.1087,0.9522,0.0,18,0.0021,17.8696,1.5,0.0,0.2455,0,0.68
2,0.04,0.62,44.0,12.6667,1,3,85.8,11.3,6.6,0.65,0.0,12,0.0105,11.3,1.5,0.04,0.3608,1,0.62
2,0.0,0.43,33.0,12.0,0,3,85.8,11.3,4.95,1.22,0.0,6,0.0105,11.3,1.5,0.0,0.4133,0,0.43
2,0.0,0.6353,47.6471,9.3333,1,4,81.4,6.9,7.1471,0.5162,0.0,10,0.0111,9.1324,1.5,0.0,0.5329,0,0.48
2,0.0,0.57,9.0,5.3333,0,3,81.4,5.6,1.35,0.98,0.0,0,0.0088,5.6,1.5,0.0,0.6147,0,0.57
2,0.0,0.2,24.0,6.3333,1,4,85.6,3.9,3.6,0.56,0.0,9,0.0084,3.9,1.5,0.0,0.4836,0,0.2
2,0.0,0.03,7.0,3.3333,0,3,85.6,2.9,1.05,2.49,0.0,1,0.0,2.9,1.5,0.0,0.3596,0,0.03
2,0.05,0.3,16.0,3.6667,1,3,85.6,6.7,2.4,0.58,0.0,1,0.0105,6.7,1.5,0.05,0.3322,0,0.3
2,0.09,0.81,45.0,4.6667,1,3,90.0,12.4,6.75,0.36,0.0,12,0.028,12.4,1.5,0.09,0.382,0,0.81
2,0.06,0.18,12.0,4.6667,0,3,90.0,6.2,1.8,3.23,0.0,1,0.04,6.2,1.5,0.06,0.304,1,0.18
2,0.0,0.2859,13.7647,4.0,0,4,89.0,5.6,2.0647,3.4518,0.0,-1,0.0404,5.9294,1.5,0.0,0.3216,0,0.27
2,0.0,0.26,22.0,0.6667,0,3,89.0,14.0,3.3,1.88,0.0,2,0.0404,14.0,1.5,0.0,0.3681,0,0.26
2,0.0,0.26,17.0,0.6667,1,2,89.0,6.5,2.55,3.46,0.0,1,0.0303,6.5,1.5,0.0,0.36,0,0.26
2,0.0,0.15,14.0,1.3333,1,3,89.0,5.7,2.1,2.84,0.0,1,0.0121,5.7,1.5,0.0,0.2265,0,0.15
2,0.0,0.28,30.0,3.0,0,2,89.0,9.9,4.5,1.44,0.0,7,0.0,9.9,1.5,0.0,0.2467,0,0.28
2,0.33,0.08,38.0,5.6667,1,4,90.0,10.8,5.7,2.27,0.0,9,0.066,10.8,1.5,0.33,0.206,0,0.08
2,0.0,0.11,27.0,6.6667,0,4,90.0,5.9,4.05,1.5,0.0,4,0.066,5.9,1.5,0.0,0.176,0,0.11
2,0.0,0.41,11.0,4.6667,1,4,90.0,5.7,1.65,2.59,0.0,1,0.066,5.7,1.5,0.0,0.206,0,0.41
2,0.0,0.02,7.0,1.6667,0,2,90.0,2.8,1.05,2.4,0.0,0,0.066,2.8,1.5,0.0,0.18,0,0.02
2,0.1235,0.0176,8.8235,0.6667,1,4,82.2,1.0,1.3235,0.4765,0.0,1,0.0876,1.7647,1.5,0.07,0.138,1,0.01
2,0.0,0.0,270.0,0.6667,1,4,64.4,0.1,40.5,0.0,0.0,1,0.0196,9.0,1.5,0.0,0.1537,1,0.0
2,0.0,0.0871,13.0645,1.0,0,3,58.8,4.7,1.9597,1.6984,0.0,1,0.0214,6.8226,1.5,0.0,0.1531,0,0.06
2,0.0,0.1,30.0,1.0,0,2,42.6,0.2,4.5,0.9,0.0,1,0.0296,2.0,1.5,0.0,0.0423,1,0.01
3,0.0,0.05,10.0,1.0,0,4,18.0,0.4,1.0,0.35,0.0,1,0.0,2.0,1.5,0.0,0.05,1,0.01
3,0.0,1.3821,12.8571,1.0,1,3,23.0,2.4,1.2857,0.0964,0.0,1,0.0,7.7143,1.5,0.0,0.8609,0,0.43
3,0.15,0.03,17.0,1.3333,0,4,45.3333,7.0,1.7,2.32,0.0,2,0.0993,7.0,1.5,0.15,0.311,0,0.03
3,0.3706,0.0,105.8824,3.0,0,4,38.25,5.3,10.5882,1.5353,0.0,6,0.1294,28.0588,1.5,0.07,0.2765,0,0.0
3,0.3,0.0261,3.913,3.6667,1,3,44.4,3.9,0.3913,0.7957,0.0,3,0.1824,5.087,1.5,0.23,0.1986,0,0.02
3,0.319,0.0456,9.1139,3.6667,0,4,56.6,3.2,0.9114,1.8911,0.0,2,0.2322,3.6456,1.5,0.28,0.1654,0,0.04
3,0.2411,0.0482,6.4286,2.0,1,2,62.2,4.5,0.6429,1.7839,0.0,1,0.2547,7.2321,1.5,0.15,0.0347,0,0.03
3,0.0,0.0474,9.4737,1.3333,1,3,48.0,0.7,0.9474,4.2632,0.0,1,0.2738,3.3158,1.5,0.0,0.0375,0,0.01
3,0.0,0.0,0.0,1.0,0,2,52.4,1.4,0.0,2.4,0.0,1,0.2267,3.2308,1.5,0.0,0.0344,0,0.0
4,3.7227,0.0,85.9091,5.0,1,4,22.0,10.6,0.0,1.6364,0.0,5,3.7227,43.3636,1.5,0.91,0.0,1,0.0
4,0.0,0.0,11.25,3.0,0,3,23.0,1.4,0.0,1.05,0.0,1,1.7804,5.25,1.5,0.0,0.0,0,0.0
4,0.5,0.0,0.0,2.3333,1,3,21.3333,0.3,0.0,2.8,0.0,1,1.4203,1.5,1.5,0.1,0.0,0,0.0
4,1.2656,0.0,75.9375,2.6667,0,4,24.0,5.3,0.0,0.5062,0.0,6,1.3688,14.9062,1.5,0.45,0.0,1,0.0
4,0.98,0.08,23.0,4.0,1,3,37.2,7.5,0.0,0.54,0.0,5,1.1806,7.5,1.5,0.98,0.0387,0,0.08
4,1.5261,0.013,26.087,5.6667,0,3,46.6,14.7,0.0,0.9522,0.0,6,1.0429,19.1739,1.5,1.17,0.0348,0,0.01
4,0.0,0.0,22.5,4.0,0,2,42.6,0.0,0.0,1.8,0.0,1,1.1408,0.0,1.5,0.0,0.038,1,0.0
4,0.9652,0.013,30.0,4.3333,1,4,52.8,5.7,0.0,0.5087,0.0,6,1.1386,7.4348,1.5,0.74,0.0341,0,0.01
4,1.62,0.0,47.0,6.6667,0,2,64.4,13.4,0.0,0.98,0.0,13,1.2606,13.4,1.5,1.62,0.028,0,0.0
4,0.1328,0.0148,11.8033,7.0,1,4,58.6,0.6,0.0,0.782,0.0,2,1.1119,0.8852,1.5,0.09,0.0092,0,0.01
4,0.4846,0.1731,41.5385,6.3333,0,3,50.0,6.5,0.0,5.4692,0.0,4,0.9324,22.5,1.5,0.14,0.0252,1,0.05
4,0.28,0.03,-2.0,2.6667,1,3,67.2,6.1,0.0,0.29,0.0,2,0.7687,6.1,1.5,0.28,0.0268,0,0.03
4,0.76,0.0,1.0,2.6667,0,4,71.4,7.9,0.0,1.88,0.0,2,0.7286,7.9,1.5,0.76,0.0227,1,0.0
4,0.6686,0.0,7.7143,1.6667,1,2,60.4,0.8,0.0,2.5971,0.0,1,0.456,2.0571,1.5,0.26,0.0268,1,0.0
4,0.0,0.24,6.0,1.3333,1,2,57.2,3.5,0.0,2.16,0.0,1,0.4531,7.0,1.5,0.0,0.0629,0,0.12
4,0.0,0.0,-3.0,1.0,0,3,70.0,0.8,0.0,1.5,0.0,1,0.3343,0.8,1.5,0.0,0.0386,0,0.0
4,0.0,0.0,10.8,1.0,0,3,57.0,0.2,0.0,1.224,0.0,1,0.3221,0.72,1.5,0.0,0.0379,1,0.0
4,2.025,0.4125,97.5,2.3333,1,2,43.8,7.8,0.0,0.3,0.0,5,0.3288,29.25,1.5,0.54,0.0945,0,0.11
4,1.2176,0.1456,37.0588,3.6667,0,3,50.4,9.7,0.0,0.7941,0.0,5,0.5214,12.8382,1.5,0.92,0.1214,1,0.11
4,0.0,0.1,20.0,3.6667,0,2,43.2,0.4,0.0,0.9,0.0,1,0.6083,4.0,1.5,0.0,0.0958,0,0.01
3,0.0,0.0,0.0,1.0,0,3,4.0,0.0,0.0,0.0,0.0,1,0.0,0.0,1.5,0.0,0.0,0,0.0
2,0.0,0.0,10.0,1.0,0,3,90.0,1.2,1.5,0.83,0.0,1,0.0,1.2,1.5,0.0,0.0,0,0.0
2,0.01,0.25,34.0,5.5,1,2,90.0,9.5,5.1,0.51,0.0,10,0.005,9.5,1.5,0.01,0.125,0,0.25
2,0.0,0.01,6.0,3.6667,0,2,90.0,3.1,0.9,2.91,0.0,0,0.0033,3.1,1.5,0.0,0.0867,0,0.01
2,0.0,0.0,20.2817,5.3333,0,4,85.25,1.0,3.0423,1.9521,0.0,6,0.0026,1.2676,1.5,0.0,0.0686,0,0.0
2,0.0,0.0164,9.8182,2.0,0,4,79.2,1.0,1.4727,1.2764,0.0,0,0.0023,1.6364,1.5,0.0,0.0614,0,0.01
2,0.0,0.02,13.0,2.6667,1,2,79.2,2.0,1.95,1.7,0.0,2,0.0023,2.0,1.5,0.0,0.0659,0,0.02
2,0.08,0.08,20.0,1.0,0,2,70.2,2.1,3.0,0.74,0.0,1,0.0103,4.2,1.5,0.04,0.0205,0,0.04
2,0.0414,0.0414,6.2069,1.6667,1,2,69.6,3.2,0.931,1.1586,0.0,2,0.0207,3.3103,1.5,0.04,0.0284,0,0.04
2,0.0,0.01,11.0,1.3333,0,4,73.4,2.6,1.65,2.95,0.0,1,0.0196,2.6,1.5,0.0,0.0294,1,0.01
2,0.0,0.0,9.4737,1.3333,1,3,66.2,0.5,1.4211,0.6158,0.0,1,0.0218,2.3684,1.5,0.0,0.0299,0,0.0
2,0.3214,0.0,25.7143,1.0,0,3,51.0,1.5,3.8571,2.5714,0.0,1,0.0459,9.6429,1.5,0.05,0.0318,0,0.0
2,0.02,0.07,19.0,1.3333,1,4,60.0,4.1,2.85,0.7,0.0,2,0.033,4.1,1.5,0.02,0.036,0,0.07
4,2.7,0.0,123.1579,7.0,0,2,19.0,6.8,0.0,2.1789,0.0,7,2.7,32.2105,1.5,0.57,0.0,0,0.0
4,0.3361,0.0217,31.4458,7.0,1,3,51.0,8.1,0.0,0.553,0.0,7,0.7765,8.7831,1.5,0.31,0.0176,1,0.02
4,0.7538,0.0225,32.625,6.6667,0,2,60.6667,6.4,0.0,3.1388,0.0,6,0.7665,7.2,1.5,0.67,0.0198,0,0.02
4,0.3938,0.3516,21.0938,6.0,0,2,61.5,5.7,0.0,2.1656,0.0,5,0.6695,8.0156,1.5,0.28,0.1061,0,0.25
4,0.0828,0.0414,16.5517,5.3333,1,4,66.6,4.9,0.0,0.2897,0.0,5,0.5162,5.069,1.5,0.08,0.0892,1,0.04
4,0.5959,0.0365,-1.2162,3.6667,0,4,77.6,2.3,0.0,0.9486,0.0,1,0.4245,2.7973,1.5,0.49,0.0835,0,0.03
4,0.0,0.0225,9.0,2.6667,1,4,77.0,3.3,0.0,0.9787,0.0,2,0.3553,3.7125,1.5,0.0,0.0842,0,0.02
4,0.0,0.0,12.8571,1.3333,0,3,65.2,0.1,0.0,2.1857,0.0,1,0.2347,0.4286,1.5,0.0,0.0939,1,0.0
4,0.0,0.0111,3.3333,1.6667,1,4,68.6,1.0,0.0,1.2778,0.0,2,0.1496,1.1111,1.5,0.0,0.0262,0,0.01
4,1.584,0.012,26.4,3.0,0,4,66.2,8.2,0.0,1.368,0.0,6,0.4921,9.84,1.5,1.32,0.019,1,0.01
4,0.44,0.0,52.0,4.3333,1,3,60.4,7.2,0.0,0.94,0.0,5,0.4589,14.4,1.5,0.22,0.0119,0,0.0
4,0.18,0.0,6.0,4.3333,0,3,62.4,4.0,0.0,0.96,0.0,2,0.4962,4.0,1.5,0.18,0.0058,0,0.0
4,0.0,0.094,5.3731,3.0,1,4,71.6,0.9,0.0,0.6448,0.0,2,0.4324,1.209,1.5,0.0,0.0226,0,0.07
4,0.9682,0.0,36.8182,3.6667,1,3,68.6,9.7,0.0,0.6136,0.0,7,0.6376,13.2273,1.5,0.71,0.021,0,0.0
4,0.0,0.76,38.0,4.3333,0,2,62.6,3.8,0.0,3.84,0.0,4,0.3192,7.6,1.5,0.0,0.1294,0,0.38
4,0.072,0.18,14.4,4.0,1,3,58.6,0.9,0.0,3.564,0.0,1,0.2795,3.24,1.5,0.02,0.1536,0,0.05
4,0.0,0.0,15.0,2.0,0,3,44.2,0.7,0.0,0.2,0.0,1,0.2973,3.5,1.5,0.0,0.2036,0,0.0
4,0.0,0.0,180.0,1.0,0,3,31.0,0.0,0.0,0.0,0.0,1,0.4239,0.0,1.5,0.0,0.2497,0,0.0
4,0.0,0.0,67.5,1.0,1,3,18.6,0.1,0.0,2.025,0.0,1,0.0194,2.25,1.5,0.0,0.4161,1,0.0
4,0.0,0.0,24.5455,1.0,0,3,11.8,0.1,0.0,1.4727,0.0,1,0.0305,0.8182,1.5,0.0,0.0763,0,0.0
2,0.21,0.03,14.0,1.0,0,2,90.0,6.1,2.1,0.83,0.0,1,0.21,6.1,1.5,0.21,0.03,1,0.03
2,0.5029,0.0,5.2941,1.0,1,3,79.0,5.3,0.7941,0.3176,0.0,1,0.3361,7.0147,1.5,0.38,0.0171,0,0.0
2,0.25,0.01,25.0,3.0,0,2,82.6667,10.3,3.75,2.91,0.0,7,0.3048,10.3,1.5,0.25,0.0145,0,0.01
2,0.0,0.0,25.0,5.6667,0,3,84.5,4.4,3.75,2.13,0.0,9,0.2237,4.4,1.5,0.0,0.0107,1,0.0
2,0.04,0.28,19.0,5.6667,0,2,85.6,4.9,2.85,1.33,0.0,1,0.185,4.9,1.5,0.04,0.0673,1,0.28
2,0.03,0.0,10.0,4.0,1,3,85.6,3.8,1.5,1.7,0.0,2,0.1472,3.8,1.5,0.03,0.061,0,0.0
2,0.15,0.05,26.0,3.0,0,2,90.0,3.1,3.9,0.81,0.0,6,0.094,3.1,1.5,0.15,0.068,0,0.05
2,0.0584,0.0234,25.7143,4.6667,1,2,87.4,2.0,3.8571,0.713,0.0,6,0.0556,2.3377,1.5,0.05,0.0721,1,0.02
2,0.0,0.0265,21.1765,4.3333,0,3,83.0,4.0,3.1765,3.2294,0.0,1,0.0586,5.2941,1.5,0.0,0.0802,0,0.02
2,0.0,0.0,25.7143,2.6667,0,3,67.8,1.0,3.8571,2.5714,0.0,1,0.0611,6.4286,1.5,0.0,0.0239,0,0.0
2,0.0,0.0,18.0,1.0,1,2,58.8,1.9,2.7,0.9,0.0,1,0.0612,3.8,1.5,0.0,0.0276,0,0.0
2,0.0,0.01,10.0,1.3333,0,2,58.8,1.5,1.5,1.17,0.0,2,0.0153,1.5,1.5,0.0,0.0153,1,0.01
2,0.2955,0.3224,16.1194,1.3333,1,3,56.8,5.1,2.4179,1.7866,0.0,1,0.0697,6.8507,1.5,0.22,0.0856,0,0.24
2,0.0,0.0,-32.7273,0.0,1,2,47.6,0.1,-4.9091,12.15,0.0,-3,0.0832,0.4091,1.5,0.0,0.0945,0,0.0
2,0.0,0.0,120.0,-0.3333,1,3,45.4,0.4,18.0,9.6,0.0,1,0.0872,12.0,1.5,0.0,0.0991,0,0.0
2,0.04,0.0,7.0,0.0,0,2,54.4,1.8,1.05,0.6,0.0,2,0.086,1.8,1.5,0.04,0.0827,1,0.0
2,0.0867,0.0,3.253,1.3333,1,3,53.0,3.2,0.488,0.8349,0.0,1,0.1155,3.4699,1.5,0.08,0.0815,0,0.0
2,0.0,0.07,31.0,3.0,0,3,57.6,5.7,4.65,2.27,0.0,6,0.0375,5.7,1.5,0.0,0.0219,0,0.07
2,0.11,0.04,31.0,5.6667,1,3,71.2,10.4,4.65,1.81,0.0,10,0.0581,10.4,1.5,0.11,0.0278,0,0.04
2,0.0,0.0,11.0,6.0,0,2,88.6,3.1,1.65,1.21,0.0,2,0.0467,3.1,1.5,0.0,0.0223,0,0.0
3,0.0,0.0129,10.2857,2.0,0,3,70.0,1.2,1.0286,0.4886,0.0,2,0.0,1.5429,1.5,0.0,0.0129,0,0.01
3,0.09,0.07,14.0,2.0,1,3,80.0,3.4,1.4,0.51,0.0,2,0.0506,3.4,1.5,0.09,0.045,0,0.07
3,0.0338,0.0,5.625,2.0,0,4,80.0,1.1,0.5625,3.1388,0.0,2,0.045,1.2375,1.5,0.03,0.03,0,0.0
3,0.0,0.0,6.0,1.6667,0,4,71.25,0.2,0.6,1.6,0.0,1,0.0379,0.4,1.5,0.0,0.0253,0,0.0
3,0.0,0.0,-33.75,1.0,1,2,58.6,0.0,-3.375,1.125,0.0,0,0.0369,0.0,1.5,0.0,0.0246,0,0.0
3,0.0,0.02,6.0,0.6667,0,3,53.6,1.2,0.6,2.2,0.0,1,0.0403,2.4,1.5,0.0,0.0269,0,0.01
3,0.1016,0.0,4.3548,1.0,1,3,48.0,0.5,0.4355,2.0323,0.0,2,0.0375,0.7258,1.5,0.07,0.0038,0,0.0
3,0.0,0.0,8.4375,1.3333,0,3,38.4,0.2,0.8438,1.4062,0.0,1,0.0328,0.5625,1.5,0.0,0.0047,0,0.0
3,0.0,0.0333,10.0,1.3333,0,3,34.8,0.4,1.0,1.0667,0.0,1,0.0362,1.3333,1.5,0.0,0.0103,0,0.01
3,0.1636,0.0409,8.1818,1.0,1,3,37.6,0.9,0.8182,0.8182,0.0,1,0.0527,3.6818,1.5,0.04,0.0144,0,0.01
3,0.0,0.0,270.0,1.0,1,3,28.8,0.0,27.0,3.6,0.0,1,0.0688,0.0,1.5,0.0,0.0125,0,0.0
3,0.0,0.0101,9.1011,1.3333,0,3,34.2,1.2,0.9101,2.3157,0.0,2,0.0211,1.2135,1.5,0.0,0.0158,0,0.01
3,0.0314,0.0209,14.6512,1.6667,1,4,45.0,1.4,1.4651,0.4709,0.0,2,0.028,1.4651,1.5,0.03,0.02,0,0.02
3,0.05,0.39,33.0,4.0,0,3,57.6,6.4,3.3,1.29,0.0,8,0.0375,6.4,1.5,0.05,0.1344,0,0.39
3,0.02,0.03,16.0,4.0,1,3,71.2,3.0,1.6,1.23,0.0,2,0.0253,3.0,1.5,0.02,0.1138,0,0.03
3,0.0,0.05,30.0,3.6667,0,4,74.6,1.2,3.0,0.3,0.0,1,0.0241,6.0,1.5,0.0,0.111,0,0.01
3,0.0,0.075,30.0,1.3333,1,3,59.2,1.6,3.0,0.0,0.0,1,0.0304,12.0,1.5,0.0,0.1399,0,0.01
3,0.21,0.03,13.0,1.6667,1,3,60.0,5.5,1.3,0.56,0.0,3,0.084,5.5,1.5,0.21,0.141,0,0.03
3,0.04,0.02,16.0,2.0,0,2,60.0,1.9,1.6,3.57,0.0,2,0.081,1.9,1.5,0.04,0.03,0,0.02
3,0.0,0.0818,32.7273,1.6667,1,2,44.2,1.5,3.2727,3.5182,0.0,0,0.1018,12.2727,1.5,0.0,0.0326,0,0.01
3,0.0,0.03,21.0,1.3333,0,3,52.6,1.6,2.1,0.63,0.0,2,0.0856,2.4,1.5,0.0,0.0308,0,0.02
3,0.07,0.04,25.0,2.3333,1,3,68.2,6.4,2.5,1.48,0.0,5,0.0845,6.4,1.5,0.07,0.0317,0,0.04
3,0.0,0.0112,4.5,2.6667,0,3,66.2,1.5,0.45,1.5075,0.0,1,0.0299,1.6875,1.5,0.0,0.0272,1,0.01
3,0.9307,0.0614,36.8182,5.0,1,2,65.8,14.0,3.6818,1.0943,0.0,9,0.2681,14.3182,1.5,0.91,0.0383,1,0.06
3,0.0,0.0114,13.6709,4.0,0,3,79.4,1.9,1.3671,0.4443,0.0,2,0.2222,2.1646,1.5,0.0,0.0317,0,0.01
3,0.0,0.037,13.5616,4.3333,1,3,82.0,3.8,1.3562,0.9493,0.0,2,0.2151,4.6849,1.5,0.0,0.0329,0,0.03
3,0.23,0.08,27.0,3.0,0,2,82.0,9.2,2.7,2.27,0.0,5,0.2502,9.2,1.5,0.23,0.0417,0,0.08
3,0.03,0.04,4.0,3.0,1,2,84.0,2.9,0.4,1.81,0.0,2,0.2507,2.9,1.5,0.03,0.0471,0,0.04
3,0.0,0.0114,11.3924,3.0,0,3,82.2,4.0,1.1392,1.1734,0.0,2,0.0569,4.557,1.5,0.0,0.0372,0,0.01
2,0.16,0.0,8.0,0.0,1,2,45.0,2.6,1.2,0.48,0.0,0,0.16,5.2,1.5,0.08,0.0,1,0.0
2,0.0,0.0,19.2,0.0,0,2,60.0,1.3,2.88,2.628,0.0,0,0.06,1.56,1.5,0.0,0.0,1,0.0
2,0.225,0.0,37.5,0.3333,0,4,44.0,1.0,5.625,0.225,0.0,1,0.075,7.5,1.5,0.03,0.0,0,0.0
2,0.0,0.02,20.0,2.3333,1,2,55.5,2.3,3.0,0.56,0.0,6,0.0446,2.3,1.5,0.0,0.0081,0,0.02
2,0.0,0.0,-2.0,2.0,0,2,53.4,0.3,-0.3,3.84,0.0,-1,0.0371,0.6,1.5,0.0,0.0067,0,0.0
2,0.0,0.0,24.0,2.0,0,4,47.4,0.3,3.6,1.56,0.0,1,0.0114,1.8,1.5,0.0,0.0076,0,0.0
2,0.01,0.01,14.0,0.3333,1,2,50.4,2.5,2.1,1.19,0.0,1,0.0143,2.5,1.5,0.01,0.0107,0,0.01
3,0.07,0.21,8.0,2.0,0,4,90.0,3.2,0.8,0.83,0.0,2,0.07,3.2,1.5,0.07,0.21,0,0.21
3,0.06,0.39,12.0,2.0,1,3,90.0,9.3,1.2,0.51,0.0,2,0.065,9.3,1.5,0.06,0.3,0,0.39
3,0.27,0.24,31.0,4.0,0,3,90.0,8.6,3.1,2.91,0.0,8,0.1333,8.6,1.5,0.27,0.28,0,0.24
3,0.0,0.01,7.0,4.3333,0,3,90.0,1.7,0.7,2.13,0.0,3,0.1,1.7,1.5,0.0,0.2125,0,0.01
3,0.27,0.06,16.0,4.3333,1,3,90.0,6.8,1.6,0.56,0.0,2,0.134,6.8,1.5,0.27,0.182,0,0.06
3,0.26,0.08,6.0,2.0,0,3,90.0,3.7,0.6,1.33,0.0,1,0.172,3.7,1.5,0.26,0.156,1,0.08
3,0.0,0.1241,21.7241,1.3333,1,3,77.8,2.0,2.1724,2.731,0.0,1,0.1851,6.2069,1.5,0.0,0.0995,0,0.04
3,0.14,0.15,15.0,1.6667,0,3,77.8,8.8,1.5,0.81,0.0,3,0.155,8.8,1.5,0.14,0.0787,0,0.15
3,0.13,0.43,13.0,1.6667,1,3,77.8,9.8,1.3,1.71,0.0,1,0.1851,9.8,1.5,0.13,0.1758,0,0.43
3,0.0,0.0329,8.7805,2.0,0,4,76.2,1.9,0.878,3.2159,0.0,2,0.1252,2.0854,1.5,0.0,0.1724,1,0.03
3,0.0,0.0,4.0,2.0,1,2,76.2,0.7,0.4,1.26,0.0,3,0.0638,0.7,1.5,0.0,0.1535,0,0.0
3,0.16,0.12,19.0,3.3333,0,3,88.4,6.8,1.9,1.54,0.0,5,0.0876,6.8,1.5,0.16,0.1486,1,0.12
3,1.12,0.45,48.0,6.6667,1,4,88.4,19.0,4.8,1.46,0.0,12,0.2871,19.0,1.5,1.12,0.2097,1,0.45
3,0.09,0.22,8.0,6.3333,1,2,88.4,6.5,0.8,0.7,0.0,2,0.279,6.5,1.5,0.09,0.167,1,0.22
3,0.0,0.02,2.0,5.0,0,3,81.0,0.7,0.2,2.7,0.0,1,0.3044,1.4,1.5,0.0,0.1778,0,0.01
3,0.03,0.04,10.0,1.6667,0,3,81.0,3.3,1.0,1.17,0.0,2,0.3111,3.3,1.5,0.03,0.1867,0,0.04
3,0.24,0.24,4.0,1.6667,1,2,81.0,2.8,0.4,1.53,0.0,2,0.3289,2.8,1.5,0.24,0.2133,0,0.24
3,0.04,0.1,25.0,3.0,1,4,81.0,5.2,2.5,1.54,0.0,5,0.0889,5.2,1.5,0.04,0.1356,0,0.1
3,0.33,0.17,9.0,3.0,0,3,81.0,8.2,0.9,2.43,0.0,2,0.1422,8.2,1.5,0.33,0.1244,0,0.17
3,0.17,0.05,23.0,4.6667,1,2,90.0,6.5,2.3,0.77,0.0,7,0.162,6.5,1.5,0.17,0.12,0,0.05
3,0.04,0.01,2.0,3.6667,1,4,90.0,2.4,0.2,1.23,0.0,2,0.164,2.4,1.5,0.04,0.114,0,0.01
3,0.02,0.19,5.0,3.6667,0,3,90.0,3.4,0.5,0.96,0.0,2,0.12,3.4,1.5,0.02,0.104,0,0.19
3,0.31,0.21,20.0,2.6667,1,3,90.0,6.0,2.0,0.48,0.0,4,0.174,6.0,1.5,0.31,0.126,0,0.21
3,0.17,0.22,6.0,2.6667,1,3,90.0,5.7,0.6,0.55,0.0,2,0.142,5.7,1.5,0.17,0.136,0,0.22
3,0.6862,0.1125,31.5,4.3333,0,3,88.0,8.3,3.15,3.645,0.0,7,0.2352,9.3375,1.5,0.61,0.1493,0,0.1
3,0.11,0.06,5.0,3.3333,1,2,88.0,3.5,0.5,2.07,0.0,1,0.2495,3.5,1.5,0.11,0.1595,0,0.06
3,0.0628,0.1151,12.5581,3.3333,0,4,87.2,7.5,1.2558,0.4814,0.0,2,0.2601,7.8488,1.5,0.06,0.1445,0,0.11
3,0.3556,0.6333,25.5556,3.3333,0,4,85.4,10.7,2.5556,0.3778,0.0,7,0.2677,11.8889,1.5,0.32,0.2234,0,0.57
3,0.02,0.79,25.0,5.3333,1,4,85.4,9.7,2.5,1.19,0.0,7,0.2361,9.7,1.5,0.02,0.3436,0,0.79
3,0.5211,0.2132,50.9211,9.0,1,3,84.6,13.9,5.0921,1.5039,0.0,13,0.2021,16.4605,1.5,0.44,0.3638,0,0.18
3,0.0403,0.0269,5.3731,7.0,0,4,80.0,4.2,0.5373,1.7328,0.0,1,0.1957,5.6418,1.5,0.03,0.3757,0,0.02
3,0.1,0.27,27.0,6.6667,1,3,80.8,7.5,2.7,1.07,0.0,6,0.2027,7.5,1.5,0.1,0.4077,0,0.27
3,0.36,0.05,10.0,3.0,0,3,82.6,5.7,1.0,0.45,0.0,2,0.207,5.7,1.5,0.36,0.2855,0,0.05
3,0.12,0.09,8.0,3.3333,1,3,82.6,3.9,0.8,0.84,0.0,2,0.2288,3.9,1.5,0.12,0.1329,0,0.09
3,0.11,0.46,33.0,3.6667,0,3,85.4,11.8,3.3,2.27,0.0,7,0.1518,11.8,1.5,0.11,0.1876,0,0.46
3,0.3,0.17,28.0,6.0,1,3,90.0,9.0,2.8,1.81,0.0,9,0.198,9.0,1.5,0.3,0.208,0,0.17
3,0.15,0.25,10.0,6.0,0,2,90.0,6.9,1.0,1.21,0.0,2,0.208,6.9,1.5,0.15,0.204,0,0.25
3,0.319,0.0,0.0,2.0,0,3,79.0,0.5,0.0,0.4899,0.0,2,0.319,0.5696,1.5,0.28,0.0,0,0.0
3,0.05,0.01,6.0,2.0,1,2,84.5,2.3,0.6,0.51,0.0,2,0.1757,2.3,1.5,0.05,0.0053,1,0.01
3,0.0,0.0261,9.1304,2.0,0,4,79.3333,2.7,0.913,2.6087,0.0,2,0.1248,3.5217,1.5,0.0,0.0113,1,0.02
3,0.0,0.45,9.0,1.6667,1,3,62.0,2.4,0.9,0.09,0.0,1,0.1198,21.6,1.5,0.0,0.029,0,0.05
3,0.9145,0.0,-1.4516,1.6667,0,3,62.0,5.0,-0.1452,2.7726,0.0,2,0.2787,7.2581,1.5,0.63,0.0232,0,0.0
3,0.0,0.0,30.0,1.3333,1,4,48.0,0.1,3.0,8.6,0.0,1,0.255,1.0,1.5,0.0,0.03,0,0.0
3,0.0,1.2462,58.8462,2.0,0,4,35.2,5.3,5.8846,0.6577,0.0,3,0.3222,18.3462,1.5,0.0,0.2199,0,0.36
3,0.0,0.0818,8.1818,1.6667,1,4,28.0,1.1,0.8182,0.8727,0.0,1,0.405,3.0,1.5,0.0,0.2829,0,0.03
3,0.4986,0.0243,31.6216,4.3333,0,3,40.8,7.5,3.1622,1.35,0.0,9,0.4588,9.1216,1.5,0.41,0.1809,0,0.02
3,0.62,0.1,-1.0,4.0,1,3,46.4,5.7,-0.1,1.77,0.0,2,0.3996,5.7,1.5,0.62,0.1978,1,0.1
3,0.05,0.19,22.0,5.3333,0,4,62.6,7.3,2.2,2.64,0.0,5,0.3105,7.3,1.5,0.05,0.2013,0,0.19
3,0.412,0.1193,13.012,3.0,1,3,74.0,9.4,1.3012,2.0386,0.0,2,0.3551,10.1928,1.5,0.38,0.1095,0,0.11
3,0.1588,0.1482,13.7647,3.3333,1,3,84.4,6.0,1.3765,1.44,0.0,3,0.3434,6.3529,1.5,0.15,0.1194,0,0.14
3,0.3774,0.0,5.8065,2.0,0,2,75.8,2.7,0.5806,0.3194,0.0,1,0.3158,7.8387,1.5,0.13,0.1282,0,0.0
3,0.42,0.26,27.0,4.3333,1,3,75.8,12.1,2.7,1.95,0.0,9,0.2683,12.1,1.5,0.42,0.1662,0,0.26
3,0.1043,0.1304,9.1304,4.0,0,3,71.6,3.7,0.913,3.7957,0.0,2,0.2916,4.8261,1.5,0.08,0.1534,1,0.1
3,0.0,0.2222,22.2222,5.6667,1,4,71.2,4.5,2.2222,1.4444,0.0,6,0.1972,5.0,1.5,0.0,0.177,0,0.2
3,0.08,0.05,7.0,3.3333,0,2,72.2,6.8,0.7,0.84,0.0,2,0.177,6.8,1.5,0.08,0.1521,1,0.05
3,1.88,0.14,48.0,5.0,1,3,75.0,10.1,4.8,2.08,0.0,7,0.3648,20.2,1.5,0.94,0.1632,0,0.07
3,0.0,0.0,7.1429,3.6667,0,3,69.6,0.1,0.7143,2.0571,0.0,2,0.2845,0.1429,1.5,0.0,0.1086,1,0.0
3,1.2536,0.0,73.9286,5.3333,1,2,61.4,9.0,7.3929,0.8036,0.0,7,0.4134,28.9286,1.5,0.39,0.0938,0,0.0
3,0.0,0.0474,4.7368,3.3333,1,3,49.0,1.7,0.4737,1.2789,0.0,1,0.518,8.0526,1.5,0.0,0.0478,0,0.01
3,0.7,0.6,90.0,5.3333,1,2,36.4,6.8,9.0,0.0,0.0,8,0.7615,22.6667,1.5,0.21,0.1286,0,0.18
3,0.3931,0.0414,28.9655,5.6667,0,3,44.8,8.2,2.8966,1.0034,0.0,8,0.3937,8.4828,1.5,0.38,0.0924,0,0.04
3,0.8544,0.7177,1.1392,5.6667,0,2,48.0,6.6,0.1139,2.8709,0.0,1,0.6487,7.519,1.5,0.75,0.3225,0,0.63
3,1.74,0.64,44.0,5.6667,1,3,51.4,7.8,4.4,0.16,0.0,8,0.7739,15.6,1.5,0.87,0.4132,0,0.32
3,0.4146,0.182,23.2584,6.0,0,3,65.4,10.0,2.3258,1.1528,0.0,9,0.7211,10.1124,1.5,0.41,0.3716,0,0.18
3,0.7466,0.1534,10.2273,6.3333,1,3,77.6,8.8,1.0227,1.575,0.0,2,0.7284,9.0,1.5,0.73,0.3062,0,0.15
3,0.03,0.11,10.0,4.3333,0,3,78.2,2.9,1.0,2.86,0.0,2,0.6422,2.9,1.5,0.03,0.3199,0,0.11
3,0.2746,0.0153,-1.5254,1.6667,1,3,74.2,2.1,-0.1525,1.1898,0.0,1,0.5385,3.2034,1.5,0.18,0.1868,0,0.01
3,0.2922,0.1169,0.0,1.6667,0,3,80.6,4.0,0.0,2.2325,0.0,2,0.3573,4.6753,1.5,0.25,0.1228,0,0.1
3,0.1,0.25,14.0,2.6667,0,4,80.8,8.6,1.4,3.22,0.0,5,0.2874,8.6,1.5,0.1,0.1381,0,0.25
3,1.02,0.04,9.0,4.0,1,2,81.2,10.7,0.9,0.75,0.0,5,0.3502,10.7,1.5,1.02,0.1131,1,0.04
3,0.0,0.22,19.0,4.0,1,3,81.2,5.5,1.9,2.4,0.0,2,0.3436,5.5,1.5,0.0,0.1374,0,0.22
3,0.82,0.35,11.0,4.3333,0,2,87.4,8.3,1.1,0.7,0.0,6,0.451,8.3,1.5,0.82,0.1977,1,0.35
3,1.8,0.0,180.0,1.0,0,3,1.0,0.5,18.0,7.2,0.0,1,1.8,45.0,1.5,0.02,0.0,0,0.0
3,0.0,0.0,360.0,1.0,1,3,1.0,0.1,36.0,0.0,0.0,1,0.9,9.0,1.5,0.0,0.0,0,0.0
3,0.0,0.09,9.0,0.6667,0,3,7.3333,0.8,0.9,4.095,0.0,0,0.0818,3.6,1.5,0.0,0.0818,0,0.02
3,0.0,0.0,31.7647,0.6667,0,3,9.75,2.0,3.1765,3.1235,0.0,1,0.0462,10.5882,1.5,0.0,0.0462,1,0.0
3,0.0,0.0,20.7692,0.6667,1,2,10.4,0.4,2.0769,5.7462,0.0,1,0.0346,2.7692,1.5,0.0,0.0346,0,0.0
3,0.6429,0.1286,25.7143,1.0,0,3,11.6,0.2,2.5714,0.0,0.0,1,0.0776,2.5714,1.5,0.05,0.0466,0,0.01
3,0.0,0.0,22.5,1.0,1,3,13.8,0.6,2.25,8.25,0.0,1,0.0652,4.5,1.5,0.0,0.0391,1,0.0
3,0.2468,0.0,2.9032,1.0,0,2,22.2,1.7,0.2903,1.2339,0.0,1,0.1784,2.4677,1.5,0.17,0.0081,0,0.0
3,0.0,0.0134,4.0299,1.3333,1,3,32.2,0.7,0.403,1.7866,0.0,2,0.123,0.9403,1.5,0.0,0.0112,0,0.01
3,0.0,0.0,270.0,1.3333,0,3,29.8,0.0,27.0,11.7,0.0,1,0.1329,0.0,1.5,0.0,0.0121,1,0.0
3,0.3,0.0,-30.0,1.3333,0,3,29.0,0.1,-3.0,0.0,0.0,1,0.1117,3.0,1.5,0.01,0.0062,1,0.0
3,0.0,0.0,135.0,1.0,0,3,27.0,0.0,13.5,3.15,0.0,1,0.12,0.0,1.5,0.0,0.0067,0,0.0
3,0.0,0.0,-2.0225,1.0,0,3,89.0,1.7,-0.2022,0.7584,0.0,1,0.0,1.7191,1.5,0.0,0.0,1,0.0
3,0.0,0.0,6.6176,1.5,1,3,78.5,1.0,0.6618,0.3176,0.0,2,0.0,1.3235,1.5,0.0,0.0,1,0.0
3,0.0127,0.0,2.5352,2.0,0,2,76.0,0.3,0.2535,1.9521,0.0,3,0.0039,0.3803,1.5,0.01,0.0,0,0.0
3,0.1286,0.0129,3.8571,2.0,1,2,74.5,2.2,0.3857,0.2443,0.0,1,0.0332,2.8286,1.5,0.1,0.003,1,0.01
3,0.06,0.01,7.0,1.6667,0,2,77.6,1.2,0.7,1.33,0.0,1,0.0394,1.2,1.5,0.06,0.0046,0,0.01
3,0.0,0.01,18.0,1.3333,1,3,77.8,1.4,1.8,1.7,0.0,2,0.0393,1.4,1.5,0.0,0.0069,0,0.01
3,0.1098,0.011,15.3659,2.0,0,3,80.6,2.6,1.5366,0.889,0.0,3,0.0603,2.8537,1.5,0.1,0.0089,0,0.01
3,0.0,0.02,13.0,2.3333,1,2,84.4,2.6,1.3,1.71,0.0,2,0.0555,2.6,1.5,0.0,0.0128,0,0.02
3,0.0,0.0,5.4878,2.0,0,2,86.8,0.2,0.5488,3.2159,0.0,1,0.0332,0.2195,1.5,0.0,0.0104,0,0.0
3,0.04,0.0,29.0,3.6667,1,2,86.8,5.6,2.9,1.26,0.0,8,0.029,5.6,1.5,0.04,0.0083,0,0.0
3,0.0,0.01,13.0,3.6667,0,3,86.8,2.0,1.3,1.54,0.0,2,0.029,2.0,1.5,0.0,0.0083,0,0.01
3,0.0,0.02,16.0,4.0,1,3,88.4,1.7,1.6,1.46,0.0,2,0.0081,1.7,1.5,0.0,0.0102,0,0.02
3,0.0,0.05,17.0,2.0,1,2,88.4,3.2,1.7,0.7,0.0,2,0.0081,3.2,1.5,0.0,0.0163,0,0.05
3,0.0,0.02,10.0,2.0,0,3,90.0,1.4,1.0,2.52,0.0,2,0.008,1.4,1.5,0.0,0.02,0,0.02
3,0.0,0.01,9.0,2.0,0,3,90.0,0.8,0.9,1.17,0.0,2,0.0,0.8,1.5,0.0,0.022,0,0.01
3,0.0,0.011,13.1707,2.0,1,4,88.4,1.3,1.3171,1.4927,0.0,2,0.0,1.4268,1.5,0.0,0.0224,1,0.01
3,0.0,0.02,14.0,1.6667,1,3,79.4,1.8,1.4,1.32,0.0,1,0.0,3.6,1.5,0.0,0.0227,0,0.01
3,0.0,0.0,-30.0,1.0,1,2,62.0,0.0,-3.0,9.6,0.0,0,0.0,0.0,1.5,0.0,0.0145,0,0.0
3,0.46,0.09,1.0,0.6667,0,3,62.0,3.7,0.1,1.29,0.0,1,0.1335,3.7,1.5,0.46,0.0348,1,0.09
3,0.0,0.0,10.2857,1.0,1,3,58.0,1.3,1.0286,1.3114,0.0,2,0.1428,1.6714,1.5,0.0,0.0341,0,0.0
2,0.0,0.0,8.0,1.0,0,3,90.0,1.2,1.2,0.83,0.0,1,0.0,1.2,1.5,0.0,0.0,0,0.0
2,0.19,0.01,12.0,1.5,1,3,90.0,2.5,1.8,0.51,0.0,2,0.095,2.5,1.5,0.19,0.005,0,0.01
2,0.0,0.0321,11.25,1.0,0,4,78.6667,2.0,1.6875,2.5875,0.0,0,0.0725,3.2143,1.5,0.0,0.0114,0,0.02
2,0.0,0.07,24.0,3.0,0,3,81.5,4.6,3.6,2.13,0.0,7,0.0525,4.6,1.5,0.0,0.0276,0,0.07
2,0.02,0.07,13.0,3.0,1,2,83.2,3.5,1.95,0.56,0.0,2,0.0454,3.5,1.5,0.02,0.0368,0,0.07
2,0.0,0.0,450.0,1.0,1,3,1.0,0.2,67.5,0.0,0.0,1,0.0,18.0,1.5,0.0,0.0,1,0.0
2,0.0,0.0273,10.9091,1.0,0,2,17.0,0.6,1.6364,3.5727,0.0,1,0.0,1.6364,1.5,0.0,0.0265,1,0.01
2,0.0,0.02,14.0,1.0,0,4,41.3333,1.4,2.1,1.33,0.0,1,0.0,1.4,1.5,0.0,0.0218,0,0.02
2,0.0,0.0164,-8.1818,0.0,1,2,44.75,0.7,-1.2273,4.5,0.0,-2,0.0,1.1455,1.5,0.0,0.0201,0,0.01
2,0.0,0.0,8.0,0.0,0,2,53.8,0.7,1.2,2.95,0.0,1,0.0,0.7,1.5,0.0,0.0134,1,0.0
2,0.0,0.0,30.0,2.0,1,2,71.6,3.0,4.5,1.26,0.0,7,0.0,3.0,1.5,0.0,0.0101,0,0.0
2,0.0,0.05,13.0,2.6667,0,3,83.0,1.8,1.95,1.54,0.0,0,0.0,1.8,1.5,0.0,0.0173,0,0.05
2,0.08,0.02,11.0,2.3333,1,3,83.0,2.3,1.65,1.46,0.0,0,0.0173,2.3,1.5,0.08,0.0173,1,0.02
2,0.0,0.0,25.7143,0.3333,0,2,74.8,0.7,3.8571,2.1214,0.0,1,0.0193,4.5,1.5,0.0,0.0168,1,0.0
2,0.0,0.03,15.0,1.0,0,3,74.8,4.2,2.25,1.17,0.0,2,0.0193,4.2,1.5,0.0,0.0241,0,0.03
2,0.29,0.02,10.0,1.3333,1,3,74.8,3.0,1.5,1.53,0.0,1,0.089,3.0,1.5,0.29,0.0289,0,0.02
2,0.0,0.0703,16.875,1.3333,1,3,69.6,2.2,2.5312,1.9687,0.0,1,0.0957,3.0938,1.5,0.0,0.031,0,0.05
2,0.0,0.0,15.0,1.3333,0,3,69.6,2.7,2.25,2.43,0.0,2,0.075,2.7,1.5,0.0,0.0259,0,0.0
2,0.0,0.01,22.0,1.6667,1,3,84.8,2.2,3.3,0.77,0.0,2,0.0616,2.2,1.5,0.0,0.0233,0,0.01
2,0.0,0.0,14.0,1.6667,1,4,84.8,2.0,2.1,0.48,0.0,1,0.0616,2.0,1.5,0.0,0.017,0,0.0
2,0.93,0.01,27.0,3.0,0,3,84.8,8.2,4.05,3.57,0.0,6,0.1974,8.2,1.5,0.93,0.0149,0,0.01
2,0.0,0.01,13.0,2.6667,0,3,90.0,1.9,1.95,0.45,0.0,1,0.186,1.9,1.5,0.0,0.006,0,0.01
2,0.0,0.0,12.0,2.6667,1,3,90.0,1.2,1.8,0.84,0.0,1,0.186,1.2,1.5,0.0,0.006,1,0.0
2,0.0,0.0,19.5652,1.0,0,3,76.6,0.7,2.9348,0.5087,0.0,1,0.2185,2.7391,1.5,0.0,0.0047,0,0.0
2,0.0,0.0105,3.1395,0.6667,1,3,75.8,1.6,0.4709,1.8,0.0,0,0.2208,1.6744,1.5,0.0,0.0071,0,0.01
2,0.0,0.0,54.0,0.6667,0,3,59.8,1.0,8.1,1.62,0.0,1,0.0,9.0,1.5,0.0,0.006,1,0.0
2,0.0,0.06,51.0,4.0,1,3,30.0,4.3,7.65,2.64,0.0,4,0.0,12.9,1.5,0.0,0.06,1,0.02
2,0.01,0.05,26.0,5.0,0,2,60.0,5.8,3.9,0.81,0.0,6,0.0075,5.8,1.5,0.01,0.0525,0,0.05
2,0.34,0.05,10.0,3.6667,1,3,70.0,6.7,1.5,1.71,0.0,1,0.15,6.7,1.5,0.34,0.0514,1,0.05
2,0.0,0.0,8.5714,2.6667,0,4,57.75,0.0,1.2857,2.1857,0.0,1,0.1364,0.0,1.5,0.0,0.0468,1,0.0
2,0.0,0.0257,57.8571,5.6667,1,3,60.2,6.7,8.6786,1.4529,0.0,15,0.1047,8.6143,1.5,0.0,0.0419,0,0.02
2,0.0,0.16,13.0,5.6667,0,3,72.2,5.3,1.95,1.54,0.0,1,0.0873,5.3,1.5,0.0,0.0698,0,0.16
2,0.01,0.2,15.0,5.3333,1,2,72.2,9.0,2.25,1.46,0.0,0,0.0873,9.0,1.5,0.01,0.1072,0,0.2
2,0.0,0.1556,14.4444,1.0,1,3,70.4,3.7,2.1667,0.7778,0.0,2,0.0026,4.1111,1.5,0.0,0.133,0,0.14
2,0.0,0.01,20.0,0.6667,0,3,84.2,1.9,3.0,2.52,0.0,0,0.0021,1.9,1.5,0.0,0.1133,0,0.01
2,0.45,0.04,12.0,3.3333,0,3,88.2,11.1,1.8,1.17,0.0,8,0.0939,11.1,1.5,0.45,0.1122,0,0.04
2,0.29,0.17,2.0,2.6667,1,3,88.2,5.9,0.3,1.53,0.0,0,0.1531,5.9,1.5,0.29,0.1143,1,0.17
2,0.0,0.0,10.7143,3.0,1,2,87.0,2.7,1.6071,1.65,0.0,1,0.1531,2.8929,1.5,0.0,0.0745,0,0.0
2,0.0,0.0,90.0,0.6667,1,3,71.4,0.1,13.5,9.6,0.0,1,0.1866,3.0,1.5,0.0,0.0555,0,0.0
2,0.0,0.18,14.0,1.0,1,4,71.4,6.4,2.1,1.23,0.0,1,0.1866,6.4,1.5,0.0,0.0983,0,0.18
2,0.0,0.08,6.0,1.0,0,2,62.4,1.2,0.9,3.32,0.0,1,0.0837,2.4,1.5,0.0,0.1125,1,0.04
2,0.0,0.05,12.0,1.3333,1,3,62.4,3.1,1.8,2.07,0.0,2,0.0,3.1,1.5,0.0,0.0779,0,0.05
2,0.0,0.01,12.0,1.6667,0,2,63.6,1.2,1.8,0.46,0.0,2,0.0,1.2,1.5,0.0,0.0792,0,0.01
2,0.0,0.0,11.0,1.6667,0,4,81.0,1.9,1.65,0.6,0.0,1,0.0,1.9,1.5,0.0,0.0622,0,0.0
2,0.0,0.0,45.0,1.3333,1,3,64.2,0.1,6.75,0.45,0.0,1,0.0,1.5,1.5,0.0,0.028,0,0.0
2,0.0,0.0,38.5714,1.0,1,3,56.6,0.1,5.7857,0.7714,0.0,1,0.0,1.2857,1.5,0.0,0.0191,0,0.0
2,0.0,0.0,25.7143,1.0,0,2,40.0,0.1,3.8571,1.4143,0.0,1,0.0,1.2857,1.5,0.0,0.0045,0,0.0
2,0.0,0.0,25.0,0.6667,1,2,25.6,0.3,3.75,2.9,0.0,0,0.0,1.5,1.5,0.0,0.0,0,0.0
2,0.0,0.0,10.0,1.0,0,2,25.6,1.7,1.5,1.21,0.0,2,0.0,1.7,1.5,0.0,0.0,0,0.0
2,0.0,0.0,20.0,1.0,0,3,18.0,0.4,3.0,2.3,0.0,1,0.0,2.0,1.5,0.0,0.0,0,0.0
2,0.02,0.07,5.0,1.5,1,3,54.0,4.5,0.75,0.51,0.0,2,0.0167,4.5,1.5,0.02,0.0583,0,0.07
2,0.0,0.0,180.0,1.3333,1,3,36.6667,0.3,27.0,26.55,0.0,1,0.0164,13.5,1.5,0.0,0.0573,1,0.0
2,0.0,0.5143,25.7143,1.3333,0,3,29.25,2.0,3.8571,0.2571,0.0,1,0.0154,25.7143,1.5,0.0,0.0846,1,0.04
2,0.0,0.0,67.5,1.0,1,3,24.2,1.0,10.125,0.0,0.0,1,0.0149,22.5,1.5,0.0,0.0818,1,0.0
2,0.0,36.0,360.0,1.0,1,2,20.8,3.0,54.0,0.0,0.0,1,0.0173,270.0,1.5,0.0,0.4413,0,0.4
2,0.0,0.41,25.0,3.0,0,3,20.8,7.5,3.75,1.17,0.0,7,0.0,7.5,1.5,0.0,0.7356,0,0.41
2,0.16,0.0,13.0,3.0,1,2,38.4,3.2,1.95,1.53,0.0,1,0.075,3.2,1.5,0.16,0.3984,0,0.0
2,0.04,0.19,19.0,3.0,1,2,55.0,7.3,2.85,1.57,0.0,1,0.0655,7.3,1.5,0.04,0.3273,0,0.19
2,0.0,0.0,13.5,0.6667,0,3,58.2,0.7,2.025,3.69,0.0,0,0.0619,3.15,1.5,0.0,0.3093,0,0.0
2,0.0,0.0,28.125,0.6667,1,3,61.2,0.5,4.2188,2.9812,0.0,1,0.0588,2.8125,1.5,0.0,0.1765,0,0.0
2,0.0,0.0643,9.6429,0.6667,0,3,48.8,1.6,1.4464,0.45,0.0,1,0.0738,5.1429,1.5,0.0,0.0775,1,0.02
2,0.0468,0.0,5.8442,1.0,1,4,46.2,2.7,0.8766,1.3325,0.0,1,0.0312,3.1558,1.5,0.04,0.0818,0,0.0
2,0.0468,0.0117,7.013,1.3333,0,3,43.6,1.8,1.0519,1.1221,0.0,2,0.033,2.1039,1.5,0.04,0.0124,0,0.01
2,0.0,0.01,8.0,1.3333,1,2,57.6,1.8,1.2,0.48,0.0,1,0.025,1.8,1.5,0.0,0.0125,0,0.01
2,0.0,0.0,15.0,2.6667,1,3,72.4,2.3,2.25,0.56,0.0,5,0.0199,2.3,1.5,0.0,0.0099,0,0.0
2,0.0,0.06,11.0,2.0,0,4,84.8,2.6,1.65,3.57,0.0,0,0.017,2.6,1.5,0.0,0.017,0,0.06
2,0.0,0.03,8.0,2.3333,1,2,87.4,3.1,1.2,2.07,0.0,2,0.0082,3.1,1.5,0.0,0.0227,1,0.03
2,0.02,0.01,12.0,1.0,0,2,90.0,2.8,1.8,0.46,0.0,1,0.004,2.8,1.5,0.02,0.022,0,0.01
2,0.0,0.02,8.0,1.6667,0,3,90.0,1.9,1.2,0.6,0.0,2,0.004,1.9,1.5,0.0,0.024,0,0.02
2,0.0,0.14,8.0,1.6667,1,2,90.0,3.3,1.2,1.19,0.0,2,0.004,3.3,1.5,0.0,0.052,0,0.14
2,0.04,0.01,14.0,2.0,1,3,90.0,1.9,2.1,1.48,0.0,2,0.012,1.9,1.5,0.04,0.042,0,0.01
2,0.0105,0.0209,14.6512,1.3333,0,2,89.2,3.7,2.1977,1.5279,0.0,0,0.0141,3.8721,1.5,0.01,0.0404,0,0.02
2,0.24,0.04,8.0,1.0,1,3,89.2,5.0,1.2,1.07,0.0,1,0.0585,5.0,1.5,0.24,0.0464,0,0.04
2,0.04,0.05,13.0,0.6667,0,4,89.2,4.7,1.95,0.45,0.0,1,0.0666,4.7,1.5,0.04,0.0525,0,0.05
2,0.2382,0.0265,10.5882,1.0,1,3,78.0,3.2,1.5882,0.5824,0.0,1,0.0969,8.4706,1.5,0.09,0.03,0,0.01
4,0.0,0.0,270.0,1.0,0,3,1.0,0.0,0.0,7.2,0.0,1,0.0,0.0,1.5,0.0,0.0,0,0.0
4,1.8,0.15,450.0,4.0,1,2,3.5,5.1,0.0,0.0,0.0,7,1.5429,76.5,1.5,0.12,0.1286,0,0.01
4,0.0,0.3,30.0,3.0,0,3,5.3333,2.9,0.0,1.2,0.0,1,0.675,29.0,1.5,0.0,0.225,1,0.03
4,0.0,0.0,10.8,3.0,0,3,10.25,0.3,0.0,2.124,0.0,1,0.2634,1.08,1.5,0.0,0.0878,0,0.0
4,0.0,0.0,90.0,1.0,1,3,8.6,0.2,0.0,12.6,0.0,1,0.2512,9.0,1.5,0.0,0.0837,1,0.0
4,0.0,0.06,18.0,1.0,0,4,11.4,1.7,0.0,3.3,0.0,1,0.1895,10.2,1.5,0.0,0.0789,1,0.01
4,2.3,0.0,-10.0,1.0,1,3,12.0,0.2,0.0,8.3,0.0,1,0.345,2.0,1.5,0.23,0.06,0,0.0
4,0.0,0.012,4.8,1.3333,0,2,25.2,1.9,0.0,0.936,0.0,2,0.1643,2.28,1.5,0.0,0.0143,0,0.01
4,1.75,0.03,51.0,5.3333,1,2,38.2,19.1,0.0,1.71,0.0,13,0.933,19.1,1.5,1.75,0.0236,1,0.03
4,0.0,0.1929,12.8571,5.3333,0,2,40.6,1.4,0.0,2.5714,0.0,1,0.8778,9.0,1.5,0.0,0.0355,0,0.03
4,0.45,0.029,4.3548,5.3333,1,2,50.0,7.1,0.0,2.0323,0.0,2,0.8244,10.3065,1.5,0.31,0.0324,0,0.02
4,0.0,0.02,7.0,1.6667,1,3,66.2,4.0,0.0,0.7,0.0,2,0.5601,4.0,1.5,0.0,0.0299,0,0.02
4,0.3375,0.0,5.625,1.6667,0,2,57.6,0.7,0.0,1.4062,0.0,1,0.6812,1.9687,1.5,0.12,0.0312,0,0.0
4,0.0,0.0,45.0,1.3333,0,3,40.8,0.0,0.0,0.0,0.0,1,0.1897,0.0,1.5,0.0,0.0309,0,0.0
4,0.0,0.0,28.6364,1.0,1,3,42.4,1.4,0.0,0.8182,0.0,1,0.1825,5.7273,1.5,0.0,0.017,0,0.0
4,0.24,0.04,47.0,4.3333,1,3,48.0,13.7,0.0,1.57,0.0,11,0.135,13.7,1.5,0.24,0.0225,0,0.04
4,2.23,0.01,85.0,9.6667,0,3,48.0,20.2,0.0,2.43,0.0,17,0.9712,20.2,1.5,2.23,0.0188,1,0.01
4,0.04,0.0,5.0,10.0,1,2,59.6,0.1,0.0,0.77,0.0,2,0.7581,0.1,1.5,0.04,0.0151,0,0.0
4,0.38,0.09,33.0,9.0,0,2,76.4,12.4,0.0,1.29,0.0,8,0.6809,12.4,1.5,0.38,0.033,0,0.09
4,0.04,0.0,2.0,3.6667,1,3,81.0,0.4,0.0,1.52,0.0,1,0.6467,0.8,1.5,0.02,0.0311,1,0.0
4,0.18,0.0,5.0,3.6667,0,2,81.0,2.6,0.0,0.46,0.0,2,0.6333,2.6,1.5,0.18,0.0222,0,0.0
4,0.7176,0.6081,38.9189,4.0,0,3,77.8,6.7,0.0,0.4135,0.0,9,0.2799,8.1486,1.5,0.59,0.1365,0,0.5
4,0.64,0.01,25.0,6.3333,1,3,77.8,10.0,0.0,1.19,0.0,8,0.4188,10.0,1.5,0.64,0.1388,0,0.01
4,0.03,0.01,34.0,8.3333,1,3,77.8,9.4,0.0,1.48,0.0,8,0.3378,9.4,1.5,0.03,0.1203,0,0.01
4,1.5448,0.0,29.5522,7.3333,0,2,82.2,9.3,0.0,1.7328,0.0,6,0.5672,12.4925,1.5,1.15,0.1139,0,0.0
4,0.0,0.02,2.0,5.3333,1,3,82.2,1.6,0.0,1.07,0.0,2,0.5277,1.6,1.5,0.0,0.1182,0,0.02
4,0.38,0.03,0.0,3.3333,0,3,85.4,6.8,0.0,0.45,0.0,2,0.4637,6.8,1.5,0.38,0.0148,0,0.03
4,0.84,0.03,-2.0,2.0,1,3,85.4,4.4,0.0,0.84,0.0,2,0.5059,4.4,1.5,0.84,0.019,0,0.03
4,0.6169,0.0202,-5.0562,2.0,0,3,85.2,3.3,0.0,2.2955,0.0,2,0.6296,3.3371,1.5,0.61,0.0211,0,0.02
4,0.83,0.0,-6.0,2.0,1,3,89.8,6.2,0.0,1.81,0.0,2,0.5332,6.2,1.5,0.83,0.02,0,0.0
4,1.1769,0.0,64.6154,5.6667,0,2,87.4,14.3,0.0,1.1885,0.0,13,0.7579,16.5,1.5,1.02,0.0165,0,0.0
2,0.0,0.0,10.1124,1.0,0,3,89.0,1.8,1.5169,0.7584,0.0,1,0.0,1.8202,1.5,0.0,0.0,0,0.0
2,0.1,0.31,18.0,1.5,1,4,89.5,4.8,2.7,0.51,0.0,2,0.0503,4.8,1.5,0.1,0.1559,0,0.31
2,0.0,0.0,-2.7273,0.3333,0,4,81.6667,0.0,-0.4091,5.2227,0.0,-2,0.0367,0.0,1.5,0.0,0.1139,0,0.0
2,0.0,0.0,25.0,3.0,0,3,83.75,2.9,3.75,2.13,0.0,9,0.0269,2.9,1.5,0.0,0.0833,1,0.0
2,0.0,0.0,13.0,3.0,1,3,85.0,1.7,1.95,0.56,0.0,2,0.0212,1.7,1.5,0.0,0.0656,0,0.0
2,0.0,0.0,37.5,3.6667,1,3,69.6,1.0,5.625,8.25,0.0,0,0.0259,7.5,1.5,0.0,0.0802,0,0.0
2,0.0,0.0,450.0,1.0,0,2,51.8,0.8,67.5,11.7,0.0,1,0.0,72.0,1.5,0.0,0.0,0,0.0
3,0.0,0.01,2.0,2.0,0,2,90.0,1.0,0.2,0.83,0.0,2,0.0,1.0,1.5,0.0,0.01,0,0.01
3,0.0,0.0429,25.7143,1.5,1,3,55.5,0.7,2.5714,1.1571,0.0,1,0.0,3.0,1.5,0.0,0.0162,0,0.01
3,0.0,0.0,10.0,1.6667,0,2,67.0,1.6,1.0,2.91,0.0,2,0.0,1.6,1.5,0.0,0.009,1,0.0
3,0.02,0.0,4.0,1.6667,0,4,72.75,2.6,0.4,2.13,0.0,2,0.0062,2.6,1.5,0.02,0.0062,1,0.0
3,0.0,0.0,0.0,1.6667,1,2,62.0,0.0,0.0,1.7526,0.0,1,0.0058,0.0,1.5,0.0,0.0058,0,0.0
3,0.0,0.0643,-6.4286,1.0,0,4,46.8,0.0,-0.6429,0.1929,0.0,0,0.0077,0.0,1.5,0.0,0.0077,0,0.01
3,0.375,0.0,22.5,0.6667,1,3,45.0,1.0,2.25,8.25,0.0,1,0.028,7.5,1.5,0.05,0.004,0,0.0
3,0.0,0.5571,30.0,0.6667,0,2,31.2,2.4,3.0,2.1857,0.0,1,0.0404,10.2857,1.5,0.0,0.0808,1,0.13
3,0.0,0.0,90.0,1.0,1,3,13.8,0.2,9.0,0.0,0.0,1,0.0652,6.0,1.5,0.0,0.1826,0,0.0
3,1.9714,0.0,4.2857,1.0,1,3,14.2,3.6,0.4286,0.2571,0.0,1,0.6465,15.4286,1.5,0.46,0.1775,0,0.0
3,0.3,0.02,23.0,1.6667,1,4,29.4,8.2,2.3,0.7,0.0,3,0.4959,8.2,1.5,0.3,0.0918,0,0.02
3,0.0,0.0,4.0,1.3333,0,3,36.0,0.4,0.4,2.7,0.0,0,0.38,0.8,1.5,0.0,0.075,0,0.0
3,0.05,0.08,7.0,1.6667,0,4,49.8,1.1,0.7,1.17,0.0,2,0.2928,1.1,1.5,0.05,0.0361,0,0.08
3,0.0,0.03,2.0,1.3333,1,3,67.2,2.1,0.2,1.53,0.0,2,0.217,2.1,1.5,0.0,0.0348,0,0.03
3,0.04,0.04,5.0,2.0,1,3,81.0,3.7,0.5,1.57,0.0,2,0.0867,3.7,1.5,0.04,0.0378,0,0.04
3,0.225,0.0,13.5,1.6667,0,3,67.0,0.3,1.35,3.69,0.0,1,0.0376,1.35,1.5,0.05,0.0403,1,0.0
3,0.11,0.02,12.0,1.6667,1,4,76.0,2.2,1.2,0.77,0.0,2,0.0592,2.2,1.5,0.11,0.0403,0,0.02
3,0.1033,0.0295,13.2787,1.6667,0,3,70.2,0.9,1.3279,1.6967,0.0,2,0.0692,1.3279,1.5,0.07,0.0282,0,0.02
3,0.0,0.2368,14.2105,1.6667,1,4,56.0,1.0,1.4211,0.9947,0.0,1,0.0868,4.7368,1.5,0.0,0.0418,0,0.05
3,0.29,0.01,9.0,1.3333,0,3,56.0,5.8,0.9,0.96,0.0,1,0.1671,5.8,1.5,0.29,0.0321,0,0.01
3,0.025,0.0,5.0,1.3333,1,3,66.4,0.8,0.5,0.6,0.0,2,0.1328,1.0,1.5,0.02,0.0271,0,0.0
3,0.0,0.0,67.5,1.3333,1,4,49.2,0.8,6.75,0.225,0.0,1,0.139,18.0,1.5,0.0,0.0293,0,0.0
3,2.0118,0.0,-10.5882,1.3333,0,3,40.4,1.5,-1.0588,2.3294,0.0,1,0.3074,7.9412,1.5,0.38,0.0267,0,0.0
3,0.0,0.02,4.0,1.3333,1,3,54.6,1.3,0.4,2.07,0.0,2,0.2275,1.3,1.5,0.0,0.0099,1,0.02
3,0.0,0.0127,15.2113,1.6667,0,4,50.8,1.3,1.5211,0.5324,0.0,2,0.1417,1.6479,1.5,0.0,0.0106,0,0.01
3,0.02,0.01,10.0,2.0,0,2,54.4,3.3,1.0,0.6,0.0,2,0.1324,3.3,1.5,0.02,0.0132,0,0.01
3,0.0,0.05,14.0,2.0,1,3,71.6,2.6,1.4,1.19,0.0,2,0.1006,2.6,1.5,0.0,0.0226,1,0.05
3,0.12,0.0,13.0,2.0,1,2,86.2,2.0,1.3,1.48,0.0,2,0.0292,2.0,1.5,0.12,0.0188,0,0.0
3,0.1687,0.0112,7.875,1.6667,0,3,84.2,2.5,0.7875,1.5075,0.0,1,0.062,2.8125,1.5,0.15,0.0171,1,0.01
3,0.0969,0.0138,6.9231,1.6667,1,2,83.0,3.0,0.6923,1.4538,0.0,2,0.0781,4.1538,1.5,0.07,0.0173,0,0.01
3,0.0,0.18,0.0,1.0,0,2,67.0,0.2,0.0,0.54,0.0,0,0.0913,1.8,1.5,0.0,0.0242,0,0.02
3,0.0,0.0562,16.875,1.0,1,4,52.2,0.4,1.6875,0.3375,0.0,1,0.1172,2.25,1.5,0.0,0.0172,0,0.01
3,0.19,0.01,30.0,2.6667,0,3,52.2,7.0,3.0,2.27,0.0,7,0.1414,7.0,1.5,0.19,0.0207,0,0.01
3,0.3042,0.0,5.0704,3.3333,1,4,50.4,2.6,0.507,1.5592,0.0,2,0.1786,3.2958,1.5,0.24,0.0179,0,0.0
3,0.2368,0.0158,28.4211,4.3333,0,2,48.8,4.0,2.8421,1.2947,0.0,4,0.2139,6.3158,1.5,0.15,0.0184,0,0.01
2,0.05,0.0,4.0,1.0,1,2,90.0,0.0,0.6,2.01,0.0,1,0.05,0.0,1.5,0.05,0.0,0,0.0
2,0.07,0.0,17.0,1.0,0,3,90.0,2.8,2.55,1.36,0.0,1,0.06,2.8,1.5,0.07,0.0,0,0.0
2,0.36,0.0,5.0,1.0,1,2,90.0,2.2,0.75,3.52,0.0,1,0.16,2.2,1.5,0.36,0.0,0,0.0
2,0.0,0.0,7.0,0.6667,1,2,90.0,2.6,1.05,2.59,0.0,0,0.12,2.6,1.5,0.0,0.0,0,0.0
2,0.0,0.01,7.0,0.6667,0,2,90.0,2.4,1.05,1.87,0.0,1,0.096,2.4,1.5,0.0,0.002,0,0.01
2,0.11,0.04,11.0,-0.6667,1,2,90.0,2.4,1.65,3.94,0.0,-3,0.108,2.4,1.5,0.11,0.01,1,0.04
2,0.26,0.03,12.0,-0.3333,0,2,90.0,5.5,1.8,2.14,0.0,1,0.146,5.5,1.5,0.26,0.016,0,0.03
2,0.0,0.0,14.0,-0.3333,0,3,90.0,1.3,2.1,2.14,0.0,1,0.074,1.3,1.5,0.0,0.016,1,0.0
2,0.0,0.0,12.0,1.0,1,4,81.0,0.7,1.8,3.04,0.0,1,0.0822,1.4,1.5,0.0,0.0178,0,0.0
2,0.0,0.0,13.0,0.3333,0,2,81.0,1.5,1.95,1.81,0.0,-1,0.0822,1.5,1.5,0.0,0.0156,0,0.0
2,0.0,0.0,7.0,0.3333,1,2,81.0,0.6,1.05,1.78,0.0,1,0.0578,0.6,1.5,0.0,0.0067,0,0.0
2,0.0,0.0,27.0,2.6667,1,2,81.0,3.1,4.05,0.64,0.0,8,0.0,3.1,1.5,0.0,0.0,0,0.0
2,0.06,0.0,9.0,3.3333,0,2,81.0,2.1,1.35,2.75,0.0,1,0.0133,2.1,1.5,0.06,0.0,0,0.0
2,0.33,0.01,26.0,5.6667,1,4,90.0,7.2,3.9,0.63,0.0,8,0.078,7.2,1.5,0.33,0.002,0,0.01
2,0.0,0.03,9.0,3.0,1,3,90.0,2.2,1.35,2.27,0.0,0,0.078,2.2,1.5,0.0,0.008,0,0.03
2,0.25,0.0,3.0,2.6667,0,3,90.0,2.8,0.45,1.13,0.0,0,0.128,2.8,1.5,0.25,0.008,0,0.0
2,0.52,0.0,10.0,0.0,1,2,90.0,4.9,1.5,2.27,0.0,0,0.232,4.9,1.5,0.52,0.008,0,0.0
2,0.0,0.0,12.0,0.6667,0,4,90.0,2.7,1.8,1.88,0.0,2,0.22,2.7,1.5,0.0,0.008,1,0.0
2,0.36,0.0,7.0,0.6667,1,3,90.0,2.9,1.05,2.93,0.0,0,0.226,2.9,1.5,0.36,0.006,1,0.0
2,0.04,0.01,5.0,1.0,0,3,90.0,1.8,0.75,1.24,0.0,1,0.234,1.8,1.5,0.04,0.002,1,0.01
2,0.0,0.0,11.4286,0.0,1,2,84.6,1.6,1.7143,3.0857,0.0,-1,0.1957,2.2857,1.5,0.0,0.0021,0,0.0
2,0.0,0.0,34.2857,0.0,0,2,70.8,1.6,5.1429,6.0,0.0,0,0.1017,6.8571,1.5,0.0,0.0025,0,0.0
2,0.02,0.01,15.0,0.0,1,2,70.8,6.1,2.25,1.35,0.0,1,0.1068,6.1,1.5,0.02,0.0051,0,0.01
2,0.0,0.19,15.0,0.6667,0,4,70.8,3.0,2.25,1.65,0.0,1,0.0153,3.0,1.5,0.0,0.0534,0,0.19
2,0.0,0.0,7.0,0.6667,1,3,70.8,1.7,1.05,0.37,0.0,0,0.0051,1.7,1.5,0.0,0.0508,1,0.0
2,0.0,0.04,7.0,0.6667,0,3,76.2,0.8,1.05,1.02,0.0,1,0.0047,0.8,1.5,0.0,0.0567,0,0.04
2,0.0,0.01,16.0,0.3333,1,2,90.0,4.1,2.4,2.18,0.0,0,0.004,4.1,1.5,0.0,0.05,1,0.01
2,0.09,0.0,8.0,0.3333,0,3,90.0,1.9,1.2,2.99,0.0,0,0.018,1.9,1.5,0.09,0.048,0,0.0
2,0.51,0.18,22.0,2.0,0,3,90.0,11.6,3.3,2.82,0.0,6,0.12,11.6,1.5,0.51,0.046,1,0.18
2,0.0,0.01,-1.0,1.3333,1,2,90.0,0.8,-0.15,1.49,0.0,-2,0.12,0.8,1.5,0.0,0.048,0,0.01
2,0.0,0.01,9.0,1.6667,1,4,90.0,2.5,1.35,3.28,0.0,1,0.12,2.5,1.5,0.0,0.042,0,0.01
2,0.0,0.02,6.0,2.0,1,4,90.0,0.0,0.9,2.01,0.0,2,0.0,0.0,1.5,0.0,0.02,0,0.02
2,0.0,0.0129,3.8571,1.5,1,3,80.0,1.2,0.5786,3.6,0.0,1,0.0,1.5429,1.5,0.0,0.0169,0,0.01
2,0.0,0.09,8.0,1.3333,1,2,83.3333,5.3,1.2,2.59,0.0,1,0.0,5.3,1.5,0.0,0.0432,0,0.09
2,0.0,0.0,9.4737,0.6667,0,3,67.25,0.1,1.4211,6.2526,0.0,0,0.0,0.4737,1.5,0.0,0.0401,0,0.0
2,0.0,0.0,14.0,1.6667,1,2,71.8,0.1,2.1,1.33,0.0,4,0.0,0.1,1.5,0.0,0.0301,0,0.0
2,0.03,0.02,8.0,2.0,0,3,71.8,1.6,1.2,1.54,0.0,2,0.0075,1.6,1.5,0.03,0.0301,1,0.02
2,0.0,0.38,31.0,3.6667,1,4,75.8,9.0,4.65,2.71,0.0,5,0.0071,9.0,1.5,0.0,0.1164,0,0.38
2,0.0,0.0,11.25,2.6667,0,3,62.6,0.2,1.6875,0.9375,0.0,1,0.0086,0.75,1.5,0.0,0.115,0,0.0
2,0.0,0.0,6.0,2.6667,0,3,76.8,1.4,0.9,0.89,0.0,2,0.007,1.4,1.5,0.0,0.0938,0,0.0
2,0.0,0.07,14.0,1.0,1,2,76.8,4.5,2.1,0.63,0.0,0,0.007,4.5,1.5,0.0,0.1102,0,0.07
2,0.0,0.0,9.0,1.0,0,3,76.8,2.5,1.35,2.26,0.0,1,0.0,2.5,1.5,0.0,0.1055,0,0.0
2,0.0,0.08,4.0,0.6667,1,3,67.8,1.5,0.6,0.88,0.0,1,0.0,3.0,1.5,0.0,0.0292,0,0.04
2,0.0,0.0,11.0,1.0,0,3,81.0,1.2,1.65,3.34,0.0,1,0.0,1.2,1.5,0.0,0.0244,0,0.0
2,0.0,0.0,6.8354,2.0,1,3,79.0,0.0,1.0253,2.0506,0.0,2,0.0,0.0,1.5,0.0,0.0,0,0.0
2,0.0,0.0,16.875,1.5,0,2,55.5,2.1,2.5312,1.5469,0.0,1,0.0,5.9062,1.5,0.0,0.0,0,0.0
2,0.0,0.0,18.0,1.3333,1,4,40.3333,0.2,2.7,5.49,0.0,1,0.0,1.8,1.5,0.0,0.0,0,0.0
2,0.0,0.0,20.4545,1.0,1,2,35.75,0.5,3.0682,0.4091,0.0,1,0.0,2.0455,1.5,0.0,0.0,0,0.0
2,0.1,0.0,3.0,0.6667,0,2,46.6,1.8,0.45,1.87,0.0,0,0.0386,1.8,1.5,0.1,0.0,0,0.0
2,0.0,0.3,30.0,0.6667,1,2,33.8,1.8,4.5,5.22,0.0,1,0.0533,10.8,1.5,0.0,0.0266,1,0.05
2,0.0529,0.0529,7.9412,0.6667,0,2,34.2,2.1,1.1912,1.6147,0.0,1,0.0632,5.5588,1.5,0.02,0.0368,0,0.02
2,0.0,0.0,13.2353,1.0,0,2,39.0,0.9,1.9853,1.8794,0.0,1,0.0554,2.3824,1.5,0.0,0.0323,0,0.0
3,0.0,0.0,5.0,2.0,1,3,90.0,0.0,0.5,2.09,0.0,2,0.0,0.0,1.5,0.0,0.0,0,0.0
3,0.0,0.0269,1.3433,1.5,1,3,78.5,2.3,0.1343,2.9687,0.0,1,0.0,3.0896,1.5,0.0,0.0115,1,0.02
3,0.0,0.02,16.0,1.3333,1,3,67.3333,2.5,1.6,2.12,0.0,1,0.0,5.0,1.5,0.0,0.0134,0,0.01
3,0.0,0.0,17.3077,1.0,0,2,57.0,1.9,1.7308,0.6923,0.0,1,0.0,6.5769,1.5,0.0,0.0118,0,0.0
3,1.1118,0.0529,15.8824,1.0,1,2,49.0,1.2,1.5882,2.2235,0.0,1,0.0771,6.3529,1.5,0.21,0.0147,0,0.01
3,0.0724,0.0621,13.4483,1.3333,0,3,48.4,4.7,1.3448,3.2379,0.0,2,0.1041,4.8621,1.5,0.07,0.0372,0,0.06
3,0.0,0.05,25.0,3.3333,0,2,53.0,5.0,2.5,1.31,0.0,7,0.0951,5.0,1.5,0.0,0.0442,0,0.05
3,0.04,0.01,8.0,3.6667,1,3,62.0,1.0,0.8,1.58,0.0,2,0.0929,1.0,1.5,0.04,0.0377,0,0.01
3,0.0,0.0138,0.0,3.3333,0,2,69.8,0.9,0.0,3.8631,0.0,1,0.0825,1.2462,1.5,0.0,0.0361,0,0.01
3,1.8,0.03,3.0,1.3333,0,3,72.4,3.1,0.3,0.42,0.0,1,0.1765,9.3,1.5,0.6,0.0348,0,0.01
3,0.0,0.02,13.0,1.3333,1,4,73.0,2.8,1.3,1.32,0.0,2,0.1578,2.8,1.5,0.0,0.0247,0,0.02
3,0.0,0.01,18.0,1.6667,0,2,73.0,3.1,1.8,2.03,0.0,2,0.1578,3.1,1.5,0.0,0.0148,0,0.01
3,0.0,0.1,19.0,2.0,1,4,73.0,4.4,1.9,1.03,0.0,2,0.1479,4.4,1.5,0.0,0.037,0,0.1
3,0.0,0.05,12.0,2.3333,1,2,78.0,2.7,1.2,0.39,0.0,3,0.1385,2.7,1.5,0.0,0.0438,1,0.05
3,0.0,0.03,5.0,2.0,0,3,90.0,0.6,0.5,0.83,0.0,1,0.0,0.6,1.5,0.0,0.042,0,0.03
3,0.0,0.02,12.0,2.0,0,3,90.0,3.2,1.2,2.72,0.0,2,0.0,3.2,1.5,0.0,0.042,1,0.02
3,0.12,0.02,12.0,1.6667,1,4,90.0,3.2,1.2,1.34,0.0,2,0.024,3.2,1.5,0.12,0.044,0,0.02
3,0.16,0.01,27.0,4.3333,0,3,90.0,5.8,2.7,1.38,0.0,9,0.056,5.8,1.5,0.16,0.026,0,0.01
3,0.2,0.01,4.0,4.0,1,3,90.0,2.5,0.4,1.69,0.0,1,0.096,2.5,1.5,0.2,0.018,0,0.01
3,0.0,0.0164,-11.4545,2.6667,0,2,83.0,0.0,-1.1455,8.5909,0.0,-2,0.1041,0.0,1.5,0.0,0.0152,0,0.01
3,0.1,0.01,7.0,0.3333,0,3,83.0,2.7,0.7,1.75,0.0,2,0.1258,2.7,1.5,0.1,0.013,0,0.01
3,0.09,0.01,12.0,0.3333,1,2,83.0,3.2,1.2,1.28,0.0,1,0.1193,3.2,1.5,0.09,0.0108,0,0.01
3,0.0,0.03,22.0,1.6667,0,3,83.0,4.6,2.2,2.86,0.0,2,0.0846,4.6,1.5,0.0,0.0152,0,0.03
3,0.0,0.01,10.0,1.6667,1,4,83.0,1.9,1.0,2.42,0.0,2,0.0412,1.9,1.5,0.0,0.0152,0,0.01
3,0.0,0.02,12.0,2.0,0,3,90.0,3.1,1.2,2.39,0.0,2,0.038,3.1,1.5,0.0,0.016,1,0.02
3,0.07,0.04,18.0,2.0,1,2,90.0,3.9,1.8,1.1,0.0,2,0.032,3.9,1.5,0.07,0.022,0,0.04
3,0.09,0.23,12.0,1.6667,0,4,90.0,4.7,1.2,1.82,0.0,1,0.032,4.7,1.5,0.09,0.066,0,0.23
3,0.03,0.1,17.0,1.6667,1,2,90.0,4.7,1.7,1.07,0.0,2,0.038,4.7,1.5,0.03,0.08,0,0.1
3,0.08,0.03,10.0,1.6667,0,3,90.0,2.9,1.0,4.11,0.0,2,0.054,2.9,1.5,0.08,0.084,0,0.03
3,0.0,0.05,16.0,2.0,1,3,90.0,3.0,1.6,0.84,0.0,2,0.054,3.0,1.5,0.0,0.09,0,0.05
3,0.02,0.02,7.0,1.6667,0,3,90.0,1.6,0.7,0.83,0.0,1,0.044,1.6,1.5,0.02,0.086,1,0.02
3,0.05,0.02,16.0,1.6667,1,3,90.0,2.7,1.6,0.91,0.0,2,0.036,2.7,1.5,0.05,0.044,0,0.02
3,0.0,0.21,18.0,1.6667,0,2,90.0,3.9,1.8,2.43,0.0,2,0.03,3.9,1.5,0.0,0.066,0,0.21
3,0.0,0.2,23.0,2.0,0,4,90.0,5.8,2.3,2.71,0.0,2,0.014,5.8,1.5,0.0,0.1,0,0.2
3,0.11,0.04,11.0,2.0,1,2,90.0,3.1,1.1,3.58,0.0,2,0.036,3.1,1.5,0.11,0.098,0,0.04
3,0.0,0.02,19.0,2.6667,0,2,90.0,4.7,1.9,2.5,0.0,4,0.032,4.7,1.5,0.0,0.098,1,0.02
3,0.0,0.16,16.0,2.6667,1,3,90.0,6.3,1.6,1.45,0.0,2,0.022,6.3,1.5,0.0,0.126,0,0.16
2,0.6632,0.0,85.2632,7.0,1,3,19.0,5.3,12.7895,3.4105,0.0,7,0.6632,25.1053,1.5,0.14,0.0,0,0.0
2,0.0,0.0529,19.0588,6.5,0,2,52.0,1.9,2.8588,1.3976,0.0,6,0.1212,2.0118,1.5,0.0,0.0433,0,0.05
2,0.0,0.04,12.0,4.3333,1,4,49.6667,2.1,1.8,2.68,0.0,0,0.0846,4.2,1.5,0.0,0.0423,0,0.02
2,0.0923,0.0692,1.1538,2.3333,0,4,56.75,1.9,0.1731,1.9269,0.0,1,0.0872,2.1923,1.5,0.08,0.0515,0,0.06
2,0.4,0.01,12.0,1.6667,0,3,63.4,1.9,1.8,2.14,0.0,4,0.176,1.9,1.5,0.4,0.0397,0,0.01
2,0.0,0.01,10.0,2.0,1,3,77.6,1.4,1.5,1.05,0.0,1,0.1113,1.4,1.5,0.0,0.0348,1,0.01
2,0.0,0.0,1.2857,1.6667,0,3,74.6,0.0,0.1929,1.8771,0.0,0,0.1158,0.0,1.5,0.0,0.0241,0,0.0
2,0.05,0.02,8.0,1.0,1,3,83.6,2.5,1.2,1.33,0.0,2,0.1141,2.5,1.5,0.05,0.0215,0,0.02
2,0.29,0.03,10.0,2.0,0,3,86.0,3.0,1.5,1.54,0.0,4,0.1549,3.0,1.5,0.29,0.0147,0,0.03
2,0.0,0.08,8.0,2.0,1,2,77.0,0.7,1.2,2.38,0.0,0,0.0795,1.4,1.5,0.0,0.0234,0,0.04
2,0.0,0.0,15.2308,1.3333,0,3,72.0,1.2,2.2846,2.16,0.0,0,0.085,1.6615,1.5,0.0,0.0225,0,0.0
2,0.0,0.0,6.0,0.0,1,3,76.0,1.5,0.9,1.78,0.0,0,0.0805,1.5,1.5,0.0,0.0213,0,0.0
2,0.0,0.03,20.0,1.6667,1,4,76.0,2.9,3.0,0.64,0.0,5,0.0687,2.9,1.5,0.0,0.0237,0,0.03
2,0.05,0.01,7.0,2.0,0,2,76.0,3.1,1.05,2.75,0.0,1,0.0118,3.1,1.5,0.05,0.0189,0,0.01
2,0.0,0.01,4.0,2.3333,0,3,85.0,2.0,0.6,0.89,0.0,1,0.0106,2.0,1.5,0.0,0.0106,1,0.01
2,0.17,0.07,7.0,0.6667,0,3,90.0,6.5,1.05,2.26,0.0,0,0.044,6.5,1.5,0.17,0.024,1,0.07
2,0.0,0.04,22.0,0.6667,1,2,90.0,5.3,3.3,2.27,0.0,1,0.044,5.3,1.5,0.0,0.032,0,0.04
2,0.0,0.3,15.0,0.6667,0,2,90.0,5.4,2.25,1.13,0.0,1,0.044,5.4,1.5,0.0,0.086,0,0.3
2,0.02,0.05,0.0,0.3333,1,3,90.0,0.3,0.0,2.27,0.0,-1,0.038,0.3,1.5,0.02,0.094,0,0.05
2,0.0,0.02,11.0,0.6667,0,4,90.0,3.1,1.65,1.88,0.0,2,0.038,3.1,1.5,0.0,0.096,0,0.02
2,0.05,0.01,14.0,0.3333,1,4,90.0,7.2,2.1,2.93,0.0,0,0.014,7.2,1.5,0.05,0.084,0,0.01
2,0.0,0.01,15.0,1.3333,0,2,90.0,4.0,2.25,1.24,0.0,2,0.014,4.0,1.5,0.0,0.078,0,0.01
2,0.16,0.0,-2.0,-0.6667,1,3,90.0,1.3,-0.3,2.25,0.0,-4,0.046,1.3,1.5,0.16,0.018,0,0.0
2,0.1853,0.0,33.0882,2.3333,0,3,85.6,4.9,4.9632,2.5544,0.0,9,0.0736,6.4853,1.5,0.14,0.0084,0,0.0
2,0.07,0.01,2.0,1.6667,1,3,85.6,1.2,0.3,1.35,0.0,0,0.0883,1.2,1.5,0.07,0.0063,0,0.01
2,0.03,0.03,10.0,3.3333,0,3,85.6,3.3,1.5,1.65,0.0,1,0.0841,3.3,1.5,0.03,0.0105,1,0.03
2,0.07,0.01,22.0,2.6667,1,3,85.6,5.9,3.3,0.37,0.0,7,0.0988,5.9,1.5,0.07,0.0105,0,0.01
2,0.192,0.0,7.2,3.3333,0,2,82.6,3.0,1.08,0.792,0.0,2,0.1024,3.6,1.5,0.16,0.0109,1,0.0
2,0.16,0.03,16.0,3.0,1,3,87.0,3.3,2.4,2.18,0.0,0,0.1014,3.3,1.5,0.16,0.0166,1,0.03
2,0.1753,0.0,22.2078,3.0,0,3,84.4,8.1,3.3312,2.7468,0.0,7,0.1216,9.4675,1.5,0.15,0.0149,0,0.0
2,0.0,0.04,6.0,2.3333,0,3,84.4,1.3,0.9,2.82,0.0,0,0.1152,1.3,1.5,0.0,0.0171,0,0.04
2,0.16,0.17,11.0,2.6667,1,3,84.4,3.8,1.65,1.49,0.0,1,0.1344,3.8,1.5,0.16,0.0512,0,0.17
2,0.01,0.05,16.0,1.0,0,2,87.4,3.8,2.4,2.16,0.0,2,0.0989,3.8,1.5,0.01,0.0597,1,0.05
2,0.0,0.01,3.0,1.3333,1,3,87.4,0.6,0.45,3.28,0.0,1,0.0659,0.6,1.5,0.0,0.0556,1,0.01
4,0.0,0.1636,24.5455,1.0,0,2,11.0,2.1,0.0,3.8455,0.0,1,0.0,17.1818,1.5,0.0,0.1636,0,0.02
4,0.0,0.0,24.5455,1.0,0,3,11.0,0.0,0.0,2.7,0.0,1,0.0,0.0,1.5,0.0,0.0818,0,0.0
4,0.0711,0.0474,2.3684,1.0,1,4,20.0,1.5,0.0,1.1842,0.0,1,0.045,3.5526,1.5,0.03,0.06,0,0.02
4,0.0,0.0,1.5517,1.0,0,3,29.5,1.0,0.0,2.2034,0.0,1,0.0229,1.5517,1.5,0.0,0.0305,0,0.0
4,0.0,0.02,4.0,1.0,1,2,32.6,0.8,0.0,1.9,0.0,1,0.0166,1.6,1.5,0.0,0.0276,0,0.01
4,0.0,0.0,67.5,1.0,1,2,31.2,0.1,0.0,0.0,0.0,1,0.0173,2.25,1.5,0.0,0.0173,0,0.0
4,0.0,0.0,11.7391,1.0,0,2,33.6,0.3,0.0,0.8609,0.0,1,0.0161,1.1739,1.5,0.0,0.0161,0,0.0
4,0.0,0.0,-63.0,0.0,1,3,28.0,0.0,0.0,7.65,0.0,-2,0.0,0.0,1.5,0.0,0.0064,0,0.0
4,0.1,0.0,-20.0,0.0,0,3,18.2,0.0,0.0,3.0,0.0,1,0.0099,0.0,1.5,0.01,0.0099,0,0.0
4,0.0,0.0,24.5455,0.0,1,3,11.4,0.1,0.0,1.8,0.0,1,0.0158,0.8182,1.5,0.0,0.0,0,0.0
4,0.2556,0.0111,0.0,1.3333,0,3,26.8,7.0,0.0,1.3333,0.0,2,0.1612,7.7778,1.5,0.23,0.0067,1,0.01
4,0.0,0.2,30.0,1.3333,0,3,24.0,0.4,0.0,2.5,0.0,1,0.18,4.0,1.5,0.0,0.0225,0,0.02
4,0.1929,0.0,3.2143,1.3333,1,3,27.6,0.0,0.0,3.5679,0.0,1,0.1957,0.0,1.5,0.06,0.0196,1,0.0
2,0.04,0.0,13.0,2.0,1,3,90.0,0.0,1.95,2.01,0.0,2,0.04,0.0,1.5,0.04,0.0,0,0.0
2,0.0,0.0,13.0,1.5,0,2,90.0,1.7,1.95,1.36,0.0,1,0.02,1.7,1.5,0.0,0.0,1,0.0
2,0.0,0.0,2.0,1.0,1,3,90.0,0.7,0.3,3.52,0.0,0,0.0133,0.7,1.5,0.0,0.0,0,0.0
2,0.0806,0.0,17.4627,0.6667,1,3,84.25,5.5,2.6194,3.3448,0.0,1,0.0267,7.3881,1.5,0.06,0.0,0,0.0
2,0.0,0.0,9.0,-0.6667,1,4,85.4,1.3,1.35,3.94,0.0,-3,0.0211,1.3,1.5,0.0,0.0,1,0.0
2,0.1145,0.0,6.5455,-0.6667,0,2,78.4,1.1,0.9818,2.5036,0.0,0,0.0298,1.8,1.5,0.07,0.0,1,0.0
3,0.0,0.0474,18.9474,1.0,0,3,19.0,0.0,1.8947,6.2526,0.0,1,0.0,0.0,1.5,0.0,0.0474,0,0.01
3,0.0,0.0,30.0,1.0,1,2,14.0,0.2,3.0,1.4,0.0,1,0.0,2.0,1.5,0.0,0.0321,1,0.0
3,0.0,0.16,0.0,0.6667,0,2,24.3333,1.6,0.0,1.4,0.0,0,0.0,3.2,1.5,0.0,0.111,0,0.08
3,0.0,1.4625,33.75,0.6667,1,4,22.25,1.5,3.375,5.5688,0.0,1,0.0,8.4375,1.5,0.0,0.3539,0,0.26
1,0.0,0.0,22.0,4.0,1,3,90.0,0.0,0.0,2.01,7.0,4,0.0,0.0,1.5,0.0,0.0,1,0.0
1,0.0,0.0,15.0,2.5,0,3,90.0,1.8,0.0,1.36,2.0,1,0.0,1.8,1.5,0.0,0.0,0,0.0
1,0.0,0.0,25.0,3.0,1,3,90.0,4.9,0.0,3.52,7.0,4,0.0,4.9,1.5,0.0,0.0,0,0.0
1,0.0,0.0,18.0,2.3333,1,3,90.0,2.8,0.0,2.59,4.0,2,0.0,2.8,1.5,0.0,0.0,0,0.0
1,0.0,0.0,26.0,3.0,0,2,90.0,4.9,0.0,1.87,8.0,3,0.0,4.9,1.5,0.0,0.0,0,0.0
1,0.0,0.0,21.0,1.6667,1,2,90.0,5.6,0.0,3.94,7.0,0,0.0,5.6,1.5,0.0,0.0,0,0.0
1,0.0,0.0,22.0,2.0,0,3,90.0,4.3,0.0,2.14,6.0,3,0.0,4.3,1.5,0.0,0.0,0,0.0
1,0.0,0.0,15.0,1.0,0,2,90.0,2.3,0.0,2.14,4.0,0,0.0,2.3,1.5,0.0,0.0,0,0.0
1,0.0,0.0,14.0,1.6667,1,3,90.0,1.6,0.0,1.05,3.0,2,0.0,1.6,1.5,0.0,0.0,0,0.0
1,0.0,0.0,10.0,0.6667,0,3,90.0,1.6,0.0,2.78,2.0,0,0.0,1.6,1.5,0.0,0.0,0,0.0
1,0.0,0.0,11.0,1.3333,1,4,90.0,1.7,0.0,1.33,2.0,2,0.0,1.7,1.5,0.0,0.0,1,0.0
1,0.0,0.0,20.0,2.3333,0,2,90.0,3.7,0.0,1.54,5.0,5,0.0,3.7,1.5,0.0,0.0,0,0.0
1,0.0,0.0,20.0,3.3333,1,2,90.0,4.5,0.0,2.71,8.0,3,0.0,4.5,1.5,0.0,0.0,0,0.0
1,0.0,0.0,12.0,2.6667,0,2,90.0,1.2,0.0,1.81,2.0,0,0.0,1.2,1.5,0.0,0.0,0,0.0
1,0.0,0.0,20.0,2.0,1,3,90.0,4.6,0.0,1.78,6.0,3,0.0,4.6,1.5,0.0,0.0,0,0.0
1,0.0,0.03,28.0,4.0,1,3,90.0,3.0,0.0,0.64,4.0,9,0.0,3.0,1.5,0.0,0.006,0,0.03
1,0.0,0.0,14.0,4.6667,0,4,90.0,2.3,0.0,2.75,4.0,2,0.0,2.3,1.5,0.0,0.006,0,0.0
1,0.0,0.0,12.0,4.6667,0,3,90.0,2.1,0.0,0.89,3.0,3,0.0,2.1,1.5,0.0,0.006,0,0.0
1,0.0,0.0,12.0,2.3333,1,3,90.0,1.8,0.0,0.63,3.0,2,0.0,1.8,1.5,0.0,0.006,0,0.0
1,0.0,0.0,12.0,2.0,0,3,90.0,1.9,0.0,2.26,2.0,1,0.0,1.9,1.5,0.0,0.006,0,0.0
1,0.0,0.0,17.0,1.6667,1,2,90.0,2.6,0.0,2.27,3.0,2,0.0,2.6,1.5,0.0,0.0,0,0.0
1,0.0,0.0,14.2105,1.3333,0,3,79.6,1.0,0.0,0.4737,2.3684,1,0.0,2.3684,1.5,0.0,0.0,1,0.0
1,0.0,0.0,18.0,1.3333,1,3,79.6,3.0,0.0,2.27,4.0,1,0.0,3.0,1.5,0.0,0.0,1,0.0
1,0.0,0.0,16.0,1.6667,0,3,79.6,2.5,0.0,1.88,4.0,3,0.0,2.5,1.5,0.0,0.0,0,0.0
1,0.0,0.02,23.0,2.0,1,3,79.6,4.9,0.0,2.93,7.0,2,0.0,4.9,1.5,0.0,0.0045,0,0.02
1,0.0,0.0,29.0,2.6667,0,3,79.6,7.1,0.0,2.99,9.0,3,0.0,7.1,1.5,0.0,0.0045,0,0.0
1,0.0,0.0,18.0,2.0,0,2,90.0,3.2,0.0,2.82,3.0,1,0.0,3.2,1.5,0.0,0.004,0,0.0
1,0.0,0.0,9.0,1.6667,1,4,90.0,1.3,0.0,1.49,1.0,1,0.0,1.3,1.5,0.0,0.004,0,0.0
1,0.0,0.0,24.0,2.0,0,3,90.0,4.5,0.0,2.16,6.0,4,0.0,4.5,1.5,0.0,0.004,0,0.0
1,0.0,0.0,22.0,2.6667,1,4,90.0,6.0,0.0,3.28,6.0,3,0.0,6.0,1.5,0.0,0.0,0,0.0
4,0.0,0.0,13.5,1.0,1,2,20.0,0.4,0.0,4.23,0.0,1,0.0,1.8,1.5,0.0,0.0,0,0.0
2,0.0,0.0114,11.3924,2.0,1,3,79.0,3.8,1.7089,2.0506,0.0,2,0.0,4.3291,1.5,0.0,0.0114,0,0.01
2,0.0,0.0,2.0,1.5,0,2,62.0,0.4,0.3,1.64,0.0,1,0.0,0.8,1.5,0.0,0.0073,0,0.0
2,0.0,0.0,135.0,1.3333,1,3,42.0,0.0,20.25,21.15,0.0,1,0.0,0.0,1.5,0.0,0.0071,0,0.0
2,0.0,0.0,15.8824,1.0,1,3,35.75,0.7,2.3824,0.9529,0.0,1,0.0,3.7059,1.5,0.0,0.0063,1,0.0
2,0.0,0.01,5.0,0.6667,0,2,46.6,2.1,0.75,2.75,0.0,0,0.0,2.1,1.5,0.0,0.0077,0,0.01
2,0.0,0.0281,11.25,0.6667,0,3,37.2,1.0,1.6875,1.2656,0.0,1,0.0,2.8125,1.5,0.0,0.0097,1,0.01
2,1.16,0.02,-6.0,0.3333,1,2,37.2,1.7,-0.9,0.28,0.0,0,0.2806,3.4,1.5,0.58,0.0145,0,0.01
2,0.0,0.0212,15.8824,2.0,0,3,53.8,4.3,2.3824,1.9906,0.0,5,0.1941,4.5529,1.5,0.0,0.0167,0,0.02
2,0.0,0.0257,7.7143,2.0,0,3,57.4,0.4,1.1571,0.6943,0.0,1,0.1819,1.0286,1.5,0.0,0.0188,1,0.01
2,0.0,0.0265,7.9412,2.3333,1,4,53.0,0.8,1.1912,3.0971,0.0,1,0.197,1.0588,1.5,0.0,0.0238,0,0.02
4,0.0947,1.9421,28.4211,1.0,1,3,19.0,2.2,0.0,3.4105,0.0,1,0.0947,10.4211,1.5,0.02,1.9421,1,0.41
4,0.37,0.12,10.0,3.0,1,3,54.5,9.8,0.0,2.59,0.0,5,0.322,9.8,1.5,0.37,0.4376,0,0.12
4,0.13,0.01,-8.0,1.6667,0,3,66.3333,4.0,0.0,1.87,0.0,-1,0.2352,4.0,1.5,0.13,0.2442,1,0.01
4,0.13,0.04,6.0,2.0,0,3,72.25,3.1,0.0,2.14,0.0,2,0.2024,3.1,1.5,0.13,0.1806,0,0.04
4,0.13,0.01,-2.0,0.6667,0,3,75.8,5.0,0.0,2.14,0.0,1,0.1852,5.0,1.5,0.13,0.1401,0,0.01
4,1.8353,0.3882,45.8824,3.0,1,4,82.2,10.0,0.0,0.9882,0.0,6,0.3942,17.6471,1.5,1.04,0.0876,0,0.22
4,1.12,0.0,50.0,4.0,1,4,73.2,8.8,0.0,3.04,0.0,5,0.4893,17.6,1.5,0.56,0.0689,0,0.0
4,0.0,0.0,-20.0,3.0,0,2,64.2,0.0,0.0,5.9,0.0,-2,0.5215,0.0,1.5,0.0,0.0757,1,0.0
4,0.0,0.0136,6.8182,1.6667,0,4,59.4,0.4,0.0,1.8409,0.0,2,0.5242,0.5455,1.5,0.0,0.0727,1,0.01
4,0.0,0.0,0.0,0.3333,0,2,41.6,0.0,0.0,16.2,0.0,1,0.6923,0.0,1.5,0.0,0.0995,0,0.0
4,0.61,0.31,33.0,4.0,1,3,49.4,9.4,0.0,0.63,0.0,9,0.4263,9.4,1.5,0.61,0.1166,0,0.31
4,1.64,0.02,50.0,5.3333,1,4,49.4,6.3,0.0,2.9,0.0,6,0.5211,12.6,1.5,0.82,0.1202,0,0.01
4,0.0286,0.0857,25.7143,6.6667,0,3,53.0,7.1,0.0,1.4857,0.0,5,0.4925,10.1429,1.5,0.02,0.1325,0,0.06
4,1.0125,0.0,33.75,4.0,0,3,41.4,0.8,0.0,0.45,0.0,1,0.6696,9.0,1.5,0.09,0.1652,0,0.0
4,0.0,0.0,6.0,2.3333,1,2,50.2,1.1,0.0,3.6,0.0,1,0.5522,2.2,1.5,0.0,0.1363,0,0.0
4,0.4235,0.0265,5.2941,1.0,0,3,45.8,8.4,0.0,2.5544,0.0,1,0.4913,11.1176,1.5,0.32,0.0354,0,0.02
4,0.7079,0.4146,43.4831,4.3333,1,3,54.6,11.1,0.0,1.082,0.0,11,0.3725,11.2247,1.5,0.7,0.1615,0,0.41
4,0.0,0.0,6.6667,4.0,0,3,47.4,0.8,0.0,2.8333,0.0,0,0.4215,2.6667,1.5,0.0,0.1633,0,0.0
4,0.83,0.08,31.0,6.3333,1,3,63.8,10.9,0.0,0.37,0.0,8,0.5219,10.9,1.5,0.83,0.1439,1,0.08
4,0.05,0.26,9.0,3.3333,0,2,72.8,2.3,0.0,1.02,0.0,2,0.4698,2.3,1.5,0.05,0.1904,0,0.26
4,1.274,0.0117,-4.6753,4.0,1,2,74.6,6.0,0.0,1.7766,0.0,2,0.6442,7.013,1.5,1.09,0.1834,0,0.01
2,0.0,0.0,270.0,1.0,0,2,1.0,0.0,40.5,0.0,0.0,1,0.0,0.0,1.5,0.0,0.0,0,0.0
2,0.0,0.0,27.0,1.0,1,3,5.5,0.1,4.05,4.32,0.0,1,0.0,0.9,1.5,0.0,0.0,0,0.0
2,0.0,0.0,4.0,0.6667,0,4,18.6667,1.9,0.6,0.4,0.0,0,0.0,3.8,1.5,0.0,0.0,0,0.0
2,0.0,0.0,1.8367,0.0,1,2,26.25,0.0,0.2755,3.4898,0.0,-1,0.0,0.0,1.5,0.0,0.0,0,0.0
2,0.0,0.0,67.5,0.0,0,2,21.8,0.0,10.125,0.0,0.0,1,0.0,0.0,1.5,0.0,0.0,0,0.0
3,0.04,0.09,11.0,2.0,1,3,90.0,0.0,1.1,2.01,0.0,2,0.04,0.0,1.5,0.04,0.09,0,0.09
3,0.0,0.19,15.0,1.5,0,3,90.0,2.9,1.5,1.36,0.0,1,0.02,2.9,1.5,0.0,0.14,1,0.19
3,0.0,0.0342,18.2278,1.6667,1,3,86.3333,4.0,1.8228,3.3152,0.0,2,0.0139,4.557,1.5,0.0,0.1077,0,0.03
3,0.03,0.11,19.0,1.6667,1,2,87.25,4.4,1.9,2.59,0.0,2,0.0181,4.4,1.5,0.03,0.1083,1,0.11
3,0.045,0.0,13.5,1.6667,0,4,73.8,2.5,1.35,2.79,0.0,1,0.0195,11.25,1.5,0.01,0.1024,0,0.0
3,0.0,0.0148,16.2295,1.6667,1,3,68.0,0.7,1.623,3.6148,0.0,2,0.0106,1.0328,1.5,0.0,0.09,0,0.01
3,0.02,0.14,16.0,1.3333,0,4,68.0,5.3,1.6,2.14,0.0,1,0.0159,5.3,1.5,0.02,0.0768,0,0.14
3,0.05,0.03,11.0,1.6667,1,3,70.2,4.2,1.1,1.05,0.0,2,0.0282,4.2,1.5,0.05,0.0744,0,0.03
3,0.0,0.02,7.0,1.3333,0,4,70.2,1.7,0.7,2.78,0.0,1,0.0205,1.7,1.5,0.0,0.0513,0,0.02
3,0.82,0.11,28.0,4.3333,1,3,84.2,8.4,2.8,1.33,0.0,10,0.1903,8.4,1.5,0.82,0.0663,0,0.11
3,0.03,0.05,12.0,4.3333,0,2,90.0,4.5,1.2,1.54,0.0,2,0.184,4.5,1.5,0.03,0.07,0,0.05
3,0.03,0.17,10.0,4.3333,1,3,90.0,5.3,1.0,2.71,0.0,1,0.186,5.3,1.5,0.03,0.076,1,0.17
3,0.02,0.02,12.0,1.6667,0,3,90.0,2.6,1.2,1.81,0.0,2,0.18,2.6,1.5,0.02,0.074,0,0.02
3,0.0,0.0,-22.5,1.0,1,3,72.8,0.0,-2.25,10.575,0.0,0,0.2225,0.0,1.5,0.0,0.0865,1,0.0
3,0.0,0.0,11.7391,1.0,0,3,59.4,0.4,1.1739,5.4783,0.0,1,0.0242,1.5652,1.5,0.0,0.0727,0,0.0
3,0.05,0.02,10.0,1.0,0,3,59.4,5.2,1.0,0.89,0.0,2,0.0303,5.2,1.5,0.05,0.0636,0,0.02
3,0.0,0.0,0.0,1.0,1,3,42.2,0.0,0.0,0.0,0.0,0,0.0299,0.0,1.5,0.0,0.0171,0,0.0
3,0.0,0.04,7.0,1.3333,0,4,42.2,2.4,0.7,2.26,0.0,2,0.0213,2.4,1.5,0.0,0.0256,0,0.04
3,0.0,0.45,135.0,1.0,1,2,41.8,0.1,13.5,19.35,0.0,1,0.0215,4.5,1.5,0.0,0.0301,0,0.01
3,0.0,0.0,30.0,1.3333,0,3,39.0,0.1,3.0,3.0,0.0,1,0.0231,1.0,1.5,0.0,0.0323,0,0.0
3,0.0,0.0,57.2727,1.0,1,2,23.2,1.0,5.7273,1.8,0.0,1,0.0,8.1818,1.5,0.0,0.0388,0,0.0
3,0.0,0.2,15.5556,1.3333,0,3,38.6,1.4,1.5556,1.3333,0.0,2,0.0,1.5556,1.5,0.0,0.1073,0,0.18
3,0.0,0.0,22.5,1.3333,1,3,23.8,0.5,2.25,6.5812,0.0,1,0.0,2.8125,1.5,0.0,0.1437,0,0.0
3,0.0,0.0,27.0,1.0,0,4,25.4,0.7,2.7,6.21,0.0,0,0.0,6.3,1.5,0.0,0.1276,0,0.0
3,0.0,0.0,0.0,0.3333,1,2,24.6,0.2,0.0,6.3,0.0,0,0.0,3.6,1.5,0.0,0.1317,1,0.0
3,0.0,0.075,37.5,0.3333,1,3,24.8,1.5,3.75,4.95,0.0,1,0.0,11.25,1.5,0.0,0.1379,0,0.01
3,0.0,0.0,22.5,0.6667,0,2,11.0,1.3,2.25,4.8,0.0,1,0.0,9.75,1.5,0.0,0.0164,0,0.0
3,0.1256,0.0105,6.2791,2.0,1,2,86.0,0.0,0.6279,2.1035,0.0,2,0.1256,0.0,1.5,0.12,0.0105,0,0.01
3,0.0,0.09,8.0,1.5,0,2,88.0,1.8,0.8,1.36,0.0,1,0.0614,1.8,1.5,0.0,0.0511,0,0.09
3,0.0,0.0,22.5,1.3333,1,2,64.0,0.1,2.25,1.4625,0.0,1,0.0562,0.5625,1.5,0.0,0.0469,0,0.0
3,0.0,0.45,30.0,1.0,1,4,51.0,1.9,3.0,0.525,0.0,1,0.0529,14.25,1.5,0.0,0.0706,0,0.06
3,0.0,0.029,-2.9032,0.6667,0,4,47.0,0.0,-0.2903,3.9774,0.0,0,0.046,0.0,1.5,0.0,0.0651,0,0.01
3,0.0,0.0,360.0,0.6667,1,4,30.0,1.4,36.0,0.0,0.0,1,0.0,126.0,1.5,0.0,0.096,1,0.0
3,0.0,0.0237,7.1053,0.6667,0,3,19.6,0.5,0.7105,0.5684,0.0,1,0.0,1.1842,1.5,0.0,0.0735,0,0.01
3,0.0,0.375,15.0,1.0,1,2,21.2,2.1,1.5,1.7625,0.0,1,0.0,7.875,1.5,0.0,0.1528,0,0.1
3,0.0,0.0,36.0,1.0,0,4,20.8,0.5,3.6,1.44,0.0,1,0.0,4.5,1.5,0.0,0.1038,0,0.0
3,0.0,0.0225,11.25,1.0,1,2,22.6,2.0,1.125,0.8325,0.0,1,0.0,4.5,1.5,0.0,0.0956,0,0.01
3,0.0,0.05,16.0,2.3333,0,4,40.4,3.7,1.6,1.88,0.0,5,0.0,3.7,1.5,0.0,0.0757,0,0.05
3,0.0346,0.0115,9.2308,2.6667,1,3,48.4,0.8,0.9231,3.1385,0.0,2,0.0112,0.9231,1.5,0.03,0.0632,0,0.01
3,0.0,0.1,25.0,2.6667,0,2,47.2,1.9,2.5,0.2,0.0,1,0.0114,9.5,1.5,0.0,0.0343,1,0.02
3,0.0,0.0,9.863,1.6667,1,3,59.8,0.7,0.9863,1.3192,0.0,2,0.009,0.863,1.5,0.0,0.0271,0,0.0
3,0.0,0.05,8.0,1.6667,0,3,69.8,3.0,0.8,3.34,0.0,2,0.0077,3.0,1.5,0.0,0.0335,1,0.05
3,0.0,0.02,13.0,2.0,1,3,69.8,1.8,1.3,1.35,0.0,2,0.0077,1.8,1.5,0.0,0.0258,0,0.02
3,0.0,0.0,3.2143,1.6667,0,2,59.8,0.4,0.3214,2.7321,0.0,1,0.0,1.2857,1.5,0.0,0.0271,0,0.0
3,0.06,0.01,14.0,1.6667,1,2,74.2,1.3,1.4,0.37,0.0,2,0.0146,1.3,1.5,0.06,0.0194,0,0.01
3,0.01,0.2,13.0,1.6667,0,3,77.6,4.1,1.3,1.02,0.0,2,0.0162,4.1,1.5,0.01,0.0649,0,0.2
3,0.0,0.03,5.0,1.6667,1,2,77.6,2.7,0.5,2.18,0.0,1,0.0162,2.7,1.5,0.0,0.0603,0,0.03
3,0.0,0.18,25.0,2.6667,0,2,77.6,4.0,2.5,2.99,0.0,5,0.0162,4.0,1.5,0.0,0.0974,0,0.18
3,0.0,0.04,9.0,2.0,0,4,90.0,2.9,0.9,2.82,0.0,0,0.014,2.9,1.5,0.0,0.092,0,0.04
3,0.0,0.02,12.0,2.3333,1,2,90.0,2.5,1.2,1.49,0.0,2,0.002,2.5,1.5,0.0,0.094,0,0.02
3,0.0,0.225,90.0,1.0,1,2,72.8,1.2,9.0,0.0,0.0,1,0.0,27.0,1.5,0.0,0.0692,1,0.01
4,0.24,0.01,-5.0,1.0,1,4,90.0,0.0,0.0,2.01,0.0,1,0.24,0.0,1.5,0.24,0.01,0,0.01
4,0.0616,0.0616,3.6986,1.5,0,3,81.5,1.1,0.0,1.5411,0.0,2,0.1601,1.3562,1.5,0.05,0.0331,0,0.05
4,0.0,0.0,-5.1429,1.3333,1,2,77.6667,0.0,0.0,3.6,0.0,1,0.112,0.0,1.5,0.0,0.0232,0,0.0
4,0.0,0.0,270.0,1.3333,0,4,58.5,0.0,0.0,0.0,0.0,1,0.1115,0.0,1.5,0.0,0.0231,0,0.0
4,1.1,0.0,50.0,1.0,1,3,48.6,3.3,0.0,1.4,0.0,1,0.1481,33.0,1.5,0.11,0.0222,1,0.0
4,0.48,0.04,-14.0,0.6667,0,4,39.6,4.3,0.0,2.24,0.0,0,0.1818,8.6,1.5,0.24,0.0318,0,0.02
4,0.0,0.0,4.8649,1.0,1,3,39.8,1.6,0.0,0.9486,0.0,2,0.1583,1.9459,1.5,0.0,0.009,0,0.0
4,0.1038,0.0,-1.7308,0.6667,1,4,36.2,0.3,0.0,0.4846,0.0,0,0.2039,0.5192,1.5,0.06,0.0099,0,0.0
4,0.0,0.0,2.8125,1.0,0,4,42.4,0.0,0.0,6.6094,0.0,1,0.1741,0.0,1.5,0.0,0.0085,0,0.0
4,0.675,0.0,67.5,0.6667,1,4,41.4,2.1,0.0,0.0,0.0,1,0.1435,47.25,1.5,0.03,0.0087,0,0.0
4,0.2045,0.0,2.7273,1.3333,0,4,45.6,2.6,0.0,2.7818,0.0,2,0.0947,3.5455,1.5,0.15,0.0,1,0.0
4,0.86,0.0,16.0,2.3333,1,2,39.8,2.7,0.0,1.64,0.0,4,0.303,5.4,1.5,0.43,0.0,0,0.0
4,0.8308,0.0,-3.4615,2.3333,0,3,34.6,1.5,0.0,0.3115,0.0,1,0.4422,5.1923,1.5,0.24,0.0,0,0.0
4,0.0,0.0,8.0,2.0,1,3,37.2,0.5,0.0,3.4,0.0,1,0.4113,1.0,1.5,0.0,0.0,0,0.0
4,0.0,0.0,12.0,1.0,1,4,42.4,0.3,0.0,5.88,0.0,1,0.3481,0.9,1.5,0.0,0.0,1,0.0
4,0.0,0.5625,22.5,1.0,0,3,30.8,0.2,0.0,0.45,0.0,1,0.3916,2.25,1.5,0.0,0.0292,0,0.05
4,0.08,0.0,2.0,1.0,1,2,30.8,0.0,0.0,0.88,0.0,1,0.1636,0.0,1.5,0.04,0.0292,0,0.0
4,0.0,0.0,18.0,1.0,0,4,27.6,0.1,0.0,6.21,0.0,1,0.0261,0.9,1.5,0.0,0.0326,0,0.0
4,0.0,0.0,-3.3333,1.0,0,3,24.0,0.3,0.0,2.8333,0.0,1,0.03,1.0,1.5,0.0,0.0375,1,0.0
4,0.0,0.0,60.0,1.0,0,2,18.6,0.0,0.0,3.0,0.0,1,0.0387,0.0,1.5,0.0,0.0484,1,0.0
4,0.1957,0.0783,7.8261,1.0,0,2,21.6,2.1,0.0,2.8565,0.0,1,0.075,8.2174,1.5,0.05,0.0167,1,0.02
3,6.3,0.0,270.0,1.0,0,3,1.0,0.3,27.0,15.3,0.0,1,6.3,27.0,1.5,0.07,0.0,1,0.0
3,1.7379,0.0,-9.3103,1.0,1,2,15.0,1.1,-0.931,7.5724,0.0,1,1.89,3.4138,1.5,0.56,0.0,0,0.0
3,0.0,0.0333,3.3333,0.6667,0,4,19.0,2.1,0.3333,3.6,0.0,0,0.9947,7.0,1.5,0.0,0.0158,0,0.01
3,0.0,0.8129,17.4194,0.6667,1,3,22.0,1.0,1.7419,0.9,0.0,1,0.6443,2.9032,1.5,0.0,0.2966,0,0.28
3,0.1421,0.0316,7.8947,0.6667,1,2,29.0,1.5,0.7895,1.7526,0.0,1,0.4469,2.3684,1.5,0.09,0.1924,0,0.02
3,0.38,0.1,22.0,2.6667,0,2,46.8,9.8,2.2,0.84,0.0,6,0.3962,9.8,1.5,0.38,0.1577,0,0.1
3,0.0,0.1,16.0,2.6667,1,4,50.0,2.6,1.6,1.24,0.0,1,0.1692,5.2,1.5,0.0,0.1656,0,0.05
3,0.0,0.0143,12.8571,3.0,0,3,57.2,0.6,1.2857,2.0571,0.0,2,0.1479,0.8571,1.5,0.0,0.1448,0,0.01
3,0.0443,0.0,11.8033,1.6667,1,3,63.2,1.9,1.1803,1.4164,0.0,2,0.1424,2.8033,1.5,0.03,0.0513,0,0.0
3,0.0,0.5211,28.4211,1.6667,1,4,55.6,2.9,2.8421,1.2789,0.0,1,0.1327,13.7368,1.5,0.0,0.0874,0,0.11
3,0.029,0.0435,5.8065,1.3333,1,3,50.0,1.4,0.5806,0.421,0.0,1,0.018,2.0323,1.5,0.02,0.072,0,0.03
3,0.0,0.045,45.0,1.0,0,2,45.0,1.7,4.5,1.8,0.0,1,0.02,7.65,1.5,0.0,0.064,1,0.01
3,0.1125,0.075,3.75,0.6667,0,2,37.2,3.5,0.375,1.0125,0.0,0,0.0387,13.125,1.5,0.03,0.0823,0,0.02
3,0.2045,0.2045,12.2727,0.6667,1,2,29.4,2.0,1.2273,0.1227,0.0,1,0.0612,8.1818,1.5,0.05,0.1347,0,0.05
3,0.0391,0.2217,9.1304,0.6667,0,3,39.4,3.9,0.913,1.2522,0.0,1,0.0594,5.087,1.5,0.03,0.1279,0,0.17
3,0.0,0.08,22.0,1.6667,1,4,36.0,3.7,2.2,1.22,0.0,3,0.055,7.4,1.5,0.0,0.145,0,0.04
3,0.1607,0.0482,12.8571,1.6667,0,3,43.2,1.7,1.2857,3.9696,0.0,1,0.0875,2.7321,1.5,0.1,0.1292,0,0.03
3,0.0,0.06,20.0,1.6667,1,2,47.4,1.6,2.0,1.4,0.0,1,0.0684,3.2,1.5,0.0,0.1215,0,0.03
3,1.2333,0.0667,13.3333,1.0,0,3,48.4,2.5,1.3333,0.9667,0.0,1,0.186,8.3333,1.5,0.37,0.1079,0,0.02
3,0.0,0.015,19.5,1.3333,0,3,46.6,1.3,1.95,3.825,0.0,2,0.1815,1.95,1.5,0.0,0.0502,0,0.01
3,0.66,0.06,12.0,1.3333,1,4,40.6,0.9,1.2,0.0,0.0,1,0.2571,5.4,1.5,0.11,0.0443,0,0.01
3,0.2167,0.05,1.6667,1.0,1,3,40.2,2.3,0.1667,2.55,0.0,0,0.2731,3.8333,1.5,0.13,0.0448,0,0.03
3,0.048,0.024,16.8,1.3333,0,4,46.2,1.8,1.68,0.768,0.0,3,0.2532,2.16,1.5,0.04,0.0351,1,0.02
3,0.04,0.11,20.0,2.0,0,3,90.0,6.3,2.0,2.02,0.0,2,0.04,6.3,1.5,0.04,0.11,0,0.11
3,0.07,0.01,15.0,2.5,1,4,90.0,3.0,1.5,1.99,0.0,3,0.055,3.0,1.5,0.07,0.06,1,0.01
3,0.0616,0.1479,20.9589,2.3333,0,4,84.3333,6.2,2.0959,0.6658,0.0,2,0.0569,7.6438,1.5,0.05,0.0854,1,0.12
3,0.05,0.04,14.0,2.3333,0,3,85.75,4.2,1.4,1.35,0.0,2,0.0551,4.2,1.5,0.05,0.0735,0,0.04
3,0.25,0.22,12.0,1.6667,1,4,86.6,10.8,1.2,0.58,0.0,1,0.0956,10.8,1.5,0.25,0.1039,0,0.22
3,0.05,0.01,8.0,1.3333,0,3,86.6,2.0,0.8,2.08,0.0,1,0.0977,2.0,1.5,0.05,0.0831,0,0.01
3,0.0708,0.091,11.1236,1.0,1,4,86.4,3.1,1.1124,1.3551,0.0,1,0.0979,3.1348,1.5,0.07,0.1,1,0.09
3,0.0,0.75,-1.875,0.0,0,2,81.4,0.6,-0.1875,2.9625,0.0,-2,0.0929,1.125,1.5,0.0,0.1681,0,0.4
3,0.0429,0.0286,14.2857,0.6667,0,4,76.0,1.9,1.4286,0.6429,0.0,3,0.0947,2.7143,1.5,0.03,0.1753,0,0.02
3,0.08,0.01,10.0,1.0,1,3,76.0,2.7,1.0,4.04,0.0,2,0.0545,2.7,1.5,0.08,0.1255,0,0.01
3,0.0,0.012,13.2,2.3333,0,3,73.0,1.8,1.32,1.332,0.0,2,0.0444,2.16,1.5,0.0,0.1307,0,0.01
3,0.0,0.0,5.2326,2.0,0,2,72.4,0.5,0.5233,2.7628,0.0,2,0.0273,0.5233,1.5,0.0,0.1094,0,0.0
3,0.2386,0.141,14.0964,2.0,1,4,79.4,5.1,1.4096,2.0386,0.0,2,0.0748,5.5301,1.5,0.22,0.0385,0,0.13
3,0.0424,0.0212,21.1765,2.3333,1,2,83.8,4.4,2.1176,1.44,0.0,3,0.073,4.6588,1.5,0.04,0.0365,0,0.02
3,0.0,0.013,2.6087,1.6667,0,2,79.6,0.8,0.2609,3.3783,0.0,0,0.0588,1.0435,1.5,0.0,0.0384,0,0.01
3,0.0,0.0,13.3333,1.3333,1,2,70.0,0.7,1.3333,0.8333,0.0,1,0.0669,2.3333,1.5,0.0,0.0411,0,0.0
3,0.0,0.0771,21.8571,1.0,1,3,66.8,4.3,2.1857,1.5943,0.0,2,0.0701,5.5286,1.5,0.0,0.0593,1,0.06
3,0.0,0.0708,17.191,1.6667,1,3,68.0,3.0,1.7191,0.2933,0.0,2,0.0106,3.0337,1.5,0.0,0.0424,1,0.07
3,0.0,0.03,16.0,2.3333,0,3,69.0,3.1,1.6,0.97,0.0,3,0.0,3.1,1.5,0.0,0.0443,0,0.03
3,0.0,0.0277,20.7692,2.0,0,4,68.2,1.1,2.0769,3.4892,0.0,1,0.0,1.5231,1.5,0.0,0.0475,0,0.02
3,0.0,0.0214,18.2143,2.0,1,2,79.6,2.9,1.8214,0.3857,0.0,2,0.0,3.1071,1.5,0.0,0.0452,0,0.02
3,0.0556,0.0889,14.4444,1.6667,0,4,81.8,3.0,1.4444,1.0667,0.0,2,0.011,3.3333,1.5,0.05,0.0484,0,0.08
3,0.28,0.06,16.0,1.6667,1,4,73.0,1.6,1.6,1.9,0.0,1,0.0468,3.2,1.5,0.14,0.0444,0,0.03
3,0.0,0.0161,6.4286,1.0,0,4,66.2,1.0,0.6429,3.9696,0.0,0,0.0517,1.6071,1.5,0.0,0.0435,0,0.01
3,0.0,0.0692,17.3077,0.6667,1,3,58.4,1.1,1.7308,0.3808,0.0,1,0.0586,3.8077,1.5,0.0,0.0493,0,0.02
3,0.0,0.0581,18.871,1.0,0,3,54.0,2.7,1.8871,2.4097,0.0,2,0.0633,3.9194,1.5,0.0,0.06,0,0.04
3,0.04,0.04,4.0,1.3333,0,3,55.8,2.8,0.4,3.22,0.0,1,0.0581,2.8,1.5,0.04,0.0452,0,0.04
3,0.0,0.0608,18.2432,1.6667,1,4,61.6,1.6,1.8243,0.9122,0.0,2,0.0117,1.9459,1.5,0.0,0.0468,0,0.05
3,0.0,0.0,180.0,1.0,0,3,1.0,0.0,18.0,15.3,0.0,1,0.0,0.0,1.5,0.0,0.0,1,0.0
3,0.0,0.0,12.0,1.0,0,3,8.0,0.2,1.2,6.24,0.0,1,0.0,1.2,1.5,0.0,0.0,0,0.0
3,0.1157,0.0514,18.0,1.3333,1,4,28.6667,5.6,1.8,1.4529,0.0,2,0.0942,7.2,1.5,0.09,0.0419,1,0.04
3,0.0,0.02,8.0,1.3333,0,2,32.75,0.5,0.8,3.24,0.0,1,0.0618,1.0,1.5,0.0,0.0344,0,0.01
3,0.0,0.3,60.0,1.3333,1,4,27.4,1.5,6.0,2.85,0.0,1,0.0591,22.5,1.5,0.0,0.046,0,0.02
3,0.0,0.45,90.0,1.0,1,2,28.0,0.7,9.0,7.425,0.0,1,0.0579,15.75,1.5,0.0,0.0579,0,0.02
3,0.144,0.396,10.8,1.0,0,3,30.0,3.8,1.08,2.844,0.0,1,0.078,13.68,1.5,0.04,0.12,0,0.11
3,5.9625,0.0,0.0,1.0,1,3,17.6,0.8,0.0,3.2625,0.0,1,0.583,9.0,1.5,0.53,0.1636,0,0.0
3,0.0,0.0,18.0,1.0,0,2,10.6,0.3,1.8,4.05,0.0,1,0.9679,2.7,1.5,0.0,0.2547,0,0.0
3,0.0,0.225,90.0,1.0,0,3,10.2,0.4,9.0,25.875,0.0,1,1.0059,9.0,1.5,0.0,0.2471,1,0.01
3,0.075,0.225,15.0,1.0,0,3,11.8,2.1,1.5,0.225,0.0,1,0.8847,15.75,1.5,0.01,0.2288,0,0.03
2,1.935,0.0,36.0,4.0,1,2,20.0,1.9,5.4,1.575,0.0,4,1.935,8.55,1.5,0.43,0.0,0,0.0
2,1.4625,0.1125,22.5,2.5,0,4,14.0,0.4,3.375,1.35,0.0,1,1.8,4.5,1.5,0.13,0.0321,1,0.01
2,0.0,0.1286,64.2857,2.0,1,3,11.6667,0.4,9.6429,0.0,0.0,1,1.44,5.1429,1.5,0.0,0.0514,0,0.01
2,0.0,0.0,56.25,1.0,0,2,10.75,0.3,8.4375,0.3375,0.0,1,1.1721,3.375,1.5,0.0,0.0419,0,0.0
2,0.0,0.0,10.0,1.0,0,4,17.6,1.5,1.5,0.54,0.0,1,0.5727,3.0,1.5,0.0,0.0205,1,0.0
2,0.06,0.01,19.0,1.0,0,3,31.6,4.6,2.85,2.15,0.0,1,0.1082,4.6,1.5,0.06,0.0171,0,0.01
2,0.24,0.02,18.0,1.0,1,2,48.0,4.1,2.7,1.77,0.0,1,0.1125,4.1,1.5,0.24,0.015,0,0.02
2,0.0,0.01,18.0,1.0,0,3,64.6,2.0,2.7,2.64,0.0,1,0.0836,2.0,1.5,0.0,0.0111,0,0.01
2,0.0,0.07,18.0,1.0,1,2,81.0,3.6,2.7,2.07,0.0,1,0.0667,3.6,1.5,0.0,0.0244,1,0.07
2,0.02,0.11,14.0,1.3333,1,2,90.0,2.3,2.1,1.69,0.0,2,0.064,2.3,1.5,0.02,0.044,0,0.11
2,0.18,0.02,21.0,2.6667,0,2,90.0,4.3,3.15,1.5,0.0,5,0.088,4.3,1.5,0.18,0.046,0,0.02
2,0.0,0.0,11.0,3.0,1,3,90.0,2.1,1.65,1.95,0.0,2,0.04,2.1,1.5,0.0,0.042,0,0.0
2,0.74,0.01,25.0,4.3333,0,4,90.0,8.7,3.75,3.7,0.0,6,0.188,8.7,1.5,0.74,0.042,0,0.01
2,0.0,0.0,13.0,3.3333,1,3,90.0,2.5,1.95,1.6,0.0,2,0.188,2.5,1.5,0.0,0.028,0,0.0
2,0.0,0.0,27.0,3.0,1,3,74.0,0.4,4.05,0.0,0.0,1,0.2238,3.6,1.5,0.0,0.0073,0,0.0
2,0.54,0.28,16.0,1.3333,1,2,74.0,9.0,2.4,1.51,0.0,1,0.3114,9.0,1.5,0.54,0.0705,0,0.28
2,0.0,0.0207,15.5172,1.6667,1,3,73.4,2.2,2.3276,1.1172,0.0,3,0.3139,2.2759,1.5,0.0,0.076,0,0.02
2,0.0,0.0482,4.8214,-1.0,1,4,56.0,0.9,0.7232,5.9786,0.0,-1,0.0,1.4464,1.5,0.0,0.0482,0,0.03
2,0.0,0.0,15.0,0.0,0,2,73.0,2.8,2.25,2.15,0.0,1,0.0,2.8,1.5,0.0,0.0185,0,0.0
2,0.0,0.0,20.0,0.3333,1,2,63.6667,1.9,3.0,1.76,0.0,1,0.0,3.8,1.5,0.0,0.0141,0,0.0
2,0.0,0.0,33.75,1.0,1,4,49.75,0.4,5.0625,3.2625,0.0,1,0.0,4.5,1.5,0.0,0.0136,1,0.0
2,0.05,0.14,27.0,8.0,0,3,90.0,7.2,4.05,2.02,0.0,8,0.05,7.2,1.5,0.05,0.14,1,0.14
2,0.0,0.0,90.0,4.5,1,3,46.0,0.1,13.5,11.7,0.0,1,0.0489,4.5,1.5,0.0,0.137,1,0.0
2,0.0,0.0,67.5,3.3333,0,3,32.0,0.5,10.125,2.7,0.0,1,0.0469,11.25,1.5,0.0,0.1312,0,0.0
2,0.0,0.0,180.0,1.0,1,3,24.25,0.2,27.0,0.9,0.0,1,0.0464,18.0,1.5,0.0,0.1299,0,0.0
2,0.0,0.0,19.2857,1.0,0,3,22.2,0.7,2.8929,0.8357,0.0,1,0.0405,4.5,1.5,0.0,0.1135,0,0.0
2,0.0,0.0,18.5294,1.0,1,4,11.0,1.6,2.7794,2.2765,0.0,1,0.0,4.2353,1.5,0.0,0.0,0,0.0
2,0.04,0.56,26.0,1.0,0,4,19.6,1.7,3.9,0.74,0.0,1,0.0184,3.4,1.5,0.02,0.2571,1,0.28
2,0.0,0.0,18.0,0.6667,1,3,27.8,2.2,2.7,5.88,0.0,0,0.0129,4.4,1.5,0.0,0.1813,0,0.0
2,0.0,0.02,13.0,0.3333,0,4,45.6,2.9,1.95,2.15,0.0,0,0.0079,2.9,1.5,0.0,0.1184,0,0.02
2,0.04,0.01,12.0,0.3333,1,3,60.8,2.1,1.8,1.77,0.0,1,0.0178,2.1,1.5,0.04,0.0918,1,0.01
2,0.0,0.01,16.0,0.3333,0,4,72.0,2.3,2.4,2.64,0.0,0,0.015,2.3,1.5,0.0,0.08,0,0.01
2,0.0,0.0,135.0,0.6667,0,3,63.4,0.0,20.25,26.1,0.0,1,0.0114,0.0,1.5,0.0,0.0114,1,0.0
2,0.0,0.16,30.0,2.0,1,3,72.4,5.2,4.5,1.95,0.0,5,0.0099,5.2,1.5,0.0,0.0497,0,0.16
2,0.0,0.01,15.0,2.0,0,3,72.4,3.6,2.25,3.7,0.0,0,0.0099,3.6,1.5,0.0,0.0472,0,0.01
2,0.02,0.02,10.0,2.0,1,2,72.4,3.2,1.5,1.6,0.0,1,0.005,3.2,1.5,0.02,0.0497,1,0.02
2,0.0,0.0,270.0,0.6667,0,2,54.6,0.1,40.5,36.9,0.0,1,0.0066,9.0,1.5,0.0,0.0626,0,0.0
2,0.0643,0.075,16.0714,1.0,1,4,71.0,4.5,2.4107,1.4893,0.0,1,0.0203,4.8214,1.5,0.06,0.0659,0,0.07
2,0.0,0.03,17.0,1.3333,1,4,71.0,4.0,2.55,0.29,0.0,2,0.0203,4.0,1.5,0.0,0.033,0,0.03
2,0.0,0.1317,21.9512,1.0,0,4,61.2,1.5,3.2927,2.1951,0.0,0,0.0235,3.2927,1.5,0.0,0.0529,0,0.06
2,0.0318,0.0318,15.8824,1.0,0,3,60.2,2.6,2.3824,2.0224,0.0,1,0.0269,2.7529,1.5,0.03,0.0568,0,0.03
2,0.0,0.015,6.0,0.0,0,4,72.0,2.4,0.9,3.825,0.0,-1,0.0225,3.6,1.5,0.0,0.05,0,0.01
2,0.0,0.0643,25.7143,0.3333,0,3,58.0,0.8,3.8571,0.3857,0.0,1,0.0093,5.1429,1.5,0.0,0.0434,0,0.01
3,0.0,0.0643,25.7143,1.0,1,3,14.0,1.0,2.5714,2.25,0.0,1,0.0,6.4286,1.5,0.0,0.0643,0,0.01
3,0.0,0.69,30.0,1.0,0,3,22.0,1.4,3.0,0.48,0.0,1,0.0,4.2,1.5,0.0,0.4909,0,0.23
3,0.0,0.0818,-4.0909,0.6667,0,3,22.0,0.2,-0.4091,2.5364,0.0,0,0.0,0.8182,1.5,0.0,0.3545,1,0.02
3,0.0,0.0,270.0,0.6667,1,4,16.75,0.3,27.0,0.9,0.0,1,0.0,27.0,1.5,0.0,0.3493,0,0.0
3,0.0,0.0,22.5,0.6667,0,3,15.8,0.2,2.25,1.35,0.0,1,0.0,1.5,1.5,0.0,0.2962,0,0.0
3,0.9,0.9,270.0,1.0,1,3,13.2,0.6,27.0,0.0,0.0,1,0.0136,54.0,1.5,0.01,0.3545,0,0.01
3,0.16,0.04,6.0,0.6667,0,4,16.2,1.3,0.6,1.52,0.0,0,0.1,2.6,1.5,0.08,0.0556,0,0.02
3,0.05,0.05,9.0,1.0,1,4,29.8,2.7,0.9,1.03,0.0,2,0.0846,2.7,1.5,0.05,0.0483,1,0.05
3,0.0,0.0346,31.1538,1.0,0,2,34.8,1.1,3.1154,0.6577,0.0,1,0.0724,3.8077,1.5,0.0,0.0466,0,0.01
3,0.02,0.04,14.0,1.3333,1,2,41.4,3.9,1.4,5.88,0.0,1,0.0652,7.8,1.5,0.01,0.0478,0,0.02
3,0.0,0.03,13.0,1.3333,0,4,59.2,3.0,1.3,2.15,0.0,2,0.0426,3.0,1.5,0.0,0.0395,1,0.03
3,0.031,0.0466,17.069,1.3333,1,4,61.8,2.9,1.7069,2.2655,0.0,1,0.0233,4.5,1.5,0.02,0.0408,0,0.03
3,0.02,0.02,12.0,1.3333,0,2,52.8,1.1,1.2,2.04,0.0,1,0.0136,2.2,1.5,0.01,0.0341,1,0.01
3,0.0,0.2045,15.0,1.3333,1,2,60.8,3.3,1.5,1.2818,0.0,2,0.0118,4.5,1.5,0.0,0.0711,0,0.15
3,0.0,0.0,5.2941,1.3333,1,2,55.2,0.4,0.5294,3.1765,0.0,1,0.0098,2.1176,1.5,0.0,0.0717,0,0.0
3,0.0,0.35,20.0,1.3333,0,2,40.8,2.4,2.0,5.45,0.0,1,0.0132,12.0,1.5,0.0,0.1147,0,0.07
3,0.0,0.0,16.6667,1.0,1,3,34.6,0.5,1.6667,2.4333,0.0,1,0.0052,1.6667,1.5,0.0,0.1197,0,0.0
3,0.08,0.15,18.0,1.3333,0,3,43.6,3.1,1.8,3.7,0.0,2,0.033,3.1,1.5,0.08,0.1528,0,0.15
3,0.0,0.9562,30.9375,1.3333,1,4,36.8,2.6,3.0938,1.35,0.0,1,0.0391,7.3125,1.5,0.0,0.2739,0,0.34
3,0.05,0.02,8.0,1.6667,0,3,51.4,3.0,0.8,0.84,0.0,2,0.0455,3.0,1.5,0.05,0.2031,0,0.02
3,0.0,0.04,8.0,1.3333,1,2,56.8,1.4,0.8,2.08,0.0,1,0.0412,2.8,1.5,0.0,0.168,1,0.02
3,0.0818,0.0102,10.2273,1.6667,0,4,69.0,2.4,1.0227,1.8,0.0,2,0.0548,2.4545,1.5,0.08,0.1409,1,0.01
3,0.18,0.09,18.0,1.3333,1,2,53.0,0.1,1.8,0.0,0.0,1,0.0509,0.9,1.5,0.02,0.1358,0,0.01
3,0.0,0.36,36.0,1.3333,1,4,47.6,0.4,3.6,2.16,0.0,1,0.0567,7.2,1.5,0.0,0.0303,0,0.02
3,0.0,0.0,45.0,1.0,1,2,31.2,0.7,4.5,0.0,0.0,1,0.0577,7.875,1.5,0.0,0.0346,0,0.0
3,0.0,0.45,180.0,1.0,0,3,22.6,0.7,18.0,0.0,0.0,1,0.0796,31.5,1.5,0.0,0.0398,0,0.01
3,0.0,0.4125,45.0,1.0,0,3,9.8,2.0,4.5,1.0125,0.0,1,0.0367,7.5,1.5,0.0,0.2755,0,0.11
3,0.0,0.45,90.0,0.6667,1,3,8.2,1.3,9.0,1.35,0.0,0,0.0,58.5,1.5,0.0,0.3293,1,0.01
3,0.0,0.1125,45.0,0.6667,0,4,8.8,0.6,4.5,2.25,0.0,1,0.0,6.75,1.5,0.0,0.2864,0,0.01
3,0.24,0.04,14.0,0.6667,1,3,16.2,3.1,1.4,1.22,0.0,1,0.1333,6.2,1.5,0.12,0.1778,0,0.02
3,0.0818,0.1636,24.5455,1.0,0,3,22.4,2.7,2.4545,1.0636,0.0,1,0.1205,7.3636,1.5,0.03,0.1687,0,0.06
3,0.0,0.0429,8.5714,0.6667,1,3,30.2,1.6,0.8571,1.3857,0.0,0,0.0894,2.2857,1.5,0.0,0.0775,0,0.03
3,0.2667,0.1,40.0,0.6667,0,3,35.2,3.9,4.0,0.9667,0.0,1,0.1176,13.0,1.5,0.08,0.0767,0,0.03
3,0.0,0.45,135.0,0.6667,1,3,34.0,0.1,13.5,0.0,0.0,1,0.1218,4.5,1.5,0.0,0.0794,0,0.01
3,0.0,0.0429,9.6429,1.3333,1,3,41.8,2.9,0.9643,1.6393,0.0,2,0.0474,3.1071,1.5,0.0,0.0732,1,0.04
3,0.15,0.0375,41.25,1.3333,0,3,40.0,0.8,4.125,0.225,0.0,1,0.054,3.0,1.5,0.04,0.054,0,0.01
3,0.04,0.36,12.0,2.0,0,3,90.0,4.9,1.2,2.02,0.0,2,0.04,4.9,1.5,0.04,0.36,1,0.36
3,0.0828,0.0207,7.2414,2.5,1,2,88.5,6.0,0.7241,1.7897,0.0,3,0.061,6.2069,1.5,0.08,0.1932,0,0.02
3,0.35,0.19,26.0,4.3333,0,2,89.0,12.3,2.6,0.67,0.0,8,0.1584,12.3,1.5,0.35,0.1921,1,0.19
3,0.0,0.0847,8.4706,4.0,0,3,88.0,7.5,0.8471,1.3024,0.0,1,0.1202,7.9412,1.5,0.0,0.1662,0,0.08
3,0.32,0.31,41.0,6.3333,1,3,88.4,19.1,4.1,0.58,0.0,10,0.1609,19.1,1.5,0.32,0.1955,1,0.31
3,0.0,0.16,6.0,4.3333,0,2,88.4,5.5,0.6,2.08,0.0,2,0.1527,5.5,1.5,0.0,0.1548,0,0.16
3,0.07,0.15,17.0,4.6667,1,2,89.0,10.9,1.7,1.34,0.0,2,0.1497,10.9,1.5,0.07,0.18,0,0.15
3,0.05,0.33,9.0,2.3333,0,3,89.0,7.2,0.9,0.8,0.0,3,0.089,7.2,1.5,0.05,0.2083,0,0.33
3,0.22,0.26,2.0,2.6667,1,2,90.0,3.4,0.2,1.03,0.0,3,0.132,3.4,1.5,0.22,0.242,0,0.26
3,0.0202,0.0404,13.1461,3.0,0,2,89.8,2.1,1.3146,0.4753,0.0,3,0.0722,2.1236,1.5,0.02,0.1884,1,0.04
3,0.105,0.03,40.5,4.3333,1,3,83.8,8.1,4.05,2.415,0.0,7,0.0924,12.15,1.5,0.07,0.1718,0,0.02
3,0.03,0.08,3.0,4.0,0,4,83.8,3.2,0.3,2.15,0.0,2,0.0838,3.2,1.5,0.03,0.1568,0,0.08
3,0.66,0.25,3.0,3.6667,1,3,83.8,10.2,0.3,1.77,0.0,2,0.2148,10.2,1.5,0.66,0.1396,0,0.25
3,0.11,0.1,33.0,5.3333,0,3,83.8,9.5,3.3,2.64,0.0,12,0.1912,9.5,1.5,0.11,0.1053,0,0.1
3,0.08,0.31,1.0,5.0,1,3,84.0,9.5,0.1,2.07,0.0,1,0.2036,9.5,1.5,0.08,0.1629,0,0.31
3,0.16,0.63,18.0,5.0,1,2,90.0,12.8,1.8,1.69,0.0,2,0.208,12.8,1.5,0.16,0.274,1,0.63
3,0.17,0.54,44.0,5.6667,0,2,90.0,15.9,4.4,1.5,0.0,14,0.236,15.9,1.5,0.17,0.366,0,0.54
3,0.11,0.15,4.0,5.6667,1,2,90.0,7.3,0.4,1.95,0.0,1,0.126,7.3,1.5,0.11,0.346,0,0.15
3,0.03,0.18,0.0,5.3333,0,2,90.0,2.8,0.0,3.7,0.0,1,0.11,2.8,1.5,0.03,0.362,0,0.18
3,0.15,0.18,8.0,1.0,1,3,90.0,6.8,0.8,1.66,0.0,1,0.124,6.8,1.5,0.15,0.336,0,0.18
3,0.0,0.0692,13.8462,1.0,0,3,77.2,2.1,1.3846,4.1192,0.0,1,0.1073,7.2692,1.5,0.0,0.2495,0,0.02
3,0.3194,0.2177,7.2581,1.3333,1,3,71.6,5.2,0.7258,1.3935,0.0,2,0.1282,7.5484,1.5,0.22,0.1709,0,0.15
3,0.47,0.39,33.0,4.0,1,2,71.6,13.5,3.3,1.51,0.0,9,0.2187,13.5,1.5,0.47,0.2313,1,0.39
3,0.0,0.27,16.0,4.3333,1,3,71.6,5.6,1.6,0.29,0.0,2,0.2112,5.6,1.5,0.0,0.2539,0,0.27
3,0.1,0.22,16.0,5.6667,0,2,71.6,7.7,1.6,0.97,0.0,6,0.1986,7.7,1.5,0.1,0.264,0,0.22
3,0.04,0.07,10.0,3.3333,0,4,84.4,4.7,1.0,2.79,0.0,2,0.177,4.7,1.5,0.04,0.2346,0,0.07
3,0.0,0.08,22.0,3.0,1,4,81.0,5.5,2.2,0.62,0.0,1,0.1356,11.0,1.5,0.0,0.22,0,0.04
3,0.0,0.225,18.0,1.3333,0,3,67.0,1.6,1.8,0.9,0.0,1,0.0376,7.2,1.5,0.0,0.1746,0,0.05
3,0.0,0.0643,38.5714,1.0,1,3,51.8,1.6,3.8571,0.9,0.0,1,0.0486,10.2857,1.5,0.0,0.1355,0,0.01
3,0.225,0.0844,22.5,1.0,0,3,40.2,3.3,2.25,1.0969,0.0,1,0.0537,9.2812,1.5,0.08,0.0896,0,0.03
3,0.03,0.45,13.0,1.0,1,2,40.2,6.9,1.3,1.08,0.0,1,0.0493,6.9,1.5,0.03,0.2597,1,0.45
3,0.1,0.18,3.0,1.3333,0,3,49.2,4.8,0.3,1.94,0.0,2,0.0768,4.8,1.5,0.1,0.2634,0,0.18
3,0.0,0.015,4.5,1.6667,0,2,57.2,0.7,0.45,3.825,0.0,2,0.0661,1.05,1.5,0.0,0.214,0,0.01
3,0.0243,0.1338,12.1622,2.0,1,2,69.2,8.8,1.2162,0.9122,0.0,2,0.0598,10.7027,1.5,0.02,0.2029,0,0.11
3,1.3629,0.0257,-18.0,1.6667,1,3,69.8,6.3,-1.8,2.2114,0.0,1,0.1754,16.2,1.5,0.53,0.196,0,0.01
3,0.64,0.02,46.0,6.3333,0,2,69.8,16.8,4.6,0.7,0.0,16,0.3327,16.8,1.5,0.64,0.0851,0,0.02
3,0.0,0.1125,45.0,1.0,0,4,16.0,2.1,4.5,0.675,0.0,1,0.0,11.8125,1.5,0.0,0.1125,0,0.02
3,0.0,0.0,33.75,1.0,1,2,12.0,0.6,3.375,9.675,0.0,1,0.0,6.75,1.5,0.0,0.075,0,0.0
3,0.48,0.0,18.0,1.0,0,2,13.0,1.2,1.8,6.24,0.0,1,0.1846,7.2,1.5,0.08,0.0462,0,0.0
3,0.0741,0.0953,34.9412,4.0,1,3,31.0,11.2,3.4941,1.8635,0.0,10,0.1089,11.8588,1.5,0.07,0.0798,0,0.09
3,0.1385,0.0115,32.3077,6.0,0,2,40.4,4.5,3.2308,2.4462,0.0,7,0.1203,5.1923,1.5,0.12,0.0535,0,0.01
3,0.2045,0.45,21.8182,6.3333,1,2,50.4,8.4,2.1818,1.2818,0.0,2,0.15,11.4545,1.5,0.15,0.1536,0,0.33
3,0.0,0.0,10.5882,3.3333,1,3,52.2,0.8,1.0588,3.1765,0.0,1,0.1448,4.2353,1.5,0.0,0.1483,0,0.0
3,0.0,0.2118,31.7647,1.3333,1,3,52.6,1.4,3.1765,3.6,0.0,1,0.1163,7.4118,1.5,0.0,0.1608,0,0.04
3,0.0,0.72,28.8,1.0,0,3,40.6,3.6,2.88,2.844,0.0,1,0.1197,12.96,1.5,0.0,0.2571,1,0.2
3,0.0,0.1556,36.6667,4.3333,1,2,41.2,7.5,3.6667,1.4444,0.0,11,0.0655,8.3333,1.5,0.0,0.3102,0,0.14
3,0.0,3.24,90.0,4.3333,1,3,29.0,2.2,9.0,2.16,0.0,1,0.0,39.6,1.5,0.0,0.3476,0,0.18
3,0.0,0.9,270.0,4.3333,1,4,25.8,0.3,27.0,0.0,0.0,1,0.0,27.0,1.5,0.0,0.3977,1,0.01
3,0.6,0.3,90.0,1.0,0,3,23.0,1.3,9.0,8.1,0.0,1,0.0157,39.0,1.5,0.02,0.4226,0,0.01
3,0.0,2.2091,24.5455,0.6667,1,2,22.4,2.0,2.4545,0.1227,0.0,0,0.0161,8.1818,1.5,0.0,0.7071,0,0.54
3,0.0,0.0,360.0,0.6667,0,2,6.4,1.5,36.0,1.8,0.0,1,0.0562,135.0,1.5,0.0,2.0813,0,0.0
3,0.1286,0.0643,25.7143,0.6667,1,3,8.2,0.3,2.5714,0.9,0.0,1,0.0878,1.9286,1.5,0.02,1.2512,0,0.01
3,0.0,0.2,60.0,1.0,0,3,9.8,0.7,6.0,1.7,0.0,1,0.0735,7.0,1.5,0.0,1.0653,0,0.02
3,0.9,0.45,90.0,1.0,1,3,9.6,2.1,9.0,0.0,0.0,1,0.075,94.5,1.5,0.02,1.0875,0,0.01
3,0.675,3.375,180.0,1.0,0,3,6.0,5.2,18.0,0.675,0.0,1,0.21,117.0,1.5,0.03,0.57,0,0.15
3,0.18,0.12,24.0,1.0,0,3,8.8,2.7,2.4,3.66,0.0,1,0.2045,16.2,1.5,0.03,0.4295,0,0.02
3,0.0,0.0,90.0,1.0,1,3,6.4,0.0,9.0,0.0,0.0,1,0.225,0.0,1.5,0.0,0.5625,0,0.0
3,0.0,0.18,36.0,1.0,1,2,5.6,0.4,3.6,15.48,0.0,1,0.2571,7.2,1.5,0.0,0.6107,0,0.01
3,0.07,0.94,31.0,9.0,0,3,90.0,15.3,3.1,2.02,0.0,9,0.07,15.3,1.5,0.07,0.94,0,0.94
3,0.1,0.25,12.0,6.0,1,4,90.0,9.0,1.2,1.99,0.0,3,0.085,9.0,1.5,0.1,0.595,0,0.25
3,1.35,0.55,42.5,7.3333,0,3,84.0,11.1,4.25,0.675,0.0,10,0.4464,13.875,1.5,1.08,0.5821,0,0.44
3,0.3706,0.18,33.8824,6.6667,0,3,84.25,14.7,3.3882,1.3024,0.0,7,0.4273,15.5647,1.5,0.35,0.4807,0,0.17
3,0.15,0.22,12.0,6.0,1,3,85.4,10.6,1.2,0.58,0.0,1,0.3689,10.6,1.5,0.15,0.4258,0,0.22
3,0.0351,0.2571,32.7273,5.6667,0,4,82.8,7.4,3.2727,2.2325,0.0,9,0.3717,8.6494,1.5,0.03,0.2826,0,0.22
3,0.1213,0.2427,12.1348,4.0,1,2,82.6,11.0,1.2135,1.3551,0.0,2,0.377,11.1236,1.5,0.12,0.2811,0,0.24
3,0.24,0.54,28.8,5.6667,0,4,83.2,9.7,2.88,0.84,0.0,6,0.1839,11.64,1.5,0.2,0.2812,0,0.45
3,0.6778,0.1556,33.3333,5.6667,1,4,82.4,15.3,3.3333,0.1889,0.0,9,0.2425,17.0,1.5,0.61,0.2774,0,0.14
3,0.092,0.0307,15.3409,7.0,0,3,82.0,5.0,1.5341,0.4807,0.0,6,0.2305,5.1136,1.5,0.09,0.2371,0,0.03
3,0.0,0.02,0.0,5.3333,1,4,75.6,0.5,0.0,2.22,0.0,1,0.2429,1.0,1.5,0.0,0.2071,0,0.01
3,0.3828,0.1759,26.8966,4.6667,1,3,75.2,8.5,2.6897,1.5207,0.0,7,0.304,8.7931,1.5,0.37,0.1915,0,0.17
3,0.1165,0.0741,19.0588,4.3333,0,3,77.2,6.3,1.9059,1.5671,0.0,5,0.2751,6.6706,1.5,0.11,0.0979,0,0.07
3,0.14,0.16,7.0,4.3333,1,2,79.0,7.8,0.7,1.21,0.0,1,0.1618,7.8,1.5,0.14,0.1003,0,0.16
3,0.0212,0.3812,13.7647,2.6667,1,3,78.4,6.1,1.3765,1.4718,0.0,2,0.1469,6.4588,1.5,0.02,0.1768,0,0.36
3,0.0,0.5707,26.3415,2.6667,1,3,85.8,6.5,2.6341,0.3183,0.0,5,0.1343,7.1341,1.5,0.0,0.2685,0,0.52
3,0.7448,0.031,31.0345,5.3333,0,2,85.8,8.9,3.1034,1.0034,0.0,9,0.2077,9.2069,1.5,0.72,0.2392,0,0.03
3,0.18,0.1246,19.3846,5.3333,0,2,81.8,3.5,1.9385,3.4892,0.0,2,0.2222,4.8462,1.5,0.13,0.2553,1,0.09
3,0.2015,0.1746,24.1791,4.3333,1,3,77.2,3.7,2.4179,0.4836,0.0,2,0.2378,4.9701,1.5,0.15,0.2635,0,0.13
3,0.1696,0.1304,15.6522,2.0,0,4,74.0,5.3,1.5652,1.2522,0.0,2,0.2749,6.913,1.5,0.13,0.2116,0,0.1
3,0.096,0.216,16.8,2.0,1,4,72.6,7.1,1.68,1.716,0.0,2,0.3,8.52,1.5,0.08,0.1314,0,0.18
3,0.0562,0.2925,11.25,1.6667,0,3,71.2,9.2,1.125,3.015,0.0,1,0.1365,10.35,1.5,0.05,0.1921,0,0.26
3,0.0571,0.2857,15.7143,1.6667,1,3,70.8,2.8,1.5714,1.3857,0.0,2,0.1144,4.0,1.5,0.04,0.2212,0,0.2
3,0.1667,0.1,10.0,1.3333,0,2,62.8,2.5,1.0,0.9667,0.0,1,0.1003,8.3333,1.5,0.05,0.2207,0,0.03
3,0.5586,0.0621,6.2069,1.3333,0,4,54.8,1.9,0.6207,2.0793,0.0,1,0.1314,5.8966,1.5,0.18,0.2266,0,0.02
3,0.6207,0.3414,21.7241,2.0,1,3,57.2,11.2,2.1724,0.7759,0.0,4,0.2895,11.5862,1.5,0.6,0.2643,0,0.33
3,0.0,0.09,20.0,2.3333,1,4,59.2,7.3,2.0,2.34,0.0,2,0.2645,7.3,1.5,0.0,0.2037,0,0.09
3,0.9931,0.3724,22.7586,4.0,0,3,64.0,13.2,2.2759,0.7241,0.0,6,0.5034,13.6552,1.5,0.96,0.2334,1,0.36
2,0.1034,0.1241,26.8966,6.0,1,4,87.0,3.6,4.0345,1.7897,0.0,6,0.1034,3.7241,1.5,0.1,0.1241,0,0.12
2,0.09,0.04,30.0,6.0,0,3,88.5,3.1,4.5,0.67,0.0,6,0.0966,3.1,1.5,0.09,0.0814,0,0.04
2,0.18,0.23,27.0,5.3333,0,4,89.0,6.4,4.05,1.35,0.0,4,0.1247,6.4,1.5,0.18,0.1315,1,0.23
2,0.03,0.25,17.0,4.0,1,2,89.25,7.6,2.55,0.57,0.0,2,0.1008,7.6,1.5,0.03,0.1613,0,0.25
2,0.0,0.01,10.0,2.3333,0,3,89.4,2.2,1.5,2.08,0.0,1,0.0805,2.2,1.5,0.0,0.1309,0,0.01
2,0.02,0.11,38.0,3.3333,1,3,90.0,8.9,5.7,1.34,0.0,7,0.064,8.9,1.5,0.02,0.128,0,0.11
2,0.36,0.03,24.0,4.6667,0,4,90.0,4.0,3.6,0.82,0.0,6,0.118,4.0,1.5,0.36,0.126,0,0.03
2,0.01,0.02,27.0,6.3333,1,2,90.0,1.9,4.05,1.03,0.0,6,0.084,1.9,1.5,0.01,0.084,0,0.02
2,0.03,0.03,14.0,4.6667,0,2,90.0,3.0,2.1,0.64,0.0,2,0.084,3.0,1.5,0.03,0.04,0,0.03
2,0.03,0.34,19.0,2.6667,1,3,90.0,5.3,2.85,4.04,0.0,0,0.09,5.3,1.5,0.03,0.106,1,0.34
2,0.0,0.62,26.0,2.3333,0,3,90.0,7.7,3.9,2.15,0.0,5,0.086,7.7,1.5,0.0,0.208,0,0.62
2,0.2,0.44,25.0,3.3333,1,3,90.0,11.9,3.75,1.77,0.0,5,0.054,11.9,1.5,0.2,0.29,1,0.44
2,0.06,0.05,6.0,3.3333,0,3,90.0,4.2,0.9,2.64,0.0,0,0.064,4.2,1.5,0.06,0.296,0,0.05
2,0.22,0.41,24.0,3.3333,1,3,90.0,13.9,3.6,2.07,0.0,5,0.102,13.9,1.5,0.22,0.372,0,0.41
2,0.1,0.39,30.0,3.3333,1,3,90.0,11.3,4.5,1.69,0.0,5,0.116,11.3,1.5,0.1,0.382,0,0.39
2,0.39,0.34,31.0,6.0,0,2,90.0,7.3,4.65,1.5,0.0,8,0.194,7.3,1.5,0.39,0.326,0,0.34
2,0.09,0.01,21.0,5.0,1,2,90.0,4.3,3.15,1.95,0.0,2,0.172,4.3,1.5,0.09,0.24,1,0.01
2,0.11,0.54,28.0,5.0,0,4,90.0,9.6,4.2,3.7,0.0,5,0.182,9.6,1.5,0.11,0.338,0,0.54
2,0.03,0.1,15.0,3.0,1,4,90.0,6.0,2.25,1.6,0.0,2,0.144,6.0,1.5,0.03,0.276,0,0.1
2,0.04,0.52,32.0,4.3333,0,2,90.0,14.1,4.8,0.84,0.0,6,0.132,14.1,1.5,0.04,0.302,0,0.52
2,0.08,0.09,12.0,3.0,1,4,90.0,3.2,1.8,1.66,0.0,1,0.07,3.2,1.5,0.08,0.252,0,0.09
2,0.04,0.03,13.0,2.6667,0,2,90.0,2.7,1.95,2.62,0.0,1,0.06,2.7,1.5,0.04,0.256,0,0.03
2,0.0,0.01,15.0,1.3333,1,2,90.0,2.0,2.25,1.21,0.0,2,0.038,2.0,1.5,0.0,0.15,0,0.01
2,0.0,0.18,30.0,3.3333,0,3,90.0,5.7,4.5,0.97,0.0,7,0.032,5.7,1.5,0.0,0.166,0,0.18
2,0.0,0.06,11.0,3.3333,0,4,90.0,3.8,1.65,2.79,0.0,1,0.024,3.8,1.5,0.0,0.074,0,0.06
2,0.15,0.1,11.0,3.3333,1,2,90.0,5.2,1.65,0.39,0.0,2,0.038,5.2,1.5,0.15,0.076,1,0.1
2,0.05,0.11,13.0,1.6667,0,2,90.0,5.9,1.95,1.16,0.0,2,0.04,5.9,1.5,0.05,0.092,0,0.11
2,0.09,0.06,30.0,5.0,1,3,90.0,8.4,4.5,1.56,0.0,11,0.058,8.4,1.5,0.09,0.102,0,0.06
2,0.0,0.0188,1.875,4.3333,0,3,81.6,1.5,0.2812,3.4688,0.0,0,0.064,2.8125,1.5,0.0,0.075,0,0.01
2,0.09,0.29,12.0,4.0,1,3,81.6,3.9,1.8,1.08,0.0,1,0.0838,3.9,1.5,0.09,0.1257,0,0.29
2,0.03,0.27,12.0,0.6667,0,3,81.6,6.7,1.8,1.94,0.0,1,0.0574,6.7,1.5,0.03,0.1632,0,0.27
2,0.0,0.13,15.0,0.6667,0,3,81.6,3.5,2.25,3.22,0.0,0,0.0463,3.5,1.5,0.0,0.1676,0,0.13
2,0.14,0.06,24.0,3.3333,1,3,81.6,8.9,3.6,0.75,0.0,9,0.0574,8.9,1.5,0.14,0.1676,1,0.06
2,0.0,0.02,7.0,3.3333,1,3,90.0,1.3,1.05,2.4,0.0,1,0.052,1.3,1.5,0.0,0.154,0,0.02
2,0.192,0.192,52.8,8.0,0,2,87.0,9.5,7.92,0.768,0.0,14,0.0683,11.4,1.5,0.16,0.1324,0,0.16
2,0.0,0.96,48.0,1.0,0,4,15.0,2.5,7.2,1.8,0.0,1,0.0,15.0,1.5,0.0,0.96,1,0.16
2,0.0,1.98,27.0,1.0,1,3,17.5,3.3,4.05,1.575,0.0,1,0.0,14.85,1.5,0.0,1.5429,1,0.44
2,0.1161,0.0581,5.8065,0.6667,0,3,22.0,1.5,0.871,0.4645,0.0,0,0.0545,4.3548,1.5,0.04,0.8455,0,0.02
2,0.0,0.1227,20.4545,0.6667,0,4,22.0,2.4,3.0682,2.5364,0.0,1,0.0409,9.8182,1.5,0.0,0.6648,0,0.03
2,0.72,1.35,117.0,1.3333,1,2,19.6,4.3,17.55,0.09,0.0,3,0.1102,38.7,1.5,0.08,0.7347,0,0.15
2,0.0,0.0321,13.9286,1.0,1,3,84.0,3.5,2.0893,1.2429,0.0,1,0.0,3.75,1.5,0.0,0.0321,0,0.03
2,0.0,0.2423,16.1538,3.0,0,2,81.0,1.1,2.4231,0.9346,0.0,5,0.0,1.2692,1.5,0.0,0.1333,0,0.21
2,0.0,0.0,15.8824,2.3333,1,2,59.6667,0.1,2.3824,6.0882,0.0,1,0.0,0.5294,1.5,0.0,0.1207,0,0.0
2,0.0231,0.1269,34.6154,4.6667,1,2,64.25,3.8,5.1923,0.4615,0.0,8,0.007,4.3846,1.5,0.02,0.1226,1,0.11
2,0.36,0.0,27.0,3.3333,0,3,53.4,0.6,4.05,0.0,0.0,1,0.0202,5.4,1.5,0.04,0.118,0,0.0
2,0.0,0.16,14.0,3.0,1,2,45.6,3.9,2.1,1.94,0.0,0,0.0237,7.8,1.5,0.0,0.1579,0,0.08
2,0.12,0.14,13.0,0.3333,1,3,48.0,7.0,1.95,1.48,0.0,0,0.0675,7.0,1.5,0.12,0.1238,0,0.14
2,0.0,0.0,30.0,0.3333,0,2,45.8,0.1,4.5,0.0,0.0,1,0.0707,1.5,1.5,0.0,0.1297,0,0.0
2,0.0,2.7,450.0,0.6667,0,4,30.4,2.0,67.5,0.0,0.0,1,0.0947,180.0,1.5,0.0,0.148,0,0.03
2,0.1125,0.0562,5.625,1.0,1,4,31.6,0.7,0.8438,1.1812,0.0,1,0.0797,3.9375,1.5,0.02,0.1481,0,0.01
2,0.1154,0.0231,12.6923,1.0,1,3,38.2,2.7,1.9038,2.2731,0.0,1,0.1131,3.1154,1.5,0.1,0.0942,1,0.02
2,0.0,0.31,39.0,4.6667,0,2,38.2,7.3,5.85,1.13,0.0,12,0.0565,7.3,1.5,0.0,0.1743,0,0.31
2,0.1393,0.0214,17.1429,5.3333,1,4,53.8,3.9,2.5714,2.2286,0.0,3,0.0836,4.1786,1.5,0.13,0.1305,1,0.02
2,0.0234,0.187,9.3506,5.6667,0,2,69.0,4.4,1.4026,2.5481,0.0,2,0.0704,5.1429,1.5,0.02,0.1357,1,0.16
2,0.05,0.1375,3.75,1.3333,0,4,80.2,4.2,0.5625,1.825,0.0,-1,0.0651,5.25,1.5,0.04,0.1392,1,0.11
2,0.25,0.07,16.0,1.6667,1,2,82.6,4.8,2.4,1.81,0.0,4,0.0959,4.8,1.5,0.25,0.146,1,0.07
2,0.0,0.0,-128.5714,0.0,0,3,66.0,0.0,-19.2857,68.4,0.0,-3,0.12,0.0,1.5,0.0,0.0982,0,0.0
2,0.0,0.0,26.4706,0.6667,1,3,52.6,0.7,3.9706,3.2824,0.0,1,0.1061,3.7059,1.5,0.0,0.1163,0,0.0
2,0.084,0.876,39.6,2.3333,0,4,52.2,7.7,5.94,1.14,0.0,9,0.1241,9.24,1.5,0.07,0.3138,0,0.73
2,0.08,0.14,27.0,6.0,1,3,55.8,7.5,4.05,0.84,0.0,8,0.129,7.5,1.5,0.08,0.3032,0,0.14
2,0.02,0.32,42.0,8.0,0,2,55.8,10.1,6.3,0.59,0.0,7,0.0548,10.1,1.5,0.02,0.3839,0,0.32
2,0.0355,0.0592,10.6579,5.3333,0,2,69.6,5.2,1.5987,0.8763,0.0,1,0.0517,6.1579,1.5,0.03,0.3207,0,0.05
2,0.0,0.04,31.0,5.3333,1,2,84.2,4.7,4.65,1.19,0.0,8,0.0428,4.7,1.5,0.0,0.2736,0,0.04
2,0.0,0.04,15.0,3.6667,0,4,87.2,5.1,2.25,0.69,0.0,2,0.0268,5.1,1.5,0.0,0.1218,1,0.04
2,0.0,0.2589,17.2603,3.6667,1,2,83.8,2.7,2.589,3.3164,0.0,1,0.0107,3.3288,1.5,0.0,0.1418,1,0.21
3,0.21,0.01,3.0,2.0,0,3,90.0,5.4,0.3,2.02,0.0,2,0.21,5.4,1.5,0.21,0.01,0,0.01
3,0.0,0.013,2.6087,2.5,1,3,79.5,2.3,0.2609,2.1391,0.0,3,0.1189,3.0,1.5,0.0,0.0113,1,0.01
3,0.3966,0.061,-10.678,1.6667,0,3,72.6667,3.9,-1.0678,0.778,0.0,0,0.194,5.9492,1.5,0.26,0.0248,0,0.04
3,0.0,0.0,5.0,1.3333,0,3,59.0,0.7,0.5,3.1,0.0,1,0.1792,3.5,1.5,0.0,0.0229,0,0.0
3,2.61,0.45,216.0,3.0,1,2,49.2,9.9,21.6,0.09,0.0,8,0.278,89.1,1.5,0.29,0.0402,0,0.05
3,1.4727,0.0,0.0,3.3333,0,2,33.4,2.0,0.0,1.4727,0.0,1,0.3934,16.3636,1.5,0.18,0.0539,1,0.0
3,0.76,0.36,13.0,4.6667,1,4,37.6,10.7,1.3,1.34,0.0,5,0.7133,10.7,1.5,0.76,0.2154,0,0.36
3,1.62,0.18,-10.0,2.3333,0,2,34.8,4.9,-1.0,0.12,0.0,1,1.0552,9.8,1.5,0.81,0.2586,0,0.09
3,0.2138,0.09,15.75,4.0,1,2,47.2,5.3,1.575,0.1912,0.0,6,0.8504,5.9625,1.5,0.19,0.2212,0,0.08
3,0.0286,0.1,5.7143,3.3333,0,3,57.8,3.2,0.5714,0.6429,0.0,3,0.6104,4.5714,1.5,0.02,0.1869,0,0.07
3,0.0,0.0,90.0,3.3333,0,3,56.2,0.0,9.0,0.0,0.0,1,0.5701,0.0,1.5,0.0,0.1922,0,0.0
3,1.0565,0.0,-7.8261,1.6667,1,3,42.8,0.5,-0.7826,4.4217,0.0,1,0.5425,1.9565,1.5,0.27,0.1009,0,0.0
3,0.8875,0.0125,57.5,5.6667,1,2,48.2,13.7,5.75,1.3625,0.0,15,0.4444,17.125,1.5,0.71,0.0598,0,0.01
3,0.4944,0.0127,36.7606,8.3333,0,3,46.4,7.5,3.6761,0.5324,0.0,9,0.5392,9.507,1.5,0.39,0.0349,0,0.01
3,0.5516,0.0,30.4839,10.6667,1,3,46.2,5.4,3.0484,1.7855,0.0,8,0.6818,7.8387,1.5,0.38,0.0078,0,0.0
3,0.4641,0.3656,0.0,6.0,0,2,58.4,3.2,0.0,4.0922,0.0,1,0.6411,4.5,1.5,0.33,0.0863,0,0.26
3,1.5333,0.0111,17.7778,5.6667,1,4,70.0,11.0,1.7778,1.4444,0.0,8,0.8203,12.2222,1.5,1.38,0.0746,0,0.01
3,0.28,0.01,27.0,5.6667,0,3,73.6,11.9,2.7,0.84,0.0,8,0.675,11.9,1.5,0.28,0.0709,0,0.01
3,0.51,0.02,22.0,7.6667,1,2,77.4,9.8,2.2,1.66,0.0,7,0.6698,9.8,1.5,0.51,0.0698,0,0.02
3,0.75,0.03,40.0,10.0,0,3,83.0,15.5,4.0,2.62,0.0,15,0.7048,15.5,1.5,0.75,0.0716,0,0.03
3,0.5,0.12,9.0,8.0,1,3,88.2,7.4,0.9,1.21,0.0,2,0.698,7.4,1.5,0.5,0.0388,0,0.12
3,0.5529,0.0257,2.5714,6.3333,1,2,86.0,2.5,0.2571,1.5943,0.0,2,0.517,3.2143,1.5,0.43,0.0419,0,0.02
3,2.25,0.0,0.0,1.6667,0,3,70.0,2.2,0.0,2.43,0.0,1,0.6274,19.8,1.5,0.25,0.0489,0,0.0
3,0.0,0.0,36.0,1.3333,1,3,53.0,0.0,3.6,0.54,0.0,1,0.6555,0.0,1.5,0.0,0.0577,0,0.0
3,0.0,0.1125,22.5,1.0,0,3,36.6,0.1,2.25,2.25,0.0,1,0.5803,1.125,1.5,0.0,0.0738,0,0.01
3,0.0,0.0,3.4615,1.0,1,2,23.8,0.8,0.3462,0.3808,0.0,1,0.5143,2.7692,1.5,0.0,0.0227,1,0.0
3,0.2032,0.0145,8.7097,1.3333,0,2,22.2,1.6,0.871,2.4097,0.0,2,0.3162,2.3226,1.5,0.14,0.0162,0,0.01
3,1.3966,0.6207,99.3103,4.0,0,2,26.0,10.7,9.931,2.0793,0.0,9,0.4085,33.2069,1.5,0.45,0.1523,1,0.2
2,3.5308,0.0692,103.8462,7.0,0,4,13.0,6.7,15.5769,0.0,0.0,7,3.5308,46.3846,1.5,0.51,0.0692,1,0.01
2,0.08,0.01,26.0,6.5,1,3,51.5,3.8,3.9,1.99,0.0,6,0.5155,3.8,1.5,0.08,0.0175,0,0.01
2,0.0,0.0,31.0,6.6667,0,4,64.3333,2.3,4.65,0.67,0.0,7,0.2751,2.3,1.5,0.0,0.0093,0,0.0
2,0.03,0.01,29.0,6.6667,0,3,70.75,7.1,4.35,1.35,0.0,7,0.1972,7.1,1.5,0.03,0.0095,1,0.01
2,0.06,0.09,16.0,5.3333,1,3,74.6,3.6,2.4,0.58,0.0,2,0.1641,3.6,1.5,0.06,0.029,0,0.09
2,0.0,0.07,5.0,2.3333,0,3,90.0,1.1,0.75,2.08,0.0,-2,0.034,1.1,1.5,0.0,0.036,0,0.07
2,0.1,0.07,19.0,0.3333,1,3,90.0,4.4,2.85,1.34,0.0,1,0.038,4.4,1.5,0.1,0.048,0,0.07
2,0.0,0.03,33.0,2.3333,0,2,90.0,4.8,4.95,0.82,0.0,8,0.038,4.8,1.5,0.0,0.054,0,0.03
2,0.0,0.26,31.0,5.6667,1,2,90.0,4.0,4.65,1.03,0.0,8,0.032,4.0,1.5,0.0,0.104,0,0.26
2,0.0,0.01,19.0,6.6667,0,3,90.0,3.3,2.85,0.64,0.0,4,0.02,3.3,1.5,0.0,0.088,0,0.01
2,0.0,0.0,-25.3125,2.6667,1,4,78.4,0.0,-3.7969,21.8531,0.0,-4,0.023,0.0,1.5,0.0,0.0849,0,0.0
2,0.23,0.1,29.0,3.0,1,3,78.4,10.2,4.35,2.07,0.0,9,0.0528,10.2,1.5,0.23,0.0918,0,0.1
2,0.03,0.03,12.0,2.0,1,4,78.4,2.3,1.8,1.69,0.0,1,0.0597,2.3,1.5,0.03,0.0918,0,0.03
2,0.0,0.02,29.0,5.6667,0,3,78.4,3.3,4.35,1.5,0.0,7,0.0597,3.3,1.5,0.0,0.0367,0,0.02
2,0.0,0.0,24.0,3.0,1,4,69.4,1.1,3.6,2.14,0.0,1,0.0674,2.2,1.5,0.0,0.0389,0,0.0
2,0.23,0.01,10.0,3.0,0,2,81.0,2.4,1.5,0.84,0.0,1,0.1089,2.4,1.5,0.23,0.0356,0,0.01
2,0.0,0.05,17.0,1.0,1,3,81.0,3.2,2.55,1.66,0.0,1,0.0578,3.2,1.5,0.0,0.0244,0,0.05
2,0.0,0.0,13.0,1.0,0,2,81.0,1.7,1.95,2.62,0.0,1,0.0511,1.7,1.5,0.0,0.0178,0,0.0
2,0.0,0.02,14.0,1.3333,1,3,81.0,2.6,2.1,1.21,0.0,2,0.0511,2.6,1.5,0.0,0.0178,0,0.02
2,0.0,0.06,15.0,1.3333,1,2,90.0,3.0,2.25,1.51,0.0,1,0.046,3.0,1.5,0.0,0.028,0,0.06
2,0.2,0.04,29.0,4.3333,1,3,90.0,8.9,4.35,0.29,0.0,10,0.04,8.9,1.5,0.2,0.034,0,0.04
2,0.0,0.01,35.0,6.3333,0,3,90.0,2.6,5.25,0.97,0.0,8,0.04,2.6,1.5,0.0,0.026,0,0.01
2,0.0,0.07,23.0,6.3333,0,3,90.0,5.2,3.45,2.79,0.0,1,0.04,5.2,1.5,0.0,0.04,0,0.07
2,0.0,0.03,15.0,3.6667,1,2,90.0,2.0,2.25,0.39,0.0,2,0.04,2.0,1.5,0.0,0.042,0,0.03
2,0.0,0.05,8.0,1.3333,0,4,90.0,2.8,1.2,1.16,0.0,1,0.04,2.8,1.5,0.0,0.04,1,0.05
2,0.0,0.02,13.0,1.6667,1,3,90.0,1.8,1.95,1.56,0.0,2,0.0,1.8,1.5,0.0,0.036,1,0.02
2,0.0,0.23,10.0,0.6667,0,4,90.0,1.5,1.5,2.86,0.0,-1,0.0,1.5,1.5,0.0,0.08,0,0.23
2,0.9,0.04,19.0,2.6667,1,3,90.0,8.5,2.85,1.08,0.0,7,0.18,8.5,1.5,0.9,0.074,0,0.04
2,0.28,0.02,13.0,2.3333,0,3,90.0,2.9,1.95,1.94,0.0,1,0.236,2.9,1.5,0.28,0.072,0,0.02
2,0.0,0.02,17.0,2.6667,0,3,90.0,3.1,2.55,3.22,0.0,0,0.236,3.1,1.5,0.0,0.066,0,0.02
2,0.09,0.02,12.0,1.0,1,3,90.0,7.9,1.8,0.75,0.0,2,0.254,7.9,1.5,0.09,0.066,1,0.02
2,0.06,0.0,9.0,0.6667,1,3,90.0,2.3,1.35,2.4,0.0,0,0.266,2.3,1.5,0.06,0.02,0,0.0
2,0.45,0.01,22.0,2.6667,0,3,90.0,5.5,3.3,0.7,0.0,6,0.176,5.5,1.5,0.45,0.014,0,0.01
2,0.1421,0.0355,10.6579,0.0,0,2,76.0,2.6,1.5987,2.3921,0.0,0,0.1421,3.0789,1.5,0.12,0.0355,1,0.03
3,0.72,0.06,24.0,1.0,0,3,15.0,3.0,2.4,1.8,0.0,1,0.72,18.0,1.5,0.12,0.06,0,0.01
3,0.804,0.036,43.2,5.5,1,3,45.0,12.4,4.32,1.968,0.0,10,0.79,14.88,1.5,0.67,0.04,0,0.03
3,0.1086,0.6362,23.2759,5.0,0,2,49.3333,6.9,2.3276,0.7914,0.0,4,0.523,10.7069,1.5,0.07,0.2736,0,0.41
3,0.5642,0.0537,10.7463,5.0,0,3,53.75,5.1,1.0746,0.9806,0.0,1,0.5358,6.8507,1.5,0.42,0.2051,0,0.04
3,0.2962,0.057,12.5316,2.3333,1,3,58.8,7.4,1.2532,0.6494,0.0,2,0.4714,8.4304,1.5,0.26,0.1653,0,0.05
3,0.1,0.01,4.0,1.3333,0,4,73.8,1.9,0.4,2.08,0.0,1,0.3707,1.9,1.5,0.1,0.1317,0,0.01
3,0.0768,0.0329,17.561,1.6667,1,3,75.2,3.3,1.7561,1.4707,0.0,2,0.2202,3.622,1.5,0.07,0.1293,1,0.03
3,0.0,0.1,23.0,2.0,0,3,81.6,6.3,2.3,0.82,0.0,3,0.1875,6.3,1.5,0.0,0.0507,0,0.1
3,0.0,0.0148,17.7049,2.6667,1,3,80.4,2.0,1.7705,0.2508,0.0,3,0.0963,2.9508,1.5,0.0,0.0448,0,0.01
3,0.0,0.04,14.0,2.6667,0,4,82.6,2.6,1.4,0.64,0.0,2,0.037,2.6,1.5,0.0,0.0414,0,0.04
3,0.03,0.165,27.0,3.0,1,4,76.6,5.5,2.7,2.415,0.0,4,0.0211,8.25,1.5,0.02,0.0681,1,0.11
3,0.0,0.029,14.5161,3.0,0,3,72.6,1.0,1.4516,1.5532,0.0,3,0.005,1.4516,1.5,0.0,0.0694,0,0.02
3,1.35,0.45,60.0,2.6667,1,3,55.8,0.8,6.0,2.85,0.0,1,0.0355,12.0,1.5,0.09,0.0677,0,0.03
3,0.2625,0.0375,16.25,2.3333,1,3,58.0,4.3,1.625,1.3625,0.0,3,0.0993,5.375,1.5,0.21,0.0714,0,0.03
3,0.0,0.03,11.0,2.0,0,3,58.0,2.3,1.1,1.5,0.0,2,0.0993,2.3,1.5,0.0,0.0683,0,0.03
3,0.1625,0.0125,15.0,2.6667,1,4,60.4,3.0,1.5,1.5875,0.0,3,0.1281,3.75,1.5,0.13,0.0358,0,0.01
3,0.0,0.0281,25.3125,2.3333,0,3,60.8,1.5,2.5312,4.0922,0.0,2,0.1273,2.1094,1.5,0.0,0.0355,1,0.02
3,0.2032,0.1161,63.871,3.6667,1,2,65.8,6.5,6.3871,0.5806,0.0,6,0.1122,18.871,1.5,0.07,0.0356,1,0.04
3,0.0,0.0346,10.3846,3.0,0,3,56.6,0.6,1.0385,4.1192,0.0,1,0.0636,2.0769,1.5,0.0,0.035,0,0.01
3,0.262,0.1025,28.481,5.0,1,3,54.4,6.4,2.8481,1.3785,0.0,8,0.1423,7.2911,1.5,0.23,0.0562,0,0.09
3,0.0257,0.0514,12.8571,3.6667,1,3,54.0,2.4,1.2857,1.5943,0.0,2,0.1067,3.0857,1.5,0.02,0.0667,0,0.04
3,0.0,0.0,22.5,3.6667,1,4,42.8,0.4,2.25,0.0,0.0,1,0.1346,4.5,1.5,0.0,0.0757,0,0.0
3,0.0,0.4696,24.7826,2.6667,0,3,50.4,3.9,2.4783,0.7435,0.0,5,0.0893,5.087,1.5,0.0,0.1786,0,0.36
3,0.0,0.0277,5.5385,2.6667,0,3,58.2,0.9,0.5538,3.4892,0.0,2,0.0773,1.2462,1.5,0.0,0.1577,0,0.02
3,0.4164,0.1746,14.7761,3.0,1,3,55.8,2.8,1.4776,0.4836,0.0,2,0.1065,3.7612,1.5,0.31,0.1774,1,0.13
3,0.09,0.045,27.0,1.6667,0,3,45.8,0.9,2.7,0.9,0.0,1,0.1297,4.05,1.5,0.02,0.2044,0,0.01
3,0.0,0.04,12.0,1.3333,1,3,53.2,0.8,1.2,1.9,0.0,1,0.1117,1.6,1.5,0.0,0.1827,1,0.02
3,0.0,0.0818,13.6364,1.0,0,3,46.0,0.9,1.3636,1.0636,0.0,1,0.1291,2.4545,1.5,0.0,0.0822,0,0.03
3,0.0,0.26,12.0,1.0,1,2,42.0,3.0,1.2,0.74,0.0,1,0.1414,6.0,1.5,0.0,0.1371,0,0.13
3,0.2468,0.0871,11.6129,1.3333,0,3,41.0,3.1,1.1613,2.4097,0.0,2,0.0834,4.5,1.5,0.17,0.1098,0,0.06
3,0.0,0.0243,7.2973,1.3333,0,2,51.8,0.9,0.7297,3.1743,0.0,1,0.0591,1.0946,1.5,0.0,0.0903,0,0.02
3,0.1448,0.0621,15.5172,1.3333,1,3,60.2,5.1,1.5517,0.7759,0.0,1,0.0927,5.2759,1.5,0.14,0.0897,0,0.06
3,0.0536,0.075,9.6429,1.0,1,2,70.4,1.0,0.9643,1.6393,0.0,1,0.092,1.0714,1.5,0.05,0.0869,0,0.07
3,0.0,0.0277,15.2308,1.6667,0,2,74.4,1.3,1.5231,0.8862,0.0,3,0.0871,1.8,1.5,0.0,0.0556,0,0.02
3,0.0,0.0122,9.7297,1.0,0,3,74.0,1.1,0.973,2.0919,0.0,1,0.0,1.3378,1.5,0.0,0.0122,1,0.01
3,0.0,0.0529,31.7647,1.0,0,4,45.5,0.5,3.1765,0.6353,0.0,1,0.0,2.6471,1.5,0.0,0.0198,0,0.01
3,0.0,0.0,67.5,1.0,0,3,31.6667,0.3,6.75,2.7,0.0,1,0.0,6.75,1.5,0.0,0.0189,0,0.0
3,0.0,0.0,12.8571,1.0,1,2,25.5,0.0,1.2857,0.0,0.0,1,0.0,0.0,1.5,0.0,0.0176,1,0.0
3,0.0,0.0,6.4286,1.0,0,2,23.2,0.1,0.6429,0.8357,0.0,1,0.0,0.6429,1.5,0.0,0.0155,1,0.0
3,0.0,0.0,28.9286,1.0,1,4,14.0,0.9,2.8929,2.7643,0.0,1,0.0,2.8929,1.5,0.0,0.0129,0,0.0
3,0.0,0.0,18.6207,1.0,1,2,16.4,1.7,1.8621,7.5724,0.0,1,0.0,5.2759,1.5,0.0,0.0,0,0.0
3,0.0,0.0474,18.9474,1.0,1,2,19.4,2.8,1.8947,3.0316,0.0,1,0.0,13.2632,1.5,0.0,0.0093,0,0.01
3,0.0,0.0,32.7273,1.0,0,3,20.2,0.4,3.2727,4.2545,0.0,1,0.0,3.2727,1.5,0.0,0.0089,0,0.0
3,0.0,0.1174,7.8261,1.0,1,3,22.0,0.7,0.7826,4.4217,0.0,1,0.0,2.7391,1.5,0.0,0.0327,0,0.03
3,11.25,0.225,22.5,1.0,1,3,17.2,5.0,2.25,7.425,0.0,1,0.5233,112.5,1.5,0.5,0.0523,0,0.01
3,0.0,0.0,7.7586,1.0,0,3,23.0,2.3,0.7759,2.1724,0.0,1,0.3913,3.569,1.5,0.0,0.0391,1,0.0
3,0.0,0.01,17.0,1.3333,1,4,37.2,1.4,1.7,1.95,0.0,2,0.2419,1.4,1.5,0.0,0.0242,0,0.01
3,0.0,0.0621,-3.1034,1.0,1,2,46.6,0.8,-0.3103,2.1724,0.0,0,0.1931,1.2414,1.5,0.0,0.0348,0,0.04
3,0.0321,0.0429,12.8571,1.3333,0,3,58.8,4.8,1.2857,0.4071,0.0,2,0.1622,5.1429,1.5,0.03,0.0306,0,0.04
3,0.38,0.32,12.0,1.0,1,3,67.0,1.8,1.2,1.24,0.0,1,0.0591,3.6,1.5,0.19,0.0672,0,0.16
3,0.0,0.0,90.0,1.3333,0,4,56.2,0.1,9.0,25.875,0.0,1,0.0705,2.25,1.5,0.0,0.0801,0,0.0
3,0.0,0.5276,12.4138,1.0,0,2,44.0,0.7,1.2414,2.0793,0.0,1,0.09,2.1724,1.5,0.0,0.1677,0,0.17
3,0.0,0.0122,9.7297,1.0,1,3,47.2,1.5,0.973,0.9122,0.0,1,0.0839,1.8243,1.5,0.0,0.1449,0,0.01
3,0.0,0.0,54.0,1.0,1,2,31.4,0.2,5.4,15.48,0.0,1,0.1089,3.6,1.5,0.0,0.1949,1,0.0
3,0.3214,0.0,19.2857,1.0,0,4,25.2,1.0,1.9286,0.3857,0.0,1,0.0357,6.4286,1.5,0.05,0.1286,1,0.0
3,0.0973,0.0608,6.0811,2.0,0,3,74.0,3.7,0.6081,2.0919,0.0,2,0.0973,4.5,1.5,0.08,0.0608,0,0.05
3,0.13,0.38,20.0,2.5,1,4,82.0,9.0,2.0,1.99,0.0,3,0.1152,9.0,1.5,0.13,0.236,0,0.38
3,0.05,0.29,18.0,2.6667,0,3,84.6667,7.7,1.8,0.67,0.0,3,0.0921,7.7,1.5,0.05,0.2551,1,0.29
3,1.4197,0.0887,77.3239,8.6667,0,3,81.25,19.0,7.7324,0.9254,0.0,20,0.3822,24.0845,1.5,1.12,0.2188,0,0.07
3,0.1823,0.0228,2.2785,8.3333,1,3,80.8,2.4,0.2278,0.6494,0.0,2,0.3431,2.7342,1.5,0.16,0.1804,0,0.02
3,0.5769,0.4038,50.7692,12.0,0,3,81.6,13.3,5.0769,2.2038,0.0,14,0.4324,15.3462,1.5,0.5,0.2449,1,0.35
3,1.1382,0.2779,26.4706,7.6667,1,3,77.2,9.2,2.6471,1.7074,0.0,7,0.6272,12.1765,1.5,0.86,0.2192,0,0.21
3,0.312,0.54,9.6,8.0,0,2,74.2,6.2,0.96,0.84,0.0,3,0.7035,7.44,1.5,0.26,0.2668,1,0.45
3,0.2889,0.2222,47.7778,8.0,1,4,76.2,14.2,4.7778,0.1889,0.0,14,0.4819,15.7778,1.5,0.26,0.2906,0,0.2
3,0.82,0.04,25.0,9.0,0,2,78.4,7.2,2.5,0.64,0.0,10,0.6199,7.2,1.5,0.82,0.287,0,0.04
3,0.19,0.01,3.0,8.6667,1,2,80.8,4.7,0.3,4.04,0.0,2,0.5324,4.7,1.5,0.19,0.2027,0,0.01
3,0.12,0.05,4.0,4.6667,0,2,85.2,2.1,0.4,2.15,0.0,2,0.3486,2.1,1.5,0.12,0.1585,0,0.05
3,0.13,0.55,11.0,2.0,1,3,88.2,8.2,1.1,1.77,0.0,2,0.3102,8.2,1.5,0.13,0.1735,0,0.55
3,0.15,0.03,31.0,4.6667,0,4,90.0,9.4,3.1,2.64,0.0,10,0.282,9.4,1.5,0.15,0.136,0,0.03
3,0.1034,0.4448,15.5172,4.6667,1,3,89.4,7.3,1.5517,2.1414,0.0,2,0.1389,7.5517,1.5,0.1,0.2154,0,0.43
3,1.06,0.35,52.0,9.6667,1,2,89.4,18.0,5.2,1.36,0.0,17,0.3141,18.0,1.5,1.06,0.2839,0,0.35
3,0.2793,0.1759,6.2069,7.0,0,2,88.8,8.4,0.6207,0.9517,0.0,2,0.3466,8.6897,1.5,0.27,0.3101,0,0.17
3,0.21,0.03,25.0,8.6667,1,3,88.8,9.4,2.5,1.95,0.0,7,0.3628,9.4,1.5,0.21,0.2047,0,0.03
3,0.38,0.15,18.0,4.6667,0,4,88.8,7.7,1.8,3.7,0.0,5,0.4095,7.7,1.5,0.38,0.2291,0,0.15
3,0.19,0.38,31.0,7.0,1,2,89.4,13.1,3.1,1.6,0.0,9,0.4248,13.1,1.5,0.19,0.2174,0,0.38
3,0.0,1.4143,51.4286,6.0,1,2,77.0,4.6,5.1429,0.8036,0.0,4,0.2455,14.7857,1.5,0.0,0.2735,0,0.44
3,0.0,0.12,9.0,5.0,1,4,77.6,4.1,0.9,1.51,0.0,2,0.1809,4.1,1.5,0.0,0.2598,0,0.12
3,0.5056,0.2831,23.2584,4.3333,1,3,77.4,10.5,2.3258,0.2933,0.0,7,0.2488,10.618,1.5,0.5,0.3186,0,0.28
3,0.23,0.31,55.0,8.6667,0,3,77.4,15.0,5.5,0.97,0.0,17,0.214,15.0,1.5,0.23,0.3558,0,0.31
3,0.1465,0.586,6.2791,8.6667,0,3,76.6,3.1,0.6279,2.6372,0.0,2,0.2044,3.2442,1.5,0.14,0.4018,0,0.56
3,0.9414,0.1862,25.8621,9.6667,1,2,88.4,12.0,2.5862,0.3724,0.0,10,0.3624,12.4138,1.5,0.91,0.2952,1,0.18
3,0.09,0.16,11.0,4.6667,0,3,88.4,7.7,1.1,1.16,0.0,2,0.3808,7.7,1.5,0.09,0.3034,0,0.16
3,0.24,0.22,21.0,5.6667,1,3,88.6,8.5,2.1,1.56,0.0,5,0.3271,8.5,1.5,0.24,0.2905,0,0.22
3,0.0,0.0316,4.7368,2.6667,0,3,82.0,3.2,0.4737,3.9,0.0,1,0.3029,5.0526,1.5,0.0,0.2502,0,0.02
3,1.14,0.06,21.0,4.3333,1,3,82.8,7.7,2.1,1.08,0.0,7,0.5174,7.7,1.5,1.14,0.1391,0,0.06
3,0.0,0.12,7.0,3.3333,0,3,83.4,5.7,0.7,1.94,0.0,2,0.3173,5.7,1.5,0.0,0.1252,0,0.12
3,0.34,0.06,28.0,5.3333,0,2,83.4,11.7,2.8,3.22,0.0,7,0.3712,11.7,1.5,0.34,0.1036,1,0.06
3,0.17,0.67,14.0,3.6667,1,2,83.4,9.9,1.4,0.75,0.0,2,0.3561,9.9,1.5,0.17,0.2007,0,0.67
3,0.56,0.02,-5.0,3.6667,1,2,90.0,7.3,-0.5,2.4,0.0,2,0.442,7.3,1.5,0.56,0.186,0,0.02
3,0.1345,0.4552,32.069,3.6667,0,3,89.4,13.5,3.2069,0.7241,0.0,7,0.2416,13.9655,1.5,0.13,0.2638,0,0.44
2,0.0,0.04,16.0,1.0,0,3,90.0,3.5,2.4,2.02,0.0,1,0.0,3.5,1.5,0.0,0.04,0,0.04
2,0.1957,0.1174,13.0435,3.0,1,3,79.5,6.0,1.9565,2.1391,0.0,5,0.0849,7.8261,1.5,0.15,0.0736,0,0.09
2,0.0,0.3778,40.0,6.0,0,4,80.0,4.3,6.0,0.6,0.0,12,0.0562,4.7778,1.5,0.0,0.1763,1,0.34
2,0.0,0.02,34.0,7.3333,0,3,82.5,5.4,5.1,1.35,0.0,5,0.0409,5.4,1.5,0.0,0.1336,1,0.02
2,0.0,0.06,16.0,6.3333,1,3,84.0,3.4,2.4,0.58,0.0,2,0.0321,3.4,1.5,0.0,0.1179,0,0.06
2,0.0,0.0,-1.0,2.3333,0,3,84.0,2.4,-0.15,2.08,0.0,0,0.0321,2.4,1.5,0.0,0.1093,0,0.0
2,0.0,0.1866,13.1707,1.0,1,4,86.6,5.8,1.9756,1.4707,0.0,1,0.0,6.3659,1.5,0.0,0.1226,0,0.17
2,0.0,0.0556,22.2222,2.3333,0,4,86.6,2.9,3.3333,0.8889,0.0,6,0.0,3.2222,1.5,0.0,0.0624,0,0.05
2,0.1473,0.0655,4.9091,2.6667,1,2,79.6,1.4,0.7364,0.2782,0.0,1,0.0204,2.2909,1.5,0.09,0.0724,0,0.04
2,0.0,0.0167,-15.0,1.0,1,3,72.4,0.2,-2.25,11.4333,0.0,-4,0.0224,0.3333,1.5,0.0,0.0671,0,0.01
2,0.34,0.03,8.0,-0.6667,1,4,72.4,2.5,1.2,1.77,0.0,1,0.1069,2.5,1.5,0.34,0.0746,0,0.03
2,0.0,0.01,6.0,-1.0,0,2,74.0,4.1,0.9,2.64,0.0,0,0.1046,4.1,1.5,0.0,0.0341,0,0.01
2,0.0,0.05,12.0,0.6667,1,3,75.8,2.1,1.8,2.07,0.0,1,0.1021,2.1,1.5,0.0,0.0332,0,0.05
2,0.9,0.04,32.0,3.3333,1,4,82.8,10.9,4.8,1.69,0.0,9,0.2696,10.9,1.5,0.9,0.0304,0,0.04
2,0.0,0.02,18.0,5.0,0,4,90.0,3.0,2.7,1.5,0.0,5,0.248,3.0,1.5,0.0,0.03,0,0.02
2,0.28,0.19,14.0,4.6667,0,3,90.0,10.1,2.1,3.7,0.0,0,0.236,10.1,1.5,0.28,0.062,0,0.19
2,0.0,0.06,10.0,2.3333,1,2,90.0,2.7,1.5,1.6,0.0,2,0.236,2.7,1.5,0.0,0.072,1,0.06
2,0.0,0.01,14.0,1.0,0,2,90.0,4.6,2.1,0.84,0.0,1,0.236,4.6,1.5,0.0,0.064,0,0.01
2,0.46,0.48,28.0,4.3333,1,3,90.0,12.1,4.2,1.66,0.0,10,0.148,12.1,1.5,0.46,0.152,0,0.48
2,0.0,0.23,16.0,5.0,0,4,90.0,7.7,2.4,2.62,0.0,4,0.148,7.7,1.5,0.0,0.194,1,0.23
2,0.0,0.1253,10.2532,5.3333,1,4,87.8,1.5,1.538,1.3785,0.0,2,0.0943,1.7089,1.5,0.0,0.1825,0,0.11
2,0.07,0.04,8.0,2.6667,1,3,87.8,3.2,1.2,0.29,0.0,2,0.1087,3.2,1.5,0.07,0.1784,0,0.04
2,0.0,0.05,28.0,3.3333,0,3,87.8,2.5,4.2,0.97,0.0,6,0.1087,2.5,1.5,0.0,0.1866,1,0.05
2,0.0,0.07,13.0,3.0,0,3,87.8,2.9,1.95,2.79,0.0,1,0.0144,2.9,1.5,0.0,0.1025,0,0.07
2,0.0,0.01,8.0,3.0,1,3,87.8,1.2,1.2,0.39,0.0,2,0.0144,1.2,1.5,0.0,0.0574,0,0.01
2,0.13,0.03,19.0,1.6667,0,3,90.0,4.9,2.85,1.16,0.0,2,0.04,4.9,1.5,0.13,0.04,1,0.03
2,0.0,0.08,10.0,2.0,1,2,90.0,2.9,1.5,1.56,0.0,2,0.026,2.9,1.5,0.0,0.048,0,0.08
2,0.0,0.03,12.0,1.3333,0,3,90.0,3.1,1.8,2.86,0.0,0,0.026,3.1,1.5,0.0,0.044,0,0.03
1,0.0,0.0,15.0,1.0,0,2,90.0,0.0,0.0,2.02,4.0,1,0.0,0.0,1.5,0.0,0.0,0,0.0
1,0.0,0.0,41.0,6.0,1,3,90.0,4.5,0.0,1.99,6.0,11,0.0,4.5,1.5,0.0,0.0,0,0.0
1,0.0,0.0,28.0,6.3333,0,2,90.0,2.0,0.0,0.67,3.0,7,0.0,2.0,1.5,0.0,0.0,0,0.0
1,0.0,0.0,16.0,6.6667,0,3,90.0,2.4,0.0,1.35,3.0,2,0.0,2.4,1.5,0.0,0.0,0,0.0
1,0.0,0.0,17.0,4.0,1,3,90.0,3.3,0.0,0.58,4.0,3,0.0,3.3,1.5,0.0,0.0,0,0.0
1,0.0,0.0,20.0,2.3333,0,3,90.0,3.0,0.0,2.08,4.0,2,0.0,3.0,1.5,0.0,0.0,0,0.0
1,0.0,0.0,14.0,2.6667,1,2,90.0,2.2,0.0,1.34,3.0,3,0.0,2.2,1.5,0.0,0.0,0,0.0
1,0.0,0.0,26.0,4.0,0,2,90.0,2.0,0.0,0.82,2.0,7,0.0,2.0,1.5,0.0,0.0,1,0.0
1,0.0,0.0,23.0,5.3333,1,3,90.0,2.6,0.0,1.03,3.0,6,0.0,2.6,1.5,0.0,0.0,0,0.0
1,0.0,0.0,18.0,5.3333,0,2,90.0,2.6,0.0,0.64,2.0,3,0.0,2.6,1.5,0.0,0.0,1,0.0
1,0.0,0.0,16.0,3.3333,1,3,90.0,2.9,0.0,4.04,3.0,1,0.0,2.9,1.5,0.0,0.0,0,0.0
1,0.0,0.0,17.0,1.6667,0,2,90.0,2.1,0.0,2.15,2.0,1,0.0,2.1,1.5,0.0,0.0,0,0.0
1,0.0,0.0,14.0,1.3333,1,2,90.0,1.6,0.0,1.77,3.0,2,0.0,1.6,1.5,0.0,0.0,0,0.0
1,0.0,0.0,13.0,1.3333,0,2,90.0,1.7,0.0,2.64,2.0,1,0.0,1.7,1.5,0.0,0.0,0,0.0
1,0.0,0.0,21.0,1.6667,1,3,90.0,2.8,0.0,2.07,3.0,2,0.0,2.8,1.5,0.0,0.0,0,0.0
1,0.0,0.0,13.0,1.6667,1,3,90.0,2.1,0.0,1.69,2.0,2,0.0,2.1,1.5,0.0,0.0,0,0.0
1,0.0,0.0,22.0,3.3333,0,4,90.0,1.2,0.0,1.5,1.0,6,0.0,1.2,1.5,0.0,0.0,0,0.0
1,0.0,0.0,29.0,4.6667,1,3,90.0,6.0,0.0,1.95,7.0,6,0.0,6.0,1.5,0.0,0.0,0,0.0
1,0.0,0.0,21.0,4.3333,0,4,90.0,4.6,0.0,3.7,5.0,1,0.0,4.6,1.5,0.0,0.0,0,0.0
1,0.0,0.0,15.0,3.3333,1,2,90.0,2.6,0.0,1.6,3.0,3,0.0,2.6,1.5,0.0,0.0,0,0.0
1,0.0,0.0,16.0,1.6667,0,3,90.0,0.6,0.0,0.84,0.0,1,0.0,0.6,1.5,0.0,0.0,0,0.0
1,0.0,0.0,14.0,2.0,1,2,90.0,2.7,0.0,1.66,3.0,2,0.0,2.7,1.5,0.0,0.0,0,0.0
1,0.0,0.0,17.0,1.3333,0,4,90.0,3.0,0.0,2.62,2.0,1,0.0,3.0,1.5,0.0,0.0,0,0.0
1,0.0,0.0,15.0,1.6667,1,2,90.0,2.0,0.0,1.21,2.0,2,0.0,2.0,1.5,0.0,0.0,1,0.0
1,0.0,0.0,23.0,2.0,1,2,90.0,3.7,0.0,1.51,5.0,3,0.0,3.7,1.5,0.0,0.0,1,0.0
1,0.0,0.0,13.0,2.3333,1,3,90.0,0.5,0.0,0.29,0.0,2,0.0,0.5,1.5,0.0,0.0,0,0.0
1,0.0,0.0,29.0,3.6667,0,3,90.0,1.5,0.0,0.97,1.0,6,0.0,1.5,1.5,0.0,0.0,0,0.0
1,0.0,0.0,18.0,3.3333,0,2,90.0,3.8,0.0,2.79,4.0,2,0.0,3.8,1.5,0.0,0.0,0,0.0
1,0.0,0.0,16.0,3.3333,1,2,90.0,1.5,0.0,0.39,2.0,2,0.0,1.5,1.5,0.0,0.0,0,0.0
1,0.0,0.0,15.0,2.3333,0,3,90.0,2.3,0.0,1.16,3.0,3,0.0,2.3,1.5,0.0,0.0,0,0.0
1,0.0,0.0,25.0,3.0,1,4,90.0,4.3,0.0,1.56,5.0,4,0.0,4.3,1.5,0.0,0.0,0,0.0
1,0.0,0.0,9.0,2.3333,0,3,90.0,1.3,0.0,2.86,1.0,0,0.0,1.3,1.5,0.0,0.0,0,0.0
1,0.0,0.0,16.0,1.6667,1,4,90.0,1.4,0.0,1.08,1.0,1,0.0,1.4,1.5,0.0,0.0,1,0.0
1,0.0,0.0,12.0,0.6667,0,2,90.0,1.7,0.0,1.94,2.0,1,0.0,1.7,1.5,0.0,0.0,0,0.0
1,0.0,0.0,28.0,1.3333,0,2,90.0,5.6,0.0,3.22,8.0,2,0.0,5.6,1.5,0.0,0.0,0,0.0
1,0.0,0.0,16.0,1.6667,1,3,90.0,1.6,0.0,0.75,2.0,2,0.0,1.6,1.5,0.0,0.0,1,0.0
1,0.0,0.0,20.0,2.0,1,3,90.0,3.0,0.0,2.4,3.0,2,0.0,3.0,1.5,0.0,0.0,1,0.0
1,0.0,0.0,29.0,3.3333,0,2,90.0,1.1,0.0,0.7,1.0,6,0.0,1.1,1.5,0.0,0.0,0,0.0
2,0.0,0.0,8.0,2.0,0,2,90.0,1.4,1.2,1.37,0.0,2,0.0,1.4,1.5,0.0,0.0,1,0.0
2,0.1773,0.0,15.0,3.5,1,3,78.0,7.1,2.25,3.5864,0.0,5,0.075,9.6818,1.5,0.13,0.0,0,0.0
2,0.0,0.01,15.0,3.0,0,2,82.0,3.9,2.25,1.43,0.0,2,0.0476,3.9,1.5,0.0,0.0037,0,0.01
2,0.25,0.0,12.0,2.6667,1,2,84.0,5.0,1.8,3.63,0.0,1,0.1018,5.0,1.5,0.25,0.0027,0,0.0
2,0.04,0.01,8.0,1.3333,0,3,85.2,2.4,1.2,3.06,0.0,1,0.0887,2.4,1.5,0.04,0.0042,0,0.01
2,0.31,0.0,24.0,2.6667,1,3,85.2,4.9,3.6,1.07,0.0,6,0.1542,4.9,1.5,0.31,0.0042,0,0.0
2,0.0,0.01,8.0,2.6667,1,3,90.0,0.5,1.2,1.95,0.0,1,0.12,0.5,1.5,0.0,0.006,0,0.01
2,0.05,0.01,8.0,2.3333,0,3,90.0,1.6,1.2,2.02,0.0,0,0.13,1.6,1.5,0.05,0.006,0,0.01
2,0.09,0.01,17.0,1.0,1,3,90.0,3.1,2.55,0.82,0.0,2,0.098,3.1,1.5,0.09,0.008,0,0.01
2,0.0,0.01,12.0,1.0,0,3,90.0,2.5,1.8,1.4,0.0,1,0.09,2.5,1.5,0.0,0.008,0,0.01
2,0.0,0.04,13.0,1.3333,1,4,90.0,3.2,1.95,1.68,0.0,1,0.028,3.2,1.5,0.0,0.016,0,0.04
2,0.0,0.0,7.0,1.0,0,3,90.0,1.4,1.05,1.27,0.0,1,0.028,1.4,1.5,0.0,0.014,0,0.0
2,0.0,0.22,14.0,1.3333,1,2,90.0,3.5,2.1,0.88,0.0,2,0.018,3.5,1.5,0.0,0.056,0,0.22
2,0.22,0.0,14.0,1.6667,0,3,90.0,5.3,2.1,1.74,0.0,2,0.044,5.3,1.5,0.22,0.054,0,0.0
2,0.0,0.01,15.0,1.3333,0,4,90.0,1.7,2.25,2.34,0.0,0,0.044,1.7,1.5,0.0,0.054,0,0.01
2,0.07,0.01,24.0,2.6667,1,3,90.0,2.1,3.6,0.65,0.0,6,0.058,2.1,1.5,0.07,0.048,0,0.01
2,0.19,0.02,20.0,2.3333,0,3,90.0,3.6,3.0,0.8,0.0,1,0.096,3.6,1.5,0.19,0.052,0,0.02
2,0.0,0.0,9.0,2.0,1,3,90.0,1.6,1.35,3.66,0.0,-1,0.096,1.6,1.5,0.0,0.008,0,0.0
2,0.02,0.01,11.0,0.3333,0,4,90.0,3.1,1.65,2.79,0.0,1,0.056,3.1,1.5,0.02,0.01,1,0.01
2,0.0,0.0333,15.5556,0.3333,1,3,88.2,2.3,2.3333,0.3444,0.0,1,0.0571,2.5556,1.5,0.0,0.0143,1,0.03
2,0.0,0.01,18.0,1.0,1,3,88.2,4.2,2.7,3.29,0.0,1,0.0429,4.2,1.5,0.0,0.0143,0,0.01
4,0.0,0.0117,5.8442,1.0,0,3,77.0,1.1,0.0,0.5026,0.0,1,0.0,1.2857,1.5,0.0,0.0117,0,0.01
4,0.264,0.0,38.4,5.0,1,2,76.0,5.7,0.0,2.712,0.0,9,0.1303,6.84,1.5,0.22,0.0059,0,0.0
4,0.8423,0.3692,33.4615,5.6667,0,3,76.6667,10.3,0.0,1.2577,0.0,7,0.3717,11.8846,1.5,0.73,0.1291,0,0.32
4,0.0,0.0228,3.4177,6.0,0,2,77.25,0.8,0.0,1.3215,0.0,2,0.2767,0.9114,1.5,0.0,0.1019,0,0.02
4,0.0,0.0136,9.5455,3.6667,1,3,75.0,1.7,0.0,3.8727,0.0,2,0.228,2.3182,1.5,0.0,0.0864,1,0.01
4,0.1479,0.0123,-3.6986,2.0,0,3,74.2,1.2,0.0,2.8726,0.0,2,0.2596,1.4795,1.5,0.12,0.0873,0,0.01
4,0.0761,0.9634,22.8169,3.0,1,3,73.4,5.2,0.0,0.9507,0.0,5,0.2232,6.5915,1.5,0.06,0.2747,0,0.76
4,0.0,0.0,0.0,2.6667,1,3,72.6,0.1,0.0,2.3716,0.0,1,0.0446,0.1216,1.5,0.0,0.1983,0,0.0
4,0.0404,0.0,4.0449,2.6667,0,2,74.6,3.1,0.0,2.0427,0.0,2,0.0531,3.1348,1.5,0.04,0.1882,1,0.0
4,0.0,0.0161,11.25,1.3333,1,3,72.6,0.9,0.0,0.8518,0.0,1,0.0545,1.4464,1.5,0.0,0.1934,0,0.01
4,0.8143,0.0429,18.5714,2.6667,0,4,70.6,6.3,0.0,1.4714,0.0,5,0.1708,9.0,1.5,0.57,0.204,0,0.03
4,0.0,0.0,8.1818,2.3333,1,4,58.6,0.0,0.0,1.0636,0.0,1,0.1874,0.0,1.5,0.0,0.0123,0,0.0
4,0.072,0.0,-7.2,2.3333,0,3,58.8,0.1,0.0,1.944,0.0,1,0.2051,0.12,1.5,0.06,0.0122,0,0.0
4,0.0,0.0,19.2857,1.0,1,3,43.8,0.0,0.0,5.1429,0.0,1,0.2589,0.0,1.5,0.0,0.0164,1,0.0
4,0.0,0.0,9.0,0.6667,0,3,34.6,0.6,0.0,1.89,0.0,0,0.3277,5.4,1.5,0.0,0.0156,0,0.0
4,0.6,0.04,-2.0,0.6667,1,3,31.0,3.6,0.0,1.1,0.0,1,0.209,7.2,1.5,0.3,0.0116,0,0.02
4,0.6231,0.0277,44.3077,3.3333,1,3,41.8,9.0,0.0,0.4154,0.0,9,0.3488,12.4615,1.5,0.45,0.0172,0,0.02
4,0.6618,0.0132,41.0294,5.3333,0,2,40.4,5.3,0.0,2.7529,0.0,6,0.5569,7.0147,1.5,0.5,0.0223,0,0.01
4,0.39,0.0,-7.0,5.3333,1,3,55.6,4.1,0.0,0.96,0.0,1,0.5309,4.1,1.5,0.39,0.0162,1,0.0
4,0.04,0.04,2.0,2.6667,0,3,62.6,3.2,0.0,0.1,0.0,1,0.4773,6.4,1.5,0.02,0.0201,1,0.02
4,0.2444,0.0111,1.1111,1.3333,1,3,69.8,1.0,0.0,3.6,0.0,2,0.4074,1.1111,1.5,0.22,0.0155,0,0.01
4,1.4595,0.0,20.6757,2.6667,0,3,71.6,7.6,0.0,2.8216,0.0,5,0.5858,9.2432,1.5,1.2,0.0101,1,0.0
4,0.29,0.01,29.0,4.6667,1,4,76.0,6.2,0.0,1.75,0.0,7,0.5021,6.2,1.5,0.29,0.0095,1,0.01
4,0.0391,0.0,9.1304,4.6667,0,2,71.8,1.2,0.0,4.1087,0.0,2,0.4412,1.5652,1.5,0.03,0.01,0,0.0
4,0.3041,0.0243,1.2162,3.6667,1,3,77.6,4.4,0.0,0.5108,0.0,2,0.4616,5.3514,1.5,0.25,0.0093,0,0.02
4,0.0,0.0,3.375,2.0,0,3,77.4,0.0,0.0,2.1037,0.0,2,0.4116,0.0,1.5,0.0,0.007,0,0.0
1,0.0,0.0,16.0,3.0,0,4,90.0,2.1,0.0,1.37,4.0,3,0.0,2.1,1.5,0.0,0.0,0,0.0
1,0.0,0.0,31.0,6.5,1,3,90.0,3.8,0.0,2.45,3.0,10,0.0,3.8,1.5,0.0,0.0,0,0.0
1,0.0,0.0,27.0,6.0,0,3,90.0,5.8,0.0,1.52,9.0,5,0.0,5.8,1.5,0.0,0.0,0,0.0
1,0.0,0.0,8.0,5.6667,0,3,90.0,0.2,0.0,1.43,0.0,2,0.0,0.2,1.5,0.0,0.0,0,0.0
1,0.0,0.0,29.0,3.6667,1,4,90.0,7.6,0.0,3.63,10.0,4,0.0,7.6,1.5,0.0,0.0,1,0.0
1,0.0,0.0,17.0,2.6667,0,4,90.0,2.9,0.0,3.06,4.0,2,0.0,2.9,1.5,0.0,0.0,0,0.0
1,0.0,0.0,23.0,4.0,1,4,90.0,1.6,0.0,1.07,2.0,6,0.0,1.6,1.5,0.0,0.0,1,0.0
1,0.0,0.0,10.0,3.0,1,4,90.0,1.1,0.0,1.95,1.0,1,0.0,1.1,1.5,0.0,0.0,0,0.0
1,0.0,0.0,14.0,2.6667,0,2,90.0,3.1,0.0,2.02,3.0,1,0.0,3.1,1.5,0.0,0.0,1,0.0
1,0.0,0.0,17.0,1.6667,1,3,90.0,2.2,0.0,0.82,3.0,3,0.0,2.2,1.5,0.0,0.0,0,0.0
1,0.0,0.0,11.0,1.6667,0,2,90.0,1.0,0.0,1.4,2.0,1,0.0,1.0,1.5,0.0,0.0,0,0.0
1,0.0,0.0,14.0,2.0,1,2,90.0,2.3,0.0,1.68,3.0,2,0.0,2.3,1.5,0.0,0.0,0,0.0
1,0.0,0.0,17.0,2.0,0,3,90.0,3.3,0.0,1.27,4.0,3,0.0,3.3,1.5,0.0,0.0,1,0.0
1,0.0,0.0,9.0,2.3333,1,3,90.0,0.8,0.0,0.88,1.0,2,0.0,0.8,1.5,0.0,0.0,0,0.0
1,0.0,0.0,26.0,4.3333,1,4,90.0,1.9,0.0,0.91,3.0,8,0.0,1.9,1.5,0.0,0.0,1,0.0
1,0.0,0.0,37.0,6.6667,0,2,90.0,5.9,0.0,2.68,8.0,10,0.0,5.9,1.5,0.0,0.0,1,0.0
1,0.0,0.0,37.0,9.6667,1,4,90.0,6.1,0.0,2.48,8.0,11,0.0,6.1,1.5,0.0,0.0,0,0.0
1,0.0,0.0,13.0,8.0,0,3,90.0,2.3,0.0,1.44,4.0,3,0.0,2.3,1.5,0.0,0.0,0,0.0
1,0.0,0.0,13.0,5.6667,1,2,90.0,2.8,0.0,1.17,3.0,3,0.0,2.8,1.5,0.0,0.0,0,0.0
1,0.0,0.0,14.0,2.3333,0,2,81.0,0.8,0.0,0.32,4.0,1,0.0,1.6,1.5,0.0,0.0,0,0.0
1,0.0,0.0,13.0,1.3333,1,2,81.0,3.9,0.0,3.66,6.0,0,0.0,3.9,1.5,0.0,0.0,1,0.0
1,0.0,0.0,23.0,1.3333,0,3,81.0,4.5,0.0,2.79,6.0,3,0.0,4.5,1.5,0.0,0.0,0,0.0
1,0.0,0.0,18.0,1.6667,1,4,81.0,3.3,0.0,1.12,5.0,2,0.0,3.3,1.5,0.0,0.0,1,0.0
1,0.0,0.0,45.0,6.0,0,4,81.0,8.0,0.0,2.73,9.0,13,0.0,8.0,1.5,0.0,0.0,0,0.0
1,0.0,0.0,17.0,5.6667,1,2,90.0,2.2,0.0,0.65,3.0,2,0.0,2.2,1.5,0.0,0.0,0,0.0
1,0.0,0.0,17.0,6.0,1,3,90.0,2.8,0.0,0.63,4.0,3,0.0,2.8,1.5,0.0,0.0,0,0.0
1,0.0,0.0,20.0,2.3333,0,3,81.0,2.0,0.0,2.88,6.0,2,0.0,4.0,1.5,0.0,0.0,1,0.0
1,0.0,0.0,17.0,2.0,1,2,81.0,5.3,0.0,1.75,7.0,1,0.0,5.3,1.5,0.0,0.0,0,0.0
1,0.0,0.0,26.0,2.0,0,2,81.0,6.7,0.0,4.13,9.0,3,0.0,6.7,1.5,0.0,0.0,1,0.0
1,0.0,0.0,8.0,2.0,1,4,81.0,0.5,0.0,0.42,0.0,2,0.0,0.5,1.5,0.0,0.0,0,0.0
1,0.0,0.0,28.0,3.0,0,4,81.0,5.6,0.0,2.01,9.0,4,0.0,5.6,1.5,0.0,0.0,0,0.0
3,0.08,0.27,7.0,2.0,0,3,90.0,6.0,0.7,1.37,0.0,2,0.08,6.0,1.5,0.08,0.27,0,0.27
3,0.0926,0.0397,2.6471,2.0,1,3,79.0,1.1,0.2647,2.9912,0.0,2,0.0854,1.4559,1.5,0.07,0.1709,0,0.03
3,0.0,0.3882,37.0588,2.6667,0,4,69.6667,9.1,3.7059,1.6941,0.0,4,0.0646,16.0588,1.5,0.0,0.2239,1,0.22
3,0.2957,0.0257,3.8571,3.0,0,3,69.75,4.2,0.3857,1.4914,0.0,3,0.1226,5.4,1.5,0.23,0.1742,0,0.02
3,0.0,0.0,12.2727,2.6667,1,3,60.2,0.3,1.2273,3.2318,0.0,1,0.1136,1.2273,1.5,0.0,0.1615,0,0.0
3,0.5,0.35,15.0,1.6667,1,3,45.8,4.3,1.5,1.6,0.0,1,0.1572,21.5,1.5,0.1,0.1336,0,0.07
3,0.0,0.06,18.0,1.0,1,3,35.2,0.4,1.8,0.0,0.0,1,0.1687,2.4,1.5,0.0,0.1636,0,0.01
3,0.0818,0.0818,-2.7273,0.6667,1,3,31.6,5.4,-0.2727,0.7909,0.0,0,0.2051,14.7273,1.5,0.03,0.0741,1,0.03
3,0.0,0.1429,15.7143,1.0,0,4,30.2,2.1,1.5714,1.4714,0.0,2,0.0775,3.0,1.5,0.0,0.1252,0,0.1
3,0.2,0.0333,10.0,1.0,0,3,31.2,1.9,1.0,0.4,0.0,1,0.1096,6.3333,1.5,0.06,0.1269,0,0.01
3,1.62,0.0,-10.8,1.3333,0,4,32.6,2.1,-1.08,2.88,0.0,1,0.2982,7.56,1.5,0.45,0.0828,0,0.0
3,1.3737,0.0,-7.8947,0.3333,0,3,41.0,4.5,-0.7895,3.9316,0.0,-1,0.619,7.1053,1.5,0.87,0.0615,0,0.0
3,0.025,0.0125,21.25,1.0,1,2,48.8,3.2,2.125,1.65,0.0,3,0.5164,4.0,1.5,0.02,0.0443,0,0.01
3,0.22,0.35,29.0,9.0,0,3,90.0,11.7,2.9,1.37,0.0,9,0.22,11.7,1.5,0.22,0.35,0,0.35
3,0.38,0.02,4.0,5.5,1,3,90.0,5.5,0.4,2.45,0.0,2,0.3,5.5,1.5,0.38,0.185,0,0.02
3,1.28,0.03,38.0,7.6667,0,4,90.0,11.8,3.8,1.52,0.0,12,0.6267,11.8,1.5,1.28,0.1333,0,0.03
3,0.5,0.1,20.0,7.0,0,3,90.0,9.5,2.0,1.43,0.0,7,0.595,9.5,1.5,0.5,0.125,0,0.1
3,0.0,0.03,5.0,7.0,1,4,90.0,1.0,0.5,3.63,0.0,2,0.476,1.0,1.5,0.0,0.106,1,0.03
3,0.55,0.01,22.0,5.3333,0,3,90.0,11.3,2.2,3.06,0.0,7,0.542,11.3,1.5,0.55,0.038,0,0.01
3,0.71,0.23,29.0,6.0,1,3,90.0,13.3,2.9,1.03,0.0,9,0.608,13.3,1.5,0.71,0.08,1,0.23
3,0.03,0.01,4.0,6.0,1,3,90.0,2.8,0.4,1.95,0.0,2,0.358,2.8,1.5,0.03,0.076,0,0.01
3,0.1,0.0,25.0,6.3333,0,4,90.0,6.7,2.5,2.02,0.0,8,0.278,6.7,1.5,0.1,0.056,1,0.0
3,0.37,0.05,2.0,4.0,1,3,90.0,5.6,0.2,0.82,0.0,2,0.352,5.6,1.5,0.37,0.06,0,0.05
3,0.7,0.48,24.0,5.6667,0,3,90.0,10.4,2.4,1.4,0.0,7,0.382,10.4,1.5,0.7,0.154,0,0.48
3,0.23,0.03,25.0,5.6667,1,3,90.0,9.7,2.5,1.68,0.0,8,0.286,9.7,1.5,0.23,0.114,0,0.03
3,0.39,0.04,-6.0,5.6667,1,3,90.0,4.8,-0.6,0.88,0.0,2,0.358,4.8,1.5,0.39,0.12,0,0.04
3,0.5,0.02,23.0,5.6667,0,2,90.0,7.8,2.3,1.74,0.0,7,0.438,7.8,1.5,0.5,0.124,0,0.02
3,0.72,0.22,3.0,3.6667,0,3,90.0,7.1,0.3,2.34,0.0,2,0.508,7.1,1.5,0.72,0.158,0,0.22
3,0.14,0.05,19.0,5.6667,1,3,90.0,7.5,1.9,0.65,0.0,8,0.396,7.5,1.5,0.14,0.072,0,0.05
3,0.9621,0.0207,24.8276,6.0,1,3,89.4,13.0,2.4828,0.7241,0.0,8,0.5396,13.4483,1.5,0.93,0.0705,0,0.02
3,0.0,0.55,14.0,7.3333,0,3,89.4,3.5,1.4,2.68,0.0,6,0.4611,3.5,1.5,0.0,0.1732,0,0.55
3,0.0,0.12,10.0,5.6667,1,2,89.4,5.1,1.0,2.48,0.0,3,0.3604,5.1,1.5,0.0,0.1933,1,0.12
3,0.36,0.01,0.0,3.6667,0,3,89.4,2.6,0.0,2.23,0.0,2,0.2879,2.6,1.5,0.36,0.151,0,0.01
3,0.27,0.01,1.0,2.0,1,2,89.4,4.1,0.1,1.17,0.0,1,0.3141,4.1,1.5,0.27,0.143,0,0.01
3,0.24,0.11,7.0,1.6667,0,3,90.0,4.4,0.7,0.8,0.0,2,0.174,4.4,1.5,0.24,0.16,0,0.11
3,0.06,0.01,4.0,1.6667,1,3,90.0,3.1,0.4,3.66,0.0,2,0.186,3.1,1.5,0.06,0.052,0,0.01
3,0.07,0.04,7.0,2.0,0,3,90.0,5.2,0.7,2.79,0.0,2,0.2,5.2,1.5,0.07,0.036,0,0.04
3,0.64,0.04,57.0,8.0,1,3,90.0,18.5,5.7,1.12,0.0,20,0.256,18.5,1.5,0.64,0.042,0,0.04
3,0.0,0.32,14.0,9.0,0,2,90.0,3.2,1.4,2.73,0.0,5,0.202,3.2,1.5,0.0,0.104,0,0.32
3,0.06,0.11,10.0,9.0,1,2,90.0,5.4,1.0,0.65,0.0,2,0.166,5.4,1.5,0.06,0.104,0,0.11
3,0.0,0.39,8.0,3.0,1,3,90.0,6.2,0.8,0.63,0.0,2,0.154,6.2,1.5,0.0,0.18,1,0.39
3,0.3,0.01,34.0,4.6667,0,2,90.0,12.0,3.4,4.07,0.0,10,0.2,12.0,1.5,0.3,0.174,0,0.01
3,0.15,0.62,16.0,5.6667,1,2,90.0,8.6,1.6,0.96,0.0,5,0.102,8.6,1.5,0.15,0.29,0,0.62
3,0.0,0.9,15.283,5.3333,0,3,82.6,1.8,1.5283,2.4623,0.0,1,0.1111,3.0566,1.5,0.0,0.3617,0,0.53
3,0.2,0.2,37.0,6.3333,1,4,82.6,11.6,3.7,1.75,0.0,13,0.1416,11.6,1.5,0.2,0.3814,0,0.2
3,0.43,0.01,0.0,5.3333,0,4,82.6,1.9,0.0,4.13,0.0,2,0.2354,1.9,1.5,0.43,0.2985,0,0.01
3,1.43,0.13,1.0,5.6667,1,3,82.6,11.1,0.1,0.42,0.0,2,0.4816,11.1,1.5,1.43,0.3247,0,0.13
3,0.0,0.0,180.0,1.0,0,3,1.0,0.2,18.0,0.0,0.0,1,0.0,18.0,1.5,0.0,0.0,0,0.0
3,0.3783,0.013,28.6957,4.0,0,4,35.0,8.2,2.8696,1.7609,0.0,7,0.3729,10.6957,1.5,0.29,0.0129,0,0.01
3,0.0,0.0,270.0,3.0,1,3,23.6667,0.0,27.0,0.0,0.0,1,0.3676,0.0,1.5,0.0,0.0127,0,0.0
3,0.15,0.05,20.0,3.0,0,3,22.25,4.1,2.0,1.25,0.0,1,0.3236,20.5,1.5,0.03,0.0202,0,0.01
3,0.5143,0.0,32.1429,1.0,0,3,20.6,1.8,3.2143,7.5214,0.0,1,0.3495,11.5714,1.5,0.08,0.0175,1,0.0
3,0.0,0.0,180.0,1.0,1,2,20.6,0.2,18.0,4.5,0.0,1,0.3495,18.0,1.5,0.0,0.0175,0,0.0
3,0.0,0.0,36.0,1.0,0,3,7.8,0.1,3.6,0.0,0.0,1,0.2538,1.8,1.5,0.0,0.0231,0,0.0
2,0.0,0.16,12.0,2.0,0,4,90.0,4.4,1.8,1.37,0.0,2,0.0,4.4,1.5,0.0,0.16,0,0.16
2,0.0,0.04,8.0,2.0,1,2,90.0,1.5,1.2,2.45,0.0,2,0.0,1.5,1.5,0.0,0.1,1,0.04
2,0.0,0.03,14.0,2.0,0,3,90.0,1.5,2.1,1.52,0.0,2,0.0,1.5,1.5,0.0,0.0767,0,0.03
2,0.0,0.03,19.0,2.0,0,3,90.0,4.4,2.85,1.43,0.0,2,0.0,4.4,1.5,0.0,0.065,0,0.03
2,0.0,0.2512,30.3488,2.6667,1,3,89.2,5.1,4.5523,3.7988,0.0,4,0.0,5.3372,1.5,0.0,0.1009,0,0.24
2,0.0,0.09,21.0,3.3333,0,3,89.2,6.0,3.15,3.06,0.0,4,0.0,6.0,1.5,0.0,0.0868,0,0.09
2,0.0,0.3,38.0,6.6667,1,2,89.2,9.8,5.7,1.07,0.0,12,0.0,9.8,1.5,0.0,0.1392,0,0.3
2,0.0,0.02,23.0,7.0,1,2,89.2,3.7,3.45,1.95,0.0,5,0.0,3.7,1.5,0.0,0.1372,0,0.02
2,0.0,0.05,8.0,5.6667,0,4,89.2,2.9,1.2,2.02,0.0,0,0.0,2.9,1.5,0.0,0.1413,0,0.05
2,0.0,0.04,15.0,2.3333,1,3,90.0,3.7,2.25,0.82,0.0,2,0.0,3.7,1.5,0.0,0.1,0,0.04
2,0.02,0.02,11.0,1.0,0,2,90.0,4.3,1.65,1.4,0.0,1,0.004,4.3,1.5,0.02,0.086,0,0.02
2,0.0,0.02,15.0,1.0,1,3,90.0,3.1,2.25,1.68,0.0,0,0.004,3.1,1.5,0.0,0.03,0,0.02
2,0.0,0.05,8.0,0.6667,0,2,90.0,3.5,1.2,1.27,0.0,1,0.004,3.5,1.5,0.0,0.036,0,0.05
2,0.0,0.2,24.0,2.0,1,3,90.0,6.7,3.6,0.88,0.0,5,0.004,6.7,1.5,0.0,0.066,0,0.2
2,0.0,0.02,9.0,2.6667,0,4,90.0,1.5,1.35,1.74,0.0,2,0.004,1.5,1.5,0.0,0.062,0,0.02
2,0.0,0.33,13.0,2.3333,0,4,90.0,4.1,1.95,2.34,0.0,0,0.0,4.1,1.5,0.0,0.124,0,0.33
2,0.02,0.03,22.0,2.3333,1,3,90.0,3.8,3.3,0.64,0.0,5,0.004,3.8,1.5,0.02,0.126,0,0.03
2,0.0,0.01,26.0,4.0,1,3,90.0,2.1,3.9,0.91,0.0,7,0.004,2.1,1.5,0.0,0.118,1,0.01
2,0.0,0.0,18.0,6.0,0,2,90.0,1.6,2.7,2.68,0.0,6,0.004,1.6,1.5,0.0,0.078,1,0.0
2,0.0,0.04,-3.0,3.6667,0,3,90.0,2.3,-0.45,3.02,0.0,-2,0.004,2.3,1.5,0.0,0.082,0,0.04
2,0.0,0.038,19.0141,1.6667,0,3,86.2,3.2,2.8521,0.6845,0.0,1,0.0042,4.0563,1.5,0.0,0.023,0,0.03
2,0.0,0.01,6.0,-0.6667,1,2,86.2,1.7,0.9,3.66,0.0,-1,0.0,1.7,1.5,0.0,0.0188,0,0.01
2,0.0,0.012,6.0,0.3333,0,2,83.2,0.8,0.9,1.944,0.0,1,0.0,0.96,1.5,0.0,0.0195,0,0.01
2,0.0,0.24,34.0,1.6667,1,3,83.2,8.2,5.1,1.12,0.0,5,0.0,8.2,1.5,0.0,0.0714,0,0.24
2,0.0,0.02,13.0,2.6667,0,3,83.2,2.7,1.95,2.73,0.0,2,0.0,2.7,1.5,0.0,0.0671,0,0.02
2,0.0,0.1,13.0,2.6667,1,4,87.0,4.7,1.95,0.65,0.0,1,0.0,4.7,1.5,0.0,0.0786,0,0.1
2,0.17,0.26,21.0,3.3333,1,2,87.0,6.8,3.15,0.63,0.0,7,0.0352,6.8,1.5,0.17,0.1303,0,0.26
2,0.0,0.0,3.0,2.6667,0,3,90.0,1.3,0.45,4.07,0.0,0,0.034,1.3,1.5,0.0,0.124,0,0.0
2,0.0,0.01,6.0,3.0,1,4,90.0,1.1,0.9,0.96,0.0,2,0.034,1.1,1.5,0.0,0.078,0,0.01
2,0.0,0.0,8.0,1.0,0,2,81.0,0.4,1.2,2.9,0.0,1,0.0378,0.8,1.5,0.0,0.0822,0,0.0
2,0.0926,0.0132,11.9118,1.6667,1,4,76.6,1.4,1.7868,2.5544,0.0,2,0.0564,1.8529,1.5,0.07,0.0658,1,0.01
2,0.0,0.06,4.0,1.0,0,4,76.6,0.9,0.6,2.47,0.0,0,0.0164,0.9,1.5,0.0,0.0188,1,0.06
2,0.06,0.01,10.0,1.0,1,3,76.6,3.8,1.5,1.75,0.0,1,0.0305,3.8,1.5,0.06,0.0211,0,0.01
2,0.0,0.04,12.0,0.3333,0,2,76.6,2.6,1.8,4.13,0.0,0,0.0305,2.6,1.5,0.0,0.0282,1,0.04
2,0.01,0.49,21.0,1.0,1,3,85.6,7.1,3.15,0.42,0.0,2,0.0294,7.1,1.5,0.01,0.1283,1,0.49
2,0.0,0.0,8.0,1.0,0,3,90.0,2.9,1.2,2.01,0.0,1,0.014,2.9,1.5,0.0,0.12,1,0.0
2,0.0,0.1607,19.2857,2.0,1,2,84.0,3.1,2.8929,0.7929,0.0,2,0.0,3.3214,1.5,0.0,0.1607,0,0.15
2,0.0,0.0,270.0,1.5,1,4,42.5,0.0,40.5,4.5,0.0,1,0.0,0.0,1.5,0.0,0.1588,0,0.0
2,0.0,0.0,-2.0,0.6667,0,4,43.3333,0.7,-0.3,2.24,0.0,-1,0.0,1.4,1.5,0.0,0.1038,0,0.0
2,0.0,0.0,19.2857,0.3333,1,4,36.0,0.0,2.8929,0.1286,0.0,1,0.0,0.0,1.5,0.0,0.0938,0,0.0
2,0.0,0.26,15.0,0.3333,1,3,46.8,5.8,2.25,0.65,0.0,1,0.0,5.8,1.5,0.0,0.1577,1,0.26
2,0.0,0.0,45.0,1.0,1,4,31.2,0.1,6.75,0.3,0.0,1,0.0,1.5,1.5,0.0,0.15,0,0.0
2,0.0,0.025,15.0,1.0,0,2,38.2,0.8,2.25,0.125,0.0,1,0.0,2.0,1.5,0.0,0.1272,1,0.01
2,0.0,0.0,12.0,1.0,0,3,38.2,0.5,1.8,1.2,0.0,1,0.0,1.0,1.5,0.0,0.1272,0,0.0
2,0.0,0.0,25.7143,1.0,0,2,38.2,0.3,3.8571,4.3714,0.0,1,0.0,1.9286,1.5,0.0,0.1272,0,0.0
2,0.0,0.15,45.0,1.0,1,2,21.4,0.3,6.75,0.0,0.0,1,0.0,4.5,1.5,0.0,0.0168,0,0.01
2,0.0,0.01,11.0,1.0,0,3,38.2,2.3,1.65,2.01,0.0,1,0.0,2.3,1.5,0.0,0.0141,0,0.01
2,0.0,0.25,8.0,1.0,0,2,90.0,5.0,1.2,1.37,0.0,1,0.0,5.0,1.5,0.0,0.25,0,0.25
2,0.0,0.01,17.0,2.5,1,2,90.0,4.0,2.55,2.45,0.0,4,0.0,4.0,1.5,0.0,0.13,0,0.01
2,0.03,0.15,12.0,2.3333,0,3,90.0,3.8,1.8,1.52,0.0,2,0.01,3.8,1.5,0.03,0.1367,0,0.15
2,0.0,0.02,6.0,2.3333,0,3,90.0,1.4,0.9,1.43,0.0,1,0.0075,1.4,1.5,0.0,0.1075,0,0.02
2,0.06,0.01,11.0,1.3333,1,4,90.0,3.0,1.65,3.63,0.0,1,0.018,3.0,1.5,0.06,0.088,0,0.01
2,0.01,0.01,8.0,1.0,0,4,90.0,1.7,1.2,3.06,0.0,1,0.02,1.7,1.5,0.01,0.04,0,0.01
2,0.0,0.11,33.0,3.3333,1,3,90.0,4.7,4.95,1.07,0.0,8,0.02,4.7,1.5,0.0,0.06,0,0.11
2,0.0,0.55,20.0,4.0,1,2,90.0,4.3,3.0,1.95,0.0,3,0.014,4.3,1.5,0.0,0.14,1,0.55
2,0.0,0.06,11.0,3.3333,0,3,90.0,1.8,1.65,2.02,0.0,-1,0.014,1.8,1.5,0.0,0.148,0,0.06
2,0.02,0.12,8.0,0.6667,0,2,90.0,3.2,1.2,1.4,0.0,0,0.006,3.2,1.5,0.02,0.17,0,0.12
2,0.16,0.02,10.0,0.0,1,4,90.0,2.8,1.5,1.68,0.0,1,0.036,2.8,1.5,0.16,0.172,0,0.02
2,0.0,0.01,14.0,1.0,0,3,90.0,2.3,2.1,1.27,0.0,2,0.036,2.3,1.5,0.0,0.152,0,0.01
2,0.4,0.01,7.0,1.6667,1,2,90.0,2.5,1.05,0.88,0.0,2,0.116,2.5,1.5,0.4,0.044,0,0.01
2,0.01,0.08,13.0,1.6667,0,3,90.0,4.3,1.95,1.74,0.0,1,0.118,4.3,1.5,0.01,0.048,0,0.08
2,0.0,0.06,28.0,1.0,0,4,81.0,2.6,4.2,2.42,0.0,0,0.1267,5.2,1.5,0.0,0.0333,0,0.03
2,0.0,0.07,27.0,2.6667,1,2,81.0,3.9,4.05,0.65,0.0,7,0.0911,3.9,1.5,0.0,0.0444,0,0.07
2,0.06,0.01,29.0,5.3333,1,2,81.0,4.5,4.35,0.91,0.0,9,0.1044,4.5,1.5,0.06,0.0444,0,0.01
2,0.0,0.0,21.0,7.3333,0,2,81.0,3.0,3.15,2.68,0.0,6,0.0156,3.0,1.5,0.0,0.0422,0,0.0
2,0.08,0.02,23.0,7.0,1,2,81.0,3.4,3.45,2.48,0.0,6,0.0311,3.4,1.5,0.08,0.0289,0,0.02
2,0.0,0.02,13.0,4.3333,0,4,90.0,1.9,1.95,2.23,0.0,1,0.028,1.9,1.5,0.0,0.024,0,0.02
2,0.0,0.01,14.0,3.0,1,3,90.0,2.5,2.1,1.17,0.0,2,0.028,2.5,1.5,0.0,0.012,0,0.01
2,0.27,0.03,16.0,1.3333,0,3,90.0,4.6,2.4,0.8,0.0,1,0.07,4.6,1.5,0.27,0.016,1,0.03
2,0.0,0.0,13.2,0.6667,1,3,87.0,1.4,1.98,4.356,0.0,-1,0.0724,1.68,1.5,0.0,0.0166,0,0.0
2,0.0,0.011,18.6585,0.6667,0,2,85.4,1.7,2.7988,2.2171,0.0,2,0.0569,1.8659,1.5,0.0,0.0148,1,0.01
2,0.04,0.15,47.0,4.3333,1,2,85.4,15.1,7.05,1.12,0.0,12,0.0653,15.1,1.5,0.04,0.0422,1,0.15
2,0.0,0.06,14.0,5.3333,0,3,85.4,4.2,2.1,2.71,0.0,2,0.0653,4.2,1.5,0.0,0.0527,0,0.06
2,0.0,0.0325,8.6747,5.3333,1,3,84.0,0.8,1.3012,0.6614,0.0,2,0.0086,0.8675,1.5,0.0,0.0536,0,0.03
2,0.0,0.0,13.0,1.3333,0,4,87.0,1.8,1.95,4.07,0.0,0,0.0083,1.8,1.5,0.0,0.0517,0,0.0
2,0.0,0.01,14.0,1.3333,1,4,88.6,1.7,2.1,0.96,0.0,2,0.0081,1.7,1.5,0.0,0.0508,1,0.01
2,0.0,0.01,11.0,2.0,0,3,88.6,2.5,1.65,1.5,0.0,4,0.0,2.5,1.5,0.0,0.0223,1,0.01
2,0.0,0.04,12.0,2.3333,1,3,88.6,4.2,1.8,3.29,0.0,1,0.0,4.2,1.5,0.0,0.0183,1,0.04
2,0.0,0.01,8.0,1.0,0,3,90.0,1.0,1.2,2.47,0.0,-2,0.0,1.0,1.5,0.0,0.014,0,0.01
2,0.03,0.04,8.0,0.0,1,2,90.0,7.0,1.2,1.75,0.0,1,0.006,7.0,1.5,0.03,0.022,0,0.04
2,0.34,0.07,-1.0,-0.6667,0,3,90.0,3.8,-0.15,4.13,0.0,-1,0.074,3.8,1.5,0.34,0.034,0,0.07
2,0.141,0.0325,10.8434,0.3333,1,3,88.6,4.3,1.6265,0.4554,0.0,1,0.1016,4.6627,1.5,0.13,0.0386,1,0.03
2,0.0,0.0129,15.4286,0.3333,0,3,84.6,1.1,2.3143,2.3143,0.0,1,0.1064,1.4143,1.5,0.0,0.034,1,0.01
1,0.0,0.0,20.0,3.0,0,2,90.0,4.0,0.0,1.74,5.0,3,0.0,4.0,1.5,0.0,0.0,1,0.0
1,0.0,0.0,16.0,2.0,0,4,90.0,2.4,0.0,2.34,3.0,1,0.0,2.4,1.5,0.0,0.0,0,0.0
1,0.0,0.0,27.0,4.0,1,3,90.0,1.9,0.0,0.65,3.0,8,0.0,1.9,1.5,0.0,0.0,0,0.0
1,0.0,0.0,270.0,3.3333,0,3,67.75,0.0,0.0,71.1,0.0,1,0.0,0.0,1.5,0.0,0.0,0,0.0
1,0.0,0.0,6.0,3.0,0,2,63.2,0.2,0.0,1.26,0.0,0,0.0,0.4,1.5,0.0,0.0,0,0.0
1,0.0,0.0,18.0,0.3333,0,3,54.2,1.9,0.0,5.26,4.0,0,0.0,3.8,1.5,0.0,0.0,0,0.0
1,0.0,0.0,14.0,1.0,1,2,54.2,2.6,0.0,0.96,3.0,3,0.0,2.6,1.5,0.0,0.0,0,0.0
1,0.0,0.0,21.0,2.3333,0,2,54.2,3.5,0.0,1.5,6.0,4,0.0,3.5,1.5,0.0,0.0,0,0.0
1,0.0,0.0,26.0,3.3333,1,3,72.0,5.7,0.0,3.29,8.0,3,0.0,5.7,1.5,0.0,0.0,0,0.0
1,0.0,0.0,13.0,2.6667,0,2,81.0,2.4,0.0,2.47,3.0,1,0.0,2.4,1.5,0.0,0.0,0,0.0
3,0.0953,0.0953,8.4706,2.0,0,4,85.0,3.9,0.8471,1.4294,0.0,2,0.0953,4.1294,1.5,0.09,0.0953,0,0.09
3,0.7071,0.0,32.1429,1.5,1,2,49.5,3.5,3.2143,1.1571,0.0,1,0.1818,22.5,1.5,0.11,0.0818,0,0.0
3,0.0,0.15,30.0,1.3333,0,2,35.0,0.2,3.0,5.4,0.0,1,0.1714,3.0,1.5,0.0,0.0857,0,0.01
3,0.0,0.0,9.4737,1.0,0,3,31.0,0.2,0.9474,1.2789,0.0,1,0.1452,0.9474,1.5,0.0,0.0726,0,0.0
3,0.225,0.0,16.875,1.0,0,2,28.0,1.4,1.6875,4.1062,0.0,1,0.1543,7.875,1.5,0.04,0.0643,0,0.0
3,0.0,0.0,270.0,1.0,1,2,11.2,0.2,27.0,4.5,0.0,1,0.2411,18.0,1.5,0.0,0.0161,0,0.0
3,0.0,1.8,360.0,1.0,0,2,8.6,1.3,36.0,0.0,0.0,1,0.0837,117.0,1.5,0.0,0.0628,0,0.02
3,0.1731,0.0692,24.2308,1.0,0,4,12.6,1.7,2.4231,1.2808,0.0,1,0.1286,5.8846,1.5,0.05,0.0571,0,0.02
3,0.0,11.7,540.0,1.0,1,2,9.0,2.3,54.0,0.0,0.0,1,0.18,207.0,1.5,0.0,0.34,1,0.13
3,0.0,0.0,135.0,1.0,0,2,6.2,0.5,13.5,5.4,0.0,1,0.1452,22.5,1.5,0.0,0.4935,0,0.0
3,0.0,0.02,6.0,1.0,0,3,15.0,1.0,0.6,2.24,0.0,1,0.06,2.0,1.5,0.0,0.216,0,0.01
3,0.0,0.045,13.5,1.0,1,3,18.8,0.4,1.35,0.09,0.0,1,0.0479,1.8,1.5,0.0,0.1628,0,0.01
3,0.0,0.0,90.0,1.0,1,2,14.0,0.1,9.0,9.45,0.0,1,0.0,4.5,1.5,0.0,0.1929,0,0.0
3,0.02,0.02,8.0,1.6667,1,3,31.8,1.9,0.8,2.48,0.0,3,0.0113,1.9,1.5,0.02,0.0226,0,0.02
3,0.0,0.03,9.0,2.0,0,3,49.4,3.3,0.9,2.23,0.0,2,0.0073,3.3,1.5,0.0,0.0255,0,0.03
4,0.9,0.0,7.5,1.0,0,3,12.0,1.0,0.0,7.05,0.0,1,0.9,7.5,1.5,0.12,0.0,0,0.0
4,0.0,0.0,54.0,1.0,0,3,8.5,0.6,0.0,6.48,0.0,1,0.6353,10.8,1.5,0.0,0.0,0,0.0
4,0.0,0.09,9.0,1.0,0,3,9.0,0.0,0.0,2.43,0.0,1,0.4,0.0,1.5,0.0,0.0333,1,0.01
4,0.0,0.0,90.0,1.0,1,4,7.5,0.0,0.0,0.0,0.0,1,0.36,0.0,1.5,0.0,0.03,0,0.0
4,0.0,0.0,90.0,1.0,0,3,6.6,0.2,0.0,10.5,0.0,1,0.3273,6.0,1.5,0.0,0.0273,0,0.0
4,0.0,0.0,67.5,1.0,0,4,5.0,0.2,0.0,6.975,0.0,1,0.0,4.5,1.5,0.0,0.036,0,0.0
4,0.0,0.0,54.0,1.0,1,3,5.0,0.4,0.0,1.26,0.0,1,0.0,7.2,1.5,0.0,0.036,0,0.0
4,0.0,0.0,0.0,0.6667,0,4,8.2,0.3,0.0,1.2808,0.0,0,0.0,1.0385,1.5,0.0,0.0,0,0.0
4,0.0,0.0,8.8525,1.0,0,4,19.8,0.0,0.0,1.6967,0.0,2,0.0,0.0,1.5,0.0,0.0,1,0.0
4,0.0,0.0,150.0,1.0,1,2,19.8,0.3,0.0,0.6,0.0,1,0.0,9.0,1.5,0.0,0.0,1,0.0
4,0.74,0.05,27.0,4.3333,0,3,37.0,12.2,0.0,1.44,0.0,10,0.36,12.2,1.5,0.74,0.0243,0,0.05
4,0.0,0.0818,20.4545,4.0,1,2,40.4,1.6,0.0,0.2045,0.0,1,0.3297,6.5455,1.5,0.0,0.0312,0,0.02
4,0.0,0.0,270.0,4.0,0,3,35.4,0.2,0.0,32.4,0.0,1,0.3763,18.0,1.5,0.0,0.0356,0,0.0
4,1.9125,0.0,303.75,3.0,1,3,24.8,5.5,0.0,3.7125,0.0,7,0.6605,61.875,1.5,0.17,0.0508,0,0.0
4,0.0,12.6,270.0,3.0,0,3,24.4,0.4,0.0,0.0,0.0,1,0.6713,36.0,1.5,0.0,0.1549,1,0.14
4,0.15,0.02,2.0,3.3333,1,4,24.4,3.4,0.0,3.29,0.0,2,0.2361,3.4,1.5,0.15,0.1328,0,0.02
4,0.0,0.0,24.0,1.3333,0,4,23.0,0.4,0.0,0.84,0.0,1,0.2504,2.4,1.5,0.0,0.1252,0,0.0
4,0.0,0.045,0.0,1.3333,0,2,26.8,0.1,0.0,4.41,0.0,1,0.2149,0.45,1.5,0.0,0.1142,0,0.01
4,0.0,0.15,45.0,1.0,1,4,26.4,0.3,0.0,0.0,0.0,1,0.1023,4.5,1.5,0.0,0.1227,0,0.01
4,0.0,0.0,67.5,1.0,0,2,27.0,0.0,0.0,0.0,0.0,1,0.1,0.0,1.5,0.0,0.0267,0,0.0
2,0.0,0.0,180.0,1.0,1,3,1.0,0.3,27.0,0.0,0.0,1,0.0,27.0,1.5,0.0,0.0,0,0.0
2,0.0,0.01,23.0,3.0,1,3,45.5,1.5,3.45,2.48,0.0,5,0.0,1.5,1.5,0.0,0.0099,1,0.01
2,0.27,0.045,13.5,2.3333,0,2,37.0,0.4,2.025,3.96,0.0,1,0.0486,1.8,1.5,0.06,0.0162,0,0.01
2,0.0,0.02,10.0,2.6667,1,3,50.25,1.9,1.5,1.17,0.0,2,0.0269,1.9,1.5,0.0,0.0179,0,0.02
2,0.12,0.03,14.0,1.3333,0,3,58.2,3.6,2.1,0.8,0.0,1,0.0557,3.6,1.5,0.12,0.0216,0,0.03
2,0.03,0.0,7.0,0.6667,1,3,76.0,1.2,1.05,3.66,0.0,-1,0.0497,1.2,1.5,0.03,0.0166,0,0.0
2,0.0,0.0,19.2857,0.3333,0,3,60.8,0.2,2.8929,7.5214,0.0,1,0.0622,1.2857,1.5,0.0,0.0178,0,0.0
2,0.0,0.0,270.0,0.3333,1,4,57.0,0.1,40.5,35.1,0.0,1,0.0474,9.0,1.5,0.0,0.0158,0,0.0
2,0.0,0.0,270.0,1.0,0,4,39.2,0.0,40.5,1.8,0.0,1,0.0689,0.0,1.5,0.0,0.0138,1,0.0
2,0.0,0.0375,11.25,1.0,1,2,26.0,0.6,1.6875,1.2,0.0,1,0.0208,2.25,1.5,0.0,0.0069,0,0.01
2,0.0,0.0,45.0,1.0,0,3,9.2,0.3,6.75,1.95,0.0,1,0.0,4.5,1.5,0.0,0.0196,0,0.0
2,0.08,0.02,4.0,1.0,0,3,15.4,3.0,0.6,0.1,0.0,1,0.0468,6.0,1.5,0.04,0.0234,0,0.01
2,0.0,0.0429,4.2857,1.0,1,4,19.4,0.5,0.6429,5.8286,0.0,1,0.0371,2.1429,1.5,0.0,0.0278,1,0.01
2,0.0,0.02,26.0,1.0,0,3,28.2,1.1,3.9,1.2,0.0,1,0.0255,2.2,1.5,0.0,0.0255,0,0.01
2,0.0,0.0,67.5,1.0,0,3,4.0,0.0,10.125,0.45,0.0,1,0.0,0.0,1.5,0.0,0.0,1,0.0
2,0.0,0.0,0.0,0.5,0,3,7.5,0.8,0.0,3.5182,0.0,0,0.0,6.5455,1.5,0.0,0.0,0,0.0
2,0.0,0.0,90.0,0.6667,1,4,6.0,0.1,13.5,0.0,0.0,1,0.0,3.0,1.5,0.0,0.0,0,0.0
2,0.0,0.0,90.0,0.3333,1,2,4.75,0.0,13.5,1.8,0.0,0,0.0,0.0,1.5,0.0,0.0,0,0.0
4,0.0,0.0,9.6429,1.0,0,2,28.0,0.0,0.0,0.3857,0.0,1,0.0,0.0,1.5,0.0,0.0,0,0.0
4,0.5538,0.0,10.3846,1.0,0,3,27.0,0.7,0.0,2.7692,0.0,1,0.2667,2.4231,1.5,0.16,0.0,1,0.0
4,0.0,0.3,90.0,1.0,1,3,19.0,0.0,0.0,0.6,0.0,1,0.2526,0.0,1.5,0.0,0.0158,1,0.01
4,0.0,0.0,10.5882,1.0,1,2,18.5,0.0,0.0,6.1412,0.0,1,0.1946,0.0,1.5,0.0,0.0122,1,0.0
4,0.0,0.0,270.0,1.0,0,4,15.0,0.1,0.0,71.1,0.0,1,0.192,9.0,1.5,0.0,0.012,0,0.0
3,0.18,0.21,11.0,1.0,0,2,90.0,6.1,1.1,1.37,0.0,1,0.18,6.1,1.5,0.18,0.21,0,0.21
3,0.85,0.04,23.0,3.5,1,2,90.0,9.3,2.3,2.45,0.0,6,0.515,9.3,1.5,0.85,0.125,0,0.04
3,0.4071,0.375,11.7857,3.0,0,3,88.0,5.9,1.1786,1.2429,0.0,2,0.4807,6.3214,1.5,0.38,0.2045,1,0.35
3,0.0,0.21,23.0,4.6667,0,3,88.5,6.2,2.3,1.28,0.0,6,0.3585,6.2,1.5,0.0,0.2059,0,0.21
3,0.0,0.18,10.0,3.0,1,3,88.8,1.8,1.0,3.63,0.0,1,0.2858,1.8,1.5,0.0,0.2007,0,0.18
3,0.0,0.1779,25.1163,3.3333,0,4,88.0,3.4,2.5116,2.836,0.0,3,0.2516,3.5581,1.5,0.0,0.1943,0,0.17
3,0.06,0.23,6.0,2.3333,1,3,88.0,3.9,0.6,1.03,0.0,3,0.09,3.9,1.5,0.06,0.2332,0,0.23
3,0.0,0.11,5.0,2.3333,1,2,89.2,2.4,0.5,1.95,0.0,1,0.0121,2.4,1.5,0.0,0.1816,0,0.11
3,0.4553,0.0318,7.4118,2.0,0,3,88.2,2.9,0.7412,1.8106,0.0,2,0.1,3.0706,1.5,0.43,0.1469,1,0.03
3,0.12,0.12,5.0,1.3333,1,3,88.2,5.3,0.5,0.82,0.0,1,0.1245,5.3,1.5,0.12,0.1347,0,0.12
3,0.42,0.06,28.0,4.0,1,2,89.0,9.7,2.8,1.64,0.0,9,0.2083,9.7,1.5,0.42,0.1112,0,0.06
3,0.06,0.33,23.0,4.0,0,3,89.0,5.9,2.3,1.27,0.0,2,0.2083,5.9,1.5,0.06,0.1315,0,0.33
3,0.0,0.28,8.0,4.3333,1,3,89.0,2.7,0.8,0.88,0.0,2,0.2083,2.7,1.5,0.0,0.1658,0,0.28
3,0.15,0.03,2.0,2.0,0,4,90.0,5.0,0.2,1.74,0.0,2,0.15,5.0,1.5,0.15,0.164,1,0.03
3,0.0422,0.0703,12.6562,2.0,0,3,84.8,1.3,1.2656,2.1656,0.0,2,0.1401,1.8281,1.5,0.03,0.1592,0,0.05
3,0.0942,0.0523,50.2326,6.0,1,3,84.0,13.5,5.0233,0.6698,0.0,14,0.0707,14.1279,1.5,0.09,0.1586,0,0.05
3,0.06,0.37,18.0,7.0,1,3,84.0,8.1,1.8,0.91,0.0,5,0.0707,8.1,1.5,0.06,0.1671,0,0.37
3,0.0,0.0,-2.8125,6.6667,0,2,72.4,0.2,-0.2812,0.5344,0.0,1,0.082,0.5625,1.5,0.0,0.1243,0,0.0
3,0.144,0.24,9.6,2.6667,1,3,69.4,4.0,0.96,0.396,0.0,2,0.0778,4.8,1.5,0.12,0.1738,0,0.2
3,0.2506,0.5924,3.4177,1.6667,0,2,72.4,5.1,0.3418,2.8709,0.0,2,0.1218,5.8101,1.5,0.22,0.2834,1,0.52
3,0.57,0.11,23.0,3.3333,1,4,73.2,9.5,2.3,0.65,0.0,6,0.2385,9.5,1.5,0.57,0.2951,1,0.11
3,0.2494,0.1735,7.5904,3.3333,1,3,71.8,6.7,0.759,0.6614,0.0,2,0.2858,7.2651,1.5,0.23,0.2482,0,0.16
3,0.11,0.27,20.0,4.3333,0,4,83.4,7.3,2.0,4.07,0.0,5,0.2698,7.3,1.5,0.11,0.2719,1,0.27
3,0.06,0.14,5.0,3.0,1,4,86.4,2.4,0.5,0.96,0.0,2,0.2479,2.4,1.5,0.06,0.25,0,0.14
3,0.79,0.1,25.0,5.0,0,2,88.6,9.8,2.5,1.5,0.0,8,0.3576,9.8,1.5,0.79,0.1585,0,0.1
3,0.19,0.15,10.0,3.6667,1,3,88.6,9.6,1.0,3.29,0.0,1,0.2804,9.6,1.5,0.19,0.1666,0,0.15
3,0.0,0.01,4.0,3.6667,0,3,90.0,2.7,0.4,2.47,0.0,2,0.23,2.7,1.5,0.0,0.134,0,0.01
3,0.0,0.06,8.0,1.6667,1,2,90.0,1.6,0.8,1.75,0.0,2,0.208,1.6,1.5,0.0,0.092,0,0.06
3,0.072,0.168,10.8,1.6667,0,2,87.0,6.0,1.08,4.152,0.0,1,0.2152,7.2,1.5,0.06,0.0952,0,0.14
3,0.0108,0.2711,11.9277,1.6667,1,4,85.6,4.7,1.1928,0.4554,0.0,2,0.0547,5.0964,1.5,0.01,0.1283,1,0.25
3,0.0,0.0,5.2941,1.6667,0,4,84.6,0.7,0.5294,2.1282,0.0,2,0.0149,0.7412,1.5,0.0,0.0979,1,0.0
3,0.25,0.03,18.0,2.0,1,4,90.0,5.7,1.8,1.18,0.0,2,0.25,5.7,1.5,0.25,0.03,1,0.03
3,0.0,0.23,20.0,2.5,0,3,90.0,4.4,2.0,1.06,0.0,3,0.125,4.4,1.5,0.0,0.13,1,0.23
3,0.0,0.07,20.0,2.3333,1,2,90.0,2.8,2.0,0.42,0.0,2,0.0833,2.8,1.5,0.0,0.11,0,0.07
3,0.23,0.03,31.0,5.0,1,3,90.0,7.2,3.1,0.96,0.0,10,0.12,7.2,1.5,0.23,0.09,0,0.03
3,0.13,0.06,17.0,5.0,0,3,90.0,4.2,1.7,0.3,0.0,3,0.122,4.2,1.5,0.13,0.084,0,0.06
3,0.12,0.0,6.0,4.6667,1,3,81.0,0.9,0.6,1.8,0.0,1,0.0933,1.8,1.5,0.06,0.0867,0,0.0
3,0.0,0.0338,15.75,2.3333,0,2,79.0,3.4,1.575,0.7762,0.0,3,0.0957,3.825,1.5,0.0,0.0433,0,0.03
3,0.0,0.1,18.0,2.3333,1,3,79.0,4.9,1.8,0.55,0.0,3,0.0957,4.9,1.5,0.0,0.0501,0,0.1
3,0.07,0.02,27.0,5.0,0,3,79.0,6.9,2.7,1.36,0.0,9,0.0592,6.9,1.5,0.07,0.0478,0,0.02
3,0.0614,0.0409,23.5227,6.0,1,3,78.6,4.4,2.3523,0.0307,0.0,6,0.0435,4.5,1.5,0.06,0.0435,0,0.04
3,0.07,0.1,15.0,5.6667,0,3,87.6,4.1,1.5,1.09,0.0,2,0.0411,4.1,1.5,0.07,0.0596,0,0.1
3,0.03,0.03,11.0,3.3333,1,3,89.6,2.6,1.1,0.3,0.0,2,0.0462,2.6,1.5,0.03,0.0583,1,0.03
3,0.03,0.04,14.0,2.3333,0,4,89.6,3.8,1.4,1.11,0.0,3,0.0522,3.8,1.5,0.03,0.0462,0,0.04
3,0.16,0.04,16.0,2.3333,1,3,89.6,3.4,1.6,0.71,0.0,2,0.0703,3.4,1.5,0.16,0.0502,0,0.04
3,0.17,0.02,34.0,4.6667,0,2,90.0,8.2,3.4,0.5,0.0,9,0.092,8.2,1.5,0.17,0.046,0,0.02
3,0.07,0.05,19.0,4.0,0,3,90.0,3.9,1.9,0.51,0.0,1,0.092,3.9,1.5,0.07,0.036,0,0.05
3,0.09,0.09,10.0,4.3333,1,4,90.0,5.8,1.0,0.69,0.0,3,0.104,5.8,1.5,0.09,0.048,0,0.09
3,0.02,0.02,14.0,1.6667,0,3,90.0,2.3,1.4,0.95,0.0,1,0.102,2.3,1.5,0.02,0.044,0,0.02
3,0.08,0.09,12.0,2.0,1,3,90.0,5.5,1.2,1.48,0.0,2,0.086,5.5,1.5,0.08,0.054,0,0.09
3,0.03,0.1,20.0,1.6667,0,2,90.0,5.1,2.0,1.34,0.0,2,0.058,5.1,1.5,0.03,0.07,0,0.1
3,0.05,0.1625,32.5,3.3333,1,3,86.4,4.9,3.25,0.35,0.0,6,0.0542,6.125,1.5,0.04,0.0896,0,0.13
3,0.0,0.07,19.0,3.3333,0,3,86.4,3.9,1.9,0.4,0.0,2,0.0354,3.9,1.5,0.0,0.0854,1,0.07
3,0.04,0.26,12.0,3.0,1,3,86.4,4.6,1.2,0.41,0.0,1,0.0396,4.6,1.5,0.04,0.1354,1,0.26
3,0.0409,1.0909,81.8182,6.6667,0,3,81.6,15.7,8.1818,0.1091,0.0,17,0.0309,21.4091,1.5,0.03,0.3,0,0.8
3,0.0115,0.0115,16.1538,7.0,0,4,79.2,1.8,1.6154,0.1269,0.0,3,0.0273,2.0769,1.5,0.01,0.2886,1,0.01
3,0.13,0.51,24.0,8.6667,1,3,82.8,11.0,2.4,0.16,0.0,6,0.0457,11.0,1.5,0.13,0.3587,1,0.51
3,0.4932,0.3822,40.6849,5.6667,0,2,79.4,12.2,4.0685,0.1603,0.0,8,0.1383,15.0411,1.5,0.4,0.4285,0,0.31
3,0.09,0.12,27.0,7.6667,1,3,79.4,8.0,2.7,0.97,0.0,9,0.1496,8.0,1.5,0.09,0.3967,0,0.12
3,0.0,0.03,8.0,6.6667,0,4,84.2,2.5,0.8,0.95,0.0,3,0.1347,2.5,1.5,0.0,0.2095,1,0.03
3,0.0,0.0,11.7391,4.3333,1,4,73.2,0.5,1.1739,0.6652,0.0,1,0.1525,1.9565,1.5,0.0,0.2385,0,0.0
3,0.04,0.23,20.0,2.3333,0,2,73.2,7.8,2.0,0.53,0.0,3,0.1303,7.8,1.5,0.04,0.1697,0,0.23
3,0.05,0.06,14.0,2.0,1,3,76.6,1.9,1.4,1.13,0.0,2,0.0423,1.9,1.5,0.05,0.1034,0,0.06
3,0.15,0.13,11.0,2.3333,0,3,76.6,11.6,1.1,0.14,0.0,2,0.0564,11.6,1.5,0.15,0.1057,0,0.13
3,0.18,0.05,30.0,4.3333,1,3,76.6,8.5,3.0,1.61,0.0,9,0.0987,8.5,1.5,0.18,0.1104,0,0.05
3,0.08,0.51,26.0,5.6667,0,3,90.0,7.1,2.6,2.37,0.0,6,0.1,7.1,1.5,0.08,0.196,0,0.51
3,0.34,0.21,38.0,9.6667,1,2,90.0,13.5,3.8,0.37,0.0,14,0.16,13.5,1.5,0.34,0.192,0,0.21
3,0.14,0.1,13.0,7.6667,0,3,90.0,4.2,1.3,0.64,0.0,3,0.178,4.2,1.5,0.14,0.2,0,0.1
3,0.26,0.37,10.0,6.0,1,3,90.0,6.7,1.0,0.5,0.0,1,0.2,6.7,1.5,0.26,0.248,0,0.37
3,0.37,0.01,24.0,7.0,0,3,90.0,6.0,2.4,1.37,0.0,7,0.37,6.0,1.5,0.37,0.01,0,0.01
3,0.0,0.01,13.0,4.5,1,3,90.0,6.1,1.3,2.45,0.0,2,0.185,6.1,1.5,0.0,0.01,0,0.01
3,0.0,0.0,14.2105,3.3333,0,4,72.6667,0.8,1.4211,1.3263,0.0,1,0.1528,1.8947,1.5,0.0,0.0083,0,0.0
3,0.0,0.2616,10.4651,1.3333,1,3,76.0,3.8,1.0465,3.7988,0.0,1,0.1095,3.9767,1.5,0.0,0.0799,0,0.25
3,0.4192,0.1603,9.863,1.3333,0,2,75.4,6.7,0.9863,2.8726,0.0,2,0.1695,8.2603,1.5,0.34,0.0955,1,0.13
3,0.85,0.01,21.0,3.6667,1,2,75.4,10.3,2.1,1.07,0.0,8,0.2841,10.3,1.5,0.85,0.0955,0,0.01
3,1.116,0.0,27.6,6.0,1,4,72.4,7.0,2.76,2.34,0.0,8,0.5271,8.4,1.5,0.93,0.097,0,0.0
3,0.15,0.0,4.0909,6.0,0,3,78.0,0.6,0.4091,2.25,0.0,2,0.5146,0.8182,1.5,0.11,0.09,0,0.0
3,0.0,0.0529,15.8824,3.6667,1,3,64.2,0.5,1.5882,0.3706,0.0,1,0.6252,2.6471,1.5,0.0,0.0421,0,0.01
3,0.0,0.02,4.0,1.3333,0,3,67.6,0.8,0.4,1.4,0.0,1,0.5033,0.8,1.5,0.0,0.0107,0,0.02
3,0.45,0.05,22.0,3.0,1,2,67.6,11.5,2.2,1.68,0.0,7,0.3967,11.5,1.5,0.45,0.0213,0,0.05
3,0.63,0.0,25.0,5.3333,0,2,70.6,10.7,2.5,1.27,0.0,8,0.3034,10.7,1.5,0.63,0.0204,0,0.0
3,0.0,0.01,7.0,5.6667,1,2,75.4,1.2,0.7,0.88,0.0,2,0.2578,1.2,1.5,0.0,0.0215,0,0.01
3,0.0,0.0,12.0,4.0,0,2,90.0,1.4,1.2,1.74,0.0,2,0.216,1.4,1.5,0.0,0.016,0,0.0
3,0.0,0.01,9.0,2.0,0,3,90.0,0.5,0.9,2.34,0.0,2,0.216,0.5,1.5,0.0,0.014,0,0.01
3,0.0,0.01,8.0,2.3333,1,3,90.0,1.9,0.8,0.65,0.0,3,0.126,1.9,1.5,0.0,0.006,1,0.01
3,0.04,0.0,5.0,2.6667,1,3,90.0,1.4,0.5,0.91,0.0,3,0.008,1.4,1.5,0.04,0.006,0,0.0
3,0.43,0.0,31.0,5.0,0,3,90.0,9.2,3.1,2.68,0.0,9,0.094,9.2,1.5,0.43,0.004,0,0.0
3,0.37,0.0,8.0,5.0,1,3,90.0,1.1,0.8,2.48,0.0,3,0.168,1.1,1.5,0.37,0.004,0,0.0
3,0.0,0.02,22.0,4.6667,0,2,90.0,4.6,2.2,2.23,0.0,2,0.168,4.6,1.5,0.0,0.006,1,0.02
3,0.23,0.02,7.0,2.3333,1,4,90.0,2.0,0.7,1.17,0.0,2,0.214,2.0,1.5,0.23,0.008,0,0.02
3,0.1521,0.0127,8.8732,1.6667,0,3,86.2,1.2,0.8873,0.6845,0.0,1,0.2401,1.5211,1.5,0.12,0.0104,1,0.01
3,0.0,0.0,6.0,1.6667,1,2,86.2,1.1,0.6,3.66,0.0,2,0.1503,1.1,1.5,0.0,0.0104,0,0.0
3,0.0,0.0,51.4286,1.3333,0,4,69.6,1.4,5.1429,9.9,0.0,1,0.0905,18.0,1.5,0.0,0.0129,0,0.0
3,0.48,0.01,14.0,1.6667,1,2,69.6,3.8,1.4,1.12,0.0,2,0.2147,3.8,1.5,0.48,0.0103,0,0.01
3,0.05,0.03,29.0,3.3333,0,3,69.6,8.6,2.9,2.73,0.0,7,0.1681,8.6,1.5,0.05,0.0129,0,0.03
3,0.16,0.01,2.0,3.3333,1,2,73.4,3.6,0.2,0.65,0.0,1,0.1692,3.6,1.5,0.16,0.0123,0,0.01
3,0.41,0.02,10.0,3.3333,1,2,73.4,3.1,1.0,0.63,0.0,2,0.2698,3.1,1.5,0.41,0.0172,1,0.02
3,0.22,0.15,7.0,1.3333,0,2,90.0,5.9,0.7,4.07,0.0,1,0.264,5.9,1.5,0.22,0.044,0,0.15
3,0.18,0.03,17.0,1.6667,1,2,90.0,3.7,1.7,0.96,0.0,2,0.204,3.7,1.5,0.18,0.048,0,0.03
3,0.0,0.0,0.0,1.3333,0,2,81.0,1.8,0.0,2.9,0.0,1,0.2156,3.6,1.5,0.0,0.0467,0,0.0
3,0.0,0.0429,21.4286,1.3333,1,2,67.2,1.6,2.1429,5.8286,0.0,1,0.217,6.8571,1.5,0.0,0.0563,0,0.01
3,0.0,0.34,40.0,1.6667,0,3,58.2,4.1,4.0,3.74,0.0,3,0.1237,8.2,1.5,0.0,0.1113,0,0.17
3,0.074,0.0123,18.4932,2.0,1,3,54.8,5.9,1.8493,1.8493,0.0,2,0.0788,7.274,1.5,0.06,0.0723,0,0.01
3,0.05,0.0,9.0,2.3333,0,4,54.8,3.4,0.9,4.13,0.0,2,0.0361,3.4,1.5,0.05,0.0624,0,0.0
3,0.21,0.13,34.0,4.6667,1,4,63.8,11.7,3.4,0.42,0.0,10,0.0903,11.7,1.5,0.21,0.0903,0,0.13
3,0.0,0.0,6.0,4.6667,0,2,77.6,1.3,0.6,2.01,0.0,2,0.0742,1.3,1.5,0.0,0.0719,0,0.0
2,0.0,0.0,10.0,2.0,0,2,90.0,1.9,1.5,1.37,0.0,2,0.0,1.9,1.5,0.0,0.0,0,0.0
2,0.0,0.0,9.0,2.0,1,4,90.0,0.8,1.35,2.45,0.0,2,0.0,0.8,1.5,0.0,0.0,0,0.0
2,0.0,0.0,18.0,2.0,0,3,90.0,3.2,2.7,1.52,0.0,2,0.0,3.2,1.5,0.0,0.0,0,0.0
2,0.2,0.0,36.0,5.0,0,2,90.0,8.7,5.4,1.43,0.0,11,0.05,8.7,1.5,0.2,0.0,0,0.0
2,0.06,0.0,11.0,4.6667,1,3,90.0,4.4,1.65,3.63,0.0,1,0.052,4.4,1.5,0.06,0.0,0,0.0
2,0.0,0.0,8.0,4.0,0,4,90.0,0.7,1.2,3.06,0.0,0,0.052,0.7,1.5,0.0,0.0,0,0.0
2,0.0,0.0,29.0,2.6667,1,2,90.0,3.5,4.35,1.07,0.0,7,0.052,3.5,1.5,0.0,0.0,0,0.0
2,0.0,0.0,10.0,2.6667,1,4,90.0,0.9,1.5,1.95,0.0,1,0.052,0.9,1.5,0.0,0.0,1,0.0
2,0.3,0.0,8.0,2.6667,0,4,90.0,2.8,1.2,2.02,0.0,0,0.072,2.8,1.5,0.3,0.0,1,0.0
2,0.01,0.0,13.0,1.0,1,3,90.0,3.4,1.95,0.82,0.0,2,0.062,3.4,1.5,0.01,0.0,0,0.0
2,0.0,0.01,16.0,1.0,1,3,90.0,1.8,2.4,1.68,0.0,1,0.062,1.8,1.5,0.0,0.002,1,0.01
2,0.19,0.0,9.0,1.6667,0,3,90.0,3.2,1.35,1.27,0.0,2,0.1,3.2,1.5,0.19,0.002,1,0.0
2,0.21,0.0,7.0,1.6667,0,2,90.0,1.4,1.05,1.74,0.0,2,0.142,1.4,1.5,0.21,0.002,0,0.0
2,0.0,0.0,15.7143,1.3333,0,3,84.6,0.6,2.3571,2.2,0.0,0,0.0872,0.8571,1.5,0.0,0.0021,1,0.0
2,0.19,0.0,22.0,2.3333,1,3,84.6,2.8,3.3,0.65,0.0,5,0.1255,2.8,1.5,0.19,0.0021,1,0.0
2,0.0,0.0,19.0,3.6667,1,3,84.6,1.4,2.85,0.91,0.0,6,0.1255,1.4,1.5,0.0,0.0,0,0.0
2,0.01,0.0,12.0,4.0,0,4,84.6,5.2,1.8,2.23,0.0,1,0.0872,5.2,1.5,0.01,0.0,0,0.0
2,0.0,0.0,11.0,3.0,1,2,84.6,1.2,1.65,1.17,0.0,2,0.0426,1.2,1.5,0.0,0.0,0,0.0
2,0.1,0.01,13.0,1.3333,0,4,90.0,2.9,1.95,0.8,0.0,1,0.06,2.9,1.5,0.1,0.002,0,0.01
2,0.0,0.0,8.0,0.6667,1,4,81.0,0.3,1.2,5.56,0.0,-1,0.0244,0.6,1.5,0.0,0.0022,0,0.0
2,0.0,0.0,6.0,0.3333,0,4,81.0,1.1,0.9,2.43,0.0,1,0.0244,1.1,1.5,0.0,0.0022,1,0.0
2,0.04,0.0,11.0,0.3333,1,2,81.0,3.6,1.65,1.12,0.0,1,0.0311,3.6,1.5,0.04,0.0022,0,0.0
2,0.29,0.0,22.0,3.3333,0,2,81.0,8.8,3.3,2.73,0.0,8,0.0956,8.8,1.5,0.29,0.0022,0,0.0
2,0.0,0.0,11.0,3.6667,1,3,81.0,1.1,1.65,0.63,0.0,2,0.0733,1.1,1.5,0.0,0.0,1,0.0
2,0.0,0.0,11.0,3.3333,0,3,90.0,3.2,1.65,4.07,0.0,0,0.066,3.2,1.5,0.0,0.0,0,0.0
2,0.27,0.0,22.0,4.0,1,3,90.0,8.0,3.3,0.96,0.0,10,0.12,8.0,1.5,0.27,0.0,1,0.0
2,0.0,0.0,21.0,4.0,0,2,90.0,2.1,3.15,1.5,0.0,2,0.112,2.1,1.5,0.0,0.0,1,0.0
2,0.0,0.0,12.0,4.3333,1,3,78.0,0.3,1.8,4.47,0.0,1,0.0623,0.9,1.5,0.0,0.0,0,0.0
2,0.0,0.0,13.0,1.0,0,4,78.0,2.0,1.95,2.47,0.0,0,0.0623,2.0,1.5,0.0,0.0,0,0.0
2,0.03,0.04,11.0,0.6667,1,3,78.0,3.8,1.65,1.75,0.0,1,0.0692,3.8,1.5,0.03,0.0092,0,0.04
2,0.0,0.0,9.0,0.3333,0,3,78.0,2.7,1.35,4.13,0.0,0,0.0069,2.7,1.5,0.0,0.0092,1,0.0
2,0.0,0.01,13.0,1.0,1,4,78.0,2.7,1.95,0.42,0.0,2,0.0069,2.7,1.5,0.0,0.0115,0,0.01
2,0.0,0.0,14.0,1.0,0,3,90.0,1.5,2.1,2.01,0.0,1,0.006,1.5,1.5,0.0,0.01,1,0.0
2,0.0,0.0118,10.6579,1.0,0,3,76.0,3.2,1.5987,1.3974,0.0,1,0.0,3.7895,1.5,0.0,0.0118,1,0.01
2,0.2198,0.0733,11.5116,0.5,1,3,81.0,3.4,1.7267,2.3756,0.0,0,0.1167,3.5581,1.5,0.21,0.0444,0,0.07
2,0.0,0.04,-6.0,0.6667,0,3,69.0,1.6,-0.9,1.16,0.0,1,0.0913,3.2,1.5,0.0,0.0435,0,0.02
2,0.0,0.0444,5.5556,0.3333,0,3,72.0,1.9,0.8333,2.1,0.0,0,0.0656,2.1111,1.5,0.0,0.0438,0,0.04
2,0.0,0.0703,16.875,1.0,1,3,70.4,1.8,2.5312,2.3203,0.0,2,0.0537,2.5312,1.5,0.0,0.0486,0,0.05
2,0.0,0.0,6.0,1.0,0,2,64.2,1.6,0.9,1.06,0.0,1,0.0589,3.2,1.5,0.0,0.0505,0,0.0
2,0.0,0.0123,4.9315,1.6667,1,2,61.6,0.7,0.7397,0.8877,0.0,2,0.0,0.863,1.5,0.0,0.0351,0,0.01
2,0.34,0.0,4.0,1.3333,1,2,61.6,1.1,0.6,1.1,0.0,1,0.0497,2.2,1.5,0.17,0.0292,0,0.0
2,0.05,0.14,16.0,1.6667,0,3,63.4,4.7,2.4,0.61,0.0,2,0.0625,4.7,1.5,0.05,0.0568,0,0.14
2,0.03,0.03,7.0,1.0,1,2,68.6,2.6,1.05,2.17,0.0,0,0.0656,2.6,1.5,0.03,0.0472,0,0.03
2,0.57,0.26,13.0,1.0,0,2,77.6,3.5,1.95,1.06,0.0,1,0.1902,3.5,1.5,0.57,0.1021,0,0.26
2,0.1047,0.1988,17.7907,0.6667,1,3,80.2,8.7,2.6686,0.5233,0.0,1,0.2065,9.1047,1.5,0.1,0.1392,0,0.19
2,0.0,0.0,10.0,1.0,0,3,74.8,0.2,1.5,4.35,0.0,1,0.1805,1.0,1.5,0.0,0.1492,1,0.0
2,0.0,0.0,13.5,1.0,0,2,60.8,0.5,2.025,0.81,0.0,1,0.2072,2.25,1.5,0.0,0.1421,0,0.0
2,0.0,0.0419,18.8372,3.0,1,4,60.0,1.7,2.8256,1.5802,0.0,7,0.201,1.7791,1.5,0.0,0.147,0,0.04
2,0.0,0.0228,18.2278,3.3333,0,4,57.8,3.1,2.7342,2.4266,0.0,2,0.0311,3.5316,1.5,0.0,0.0779,0,0.02
2,0.0625,0.025,32.5,4.6667,1,3,55.0,2.3,4.875,0.5,0.0,5,0.0164,2.875,1.5,0.05,0.0262,1,0.02
2,0.0,0.025,2.5,2.3333,1,3,58.6,1.2,0.375,3.7,0.0,0,0.0154,3.0,1.5,0.0,0.0276,0,0.01
2,0.0942,0.0105,17.7907,3.0,0,2,71.8,3.3,2.6686,1.7477,0.0,4,0.0351,3.4535,1.5,0.09,0.0251,0,0.01
2,0.2,0.06,20.0,1.6667,1,3,72.6,7.2,3.0,1.94,0.0,1,0.0843,7.2,1.5,0.2,0.0298,0,0.06
2,0.08,0.02,6.0,2.3333,0,3,74.8,3.7,0.9,1.71,0.0,2,0.1011,3.7,1.5,0.08,0.0289,0,0.02
2,0.0,0.4618,46.1842,5.0,1,4,75.6,5.2,6.9276,0.5684,0.0,12,0.0881,6.1579,1.5,0.0,0.1167,0,0.39
2,0.0,0.06,7.0,4.6667,0,2,86.4,3.6,1.05,2.19,0.0,0,0.0771,3.6,1.5,0.0,0.1125,1,0.06
2,0.29,0.06,26.0,7.3333,1,3,87.2,10.2,3.9,2.7,0.0,10,0.1177,10.2,1.5,0.29,0.1218,0,0.06
2,0.9857,0.0,4.2857,4.0,0,2,81.8,2.4,0.6429,1.0,0.0,2,0.2333,3.4286,1.5,0.69,0.1166,0,0.0
2,0.32,0.06,19.0,6.6667,0,4,81.8,10.7,2.85,0.98,0.0,8,0.2861,10.7,1.5,0.32,0.1254,0,0.06
2,0.0667,0.0167,13.3333,4.6667,1,3,77.4,1.3,2.0,0.0833,0.0,4,0.3116,2.1667,1.5,0.04,0.0442,0,0.01
2,0.0,0.0,30.0,4.3333,1,3,62.4,0.6,4.5,2.4,0.0,1,0.3865,3.6,1.5,0.0,0.0375,0,0.0
2,0.04,0.04,11.0,2.0,1,2,62.4,4.3,1.65,1.88,0.0,1,0.3144,4.3,1.5,0.04,0.0317,0,0.04
2,0.0,0.0107,16.0714,1.3333,1,3,66.6,1.5,2.4107,0.5571,0.0,2,0.1081,1.6071,1.5,0.0,0.0324,0,0.01
2,0.0,0.0,6.0,1.0,0,3,66.6,0.4,0.9,3.57,0.0,0,0.0216,0.4,1.5,0.0,0.0162,0,0.0
2,0.285,0.15,15.0,1.0,1,2,67.8,5.5,2.25,3.075,0.0,1,0.0611,8.25,1.5,0.19,0.0398,0,0.1
2,0.0,0.0935,12.8571,0.6667,0,4,80.2,3.9,1.9286,5.4584,0.0,1,0.0516,4.5584,1.5,0.0,0.0516,0,0.08
1,0.0,0.0,36.2687,8.0,0,4,67.0,2.6,0.0,3.1567,4.0299,8,0.0,3.4925,1.5,0.0,0.0,1,0.0
1,0.0,0.0,24.0,7.5,1,3,78.5,2.2,0.0,0.83,3.0,7,0.0,2.2,1.5,0.0,0.0,0,0.0
1,0.0,0.0,9.0,5.3333,0,2,82.3333,0.9,0.0,1.14,1.0,1,0.0,0.9,1.5,0.0,0.0,0,0.0
1,0.0,0.0,10.0,3.0,0,2,73.0,0.9,0.0,1.54,2.0,1,0.0,1.8,1.5,0.0,0.0,0,0.0
1,0.0,0.0,8.0,1.0,1,2,76.4,0.5,0.0,2.7,0.0,1,0.0,0.5,1.5,0.0,0.0,1,0.0
2,0.4154,0.9692,62.3077,1.0,0,4,13.0,3.4,9.3462,2.0077,0.0,1,0.4154,23.5385,1.5,0.06,0.9692,0,0.14
2,3.6,0.0,67.5,1.0,1,4,8.5,1.1,10.125,0.0,0.0,1,1.1647,24.75,1.5,0.16,0.7412,0,0.0
2,0.0,0.0321,25.7143,2.6667,0,3,33.6667,3.0,3.8571,1.2214,0.0,6,0.196,3.2143,1.5,0.0,0.1515,1,0.03
2,0.0,0.0,33.75,2.6667,0,3,27.25,0.3,5.0625,2.7,0.0,1,0.1817,3.375,1.5,0.0,0.1404,1,0.0
2,0.0,0.0,-18.0,1.6667,1,3,26.8,0.0,-2.7,3.204,0.0,-2,0.1478,0.0,1.5,0.0,0.1142,0,0.0
2,0.0,0.0,60.0,0.0,0,3,25.4,0.6,9.0,5.85,0.0,1,0.1134,9.0,1.5,0.0,0.0213,0,0.0
2,0.0,0.118,8.8525,0.0,0,2,36.8,3.7,1.3279,2.3311,0.0,1,0.0,5.459,1.5,0.0,0.0538,0,0.08
2,0.0,0.0,19.0,2.6667,1,4,38.0,1.4,2.85,0.83,0.0,6,0.0,1.4,1.5,0.0,0.0379,0,0.0
2,0.0926,0.0132,1.3235,3.0,1,4,50.0,1.4,0.1985,0.4103,0.0,2,0.0252,1.8529,1.5,0.07,0.0324,0,0.01
2,0.0,0.0,30.0,2.6667,1,3,45.6,0.4,4.5,16.2,0.0,0,0.0276,12.0,1.5,0.0,0.0355,0,0.0
2,0.0,0.09,36.0,1.0,0,4,46.4,1.6,5.4,0.27,0.0,1,0.0272,14.4,1.5,0.0,0.0388,0,0.01
2,0.0,0.0,15.8824,0.6667,1,3,37.6,0.5,2.3824,0.3176,0.0,1,0.0335,2.6471,1.5,0.0,0.0096,0,0.0
2,0.0,0.0,240.0,1.0,0,3,20.2,0.8,36.0,6.3,0.0,1,0.0624,24.0,1.5,0.0,0.0178,0,0.0
2,0.0,0.029,11.6129,1.0,0,2,12.8,1.2,1.7419,1.2194,0.0,1,0.0,3.4839,1.5,0.0,0.0281,0,0.01
2,0.0,0.45,31.1538,1.0,0,2,17.4,2.6,4.6731,1.0038,0.0,1,0.0,9.0,1.5,0.0,0.1552,0,0.13
2,0.0,0.0269,18.806,1.3333,0,2,28.8,2.2,2.8209,1.0881,0.0,2,0.0,2.9552,1.5,0.0,0.1,0,0.02
2,0.0,0.0,90.0,1.3333,1,3,26.0,0.0,13.5,1.8,0.0,1,0.0,0.0,1.5,0.0,0.1108,0,0.0
2,0.0,0.0,11.6129,1.3333,0,3,31.6,1.3,1.7419,1.0742,0.0,1,0.0,3.7742,1.5,0.0,0.0911,0,0.0
2,0.02,0.0,8.0,1.0,1,3,43.4,0.9,1.2,1.21,0.0,1,0.0083,0.9,1.5,0.02,0.0622,0,0.0
2,0.0,0.0,36.0,1.0,1,4,39.2,0.0,5.4,1.26,0.0,1,0.0092,0.0,1.5,0.0,0.0092,0,0.0
2,0.0,0.3214,11.5714,0.6667,0,4,39.8,2.2,1.7357,3.4329,0.0,0,0.009,2.8286,1.5,0.0,0.1131,0,0.25
2,0.0,0.0,22.5,0.6667,0,3,41.6,0.4,3.375,4.35,0.0,1,0.0087,3.0,1.5,0.0,0.1082,0,0.0
2,0.06,0.08,15.0,2.0,0,3,90.0,5.7,2.25,1.46,0.0,2,0.06,5.7,1.5,0.06,0.08,0,0.08
2,0.09,0.0,14.1429,0.5,1,3,80.0,4.5,2.1214,2.8286,0.0,-1,0.0731,5.7857,1.5,0.07,0.045,0,0.0
2,0.0,0.0,23.0,2.0,0,3,83.3333,1.8,3.45,1.2,0.0,5,0.0468,1.8,1.5,0.0,0.0288,0,0.0
2,0.19,0.01,12.0,1.6667,0,3,85.0,3.6,1.8,2.13,0.0,1,0.0847,3.6,1.5,0.19,0.0238,0,0.01
2,0.06,0.01,11.0,2.3333,1,3,86.0,2.7,1.65,2.55,0.0,1,0.0795,2.7,1.5,0.06,0.0209,0,0.01
2,0.0,0.0,12.0,1.3333,0,3,86.0,2.3,1.8,2.17,0.0,2,0.067,2.3,1.5,0.0,0.0042,1,0.0
2,0.0,0.0,10.0,1.6667,1,2,90.0,2.9,1.5,0.87,0.0,2,0.05,2.9,1.5,0.0,0.004,0,0.0
2,0.0,0.01,15.0,1.6667,1,4,90.0,4.0,2.25,1.65,0.0,1,0.05,4.0,1.5,0.0,0.006,0,0.01
2,0.3,0.07,21.0,1.6667,0,4,90.0,11.1,3.15,0.61,0.0,2,0.072,11.1,1.5,0.3,0.018,0,0.07
2,0.0,0.0,17.0,1.3333,1,4,90.0,2.4,2.55,2.17,0.0,1,0.06,2.4,1.5,0.0,0.016,0,0.0
2,0.0,0.16,10.0,1.0,0,3,90.0,2.5,1.5,1.06,0.0,0,0.06,2.5,1.5,0.0,0.048,0,0.16
2,0.0,0.0,8.0,0.6667,1,2,90.0,1.0,1.2,0.7,0.0,1,0.06,1.0,1.5,0.0,0.048,0,0.0
2,0.0,0.0,15.0,0.6667,0,3,90.0,1.5,2.25,2.89,0.0,1,0.06,1.5,1.5,0.0,0.046,0,0.0
2,0.0,0.0,27.0,3.3333,1,2,90.0,2.3,4.05,0.83,0.0,8,0.0,2.3,1.5,0.0,0.032,0,0.0
2,0.13,0.03,15.0,3.6667,1,4,90.0,4.3,2.25,0.79,0.0,2,0.026,4.3,1.5,0.13,0.038,0,0.03
2,0.07,0.0,10.0,3.6667,0,4,90.0,2.4,1.5,1.14,0.0,1,0.04,2.4,1.5,0.07,0.006,0,0.0
2,0.0783,0.0,23.4783,3.3333,1,3,85.8,2.7,3.5217,1.6957,0.0,7,0.0545,3.5217,1.5,0.06,0.0063,0,0.0
2,0.34,0.0,46.0,7.3333,1,3,85.8,7.7,6.9,0.46,0.0,14,0.1259,7.7,1.5,0.34,0.0063,0,0.0
2,0.08,0.0,19.0,8.6667,0,4,85.8,2.0,2.85,1.25,0.0,5,0.1427,2.0,1.5,0.08,0.0063,0,0.0
2,0.19,0.01,21.0,7.0,1,2,85.8,9.2,3.15,2.74,0.0,2,0.1552,9.2,1.5,0.19,0.0021,0,0.01
2,0.0,0.0,10.0,2.6667,0,2,85.8,2.7,1.5,1.88,0.0,1,0.1406,2.7,1.5,0.0,0.0021,1,0.0
2,0.0,0.02,12.0,1.3333,1,3,90.0,2.5,1.8,1.94,0.0,1,0.122,2.5,1.5,0.0,0.006,1,0.02
2,0.0,0.02,14.0,1.3333,0,4,90.0,4.8,2.1,1.71,0.0,2,0.054,4.8,1.5,0.0,0.01,0,0.02
2,0.0,0.0,31.0,3.3333,1,2,90.0,4.3,4.65,0.58,0.0,7,0.038,4.3,1.5,0.0,0.01,0,0.0
2,0.03,0.0,18.0,3.3333,0,3,90.0,3.5,2.7,2.19,0.0,1,0.006,3.5,1.5,0.03,0.008,0,0.0
4,2.2846,0.0692,41.5385,1.0,0,3,13.0,7.9,0.0,2.0077,0.0,1,2.2846,54.6923,1.5,0.33,0.0692,0,0.01
4,0.75,0.0,5.0,1.0,1,3,33.5,4.5,0.0,3.25,0.0,1,1.0478,7.5,1.5,0.45,0.0134,0,0.0
4,0.3699,0.0123,2.4658,1.3333,0,4,46.6667,1.7,0.0,1.4055,0.0,2,0.6943,2.0959,1.5,0.3,0.0129,0,0.01
4,0.0493,0.0863,1.2329,1.6667,0,2,53.25,2.4,0.0,1.6151,0.0,2,0.4732,2.9589,1.5,0.04,0.038,0,0.07
4,0.0,0.0,6.2069,1.6667,1,3,48.4,0.4,0.0,2.7621,0.0,1,0.4165,1.2414,1.5,0.0,0.0335,1,0.0
4,0.0,0.0,-22.5,1.0,1,3,46.6,0.0,0.0,1.575,0.0,0,0.3052,0.0,1.5,0.0,0.0309,0,0.0
4,0.0,0.0,22.5,0.6667,1,3,36.6,0.0,0.0,14.4,0.0,1,0.1672,0.0,1.5,0.0,0.0393,0,0.0
4,0.0,0.0,-70.0,0.3333,0,4,23.8,0.0,0.0,9.1,0.0,0,0.0303,0.0,1.5,0.0,0.0529,0,0.0
2,0.0,0.22,16.0,0.0,0,2,90.0,6.1,2.4,4.1,0.0,0,0.0,6.1,1.5,0.0,0.22,0,0.22
2,0.06,0.04,10.0,0.5,0,2,90.0,4.8,1.5,2.09,0.0,1,0.03,4.8,1.5,0.06,0.13,0,0.04
2,0.0,0.0771,15.4286,1.0,1,4,83.3333,3.7,2.3143,1.1057,0.0,2,0.0216,4.7571,1.5,0.0,0.1152,0,0.06
2,0.0,0.15,20.0,1.3333,1,2,67.0,0.4,3.0,0.0,0.0,1,0.0201,2.0,1.5,0.0,0.1175,0,0.03
2,0.0,0.0,24.5455,1.3333,0,3,55.8,0.0,3.6818,2.2909,0.0,1,0.0194,0.0,1.5,0.0,0.1129,0,0.0
2,0.0,0.0,67.5,1.0,0,3,38.6,0.1,10.125,2.475,0.0,1,0.028,2.25,1.5,0.0,0.0606,0,0.0
2,0.0,1.0929,25.7143,1.0,0,2,23.4,1.0,3.8571,10.9929,0.0,1,0.0,6.4286,1.5,0.0,0.2,0,0.17
2,0.0,0.0,135.0,1.0,1,2,9.8,0.1,20.25,4.05,0.0,1,0.0,4.5,1.5,0.0,0.3673,0,0.0
2,0.0,0.0108,8.6747,1.0,1,2,22.8,1.5,1.3012,1.7349,0.0,1,0.0,1.6265,1.5,0.0,0.1421,1,0.01
2,0.12,0.0,6.0,1.0,1,3,29.6,2.6,0.9,1.48,0.0,1,0.0365,5.2,1.5,0.06,0.1095,0,0.0
2,0.0,0.038,19.0141,1.0,0,2,43.0,2.8,2.8521,3.1183,0.0,1,0.0251,3.5493,1.5,0.0,0.0879,0,0.03
3,1.1333,1.1667,6.6667,1.0,0,2,27.0,2.8,0.6667,2.4,0.0,1,1.1333,9.3333,1.5,0.34,1.1667,1,0.35
3,0.1286,1.2857,48.8571,3.0,1,3,31.0,6.7,4.8857,0.8486,0.0,5,0.5661,17.2286,1.5,0.05,1.2339,0,0.5
3,0.0,0.0,6.0,2.3333,0,3,35.6667,0.3,0.6,1.24,0.0,1,0.328,0.6,1.5,0.0,0.715,0,0.0
3,0.18,0.03,75.0,4.0,0,3,34.25,5.9,7.5,2.91,0.0,6,0.2956,17.7,1.5,0.06,0.565,0,0.01
3,0.1678,0.0153,28.9831,4.3333,1,3,39.2,5.4,2.8983,2.5169,0.0,6,0.2571,8.2373,1.5,0.11,0.3995,0,0.01
3,0.0,0.02,4.0,4.3333,0,2,42.8,0.9,0.4,1.06,0.0,1,0.0925,1.8,1.5,0.0,0.2229,1,0.01
3,0.4659,0.0106,27.5294,5.0,1,3,52.8,6.2,2.7529,0.8471,0.0,8,0.208,6.5647,1.5,0.44,0.0136,0,0.01
3,0.2435,0.1059,32.8235,6.3333,1,3,60.8,10.2,3.2824,1.0694,0.0,10,0.2487,10.8,1.5,0.23,0.0414,0,0.1
3,0.5,0.55,15.0,7.3333,0,3,72.8,7.7,1.5,0.61,0.0,4,0.3165,7.7,1.5,0.5,0.1681,1,0.55
3,0.43,0.1,19.0,7.0,1,2,79.0,9.0,1.9,2.17,0.0,7,0.3646,9.0,1.5,0.43,0.1754,0,0.1
3,0.26,0.07,20.0,5.3333,0,2,88.0,8.4,2.0,1.06,0.0,5,0.3805,8.4,1.5,0.26,0.1698,0,0.07
3,0.26,0.04,-6.0,4.6667,1,3,89.0,1.4,-0.6,0.7,0.0,2,0.3398,1.4,1.5,0.26,0.1739,0,0.04
3,0.94,0.01,22.0,4.6667,0,2,90.0,5.7,2.2,2.84,0.0,7,0.478,5.7,1.5,0.94,0.154,0,0.01
3,0.1,0.01,2.0,3.3333,0,3,90.0,2.7,0.2,2.89,0.0,1,0.398,2.7,1.5,0.1,0.046,1,0.01
3,0.29,0.01,27.0,6.0,1,4,90.0,8.1,2.7,0.83,0.0,10,0.37,8.1,1.5,0.29,0.028,1,0.01
3,0.04,0.01,5.0,4.3333,1,2,90.0,1.8,0.5,0.79,0.0,2,0.326,1.8,1.5,0.04,0.016,0,0.01
3,0.12,0.08,1.0,4.6667,0,2,90.0,2.5,0.1,1.14,0.0,2,0.298,2.5,1.5,0.12,0.024,0,0.08
3,0.15,0.0,-2.0,2.0,1,3,90.0,3.3,-0.2,2.05,0.0,2,0.14,3.3,1.5,0.15,0.022,0,0.0
3,2.64,0.02,78.0,6.0,0,4,81.0,12.5,7.8,2.64,0.0,14,0.4267,25.0,1.5,1.32,0.0244,0,0.01
3,0.24,0.43,11.0,7.3333,1,3,81.0,8.2,1.1,0.46,0.0,6,0.4156,8.2,1.5,0.24,0.1178,1,0.43
3,0.3103,0.0621,4.1379,7.3333,0,2,80.4,2.8,0.4138,1.0759,0.0,2,0.4769,2.8966,1.5,0.3,0.1299,1,0.06
3,0.0,0.0635,3.1765,3.6667,1,3,79.4,1.2,0.3176,0.5082,0.0,3,0.4557,1.2706,1.5,0.0,0.127,1,0.06
3,0.4065,0.0,5.8065,2.0,0,2,67.6,0.8,0.5806,1.0742,0.0,1,0.5325,2.3226,1.5,0.14,0.1491,0,0.0
3,0.0,0.018,-1.8,1.3333,1,4,68.6,1.7,-0.18,0.972,0.0,0,0.1784,3.06,1.5,0.0,0.1469,0,0.01
3,0.16,0.33,5.0,1.0,1,2,68.6,4.7,0.5,1.88,0.0,2,0.1574,4.7,1.5,0.16,0.1207,0,0.33
3,0.23,0.04,14.0,2.6667,1,2,69.2,9.5,1.4,0.59,0.0,6,0.1379,9.5,1.5,0.23,0.1145,0,0.04
3,0.157,0.0105,21.9767,5.0,0,2,69.4,5.7,2.1977,3.443,0.0,7,0.1764,5.9651,1.5,0.15,0.1012,0,0.01
3,0.58,0.01,-3.0,5.0,1,3,81.2,1.7,-0.3,2.7,0.0,2,0.2483,1.7,1.5,0.58,0.0887,0,0.01
3,0.1328,0.0148,13.2787,3.6667,0,4,83.4,2.6,1.3279,6.6098,0.0,2,0.2612,3.8361,1.5,0.09,0.0863,1,0.01
4,0.1105,0.0316,-4.7368,1.0,0,2,57.0,0.6,0.0,3.3632,0.0,1,0.1105,0.9474,1.5,0.07,0.0316,1,0.02
4,0.0529,0.1059,5.2941,1.5,1,2,71.0,3.3,0.0,2.6894,0.0,2,0.0761,3.4941,1.5,0.05,0.0761,0,0.1
4,0.19,0.01,7.0,1.3333,0,4,77.3333,2.8,0.0,3.25,0.0,1,0.1203,2.8,1.5,0.19,0.0504,0,0.01
4,0.2138,0.1463,14.625,1.6667,0,3,78.0,7.2,0.0,2.3288,0.0,2,0.1442,8.1,1.5,0.19,0.075,0,0.13
4,0.1033,0.0295,5.9016,1.6667,1,3,74.6,0.8,0.0,1.2689,0.0,2,0.1375,1.1803,1.5,0.07,0.0676,0,0.02
4,0.1385,0.0115,5.7692,2.0,0,3,78.8,3.9,0.0,0.2654,0.0,2,0.1416,4.5,1.5,0.12,0.0617,0,0.01
4,0.0519,0.0173,3.4615,1.6667,1,2,72.2,1.1,0.0,2.025,0.0,1,0.1496,1.9038,1.5,0.03,0.0449,0,0.01
4,0.9,0.02,-2.0,1.3333,0,2,63.2,3.3,0.0,1.36,0.0,1,0.2449,6.6,1.5,0.45,0.0513,1,0.01
4,0.0,0.1421,0.0,1.0,0,3,58.6,0.4,0.0,0.9632,0.0,1,0.2058,0.6316,1.5,0.0,0.043,0,0.09
4,0.0,0.0,180.0,0.6667,1,2,46.6,0.1,0.0,11.7,0.0,0,0.2318,9.0,1.5,0.0,0.0464,0,0.0
4,0.7397,0.0,35.7534,3.0,0,3,45.6,9.3,0.0,2.6137,0.0,8,0.4263,11.4658,1.5,0.6,0.0434,0,0.0
4,0.132,0.0,2.4,3.3333,1,3,50.2,1.5,0.0,1.512,0.0,2,0.4159,1.8,1.5,0.11,0.0359,0,0.0
4,0.04,0.01,8.0,4.0,0,2,59.2,1.7,0.0,2.22,0.0,2,0.228,1.7,1.5,0.04,0.0304,1,0.01
4,1.6615,0.0115,58.8462,5.6667,1,3,63.4,14.9,0.0,0.2538,0.0,13,0.6218,17.1923,1.5,1.44,0.0057,0,0.01
4,0.1141,0.3042,49.4366,8.0,1,3,77.4,9.2,0.0,1.3056,0.0,9,0.5302,11.662,1.5,0.09,0.0605,0,0.24
4,0.1286,0.0429,-38.5714,6.6667,0,3,67.0,0.6,0.0,33.5143,0.0,-2,0.4594,2.5714,1.5,0.03,0.0725,0,0.01
4,0.5,0.02,22.0,4.6667,1,3,70.0,9.8,0.0,1.64,0.0,7,0.54,9.8,1.5,0.5,0.0746,0,0.02
4,0.28,0.0,1.0,2.3333,0,3,70.0,4.8,0.0,2.19,0.0,2,0.6017,4.8,1.5,0.28,0.072,1,0.0
4,0.76,0.02,-2.0,3.3333,1,3,63.4,1.2,0.0,1.46,0.0,1,0.3634,2.4,1.5,0.38,0.0795,0,0.01
4,0.0,0.5538,0.0,1.3333,1,2,54.4,1.7,0.0,6.4038,0.0,1,0.3937,5.8846,1.5,0.0,0.0662,0,0.16
4,0.0,0.18,54.0,1.0,0,4,51.2,0.3,0.0,0.0,0.0,1,0.4078,5.4,1.5,0.0,0.0703,0,0.01
4,0.9,0.0,22.5,1.0,1,3,34.0,1.3,0.0,12.375,0.0,1,0.3706,29.25,1.5,0.04,0.0953,0,0.0
4,1.4538,0.0,-10.3846,1.0,0,2,21.2,0.9,0.0,0.0692,0.0,1,0.7132,3.1154,1.5,0.42,0.1528,1,0.0
4,0.27,0.09,60.0,5.0,0,3,30.2,14.4,0.0,2.11,0.0,13,0.4351,14.4,1.5,0.27,0.155,0,0.09
3,0.0103,0.031,20.6897,2.0,0,2,87.0,5.1,2.069,1.5103,0.0,2,0.0103,5.2759,1.5,0.01,0.031,0,0.03
3,0.0833,0.0667,6.6667,1.5,1,3,70.5,1.3,0.6667,3.25,0.0,1,0.0383,2.1667,1.5,0.05,0.0447,0,0.04
3,0.05,0.01,9.0,1.6667,0,2,77.0,1.7,0.9,1.2,0.0,2,0.0429,1.7,1.5,0.05,0.0312,0,0.01
3,0.0338,0.0112,10.125,1.3333,0,4,77.75,0.7,1.0125,2.1263,0.0,1,0.0405,0.7875,1.5,0.03,0.026,0,0.01
3,0.01,0.01,20.0,1.6667,1,3,80.2,4.5,2.0,2.55,0.0,2,0.0337,4.5,1.5,0.01,0.0224,1,0.01
3,0.0,0.0,6.0674,2.3333,0,4,80.6,0.0,0.6067,1.9112,0.0,4,0.0313,0.0,1.5,0.0,0.0156,0,0.0
3,0.0,0.0136,6.8182,2.6667,1,3,83.0,0.7,0.6818,0.9818,0.0,2,0.0195,0.9545,1.5,0.0,0.0087,0,0.01
3,0.0265,0.0,3.9706,2.6667,1,3,78.6,0.6,0.3971,1.3368,0.0,2,0.0137,0.7941,1.5,0.02,0.0069,1,0.0
3,0.0,0.04,4.0,1.6667,0,2,71.6,1.1,0.4,1.06,0.0,1,0.0075,2.2,1.5,0.0,0.0101,0,0.02
3,0.0,0.0,135.0,1.3333,1,3,54.4,0.3,13.5,2.025,0.0,1,0.0066,6.75,1.5,0.0,0.0099,0,0.0
3,0.1047,0.1047,17.7907,1.0,1,4,53.8,3.3,1.7791,0.5233,0.0,1,0.0401,3.4535,1.5,0.1,0.0435,0,0.1
3,0.0,0.14,2.0,1.0,0,3,58.6,3.8,0.2,2.84,0.0,1,0.0369,3.8,1.5,0.0,0.0799,0,0.14
3,0.0,0.01,9.0,1.6667,1,3,63.0,0.6,0.9,0.83,0.0,3,0.0286,0.6,1.5,0.0,0.0771,0,0.01
3,0.0,0.03,11.0,2.0,1,3,72.0,2.2,1.1,0.79,0.0,2,0.025,2.2,1.5,0.0,0.07,0,0.03
3,0.0,0.08,18.0,2.3333,0,2,89.2,3.4,1.8,1.14,0.0,2,0.0202,3.4,1.5,0.0,0.0726,0,0.08
3,0.08,0.19,16.0,2.0,1,4,90.0,5.2,1.6,2.05,0.0,2,0.016,5.2,1.5,0.08,0.09,0,0.19
3,0.11,0.17,10.0,2.0,0,3,90.0,3.8,1.0,2.16,0.0,2,0.038,3.8,1.5,0.11,0.096,0,0.17
3,0.0857,0.0214,10.7143,2.3333,1,2,88.8,3.9,1.0714,0.4286,0.0,3,0.0547,4.1786,1.5,0.08,0.0993,0,0.02
3,0.0,0.1125,33.75,2.0,1,3,72.4,0.6,3.375,10.6875,0.0,1,0.0671,6.75,1.5,0.0,0.1169,0,0.01
3,0.0,0.0101,21.236,3.0,0,2,72.2,4.4,2.1236,1.6888,0.0,5,0.0673,4.4494,1.5,0.0,0.0997,0,0.01
3,0.0,0.0435,15.9677,2.6667,1,3,66.6,1.6,1.5968,2.3806,0.0,2,0.0514,2.3226,1.5,0.0,0.0649,1,0.03
3,0.47,0.05,40.0,7.0,0,3,66.6,12.0,4.0,1.71,0.0,14,0.1486,12.0,1.5,0.47,0.0324,0,0.05
3,0.12,0.03,9.0,6.3333,1,4,67.8,5.9,0.9,0.58,0.0,3,0.1566,5.9,1.5,0.12,0.0345,0,0.03
3,0.0,0.21,12.0,6.3333,1,4,84.2,5.8,1.2,2.7,0.0,2,0.1261,5.8,1.5,0.0,0.0705,0,0.21
3,0.0,0.0108,17.3494,2.3333,0,4,83.0,2.1,1.7349,1.0518,0.0,2,0.128,2.2771,1.5,0.0,0.0716,0,0.01
3,0.23,0.01,13.0,1.6667,0,3,88.6,2.4,1.3,0.98,0.0,1,0.1666,2.4,1.5,0.23,0.063,1,0.01
3,0.04,0.28,9.0,1.3333,1,2,88.6,5.9,0.9,1.13,0.0,1,0.0792,5.9,1.5,0.04,0.1097,0,0.28
3,0.1241,0.0155,1.5517,0.6667,0,3,82.2,1.2,0.1552,2.3741,0.0,0,0.0766,1.8621,1.5,0.08,0.1139,0,0.01
3,0.06,0.01,8.0,1.0,1,2,82.2,2.7,0.8,1.21,0.0,2,0.0898,2.7,1.5,0.06,0.0701,0,0.01
3,0.0,0.0286,17.1429,1.3333,1,2,78.2,4.8,1.7143,2.6857,0.0,2,0.0944,6.8571,1.5,0.0,0.076,0,0.02
3,0.04,0.12,8.0,1.6667,1,3,78.2,2.8,0.8,0.59,0.0,1,0.0506,2.8,1.5,0.04,0.1013,1,0.12
3,0.0,0.01,9.0,1.3333,0,2,78.2,1.2,0.9,3.57,0.0,1,0.0414,1.2,1.5,0.0,0.0391,0,0.01
3,0.11,0.07,7.0,1.3333,1,2,84.6,7.1,0.7,2.7,0.0,2,0.0447,7.1,1.5,0.11,0.0489,1,0.07
3,0.13,0.01,3.0,1.6667,0,3,84.6,3.2,0.3,5.24,0.0,2,0.0596,3.2,1.5,0.13,0.0489,0,0.01
2,0.0,0.0,67.5,1.0,1,4,4.0,0.5,10.125,1.575,0.0,1,0.0,11.25,1.5,0.0,0.0,0,0.0
4,0.0,0.0,180.0,1.0,0,4,2.0,1.6,0.0,0.0,0.0,1,0.0,72.0,1.5,0.0,0.0,0,0.0
4,4.68,0.18,522.0,3.5,0,4,3.5,6.9,0.0,1.08,0.0,6,3.3429,124.2,1.5,0.26,0.1286,0,0.01
4,0.0,0.0,40.0,2.6667,0,3,5.3333,0.3,0.0,2.4,0.0,1,1.4625,3.0,1.5,0.0,0.0562,0,0.0
4,0.7714,1.2857,45.0,2.6667,1,2,7.5,1.6,0.0,4.1143,0.0,1,1.14,10.2857,1.5,0.12,0.63,0,0.2
4,5.175,0.1125,348.75,3.3333,0,4,7.6,5.4,0.0,0.45,0.0,8,1.9895,60.75,1.5,0.46,0.5211,0,0.01
4,0.0,0.0,27.6923,3.3333,1,3,9.8,0.5,0.0,1.5231,0.0,1,1.5429,3.4615,1.5,0.0,0.4041,0,0.0
4,0.0,0.045,12.0,3.6667,0,2,20.8,2.1,0.0,0.165,0.0,2,0.5019,3.15,1.5,0.0,0.2077,0,0.03
4,0.7941,0.0,-37.0588,1.3333,1,2,22.4,0.5,0.0,1.0588,0.0,1,0.5866,2.6471,1.5,0.15,0.1929,0,0.0
4,0.0643,0.0321,12.8571,1.3333,0,2,25.2,1.8,0.0,3.4071,0.0,1,0.45,5.7857,1.5,0.02,0.0357,0,0.01
4,0.0,0.0,90.0,1.0,0,4,23.8,0.0,0.0,0.0,0.0,1,0.1286,0.0,1.5,0.0,0.0303,0,0.0
4,0.0,0.0,270.0,1.0,1,3,21.4,0.0,0.0,0.0,0.0,1,0.143,0.0,1.5,0.0,0.0336,0,0.0
2,0.03,0.03,11.0,2.0,0,3,90.0,6.6,1.65,1.46,0.0,2,0.03,6.6,1.5,0.03,0.03,0,0.03
2,0.0,0.01,11.0,0.5,1,2,90.0,2.3,1.65,2.27,0.0,-1,0.015,2.3,1.5,0.0,0.02,0,0.01
2,0.0,0.15,30.0,3.0,0,3,90.0,3.7,4.5,1.2,0.0,8,0.01,3.7,1.5,0.0,0.0633,0,0.15
2,0.0,0.01,13.0,2.6667,0,3,90.0,1.7,1.95,2.13,0.0,1,0.0075,1.7,1.5,0.0,0.05,0,0.01
2,0.03,0.0,12.0,3.3333,1,4,90.0,1.5,1.8,2.55,0.0,1,0.012,1.5,1.5,0.03,0.04,0,0.0
2,0.39,0.0,12.0,1.3333,0,2,90.0,6.3,1.8,2.17,0.0,2,0.084,6.3,1.5,0.39,0.034,0,0.0
2,0.0,0.01,13.0,1.6667,1,2,90.0,1.9,1.95,0.87,0.0,2,0.084,1.9,1.5,0.0,0.034,1,0.01
2,0.0,0.01,17.0,2.0,1,3,90.0,3.3,2.55,1.65,0.0,2,0.084,3.3,1.5,0.0,0.006,0,0.01
2,0.0,0.05,14.0,1.6667,0,3,90.0,4.7,2.1,0.61,0.0,1,0.084,4.7,1.5,0.0,0.014,0,0.05
2,0.0,0.0,23.0,1.3333,1,3,90.0,2.9,3.45,2.17,0.0,1,0.078,2.9,1.5,0.0,0.014,0,0.0
2,0.0,0.01,13.0,1.0,0,4,90.0,3.1,1.95,1.06,0.0,1,0.0,3.1,1.5,0.0,0.016,1,0.01
2,0.0,0.02,12.0,1.3333,1,3,90.0,1.3,1.8,0.7,0.0,2,0.0,1.3,1.5,0.0,0.018,0,0.02
2,0.01,0.01,11.0,1.3333,0,2,90.0,3.9,1.65,2.84,0.0,1,0.002,3.9,1.5,0.01,0.018,0,0.01
2,0.0,0.01,12.0,1.3333,0,3,90.0,1.3,1.8,2.89,0.0,1,0.002,1.3,1.5,0.0,0.01,0,0.01
2,0.0,0.01,20.0,2.3333,1,2,90.0,1.8,3.0,0.83,0.0,5,0.002,1.8,1.5,0.0,0.012,0,0.01
2,0.0,0.03,14.0,2.6667,1,3,90.0,3.5,2.1,0.79,0.0,2,0.002,3.5,1.5,0.0,0.016,1,0.03
2,0.0,0.01,15.0,2.6667,0,3,90.0,4.9,2.25,1.14,0.0,1,0.002,4.9,1.5,0.0,0.014,0,0.01
2,0.0,0.0,11.0,1.6667,1,3,90.0,2.6,1.65,2.05,0.0,2,0.0,2.6,1.5,0.0,0.012,0,0.0
2,0.0,0.08,10.0,1.3333,0,2,90.0,3.6,1.5,2.16,0.0,1,0.0,3.6,1.5,0.0,0.026,0,0.08
2,0.3,0.02,39.0,5.3333,1,3,90.0,8.2,5.85,0.46,0.0,13,0.06,8.2,1.5,0.3,0.028,1,0.02
2,0.0,0.0,21.0,6.3333,0,3,90.0,2.3,3.15,1.25,0.0,5,0.06,2.3,1.5,0.0,0.022,0,0.0
2,0.69,0.02,29.0,8.0,1,3,90.0,10.4,4.35,2.74,0.0,6,0.198,10.4,1.5,0.69,0.024,0,0.02
2,0.0,0.0,11.0,4.0,0,3,90.0,1.7,1.65,1.88,0.0,1,0.198,1.7,1.5,0.0,0.024,1,0.0
2,0.15,0.33,11.0,2.6667,1,3,90.0,4.1,1.65,1.94,0.0,1,0.228,4.1,1.5,0.15,0.074,1,0.33
2,0.0,0.01,12.0,1.3333,0,4,90.0,1.8,1.8,1.71,0.0,2,0.168,1.8,1.5,0.0,0.072,0,0.01
2,0.0,0.02,27.0,3.0,1,4,90.0,2.5,4.05,0.58,0.0,6,0.168,2.5,1.5,0.0,0.076,0,0.02
2,0.04,0.01,14.0,3.0,0,2,90.0,1.1,2.1,2.19,0.0,1,0.038,1.1,1.5,0.04,0.074,0,0.01
2,0.01,0.01,10.0,3.0,1,3,90.0,2.8,1.5,2.7,0.0,2,0.04,2.8,1.5,0.01,0.076,1,0.01
2,0.01,0.01,6.0,1.0,0,2,90.0,1.1,0.9,0.98,0.0,0,0.012,1.1,1.5,0.01,0.012,0,0.01
2,0.06,0.02,19.0,1.3333,0,3,90.0,5.9,2.85,0.98,0.0,2,0.024,5.9,1.5,0.06,0.014,0,0.02
2,0.0,0.06,11.0,1.0,1,3,90.0,2.4,1.65,1.13,0.0,1,0.024,2.4,1.5,0.0,0.022,1,0.06
2,0.02,0.0,16.0,1.3333,0,3,90.0,4.2,2.4,1.9,0.0,1,0.02,4.2,1.5,0.02,0.02,0,0.0
2,0.0,0.01,14.0,0.6667,1,3,90.0,3.7,2.1,1.21,0.0,0,0.018,3.7,1.5,0.0,0.02,1,0.01
2,0.0,0.13,16.0,1.0,1,2,90.0,4.6,2.4,1.88,0.0,2,0.016,4.6,1.5,0.0,0.044,0,0.13
2,0.0,0.01,17.0,1.3333,1,2,90.0,3.5,2.55,0.59,0.0,2,0.004,3.5,1.5,0.0,0.042,0,0.01
2,0.0,0.0,16.0,1.3333,0,3,90.0,2.0,2.4,3.57,0.0,0,0.004,2.0,1.5,0.0,0.03,0,0.0
2,0.04,0.01,14.0,1.0,1,4,90.0,2.6,2.1,2.7,0.0,1,0.008,2.6,1.5,0.04,0.032,1,0.01
2,0.0,0.0,15.0,0.6667,0,2,90.0,4.4,2.25,5.24,0.0,1,0.008,4.4,1.5,0.0,0.03,0,0.0
3,0.1,0.01,11.0,1.0,0,3,90.0,2.3,1.1,1.46,0.0,1,0.1,2.3,1.5,0.1,0.01,0,0.01
3,0.69,0.01,9.0,1.5,1,3,90.0,2.4,0.9,2.27,0.0,2,0.395,2.4,1.5,0.69,0.01,1,0.01
3,0.06,0.0,8.0,1.6667,0,4,90.0,1.7,0.8,1.2,0.0,2,0.2833,1.7,1.5,0.06,0.0067,0,0.0
3,0.0,0.04,24.0,2.0,0,2,90.0,5.3,2.4,2.13,0.0,2,0.2125,5.3,1.5,0.0,0.015,0,0.04
3,0.0468,0.0,16.3636,2.0,1,4,87.4,2.3,1.6364,2.1623,0.0,2,0.1833,2.6883,1.5,0.04,0.0124,0,0.0
3,0.1,0.0,9.0,1.6667,0,4,87.4,6.7,0.9,2.17,0.0,1,0.1833,6.7,1.5,0.1,0.0103,0,0.0
3,0.0,0.0,4.0,1.3333,1,3,87.4,0.8,0.4,0.87,0.0,1,0.0412,0.8,1.5,0.0,0.0082,0,0.0
3,0.02,0.01,5.0,0.3333,1,3,87.4,2.0,0.5,2.24,0.0,-1,0.033,2.0,1.5,0.02,0.0103,0,0.01
3,0.0741,0.0424,40.2353,3.0,1,2,86.4,7.8,4.0235,2.2024,0.0,9,0.0479,8.2588,1.5,0.07,0.0104,1,0.04
3,0.27,0.01,9.0,3.3333,0,3,89.0,4.7,0.9,1.06,0.0,2,0.093,4.7,1.5,0.27,0.0121,0,0.01
3,0.79,0.03,41.0,7.0,1,2,89.0,9.6,4.1,0.7,0.0,10,0.2326,9.6,1.5,0.79,0.0182,0,0.03
3,0.09,0.19,3.0,4.3333,0,3,89.0,4.9,0.3,2.84,0.0,1,0.2508,4.9,1.5,0.09,0.0566,0,0.19
3,0.31,0.0,4.0,4.3333,1,2,89.0,3.0,0.4,0.83,0.0,2,0.3094,3.0,1.5,0.31,0.0546,0,0.0
3,0.0,0.105,19.5,1.6667,1,3,84.0,1.2,1.95,0.465,0.0,2,0.3129,1.8,1.5,0.0,0.0643,0,0.07
3,0.0456,0.0228,14.8101,2.0,0,3,81.8,2.7,1.481,1.1962,0.0,2,0.2707,3.0759,1.5,0.04,0.0682,0,0.02
3,0.17,0.01,35.0,4.3333,1,3,81.8,8.3,3.5,2.05,0.0,9,0.1342,8.3,1.5,0.17,0.0638,0,0.01
3,0.28,0.04,37.0,6.6667,0,3,81.8,8.4,3.7,2.16,0.0,9,0.176,8.4,1.5,0.28,0.0308,0,0.04
3,0.07,0.01,8.0,7.0,0,2,81.8,4.9,0.8,1.25,0.0,3,0.1232,4.9,1.5,0.07,0.033,0,0.01
3,0.06,0.03,14.0,4.6667,1,3,87.8,6.3,1.4,2.74,0.0,2,0.1271,6.3,1.5,0.06,0.0226,1,0.03
3,0.0,0.01,16.0,2.3333,0,3,90.0,2.6,1.6,1.88,0.0,2,0.116,2.6,1.5,0.0,0.02,0,0.01
3,0.26,0.03,10.0,1.6667,1,2,90.0,2.5,1.0,1.94,0.0,1,0.134,2.5,1.5,0.26,0.024,0,0.03
3,0.02,0.01,12.0,1.6667,0,3,90.0,3.6,1.2,1.71,0.0,2,0.082,3.6,1.5,0.02,0.018,0,0.01
3,0.4,0.06,16.0,2.0,1,2,90.0,5.8,1.6,0.58,0.0,3,0.148,5.8,1.5,0.4,0.028,0,0.06
3,0.0,0.0112,13.5,2.3333,0,4,88.0,2.8,1.35,2.25,0.0,2,0.1391,3.15,1.5,0.0,0.0245,0,0.01
3,0.21,0.08,10.0,2.3333,1,4,88.0,2.7,1.0,2.7,0.0,2,0.182,2.7,1.5,0.21,0.0389,0,0.08
3,0.24,0.01,8.0,2.0,0,3,88.0,5.4,0.8,0.98,0.0,2,0.178,5.4,1.5,0.24,0.0348,1,0.01
3,0.03,0.01,11.0,2.0,0,3,88.0,1.1,1.1,0.98,0.0,2,0.18,1.1,1.5,0.03,0.0348,0,0.01
3,0.0486,0.0243,17.027,2.0,1,3,84.8,3.9,1.7027,1.2527,0.0,2,0.1104,4.7432,1.5,0.04,0.0276,0,0.02
3,0.0,0.01,12.0,1.6667,0,3,86.8,2.2,1.2,1.9,0.0,1,0.1078,2.2,1.5,0.0,0.027,0,0.01
3,0.0462,0.0231,4.6154,1.3333,1,3,76.6,2.8,0.4615,1.5692,0.0,1,0.0775,6.4615,1.5,0.02,0.0141,0,0.01
3,0.05,0.09,16.0,1.3333,1,3,76.6,8.4,1.6,1.88,0.0,2,0.0329,8.4,1.5,0.05,0.0329,0,0.09
3,0.06,0.38,28.0,3.6667,1,3,76.6,6.6,2.8,0.59,0.0,8,0.0399,6.6,1.5,0.06,0.1198,0,0.38
3,0.0,0.0,8.0,3.3333,0,3,70.8,0.3,0.8,4.24,0.0,0,0.0331,0.6,1.5,0.0,0.1246,0,0.0
3,0.11,0.01,11.0,3.3333,1,3,70.8,4.5,1.1,2.7,0.0,2,0.061,4.5,1.5,0.11,0.1246,0,0.01
3,0.0,0.0,9.0,1.3333,0,3,81.0,2.2,0.9,5.24,0.0,2,0.0489,2.2,1.5,0.0,0.1067,1,0.0
3,0.0,0.08,10.0,2.0,0,3,90.0,5.2,1.0,1.46,0.0,2,0.0,5.2,1.5,0.0,0.08,1,0.08
3,0.05,0.17,5.0,0.5,1,3,90.0,3.5,0.5,2.27,0.0,-1,0.025,3.5,1.5,0.05,0.125,0,0.17
3,0.0,0.0391,7.8261,0.6667,0,3,67.6667,0.5,0.7826,0.0783,0.0,1,0.0222,1.9565,1.5,0.0,0.1153,0,0.01
3,0.0,0.12,25.0,2.0,1,3,73.25,6.1,2.5,1.03,0.0,6,0.0154,6.1,1.5,0.0,0.1167,0,0.12
3,0.0,0.1,6.0,2.6667,0,2,67.6,1.0,0.6,0.16,0.0,1,0.0133,2.0,1.5,0.0,0.1145,0,0.05
3,0.0,0.0,32.7273,2.6667,0,3,54.0,0.7,3.2727,0.2455,0.0,1,0.0167,2.8636,1.5,0.0,0.1167,0,0.0
3,0.0,0.0474,0.0,1.0,1,3,39.8,0.2,0.0,2.1316,0.0,1,0.0,0.9474,1.5,0.0,0.0859,0,0.01
3,0.0,0.0409,8.1818,1.0,0,3,39.6,0.9,0.8182,2.6591,0.0,1,0.0,3.6818,1.5,0.0,0.0864,1,0.01
3,0.0,0.0,38.5714,1.0,0,3,23.0,0.7,3.8571,0.3857,0.0,1,0.0,9.0,1.5,0.0,0.0548,1,0.0
3,0.3234,0.0562,5.625,1.3333,0,2,26.8,3.2,0.5625,1.0406,0.0,2,0.1545,4.5,1.5,0.23,0.0403,0,0.04
3,0.13,0.82,25.0,3.0,1,2,40.4,11.2,2.5,1.44,0.0,6,0.1604,11.2,1.5,0.13,0.3921,0,0.82
3,0.0,0.0804,9.6429,3.0,1,4,47.8,2.9,0.9643,0.4661,0.0,1,0.1356,4.6607,1.5,0.0,0.3464,0,0.05
3,0.0,0.2177,11.6129,3.3333,0,3,55.8,4.5,1.1613,0.7113,0.0,3,0.1161,6.5323,1.5,0.0,0.3419,0,0.15
3,0.24,0.0,12.0,1.6667,1,2,57.4,0.3,1.2,0.24,0.0,1,0.1254,1.8,1.5,0.04,0.3324,0,0.0
3,0.2812,0.0,16.875,1.6667,0,2,47.8,1.7,1.6875,3.0375,0.0,1,0.0828,9.5625,1.5,0.05,0.3841,0,0.0
3,0.39,0.16,5.0,1.3333,1,3,47.8,7.9,0.5,0.49,0.0,2,0.1808,7.9,1.5,0.39,0.1356,0,0.16
3,0.0,0.05,15.0,1.3333,0,3,40.2,0.7,1.5,1.55,0.0,1,0.2149,3.5,1.5,0.0,0.1433,0,0.01
3,0.0,0.0,90.0,1.3333,0,3,28.0,0.0,9.0,0.0,0.0,1,0.3086,0.0,1.5,0.0,0.1093,0,0.0
3,0.0,0.2455,24.5455,1.0,1,4,27.2,0.4,2.4545,0.0,0.0,1,0.2912,3.2727,1.5,0.0,0.1324,1,0.03
3,0.79,0.35,19.0,1.0,0,3,90.0,13.2,1.9,1.46,0.0,1,0.79,13.2,1.5,0.79,0.35,0,0.35
3,0.14,0.04,7.0,1.5,1,2,90.0,5.6,0.7,2.27,0.0,2,0.465,5.6,1.5,0.14,0.195,0,0.04
3,0.04,0.45,29.0,3.3333,0,2,90.0,9.5,2.9,1.2,0.0,7,0.3233,9.5,1.5,0.04,0.28,1,0.45
3,0.14,0.53,43.0,6.3333,0,3,90.0,13.5,4.3,2.13,0.0,10,0.2775,13.5,1.5,0.14,0.3425,0,0.53
3,0.03,0.73,22.0,7.3333,1,3,90.0,10.5,2.2,2.55,0.0,5,0.228,10.5,1.5,0.03,0.42,0,0.73
3,0.14,0.08,24.0,8.0,0,4,90.0,7.6,2.4,2.17,0.0,9,0.098,7.6,1.5,0.14,0.366,0,0.08
3,0.0,0.0,9.0,6.0,1,3,90.0,0.2,0.9,0.87,0.0,4,0.07,0.2,1.5,0.0,0.358,0,0.0
3,0.45,0.08,17.0,6.0,1,3,90.0,5.5,1.7,1.65,0.0,5,0.152,5.5,1.5,0.45,0.284,0,0.08
3,0.27,0.27,18.0,4.3333,0,3,90.0,11.3,1.8,0.61,0.0,4,0.178,11.3,1.5,0.27,0.232,0,0.27
3,0.1303,0.0947,21.3158,4.6667,1,3,87.2,7.2,2.1316,2.3092,0.0,5,0.2002,8.5263,1.5,0.11,0.1053,0,0.08
3,0.63,0.0,-9.0,3.3333,1,3,71.2,0.5,-0.9,0.54,0.0,1,0.2275,4.5,1.5,0.07,0.1087,0,0.0
3,0.0724,0.1241,11.3793,3.0,0,2,70.6,4.5,1.1379,1.2931,0.0,3,0.2473,4.6552,1.5,0.07,0.1402,0,0.12
3,0.14,0.18,36.0,5.6667,1,2,70.6,12.2,3.6,2.74,0.0,13,0.1683,12.2,1.5,0.14,0.1657,0,0.18
3,0.4056,0.3803,16.4789,6.6667,0,4,66.8,9.5,1.6479,2.0662,0.0,4,0.1913,12.0423,1.5,0.32,0.1832,0,0.3
3,0.19,0.18,8.0,6.3333,1,2,69.6,9.7,0.8,1.94,0.0,2,0.2043,9.7,1.5,0.19,0.2017,0,0.18
3,0.12,0.13,17.0,3.6667,0,3,85.6,5.3,1.7,1.12,0.0,5,0.1766,5.3,1.5,0.12,0.1914,0,0.13
3,0.07,0.08,10.0,3.3333,1,3,86.2,6.0,1.0,0.58,0.0,3,0.1754,6.0,1.5,0.07,0.1817,0,0.08
3,0.0,0.08,6.0,3.0,0,2,77.2,1.4,0.6,2.86,0.0,1,0.1632,2.8,1.5,0.0,0.1702,0,0.04
3,0.06,0.08,8.0,1.6667,1,2,72.0,1.0,0.8,1.8,0.0,1,0.1025,2.0,1.5,0.03,0.1175,0,0.04
3,0.375,0.075,22.5,1.0,0,3,56.4,1.4,2.25,4.35,0.0,1,0.0862,10.5,1.5,0.05,0.0957,0,0.01
1,0.0,0.0,12.0,2.0,0,3,90.0,1.9,0.0,1.46,2.0,2,0.0,1.9,1.5,0.0,0.0,0,0.0
1,0.0,0.0,19.0,1.5,1,3,90.0,2.7,0.0,2.27,4.0,1,0.0,2.7,1.5,0.0,0.0,0,0.0
1,0.0,0.0,40.0,4.6667,0,2,90.0,6.1,0.0,1.2,7.0,11,0.0,6.1,1.5,0.0,0.0,0,0.0
1,0.0,0.0,23.0,5.0,0,3,90.0,5.3,0.0,2.13,7.0,3,0.0,5.3,1.5,0.0,0.0,0,0.0
1,0.0,0.0,15.0,5.3333,1,4,90.0,2.5,0.0,2.55,3.0,2,0.0,2.5,1.5,0.0,0.0,0,0.0
1,0.0,0.0,16.0,2.6667,0,3,90.0,2.2,0.0,2.17,3.0,3,0.0,2.2,1.5,0.0,0.0,0,0.0
1,0.0,0.0,22.0,3.0,1,3,90.0,4.2,0.0,0.87,7.0,4,0.0,4.2,1.5,0.0,0.0,0,0.0
1,0.0,0.0,14.0,3.3333,1,3,90.0,2.6,0.0,1.65,3.0,3,0.0,2.6,1.5,0.0,0.0,0,0.0
1,0.0,0.0,15.0,3.3333,0,4,90.0,1.8,0.0,0.61,3.0,3,0.0,1.8,1.5,0.0,0.0,0,0.0
1,0.0,0.0,9.0,2.3333,1,2,90.0,1.0,0.0,2.17,2.0,1,0.0,1.0,1.5,0.0,0.0,0,0.0
1,0.0,0.0,10.0,1.6667,0,3,90.0,0.4,0.0,1.06,0.0,1,0.0,0.4,1.5,0.0,0.0,0,0.0
1,0.0,0.0,10.0,1.3333,1,2,90.0,0.8,0.0,0.7,1.0,2,0.0,0.8,1.5,0.0,0.0,0,0.0
1,0.0,0.0,15.0,1.6667,0,3,90.0,2.0,0.0,2.84,3.0,2,0.0,2.0,1.5,0.0,0.0,0,0.0
1,0.0,0.0,20.4545,1.3333,0,3,76.4,0.8,0.0,2.1682,4.0909,0,0.0,3.2727,1.5,0.0,0.0,1,0.0
1,0.0,0.0,11.0,1.3333,1,4,76.4,0.8,0.0,0.79,1.0,2,0.0,0.8,1.5,0.0,0.0,0,0.0
1,0.0,0.0,15.0,1.6667,1,3,76.4,2.1,0.0,2.05,3.0,3,0.0,2.1,1.5,0.0,0.0,0,0.0
1,0.0,0.0,17.0,2.6667,0,2,76.4,2.4,0.0,2.16,3.0,3,0.0,2.4,1.5,0.0,0.0,0,0.0
1,0.0,0.0,20.0,4.0,1,3,76.4,0.3,0.0,0.46,0.0,6,0.0,0.3,1.5,0.0,0.0,0,0.0
1,0.0,0.0,27.0,5.6667,0,4,90.0,2.6,0.0,1.25,3.0,8,0.0,2.6,1.5,0.0,0.0,0,0.0
1,0.0,0.0,15.0,5.0,1,4,90.0,3.6,0.0,2.74,5.0,1,0.0,3.6,1.5,0.0,0.0,0,0.0
1,0.0,0.0,12.0,3.3333,0,3,90.0,1.5,0.0,1.88,2.0,1,0.0,1.5,1.5,0.0,0.0,1,0.0
1,0.0,0.0,13.0,1.3333,1,2,90.0,2.5,0.0,1.94,4.0,2,0.0,2.5,1.5,0.0,0.0,0,0.0
1,0.0,0.0,17.0,2.0,0,3,90.0,2.2,0.0,1.71,4.0,3,0.0,2.2,1.5,0.0,0.0,0,0.0
1,0.0,0.0,29.0,4.0,1,4,90.0,3.1,0.0,0.58,4.0,7,0.0,3.1,1.5,0.0,0.0,1,0.0
1,0.0,0.0,14.0,3.3333,0,3,81.0,0.4,0.0,2.86,4.0,0,0.0,0.8,1.5,0.0,0.0,0,0.0
1,0.0,0.0,18.0,3.3333,1,4,81.0,3.2,0.0,2.7,5.0,3,0.0,3.2,1.5,0.0,0.0,0,0.0
1,0.0,0.0,15.0,1.6667,0,2,81.0,2.7,0.0,0.98,3.0,2,0.0,2.7,1.5,0.0,0.0,0,0.0
1,0.0,0.0,20.0,3.0,0,2,81.0,3.6,0.0,0.98,5.0,4,0.0,3.6,1.5,0.0,0.0,0,0.0
1,0.0,0.0,12.0,2.3333,1,2,81.0,1.8,0.0,1.13,2.0,1,0.0,1.8,1.5,0.0,0.0,0,0.0
1,0.0,0.0,36.0,4.3333,0,3,90.0,7.9,0.0,1.9,7.0,8,0.0,7.9,1.5,0.0,0.0,1,0.0
1,0.0,0.0,23.0,4.0,1,4,90.0,5.9,0.0,1.21,7.0,3,0.0,5.9,1.5,0.0,0.0,0,0.0
1,0.0,0.0,18.0,4.6667,1,3,90.0,3.8,0.0,1.88,5.0,3,0.0,3.8,1.5,0.0,0.0,1,0.0
1,0.0,0.0,17.0,3.0,1,3,90.0,4.0,0.0,0.59,5.0,3,0.0,4.0,1.5,0.0,0.0,0,0.0
1,0.0,0.0,23.0,2.6667,0,3,90.0,5.4,0.0,3.57,7.0,2,0.0,5.4,1.5,0.0,0.0,0,0.0
1,0.0,0.0,32.0,3.0,0,2,90.0,7.5,0.0,5.24,11.0,4,0.0,7.5,1.5,0.0,0.0,0,0.0
3,0.0871,0.4355,8.7097,3.0,0,4,62.0,5.5,0.871,1.0742,0.0,3,0.0871,7.9839,1.5,0.06,0.4355,0,0.3
3,0.0514,0.8229,46.2857,3.5,1,3,48.5,7.3,4.6286,0.8486,0.0,4,0.0742,18.7714,1.5,0.02,0.5753,0,0.32
3,1.575,0.1687,22.5,2.6667,0,2,37.6667,1.6,2.25,0.3375,0.0,1,0.2867,9.0,1.5,0.28,0.5177,0,0.03
3,0.0763,0.0305,7.6271,2.0,0,3,43.0,4.7,0.7627,1.7695,0.0,1,0.2145,7.1695,1.5,0.05,0.3506,0,0.02
3,0.42,0.18,-12.0,0.6667,0,3,37.4,2.1,-1.2,0.24,0.0,0,0.231,12.6,1.5,0.07,0.3369,0,0.03
3,8.1,8.7,1020.0,4.0,1,3,25.6,8.2,102.0,6.0,0.0,11,0.4852,246.0,1.5,0.27,0.4852,0,0.29
3,0.0,0.3333,6.6667,4.0,0,3,24.0,0.9,0.6667,4.3667,0.0,1,0.5025,3.0,1.5,0.0,0.3525,0,0.1
3,0.2423,0.6808,21.9231,5.0,1,2,36.4,9.7,2.1923,0.8885,0.0,3,0.2967,11.1923,1.5,0.21,0.5093,1,0.59
3,0.0,0.5691,30.4412,3.3333,1,3,38.2,8.8,3.0441,0.4103,0.0,6,0.2592,11.6471,1.5,0.0,0.6785,1,0.43
3,0.0,0.25,14.0,3.6667,0,4,53.2,7.0,1.4,1.14,0.0,2,0.1624,7.0,1.5,0.0,0.5617,0,0.25
3,0.3284,0.2068,21.8919,5.0,1,3,67.4,9.6,2.1892,1.5932,0.0,7,0.1282,11.6757,1.5,0.27,0.4113,0,0.17
3,0.0281,0.3797,26.7188,4.6667,0,3,74.8,7.2,2.6719,2.9672,0.0,5,0.1203,10.125,1.5,0.02,0.4115,0,0.27
3,0.0456,0.4329,11.3924,5.0,1,4,75.0,4.7,1.1392,0.4557,0.0,3,0.0792,5.3544,1.5,0.04,0.36,0,0.38
3,0.3,0.013,6.5217,3.6667,0,3,75.2,2.7,0.6522,1.5652,0.0,3,0.134,3.5217,1.5,0.23,0.2585,0,0.01
3,2.6333,0.1333,80.0,4.0,1,4,62.6,7.5,8.0,4.2,0.0,6,0.3882,25.0,1.5,0.79,0.2502,1,0.04
3,0.2028,0.1775,5.0704,3.6667,0,2,62.0,3.7,0.507,2.0662,0.0,2,0.36,4.6901,1.5,0.16,0.2439,1,0.14
3,0.08,0.29,19.0,3.3333,1,2,67.2,8.5,1.9,1.94,0.0,2,0.3482,8.5,1.5,0.08,0.2304,0,0.29
3,0.4625,0.175,17.5,3.0,0,3,65.8,9.5,1.75,1.225,0.0,5,0.4459,11.875,1.5,0.37,0.1696,0,0.14
3,0.5056,0.1719,34.382,5.6667,1,3,69.8,9.1,3.4382,0.5663,0.0,10,0.49,9.2022,1.5,0.5,0.2011,0,0.17
3,0.28,0.07,17.0,5.6667,0,3,82.4,8.9,1.7,2.19,0.0,2,0.3036,8.9,1.5,0.28,0.1769,0,0.07
3,0.0,0.04,7.0,4.6667,1,3,86.2,3.3,0.7,2.7,0.0,2,0.2568,3.3,1.5,0.0,0.1483,0,0.04
3,0.32,0.37,11.0,1.6667,0,3,86.2,10.2,1.1,0.98,0.0,1,0.307,10.2,1.5,0.32,0.165,0,0.37
3,0.0549,0.2085,21.9512,3.0,0,2,88.2,4.5,2.1951,0.9,0.0,6,0.2347,4.939,1.5,0.05,0.1714,0,0.19
3,1.428,0.108,27.6,4.6667,1,2,85.4,12.2,2.76,1.236,0.0,7,0.3878,14.64,1.5,1.19,0.1602,0,0.09
3,0.1552,0.1345,2.069,5.0,0,2,84.8,3.7,0.2069,1.9448,0.0,2,0.363,3.8276,1.5,0.15,0.1741,0,0.13
3,0.0,0.0,18.0,3.3333,1,2,69.8,0.3,1.8,2.4,0.0,1,0.441,1.8,1.5,0.0,0.2011,1,0.0
3,0.0571,0.0286,4.2857,1.6667,1,3,64.4,3.6,0.4286,2.6857,0.0,2,0.3997,5.1429,1.5,0.04,0.1202,1,0.02
3,0.0,0.0,-25.7143,1.0,1,4,50.8,0.0,-2.5714,1.8,0.0,0,0.489,0.0,1.5,0.0,0.085,1,0.0
3,0.0,0.0,32.1429,1.0,0,3,38.6,0.3,3.2143,4.4357,0.0,1,0.0886,1.9286,1.5,0.0,0.0699,0,0.0
3,0.2172,0.3724,3.1034,0.3333,1,2,27.0,3.1,0.3103,2.0172,0.0,0,0.0733,9.6207,1.5,0.07,0.0933,0,0.12
2,0.0,0.13,17.0,2.0,0,3,90.0,4.7,2.55,1.46,0.0,2,0.0,4.7,1.5,0.0,0.13,0,0.13
2,0.02,0.01,10.0,1.0,1,4,90.0,1.3,1.5,2.27,0.0,0,0.01,1.3,1.5,0.02,0.07,0,0.01
2,0.0,0.01,19.0,2.3333,0,3,90.0,1.6,2.85,1.2,0.0,5,0.0067,1.6,1.5,0.0,0.05,1,0.01
2,0.02,0.03,8.0,1.6667,0,4,90.0,3.4,1.2,2.13,0.0,0,0.01,3.4,1.5,0.02,0.045,0,0.03
2,0.1,0.14,18.0,1.6667,1,3,90.0,5.4,2.7,2.55,0.0,0,0.028,5.4,1.5,0.1,0.064,0,0.14
2,0.0,0.0,10.8434,0.6667,0,4,88.6,1.2,1.6265,1.9301,0.0,2,0.0284,1.3012,1.5,0.0,0.0386,0,0.0
2,0.0,0.0,12.0,1.3333,1,3,88.6,2.5,1.8,0.87,0.0,2,0.0244,2.5,1.5,0.0,0.0366,1,0.0
2,0.18,0.01,0.0,1.6667,1,2,88.6,2.9,0.0,1.65,0.0,1,0.0609,2.9,1.5,0.18,0.0366,0,0.01
2,0.0,0.11,17.0,1.3333,1,3,88.6,3.0,2.55,2.17,0.0,1,0.0569,3.0,1.5,0.0,0.0528,1,0.11
2,0.02,0.03,7.0,1.0,0,4,88.6,2.2,1.05,1.06,0.0,1,0.0406,2.2,1.5,0.02,0.0305,0,0.03
2,0.0273,0.0273,20.4545,1.3333,1,2,85.2,2.5,3.0682,0.6273,0.0,2,0.0465,3.4091,1.5,0.02,0.0359,1,0.02
2,0.03,0.0,3.0,1.3333,0,3,85.2,2.6,0.45,2.84,0.0,1,0.0528,2.6,1.5,0.03,0.0359,1,0.0
2,0.0,0.01,23.0,2.3333,0,3,85.2,4.6,3.45,2.89,0.0,4,0.0148,4.6,1.5,0.0,0.0359,0,0.01
2,0.0,0.03,23.0,3.6667,1,2,85.2,3.5,3.45,0.83,0.0,6,0.0148,3.5,1.5,0.0,0.019,0,0.03
2,0.02,0.02,8.0,4.0,1,3,85.2,1.3,1.2,0.79,0.0,2,0.0148,1.3,1.5,0.02,0.0169,0,0.02
2,0.0,0.0797,14.8101,3.0,0,3,87.8,5.1,2.2215,1.1962,0.0,1,0.0103,5.8101,1.5,0.0,0.0267,0,0.07
2,0.0,0.05,7.0,1.6667,1,3,87.8,1.2,1.05,2.05,0.0,2,0.0041,1.2,1.5,0.0,0.0369,0,0.05
2,0.0,0.0429,10.0,1.6667,0,2,82.4,0.4,1.5,3.0143,0.0,2,0.0044,0.5714,1.5,0.0,0.0437,0,0.03
2,0.0,0.0857,25.7143,3.3333,1,3,81.2,4.5,3.8571,0.4286,0.0,6,0.0044,4.8214,1.5,0.0,0.0554,1,0.08
2,0.0,0.02,23.0,4.6667,0,3,81.2,1.3,3.45,1.25,0.0,6,0.0,1.3,1.5,0.0,0.0554,1,0.02
2,0.05,0.02,20.0,4.0,1,3,83.4,3.6,3.0,2.74,0.0,0,0.0108,3.6,1.5,0.05,0.0432,1,0.02
2,0.03,0.01,8.0,2.0,0,3,83.4,2.9,1.2,1.88,0.0,0,0.0173,2.9,1.5,0.03,0.0345,0,0.01
2,0.0,0.0768,16.4634,0.3333,1,4,87.2,4.7,2.4695,2.1293,0.0,1,0.0165,5.1585,1.5,0.0,0.0413,1,0.07
2,0.02,0.04,18.0,1.0,0,2,88.4,5.9,2.7,1.71,0.0,2,0.0204,5.9,1.5,0.02,0.0326,0,0.04
2,0.0,0.01,23.0,2.6667,1,2,88.4,1.8,3.45,0.58,0.0,5,0.0204,1.8,1.5,0.0,0.0305,1,0.01
2,0.0,0.08,16.0,2.6667,0,3,88.4,5.0,2.4,2.19,0.0,1,0.0102,5.0,1.5,0.0,0.0428,0,0.08
2,0.07,0.01,14.0,3.3333,1,2,88.4,1.3,2.1,2.7,0.0,4,0.0183,1.3,1.5,0.07,0.0428,0,0.01
2,0.0434,0.0217,14.0964,2.0,0,4,88.6,3.8,2.1145,1.0518,0.0,1,0.0264,4.1205,1.5,0.04,0.0325,0,0.02
2,0.0,0.05,12.0,2.0,0,3,88.6,3.4,1.8,0.98,0.0,1,0.0223,3.4,1.5,0.0,0.0345,0,0.05
2,0.0,0.52,21.0,1.0,1,3,88.6,7.5,3.15,1.13,0.0,1,0.0223,7.5,1.5,0.0,0.1381,0,0.52
2,0.0103,0.0207,7.2414,1.0,0,3,88.0,1.9,1.0862,1.9448,0.0,1,0.0245,1.9655,1.5,0.01,0.1268,0,0.02
2,0.03,0.01,6.0,1.0,1,3,88.0,1.6,0.9,1.88,0.0,1,0.0164,1.6,1.5,0.03,0.1268,1,0.01
2,0.31,0.01,7.0,1.3333,1,2,89.4,4.4,1.05,0.59,0.0,2,0.0705,4.4,1.5,0.31,0.1228,0,0.01
2,0.0,0.0,9.0,0.6667,0,2,89.4,1.0,1.35,3.57,0.0,-1,0.0705,1.0,1.5,0.0,0.1128,0,0.0
2,0.0,0.02,9.0,0.6667,1,3,89.4,3.2,1.35,2.7,0.0,1,0.0705,3.2,1.5,0.0,0.0121,0,0.02
2,0.0,0.0,-23.3333,-1.0,0,3,77.4,0.0,-3.5,32.8,0.0,-3,0.0791,0.0,1.5,0.0,0.0093,0,0.0
2,0.0,0.0,14.2105,1.0,1,3,19.0,0.8,2.1316,0.3316,0.0,1,0.0,3.7895,1.5,0.0,0.0,0,0.0
2,0.0,0.0,54.0,1.0,0,3,12.0,0.0,8.1,1.08,0.0,1,0.0,0.0,1.5,0.0,0.0,0,0.0
2,0.0,0.0,10.0,1.0,0,4,23.0,1.2,1.5,3.28,0.0,1,0.0,2.4,1.5,0.0,0.0,0,0.0
2,0.0,0.0,7.0,1.3333,1,2,39.75,0.9,1.05,0.87,0.0,2,0.0,0.9,1.5,0.0,0.0,0,0.0
2,0.0,0.0,8.0,1.6667,1,3,49.8,1.5,1.2,1.65,0.0,2,0.0,1.5,1.5,0.0,0.0,0,0.0
2,0.0,0.0122,17.027,2.0,0,3,60.8,1.1,2.5541,0.6932,0.0,2,0.0,1.3378,1.5,0.0,0.003,0,0.01
2,0.0,0.05,25.0,2.6667,1,4,77.8,5.0,3.75,2.17,0.0,4,0.0,5.0,1.5,0.0,0.0139,1,0.05
2,0.0,0.0,9.0,2.6667,0,4,84.8,1.6,1.35,0.1687,0.0,2,0.0,1.8,1.5,0.0,0.0127,0,0.0
2,0.15,0.0,19.0,2.6667,1,3,84.8,3.6,2.85,0.7,0.0,2,0.0318,3.6,1.5,0.15,0.0127,1,0.0
2,0.0,0.0,12.0,1.6667,0,2,84.8,1.3,1.8,2.84,0.0,1,0.0318,1.3,1.5,0.0,0.0127,1,0.0
2,0.18,0.01,10.0,1.3333,0,2,88.0,3.1,1.5,2.89,0.0,1,0.0675,3.1,1.5,0.18,0.0123,1,0.01
2,0.0,0.01,28.0,3.6667,1,4,88.0,1.5,4.2,0.83,0.0,9,0.0675,1.5,1.5,0.0,0.0041,0,0.01
2,0.0,0.01,11.0,4.0,1,2,90.0,2.4,1.65,0.79,0.0,2,0.066,2.4,1.5,0.0,0.006,0,0.01
2,0.1957,0.0391,10.4348,3.6667,0,3,85.8,2.7,1.5652,1.2522,0.0,0,0.0692,3.5217,1.5,0.15,0.0126,1,0.03
2,0.23,0.0,11.0,1.3333,1,3,85.8,5.8,1.65,2.05,0.0,2,0.1175,5.8,1.5,0.23,0.0126,0,0.0
2,0.0,0.04,27.0,2.3333,0,3,85.8,5.4,4.05,2.16,0.0,5,0.0797,5.4,1.5,0.0,0.0189,0,0.04
2,0.0,0.01,22.0,4.3333,1,2,85.8,1.2,3.3,0.46,0.0,6,0.0797,1.2,1.5,0.0,0.0189,0,0.01
2,0.0,0.0,19.0,5.3333,0,3,85.8,0.8,2.85,1.25,0.0,5,0.0797,0.8,1.5,0.0,0.0168,0,0.0
2,0.0,0.0222,13.3333,4.0,1,3,88.2,1.2,2.0,1.9778,0.0,1,0.0469,1.3333,1.5,0.0,0.0143,0,0.02
2,0.0,0.0,14.0,2.3333,0,2,88.2,1.4,2.1,1.88,0.0,1,0.0,1.4,1.5,0.0,0.0143,0,0.0
2,0.0,0.04,20.0,1.0,1,4,79.2,0.8,3.0,3.28,0.0,1,0.0,1.6,1.5,0.0,0.0114,1,0.02
2,0.0,0.02,13.0,1.3333,0,2,79.2,2.0,1.95,1.71,0.0,2,0.0,2.0,1.5,0.0,0.0136,0,0.02
2,0.14,0.01,27.0,2.6667,1,3,79.2,4.1,4.05,0.58,0.0,5,0.0318,4.1,1.5,0.14,0.0159,0,0.01
2,0.1525,0.0305,9.1525,2.3333,0,3,74.8,2.1,1.3729,2.7153,0.0,0,0.0578,3.2034,1.5,0.1,0.0168,1,0.02
2,0.0,0.66,36.0,3.0,1,2,65.8,4.3,5.4,3.6,0.0,4,0.0657,8.6,1.5,0.0,0.1094,0,0.33
2,0.0,0.01,8.0,1.3333,0,3,74.8,0.6,1.2,0.98,0.0,0,0.0578,0.6,1.5,0.0,0.0939,0,0.01
2,0.0,0.0,13.0,2.0,0,3,74.8,2.3,1.95,0.98,0.0,2,0.0578,2.3,1.5,0.0,0.089,0,0.0
2,0.0,0.01,9.0,0.6667,1,4,74.8,1.7,1.35,1.13,0.0,0,0.0241,1.7,1.5,0.0,0.089,0,0.01
2,0.23,0.0,26.0,2.0,0,3,81.0,5.5,3.9,1.9,0.0,4,0.0511,5.5,1.5,0.23,0.0778,1,0.0
2,0.0,0.0,6.0,1.3333,1,2,90.0,0.6,0.9,1.21,0.0,0,0.046,0.6,1.5,0.0,0.004,0,0.0
2,0.0,0.01,11.0,2.0,1,3,90.0,3.5,1.65,1.88,0.0,2,0.046,3.5,1.5,0.0,0.004,0,0.01
2,0.44,0.0,28.0,4.3333,1,3,90.0,7.8,4.2,0.59,0.0,11,0.134,7.8,1.5,0.44,0.004,0,0.0
2,0.0,0.0,13.0,4.3333,0,3,90.0,1.8,1.95,3.57,0.0,0,0.134,1.8,1.5,0.0,0.002,0,0.0
2,0.0,0.0101,13.1461,4.0,1,3,89.8,3.0,1.9719,2.7303,0.0,1,0.0882,3.0337,1.5,0.0,0.004,0,0.01
2,0.0,0.0,1.0,0.3333,0,3,89.8,1.1,0.15,5.24,0.0,0,0.0882,1.1,1.5,0.0,0.004,0,0.0
3,0.0,0.0562,11.25,1.0,0,4,16.0,0.6,1.125,4.6688,0.0,1,0.0,3.375,1.5,0.0,0.0562,0,0.01
3,0.0,0.0,15.0,1.0,1,3,14.0,0.2,1.5,5.175,0.0,1,0.0,1.5,1.5,0.0,0.0321,0,0.0
3,0.0,0.0,0.0,1.0,0,4,15.6667,0.4,0.0,1.8474,0.0,1,0.0,1.8947,1.5,0.0,0.0191,0,0.0
3,0.0,0.0,7.8261,1.0,1,2,17.5,0.4,0.7826,0.5478,0.0,1,0.0,1.5652,1.5,0.0,0.0129,1,0.0
3,0.0,0.0429,25.7143,1.0,1,3,18.2,1.5,2.5714,2.7429,0.0,1,0.0,6.4286,1.5,0.0,0.0198,0,0.01
3,0.01,0.09,12.0,1.0,0,3,33.0,2.1,1.2,0.61,0.0,1,0.0055,2.1,1.5,0.01,0.0545,0,0.09
3,0.0509,0.0,13.5849,1.0,1,3,41.2,0.7,1.3585,3.3113,0.0,1,0.0175,1.1887,1.5,0.03,0.0437,0,0.0
3,0.0,0.135,31.5,1.0,0,3,41.4,1.0,3.15,4.23,0.0,1,0.0174,4.5,1.5,0.0,0.0565,0,0.03
3,0.0,0.02,12.0,1.3333,0,3,54.8,1.2,1.2,2.89,0.0,2,0.0131,1.2,1.5,0.0,0.0493,0,0.02
3,0.0,0.0,90.0,1.3333,1,4,51.2,0.0,9.0,0.0,0.0,1,0.0141,0.0,1.5,0.0,0.0492,0,0.0
3,0.0931,0.2172,9.3103,1.3333,1,2,39.0,2.1,0.931,1.4897,0.0,1,0.0277,6.5172,1.5,0.03,0.0554,0,0.07
3,0.0,0.18,90.0,1.0,1,3,29.4,1.5,9.0,1.08,0.0,1,0.0184,27.0,1.5,0.0,0.0796,0,0.01
3,0.0,0.0,135.0,1.0,0,4,25.8,0.0,13.5,29.7,0.0,1,0.0209,0.0,1.5,0.0,0.0698,0,0.0
3,0.0,0.0,20.0,1.0,0,4,9.6,0.0,2.0,1.9,0.0,1,0.0562,0.0,1.5,0.0,0.15,1,0.0
3,0.0,0.0,90.0,1.0,0,4,10.2,1.0,9.0,0.3,0.0,1,0.0529,15.0,1.5,0.0,0.1412,0,0.0
3,0.0,0.0,-12.8571,1.0,0,2,5.8,0.0,-1.2857,2.0571,0.0,1,0.0,0.0,1.5,0.0,0.031,1,0.0
3,0.18,0.06,-12.0,0.6667,1,3,7.8,1.3,-1.2,0.6,0.0,0,0.0692,7.8,1.5,0.03,0.0231,0,0.01
3,0.0,0.0,12.8571,0.6667,0,2,10.2,0.2,1.2857,1.4786,0.0,1,0.0529,1.2857,1.5,0.0,0.0176,0,0.0
3,0.02,0.0,13.0,1.0,1,3,26.4,1.6,1.3,1.21,0.0,2,0.0341,1.6,1.5,0.02,0.0068,0,0.0
3,0.1038,0.1038,27.6923,1.3333,1,2,30.4,0.8,2.7692,0.0,0.0,1,0.0474,2.7692,1.5,0.03,0.0237,0,0.03
3,0.13,0.0,7.0,1.6667,1,2,47.0,4.6,0.7,0.59,0.0,2,0.0804,4.6,1.5,0.13,0.0153,1,0.0
3,0.0,0.01,9.0,1.3333,0,3,62.0,1.1,0.9,3.57,0.0,1,0.0523,1.1,1.5,0.0,0.0116,1,0.01
3,0.0,0.06,18.0,1.0,1,2,68.2,2.4,1.8,3.24,0.0,0,0.0475,4.8,1.5,0.0,0.0185,0,0.03
3,0.0,0.0333,13.3333,0.6667,0,4,55.6,0.5,1.3333,2.5667,0.0,1,0.0518,1.6667,1.5,0.0,0.0259,1,0.01
2,0.0,0.01,10.0,0.0,0,3,90.0,0.0,1.5,4.1,0.0,0,0.0,0.0,1.5,0.0,0.01,1,0.01
2,0.0,0.01,10.0,0.0,0,3,90.0,2.7,1.5,2.09,0.0,0,0.0,2.7,1.5,0.0,0.01,0,0.01
2,0.28,0.0,6.0,0.6667,0,2,90.0,1.4,0.9,0.98,0.0,2,0.0933,1.4,1.5,0.28,0.0067,0,0.0
2,0.0,0.03,17.0,1.6667,1,2,90.0,3.0,2.55,0.59,0.0,3,0.07,3.0,1.5,0.0,0.0125,1,0.03
2,0.7691,0.0,24.5455,4.0,0,3,83.0,8.0,3.6818,3.7636,0.0,7,0.1627,13.0909,1.5,0.47,0.0108,1,0.0
2,0.08,0.01,10.0,3.6667,1,3,83.0,2.5,1.5,1.04,0.0,1,0.18,2.5,1.5,0.08,0.0108,1,0.01
2,0.0,0.0,7.875,3.0,1,4,81.0,1.4,1.1812,2.2388,0.0,1,0.1844,1.575,1.5,0.0,0.0089,0,0.0
2,0.0,0.03,22.0,2.0,0,2,81.0,4.2,3.3,2.97,0.0,4,0.1222,4.2,1.5,0.0,0.0156,0,0.03
2,0.0,0.1,10.0,1.3333,0,3,81.0,1.1,1.5,2.39,0.0,-1,0.1222,1.1,1.5,0.0,0.0311,0,0.1
2,0.0,0.0,15.0,1.6667,1,2,88.0,4.7,2.25,3.04,0.0,2,0.0164,4.7,1.5,0.0,0.0286,0,0.0
2,0.0,0.02,13.0,0.6667,0,3,88.0,2.4,1.95,2.12,0.0,1,0.0,2.4,1.5,0.0,0.0307,0,0.02
2,0.16,0.08,11.0,1.3333,1,2,90.0,3.7,1.65,1.68,0.0,1,0.032,3.7,1.5,0.16,0.046,0,0.08
2,0.0,0.0,14.0,1.0,0,3,81.0,1.9,2.1,1.5,0.0,1,0.0356,3.8,1.5,0.0,0.0444,0,0.0
2,0.0,0.0,9.1011,1.0,1,4,80.8,2.2,1.3652,1.618,0.0,1,0.0356,2.2247,1.5,0.0,0.0223,0,0.0
2,0.0,0.0,11.3924,2.0,1,3,79.0,0.0,1.7089,2.0506,0.0,2,0.0,0.0,1.5,0.0,0.0,0,0.0
2,0.04,0.03,13.0,1.5,0,4,84.5,2.2,1.95,1.36,0.0,1,0.0213,2.2,1.5,0.04,0.016,0,0.03
2,0.0,0.0,9.0,1.3333,1,3,86.3333,0.9,1.35,3.52,0.0,1,0.0139,0.9,1.5,0.0,0.0104,0,0.0
2,0.11,0.01,12.0,1.0,1,3,87.25,2.9,1.8,2.59,0.0,1,0.0387,2.9,1.5,0.11,0.0103,1,0.01
2,0.0,0.01,18.0,1.6667,0,4,87.8,5.3,2.7,1.87,0.0,3,0.0308,5.3,1.5,0.0,0.0103,0,0.01
2,0.35,0.0,10.0,0.3333,1,3,90.0,2.2,1.5,3.94,0.0,-3,0.1,2.2,1.5,0.35,0.01,0,0.0
2,0.0,0.06,22.0,0.3333,0,3,90.0,5.0,3.3,2.14,0.0,1,0.092,5.0,1.5,0.0,0.016,0,0.06
2,0.0,0.0164,21.2727,-0.6667,0,3,83.0,1.7,3.1909,2.3236,0.0,0,0.0998,2.7818,1.5,0.0,0.0195,0,0.01
2,0.01,0.0,15.0,0.6667,1,3,83.0,1.8,2.25,1.05,0.0,1,0.0781,1.8,1.5,0.01,0.0173,0,0.0
2,0.0,0.01,13.0,0.3333,0,3,83.0,1.8,1.95,2.78,0.0,0,0.0781,1.8,1.5,0.0,0.0173,0,0.01
2,0.0,0.01,10.0,1.0,1,2,83.0,2.3,1.5,1.33,0.0,2,0.0022,2.3,1.5,0.0,0.0195,1,0.01
2,0.0,0.19,8.0,1.0,0,3,83.0,2.5,1.2,1.54,0.0,1,0.0022,2.5,1.5,0.0,0.0477,0,0.19
2,0.0,0.0,12.0,1.0,1,3,90.0,1.5,1.8,2.71,0.0,0,0.002,1.5,1.5,0.0,0.042,0,0.0
2,0.0,0.0,16.0,0.3333,0,2,90.0,2.2,2.4,1.81,0.0,0,0.0,2.2,1.5,0.0,0.042,0,0.0
2,0.0,0.0,9.0,0.3333,1,3,90.0,0.8,1.35,1.78,0.0,1,0.0,0.8,1.5,0.0,0.04,0,0.0
2,0.0,0.05,26.0,2.3333,1,3,90.0,3.0,3.9,0.64,0.0,6,0.0,3.0,1.5,0.0,0.048,0,0.05
2,0.0,0.0,10.0,3.0,0,3,90.0,1.9,1.5,0.89,0.0,2,0.0,1.9,1.5,0.0,0.01,0,0.0
2,0.0,0.0318,-3.1765,2.0,1,2,89.0,1.8,-0.4765,0.6671,0.0,-2,0.0,1.9059,1.5,0.0,0.0162,0,0.03
2,0.0,0.01,8.0,0.3333,0,3,89.0,1.8,1.2,2.26,0.0,1,0.0,1.8,1.5,0.0,0.0182,0,0.01
2,0.0,0.02,13.0,0.0,1,4,89.0,3.7,1.95,2.27,0.0,1,0.0,3.7,1.5,0.0,0.0222,0,0.02
2,0.0,0.0,8.8889,0.6667,0,2,87.2,2.0,1.3333,1.2556,0.0,0,0.0,2.2222,1.5,0.0,0.0124,1,0.0
2,0.6975,0.0,-4.5,0.6667,1,4,77.2,4.5,-0.675,0.8325,0.0,1,0.0723,10.125,1.5,0.31,0.014,1,0.0
2,0.0,0.0,15.0,1.0,0,4,78.2,1.8,2.25,1.88,0.0,2,0.0714,1.8,1.5,0.0,0.0069,0,0.0
2,0.0,0.19,9.0,0.3333,1,3,78.2,3.5,1.35,2.93,0.0,-2,0.0714,3.5,1.5,0.0,0.0483,0,0.19
2,0.01,0.03,10.0,0.6667,0,2,78.2,3.7,1.5,1.24,0.0,2,0.0737,3.7,1.5,0.01,0.0506,0,0.03
2,0.0,0.0,15.0,-0.3333,1,3,80.0,3.2,2.25,2.25,0.0,-1,0.072,3.2,1.5,0.0,0.0495,0,0.0
2,0.14,0.03,28.0,2.6667,0,3,90.0,11.4,4.2,3.34,0.0,7,0.03,11.4,1.5,0.14,0.05,0,0.03
2,0.0,0.01,10.0,2.3333,1,2,90.0,3.8,1.5,1.35,0.0,1,0.03,3.8,1.5,0.0,0.052,1,0.01
2,0.0,0.01,9.0,3.0,0,4,90.0,0.8,1.35,1.65,0.0,1,0.03,0.8,1.5,0.0,0.016,0,0.01
2,0.04,0.02,4.0,0.6667,1,2,90.0,5.2,0.6,0.37,0.0,0,0.036,5.2,1.5,0.04,0.014,0,0.02
2,0.0,0.0,11.7391,0.6667,0,3,76.6,0.2,1.7609,2.8565,0.0,1,0.0423,0.7826,1.5,0.0,0.0164,1,0.0
2,0.07,0.04,10.0,0.6667,1,2,76.6,3.1,1.5,1.49,0.0,1,0.0258,3.1,1.5,0.07,0.0188,0,0.04
2,0.05,0.16,7.0,1.0,0,3,76.6,3.5,1.05,2.16,0.0,1,0.0376,3.5,1.5,0.05,0.054,1,0.16
2,0.0,0.0,5.0,0.6667,1,4,76.6,1.7,0.75,3.28,0.0,0,0.0376,1.7,1.5,0.0,0.0517,0,0.0
2,0.0,0.0,17.1429,1.0,1,3,21.0,0.3,2.5714,0.7714,0.0,1,0.0,1.2857,1.5,0.0,0.0,0,0.0
2,0.0,0.0,10.0,1.5,0,4,55.5,2.7,1.5,1.52,0.0,2,0.0,2.7,1.5,0.0,0.0,0,0.0
2,0.0,0.0,270.0,1.3333,1,3,37.3333,0.1,40.5,4.5,0.0,1,0.0,9.0,1.5,0.0,0.0,1,0.0
2,0.0,0.0,10.3846,1.3333,0,3,34.5,0.3,1.5577,2.7692,0.0,1,0.0,1.0385,1.5,0.0,0.0,0,0.0
2,0.0,0.0,24.0,2.6667,0,3,45.6,3.6,3.6,2.68,0.0,6,0.0,3.6,1.5,0.0,0.0,0,0.0
2,0.0,0.0,26.0,4.3333,1,3,59.4,1.3,3.9,2.48,0.0,6,0.0,1.3,1.5,0.0,0.0,0,0.0
2,0.0,0.0,270.0,4.3333,0,3,41.6,0.0,40.5,1.8,0.0,1,0.0,0.0,1.5,0.0,0.0,1,0.0
2,0.08,0.0,10.0,2.0,0,4,50.4,1.2,1.5,3.74,0.0,-1,0.0143,2.4,1.5,0.04,0.0,0,0.0
2,0.0,0.05,10.0,0.3333,1,3,63.2,2.6,1.5,1.75,0.0,1,0.0114,2.6,1.5,0.0,0.0142,0,0.05
2,0.0,0.0,2.0,-0.3333,0,3,63.2,1.0,0.3,4.13,0.0,-1,0.0114,1.0,1.5,0.0,0.0142,0,0.0
2,0.0,0.01,13.0,0.6667,1,2,63.2,1.3,1.95,0.42,0.0,2,0.0114,1.3,1.5,0.0,0.0171,1,0.01
3,0.0,0.9,360.0,1.0,1,3,1.0,0.7,36.0,0.0,0.0,1,0.0,63.0,1.5,0.0,0.9,1,0.01
3,0.1385,0.5538,20.7692,1.0,1,3,7.0,2.7,2.0769,1.2462,0.0,1,0.1286,18.6923,1.5,0.02,0.5786,0,0.08
3,0.0,0.2143,30.0,1.0,0,2,11.6667,1.7,3.0,1.5,0.0,1,0.0514,7.2857,1.5,0.0,0.36,0,0.05
3,0.0,0.0,0.0,1.0,1,3,13.0,0.2,0.0,0.0,0.0,1,0.0346,1.0588,1.5,0.0,0.2423,0,0.0
3,0.0,0.0,30.0,1.0,1,3,12.2,0.0,3.0,0.3,0.0,1,0.0295,0.0,1.5,0.0,0.2066,0,0.0
3,0.0,0.0,450.0,1.0,0,4,12.2,0.7,45.0,8.1,0.0,1,0.0295,63.0,1.5,0.0,0.1918,0,0.0
3,0.0,0.0,270.0,1.0,1,2,9.8,0.1,27.0,1.8,0.0,1,0.0,9.0,1.5,0.0,0.0918,1,0.0
3,0.0692,0.5885,-6.9231,0.6667,1,2,10.8,1.0,-0.6923,3.0115,0.0,0,0.0333,3.4615,1.5,0.02,0.2833,0,0.17
3,0.0,0.1385,20.7692,0.6667,0,2,10.0,0.3,2.0769,1.1769,0.0,1,0.036,2.0769,1.5,0.0,0.342,1,0.02
3,0.0,0.0,24.5455,0.6667,1,2,10.4,0.4,2.4545,0.1636,0.0,1,0.0346,3.2727,1.5,0.0,0.3288,1,0.0
3,0.0,0.0391,15.6522,1.0,0,2,14.8,0.8,1.5652,0.5087,0.0,1,0.0243,3.1304,1.5,0.0,0.2432,0,0.01
3,0.0,0.1714,12.8571,1.0,0,3,18.8,2.3,1.2857,0.6429,0.0,1,0.0191,9.8571,1.5,0.0,0.2298,0,0.04
3,0.1929,0.0643,32.1429,1.0,1,3,16.4,1.8,3.2143,0.45,0.0,1,0.0329,11.5714,1.5,0.03,0.0878,0,0.01
3,0.0,0.0818,24.5455,1.0,1,3,16.0,1.3,2.4545,0.0,0.0,1,0.0338,10.6364,1.5,0.0,0.0787,0,0.01
3,0.1338,0.0365,17.027,1.6667,1,3,28.6,2.9,1.7027,0.1216,0.0,3,0.0881,3.527,1.5,0.11,0.0629,0,0.03
1,0.0,0.0,17.0,1.0,0,3,90.0,3.2,0.0,2.4,4.0,1,0.0,3.2,1.5,0.0,0.0,1,0.0
2,0.0,0.0,67.5,1.0,1,3,4.0,0.3,10.125,0.0,0.0,1,0.0,6.75,1.5,0.0,0.0,0,0.0
2,0.1636,0.0,-16.3636,1.0,1,2,7.5,0.0,-2.4545,7.0364,0.0,1,0.12,0.0,1.5,0.02,0.0,0,0.0
2,0.0,0.0,270.0,1.0,0,2,5.3333,0.0,40.5,3.6,0.0,1,0.1125,0.0,1.5,0.0,0.0,0,0.0
2,0.0,0.0,270.0,1.0,1,2,4.25,0.2,40.5,0.0,0.0,1,0.1059,18.0,1.5,0.0,0.0,0,0.0
2,0.0,0.0,270.0,1.0,0,3,3.6,0.0,40.5,2.7,0.0,1,0.1,0.0,1.5,0.0,0.0,0,0.0
3,0.269,0.0,-2.069,2.0,0,4,87.0,0.0,-0.2069,2.9793,0.0,2,0.269,0.0,1.5,0.26,0.0,0,0.0
3,0.0692,0.0,27.6923,1.5,0,3,50.0,0.4,2.7692,0.5538,0.0,1,0.243,2.7692,1.5,0.01,0.0,0,0.0
3,0.0,2.6526,9.4737,1.3333,1,4,39.6667,0.8,0.9474,0.9474,0.0,1,0.2042,3.7895,1.5,0.0,0.4235,0,0.56
3,0.0,0.12,18.0,1.0,0,2,33.5,0.2,1.8,0.3,0.0,1,0.1813,1.2,1.5,0.0,0.3896,1,0.02
3,0.2727,0.9545,10.9091,1.0,1,2,33.4,2.5,1.0909,1.2273,0.0,1,0.1994,6.8182,1.5,0.1,0.5012,0,0.35
3,0.0,0.02,5.0,1.3333,0,2,34.0,1.0,0.5,2.9,0.0,2,0.0582,1.0,1.5,0.0,0.5029,0,0.02
3,0.05,0.19,3.0,1.6667,1,3,49.4,3.0,0.3,1.04,0.0,2,0.0547,3.0,1.5,0.05,0.4154,1,0.19
3,0.0,0.2182,20.4545,2.0,1,3,58.8,4.3,2.0455,2.7136,0.0,2,0.0459,5.8636,1.5,0.0,0.2265,0,0.16
3,0.0254,0.0,10.1408,2.0,0,3,70.0,0.6,1.0141,3.638,0.0,2,0.0437,0.7606,1.5,0.02,0.1851,0,0.0
3,0.0,0.0643,19.2857,1.6667,0,4,66.2,0.1,1.9286,2.7,0.0,1,0.019,0.6429,1.5,0.0,0.1033,0,0.01
3,0.0,0.0,67.5,1.3333,0,2,49.0,0.2,6.75,2.475,0.0,1,0.0257,4.5,1.5,0.0,0.1322,0,0.0
3,0.0,0.045,7.5,1.6667,1,3,43.0,0.7,0.75,0.48,0.0,3,0.0084,1.05,1.5,0.0,0.0837,0,0.03
3,0.0,0.0,7.6271,1.6667,0,3,41.6,1.3,0.7627,2.5627,0.0,1,0.0087,1.9831,1.5,0.0,0.0173,1,0.0
3,0.0207,0.0,8.2759,2.0,1,2,44.8,0.9,0.8276,2.431,0.0,2,0.008,0.931,1.5,0.02,0.0161,0,0.0
3,0.0,0.18,18.0,1.3333,1,2,44.0,1.0,1.8,3.6,0.0,1,0.0082,9.0,1.5,0.0,0.0205,0,0.02
3,0.0,0.0,45.0,1.3333,0,4,44.4,0.0,4.5,1.95,0.0,1,0.0081,0.0,1.5,0.0,0.0203,0,0.0
3,0.0,0.0,4.0909,1.0,1,3,36.8,0.1,0.4091,2.1273,0.0,1,0.0098,0.4091,1.5,0.0,0.0098,1,0.0
3,0.2864,0.0409,4.0909,1.0,0,3,29.4,2.3,0.4091,2.4545,0.0,1,0.0551,9.4091,1.5,0.07,0.0184,0,0.01
3,0.0,0.0,8.0,1.0,0,2,21.0,1.3,0.8,4.42,0.0,1,0.06,2.6,1.5,0.0,0.0257,0,0.0
3,0.0,0.0,45.0,1.0,1,3,20.2,0.1,4.5,4.2,0.0,1,0.0624,1.5,1.5,0.0,0.0089,1,0.0
3,0.0,0.0,12.2727,1.0,0,3,23.4,0.1,1.2273,2.5773,0.0,1,0.0538,0.4091,1.5,0.0,0.0077,0,0.0
3,0.0,0.061,15.2542,1.0,1,2,30.8,3.7,1.5254,2.3492,0.0,1,0.0409,5.6441,1.5,0.0,0.0292,0,0.04
3,0.0,0.0,3.0,1.0,0,2,44.4,0.2,0.3,2.98,0.0,1,0.0,0.2,1.5,0.0,0.0162,0,0.0
3,0.0,0.0,3.3962,1.0,0,3,46.0,1.2,0.3396,1.2736,0.0,1,0.0,2.0377,1.5,0.0,0.0157,1,0.0
3,0.4846,0.0,13.8462,1.0,0,2,47.4,0.7,1.3846,6.6462,0.0,1,0.0266,4.8462,1.5,0.07,0.0152,0,0.0
3,0.0,0.0,20.0,1.0,1,3,44.8,0.0,2.0,6.4,0.0,1,0.0281,0.0,1.5,0.0,0.0161,0,0.0
3,0.0,0.0,22.5,1.0,1,2,37.0,0.3,2.25,1.935,0.0,1,0.0341,1.35,1.5,0.0,0.0,1,0.0
3,0.0,0.0,180.0,1.0,1,3,2.0,0.4,18.0,11.7,0.0,1,0.0,18.0,1.5,0.0,0.0,0,0.0
3,0.1612,0.4164,49.7015,5.5,0,2,34.5,12.7,4.9701,0.9806,0.0,10,0.1565,17.0597,1.5,0.12,0.4043,0,0.31
3,0.3076,0.4101,1.1392,4.0,1,3,49.3333,8.3,0.1139,0.6494,0.0,1,0.2372,9.4557,1.5,0.27,0.4074,0,0.36
3,0.0,0.0,10.0,4.0,0,3,43.75,0.4,1.0,0.6,0.0,1,0.2006,1.3333,1.5,0.0,0.3446,1,0.0
3,0.0857,0.3429,34.2857,1.0,1,3,39.2,6.2,3.4286,0.2143,0.0,1,0.1883,26.5714,1.5,0.02,0.3444,0,0.08
2,0.0,0.0305,18.3051,0.0,0,4,59.0,0.0,2.7458,3.6,0.0,0,0.0,0.0,1.5,0.0,0.0305,0,0.02
2,0.0,0.0,22.0,3.0,1,3,74.5,1.2,3.3,0.68,0.0,6,0.0,1.2,1.5,0.0,0.0121,0,0.0
2,0.0,0.01,18.0,2.6667,0,2,79.6667,1.2,2.7,0.73,0.0,2,0.0,1.2,1.5,0.0,0.0113,0,0.01
2,0.03,0.0,12.0,3.0,0,2,82.25,2.8,1.8,2.47,0.0,1,0.0082,2.8,1.5,0.03,0.0082,0,0.0
2,0.0,0.04,16.0,1.6667,1,2,83.8,2.9,2.4,1.17,0.0,2,0.0064,2.9,1.5,0.0,0.015,0,0.04
2,0.0,0.0,31.0,3.6667,0,2,90.0,2.8,4.65,1.35,0.0,8,0.006,2.8,1.5,0.0,0.01,1,0.0
2,0.0,0.0,9.0,4.0,1,2,90.0,0.7,1.35,1.71,0.0,2,0.006,0.7,1.5,0.0,0.01,0,0.0
2,0.32,0.03,20.0,6.6667,0,3,90.0,7.7,3.0,1.19,0.0,10,0.07,7.7,1.5,0.32,0.014,0,0.03
2,0.0,0.01,12.0,4.6667,1,3,90.0,1.7,1.8,1.15,0.0,2,0.064,1.7,1.5,0.0,0.016,0,0.01
2,0.07,0.11,17.0,4.6667,1,2,90.0,3.8,2.55,0.48,0.0,2,0.078,3.8,1.5,0.07,0.03,0,0.11
2,0.0,0.06,16.0,1.6667,0,4,90.0,2.8,2.4,0.41,0.0,1,0.078,2.8,1.5,0.0,0.042,0,0.06
2,0.04,0.01,16.0,1.6667,1,4,90.0,3.0,2.4,0.93,0.0,2,0.086,3.0,1.5,0.04,0.044,0,0.01
2,0.38,0.0,24.0,3.6667,0,3,90.0,6.9,3.6,2.32,0.0,8,0.098,6.9,1.5,0.38,0.038,0,0.0
2,0.0,0.04,11.0,3.3333,0,3,90.0,2.5,1.65,2.02,0.0,0,0.098,2.5,1.5,0.0,0.044,0,0.04
2,0.04,0.03,21.0,4.6667,1,2,90.0,3.4,3.15,0.83,0.0,6,0.092,3.4,1.5,0.04,0.028,0,0.03
2,0.0,0.01,25.0,4.0,1,4,90.0,1.6,3.75,1.36,0.0,6,0.092,1.6,1.5,0.0,0.018,1,0.01
2,0.0,0.1912,21.375,4.6667,0,4,88.0,5.4,3.2062,0.5738,0.0,2,0.0859,6.075,1.5,0.0,0.0511,1,0.17
2,0.0,0.0,22.5,3.0,1,3,75.6,0.4,3.375,0.2571,0.0,1,0.0095,1.2857,1.5,0.0,0.0595,1,0.0
2,0.0,0.01,12.0,1.6667,0,2,75.6,2.0,1.8,1.4,0.0,2,0.0095,2.0,1.5,0.0,0.0524,0,0.01
2,0.0,0.0,12.0,1.3333,1,4,66.6,0.8,1.8,2.06,0.0,1,0.0,1.6,1.5,0.0,0.0514,0,0.0
2,0.0,0.01,8.0,1.0,1,4,66.6,1.1,1.2,1.63,0.0,0,0.0,1.1,1.5,0.0,0.0514,0,0.01
2,0.02,0.05,14.0,1.0,0,3,68.6,2.0,2.1,2.04,0.0,2,0.0052,2.0,1.5,0.02,0.0184,0,0.05
2,0.05,0.01,25.0,2.6667,1,4,81.0,4.0,3.75,1.49,0.0,6,0.0156,4.0,1.5,0.05,0.0178,1,0.01
2,0.0,0.02,11.0,3.0,1,4,81.0,1.7,1.65,1.56,0.0,1,0.0156,1.7,1.5,0.0,0.02,0,0.02
2,0.0,0.01,21.0,4.3333,0,4,90.0,2.8,3.15,1.62,0.0,6,0.014,2.8,1.5,0.0,0.02,0,0.01
2,0.0,0.01,15.0,3.0,1,4,90.0,2.7,2.25,1.69,0.0,2,0.014,2.7,1.5,0.0,0.02,0,0.01
2,0.0,0.04,12.0,3.0,1,3,90.0,2.0,1.8,1.37,0.0,1,0.01,2.0,1.5,0.0,0.018,0,0.04
2,0.0,0.0,15.0,1.6667,0,4,90.0,1.4,2.25,2.69,0.0,2,0.0,1.4,1.5,0.0,0.016,0,0.0
2,0.01,0.01,14.0,1.3333,1,3,90.0,2.2,2.1,1.73,0.0,1,0.002,2.2,1.5,0.01,0.014,0,0.01
2,0.0,0.0184,5.5102,0.0,1,4,49.0,0.0,0.8265,0.5143,0.0,0,0.0,0.0,1.5,0.0,0.0184,0,0.01
2,0.0,0.0429,4.2857,0.0,1,2,35.0,0.7,0.6429,0.0,0.0,0,0.0,3.0,1.5,0.0,0.0257,0,0.01
3,0.0,0.0103,4.1379,2.0,0,3,87.0,0.9,0.4138,2.9793,0.0,2,0.0,0.931,1.5,0.0,0.0103,0,0.01
3,0.0237,0.0474,5.9211,2.0,0,2,81.5,1.6,0.5921,2.3921,0.0,2,0.011,1.8947,1.5,0.02,0.0276,0,0.04
3,0.2169,0.0217,-1.0843,2.0,1,3,82.0,0.9,-0.1084,0.9325,0.0,2,0.0805,0.9759,1.5,0.2,0.0256,0,0.02
3,0.0608,0.0,2.4324,1.6667,0,3,80.0,2.0,0.2432,1.1311,0.0,1,0.0759,2.4324,1.5,0.05,0.0197,0,0.0
3,0.1286,0.1286,8.5714,1.0,1,3,68.2,1.9,0.8571,0.2571,0.0,0,0.0792,8.1429,1.5,0.03,0.0264,0,0.03
3,0.0,0.1174,19.5652,0.6667,1,3,55.4,2.5,1.9565,0.0,0.0,1,0.0975,9.7826,1.5,0.0,0.039,0,0.03
3,0.0127,0.0761,2.5352,1.0,0,2,54.4,2.8,0.2535,3.638,0.0,2,0.096,3.5493,1.5,0.01,0.0463,0,0.06
3,0.1406,0.1125,5.625,1.3333,0,2,44.2,1.3,0.5625,1.1812,0.0,1,0.057,3.6562,1.5,0.05,0.0652,1,0.04
3,1.3034,0.0,62.069,3.0,1,2,35.2,6.1,6.2069,6.0828,0.0,6,0.2608,18.931,1.5,0.42,0.0818,1,0.0
3,0.1862,0.031,9.3103,2.6667,0,3,36.8,0.9,0.931,1.7069,0.0,1,0.2641,2.7931,1.5,0.06,0.0685,0,0.01
3,0.0,0.0,15.5172,2.6667,1,2,38.0,0.1,1.5517,4.2207,0.0,1,0.2558,0.3103,1.5,0.0,0.0521,0,0.0
3,0.03,0.01,7.0,1.0,0,4,41.8,2.4,0.7,3.47,0.0,1,0.2411,2.4,1.5,0.03,0.0258,0,0.01
3,0.0,0.0,6.2069,1.0,1,2,41.2,0.5,0.6207,2.2034,0.0,1,0.2228,1.5517,1.5,0.0,0.0087,0,0.0
3,0.45,0.0,30.0,1.0,1,3,36.6,0.6,3.0,0.0,0.0,1,0.059,9.0,1.5,0.03,0.0098,0,0.0
3,0.12,0.46,2.0,1.0,1,4,39.8,2.7,0.2,2.3,0.0,1,0.0543,5.4,1.5,0.06,0.1085,1,0.23
3,0.0,0.0346,6.9231,1.0,0,3,39.2,1.3,0.6923,0.2769,0.0,1,0.0551,4.5,1.5,0.0,0.1148,1,0.01
3,0.1895,0.0,4.7368,1.0,1,3,25.0,0.6,0.4737,2.4632,0.0,1,0.0936,2.8421,1.5,0.04,0.1728,0,0.0
3,0.0486,0.5838,7.2973,1.0,1,2,26.6,5.1,0.7297,0.2676,0.0,1,0.1015,12.4054,1.5,0.02,0.3248,0,0.24
3,0.2418,0.3224,20.1493,2.3333,1,3,38.8,3.7,2.0149,2.7806,0.0,5,0.1392,4.9701,1.5,0.18,0.334,0,0.24
3,0.029,0.0145,23.2258,3.6667,0,3,42.2,4.4,2.3226,3.2226,0.0,5,0.1109,6.3871,1.5,0.02,0.2133,0,0.01
3,0.4012,0.0108,21.6867,5.6667,1,3,53.6,8.6,2.1687,1.6807,0.0,7,0.2116,9.3253,1.5,0.37,0.1679,0,0.01
3,0.0,0.0828,7.2414,4.6667,0,4,67.2,2.4,0.7241,2.4621,0.0,2,0.158,2.4828,1.5,0.0,0.1554,0,0.08
3,0.7,0.125,33.75,5.6667,0,2,74.2,8.6,3.375,2.5375,0.0,8,0.2741,10.75,1.5,0.56,0.1067,1,0.1
3,0.03,0.03,0.0,4.0,1,2,78.8,1.9,0.0,1.71,0.0,2,0.2239,1.9,1.5,0.03,0.0525,0,0.03
3,0.1233,0.0,29.589,6.3333,0,3,81.0,5.5,2.9589,2.3795,0.0,9,0.2356,6.7808,1.5,0.1,0.0489,0,0.0
3,0.0,0.0243,12.1622,4.0,0,2,71.8,0.9,1.2162,0.1703,0.0,1,0.173,2.1892,1.5,0.0,0.0552,1,0.01
3,0.1595,0.0456,4.557,4.0,1,4,70.2,2.3,0.4557,0.3304,0.0,2,0.2128,2.6203,1.5,0.14,0.0462,0,0.04
3,0.0,0.0,10.0,1.6667,0,3,73.8,0.7,1.0,4.26,0.0,2,0.0659,0.7,1.5,0.0,0.0195,0,0.0
3,0.2186,0.0257,6.4286,2.0,1,2,69.8,1.7,0.6429,3.0857,0.0,2,0.1057,2.1857,1.5,0.17,0.0181,1,0.02
3,0.0,0.02,8.0,2.0,0,3,73.2,1.4,0.8,1.21,0.0,2,0.0762,1.4,1.5,0.0,0.0221,0,0.02
3,0.0419,0.0209,2.093,1.6667,1,4,83.0,2.9,0.2093,1.4965,0.0,1,0.0759,3.0349,1.5,0.04,0.0217,1,0.02
3,0.0,0.02,11.0,1.6667,0,3,85.2,1.6,1.1,3.24,0.0,2,0.0444,1.6,1.5,0.0,0.0169,0,0.02
3,0.07,0.0,1.0,1.6667,1,3,85.2,0.8,0.1,1.06,0.0,2,0.0592,0.8,1.5,0.07,0.0169,0,0.0
3,0.0,0.0,-18.0,0.0,1,2,10.0,0.0,-1.8,1.89,0.0,0,0.0,0.0,1.5,0.0,0.0,0,0.0
3,0.0,0.0375,0.0,0.0,1,4,17.0,0.3,0.0,5.5875,0.0,0,0.0,1.125,1.5,0.0,0.0265,0,0.01
3,0.9818,0.5727,8.1818,0.3333,0,4,15.0,1.5,0.8182,3.8455,0.0,1,0.24,12.2727,1.5,0.12,0.16,0,0.07
3,0.0,0.0,9.3103,0.6667,0,4,25.75,0.2,0.931,2.2034,0.0,1,0.1049,0.3103,1.5,0.0,0.0699,1,0.0
3,0.0,0.18,36.0,1.0,0,3,21.6,0.1,3.6,0.0,0.0,1,0.1,1.8,1.5,0.0,0.075,0,0.01
3,1.5568,0.0,7.2973,1.0,1,4,27.0,5.4,0.7297,0.9,0.0,1,0.5067,13.1351,1.5,0.64,0.06,0,0.0
3,0.0,0.0,-9.0,1.0,0,3,24.2,1.6,-0.9,10.26,0.0,1,0.5653,14.4,1.5,0.0,0.0595,1,0.0
3,0.0,0.0,3.6,1.6667,0,3,37.0,1.0,0.36,0.54,0.0,3,0.3114,1.2,1.5,0.0,0.0049,0,0.0
3,0.25,0.15,-15.0,1.0,1,3,29.0,1.6,-1.5,0.0,0.0,-1,0.4283,8.0,1.5,0.05,0.0248,0,0.03
3,0.0,0.0,6.8182,1.3333,0,2,41.2,0.2,0.6818,2.7818,0.0,2,0.3015,0.2727,1.5,0.0,0.0131,1,0.0
3,0.0,0.0,6.0,0.6667,0,3,42.8,1.3,0.6,1.84,0.0,1,0.021,2.6,1.5,0.0,0.0126,0,0.0
3,0.0,0.0,60.0,1.3333,0,3,41.4,0.0,6.0,12.6,0.0,1,0.0217,0.0,1.5,0.0,0.013,1,0.0
3,0.0,0.0,270.0,1.0,0,4,26.6,0.5,27.0,28.8,0.0,1,0.0338,45.0,1.5,0.0,0.0203,0,0.0
3,0.2455,0.0,24.5455,1.0,0,2,25.2,0.6,2.4545,0.0,0.0,1,0.0214,4.9091,1.5,0.03,0.0,0,0.0
3,0.3343,0.0257,-5.1429,1.0,0,3,19.0,1.5,-0.5143,0.6943,0.0,1,0.1516,3.8571,1.5,0.13,0.0095,0,0.01
2,0.0,0.1,10.0,2.0,1,3,90.0,2.0,1.5,1.5,0.0,2,0.0,2.0,1.5,0.0,0.1,1,0.1
2,0.0,0.02,18.0,1.0,0,2,90.0,3.4,2.7,3.11,0.0,0,0.0,3.4,1.5,0.0,0.06,0,0.02
2,0.0,0.38,17.0,1.3333,1,3,90.0,6.8,2.55,1.16,0.0,2,0.0,6.8,1.5,0.0,0.1667,0,0.38
2,0.07,0.14,22.0,1.0,0,2,90.0,6.8,3.3,1.24,0.0,1,0.0175,6.8,1.5,0.07,0.16,1,0.14
2,0.0,0.0105,4.186,1.3333,1,2,89.2,0.4,0.6279,1.0674,0.0,1,0.0141,0.4186,1.5,0.0,0.1312,0,0.01
2,0.0,0.01,2.0,1.0,0,3,89.2,1.4,0.3,1.04,0.0,1,0.0141,1.4,1.5,0.0,0.113,0,0.01
2,0.0117,0.0351,10.5195,1.0,1,2,86.6,2.5,1.5779,1.0403,0.0,1,0.0166,2.9221,1.5,0.01,0.1185,1,0.03
2,0.07,0.01,16.0,2.3333,1,3,86.6,1.5,2.4,0.72,0.0,5,0.0312,1.5,1.5,0.07,0.0416,0,0.01
2,0.0,0.05,-12.5,1.0,0,2,75.8,0.7,-1.875,10.375,0.0,-3,0.019,1.75,1.5,0.0,0.019,0,0.02
2,0.0,0.0101,7.0787,0.6667,1,3,76.4,0.8,1.0618,0.536,0.0,0,0.0188,0.809,1.5,0.0,0.0188,0,0.01
2,0.0,0.0303,11.1236,-0.6667,0,3,76.2,3.1,1.6685,2.0629,0.0,1,0.0189,3.1348,1.5,0.0,0.0236,0,0.03
2,0.0,0.125,11.25,0.3333,1,4,75.2,3.2,1.6875,1.525,0.0,0,0.0168,4.0,1.5,0.0,0.0407,0,0.1
2,0.06,0.01,22.0,2.3333,0,4,75.2,2.0,3.3,0.71,0.0,6,0.0144,2.0,1.5,0.06,0.0407,1,0.01
2,0.12,0.23,32.0,4.6667,1,3,86.0,6.8,4.8,1.58,0.0,8,0.0377,6.8,1.5,0.12,0.0795,0,0.23
2,0.0,0.0,6.75,5.0,1,2,76.2,0.2,1.0125,0.405,0.0,1,0.0425,0.45,1.5,0.0,0.0874,0,0.0
2,0.045,0.1125,25.875,5.0,0,3,74.4,4.6,3.8812,1.665,0.0,6,0.0532,5.175,1.5,0.04,0.1065,0,0.1
2,0.0,0.1595,13.6709,2.6667,1,4,75.8,4.5,2.0506,1.1165,0.0,1,0.0522,5.1266,1.5,0.0,0.114,0,0.14
2,0.0,0.0,5.8442,3.0,0,3,73.2,0.7,0.8766,0.9818,0.0,2,0.0393,0.8182,1.5,0.0,0.1156,1,0.0
2,0.0969,0.0,13.8462,3.0,1,4,68.2,1.5,2.0769,0.7338,0.0,6,0.029,2.0769,1.5,0.07,0.0633,1,0.0
2,0.0,0.0,180.0,3.0,0,3,60.4,0.1,27.0,18.0,0.0,1,0.0328,9.0,1.5,0.0,0.0715,1,0.0
2,0.0,0.06,18.0,2.6667,0,4,47.4,0.4,2.7,0.48,0.0,1,0.0266,2.4,1.5,0.0,0.057,0,0.01
2,0.0,0.05,10.0,1.0,0,4,35.2,0.7,1.5,0.0,0.0,1,0.0358,3.5,1.5,0.0,0.0102,0,0.01
2,0.06,0.04,18.0,2.3333,0,4,37.8,4.2,2.7,2.54,0.0,5,0.0619,4.2,1.5,0.06,0.0286,1,0.04
2,0.1427,0.022,25.2439,4.0,1,3,41.2,6.0,3.7866,0.5049,0.0,6,0.083,6.5854,1.5,0.13,0.035,1,0.02
2,0.0,0.01,0.0,3.0,0,2,59.0,1.4,0.0,2.96,0.0,-2,0.058,1.4,1.5,0.0,0.0275,0,0.01
2,0.0,0.02,20.0,3.3333,1,4,74.0,1.5,3.0,0.85,0.0,6,0.0462,1.5,1.5,0.0,0.0243,0,0.02
2,0.08,0.02,6.0,1.6667,1,4,79.4,0.8,0.9,1.54,0.0,1,0.0521,1.6,1.5,0.04,0.0227,0,0.01
2,0.0,0.02,29.0,4.6667,1,3,79.4,1.7,4.35,0.84,0.0,7,0.0385,1.7,1.5,0.0,0.0181,1,0.02
2,0.0,0.0136,25.9091,3.3333,0,3,76.2,1.5,3.8864,0.7909,0.0,2,0.0094,2.0455,1.5,0.0,0.0165,0,0.01
2,0.0,0.01,21.0,5.0,1,2,76.2,1.2,3.15,0.64,0.0,6,0.0094,1.2,1.5,0.0,0.0165,0,0.01
2,0.0,0.01,8.0,3.0,0,2,76.2,1.6,1.2,2.89,0.0,1,0.0094,1.6,1.5,0.0,0.0142,0,0.01
4,0.5803,0.0355,3.5526,2.0,0,3,76.0,4.2,0.0,1.3974,0.0,2,0.5803,4.9737,1.5,0.49,0.0355,0,0.03
4,0.45,0.33,13.0,2.0,1,2,83.0,9.7,0.0,2.27,0.0,2,0.5096,9.7,1.5,0.45,0.1952,0,0.33
4,0.1821,0.0,0.0,2.0,0,4,83.3333,1.3,0.0,1.2214,0.0,2,0.3996,1.3929,1.5,0.17,0.1296,0,0.0
4,0.81,0.02,29.0,3.3333,0,2,85.0,7.5,0.0,2.13,0.0,6,0.5082,7.5,1.5,0.81,0.1006,0,0.02
4,0.135,0.105,12.0,3.3333,1,3,80.0,3.2,0.0,2.475,0.0,2,0.4523,4.8,1.5,0.09,0.1013,0,0.07
4,0.0,0.0,5.1429,3.3333,0,2,78.8,0.5,0.0,2.2886,0.0,2,0.3472,0.6429,1.5,0.0,0.0959,0,0.0
4,0.0,0.4235,21.1765,3.0,1,3,77.8,5.9,0.0,0.8471,0.0,5,0.2476,6.2471,1.5,0.0,0.1134,0,0.4
4,0.0,0.0,3.6,3.0,1,3,76.0,0.5,0.0,1.212,0.0,2,0.2132,0.6,1.5,0.0,0.1161,0,0.0
4,0.5,0.0778,31.1111,4.6667,0,3,74.2,14.4,0.0,0.6333,0.0,7,0.131,16.0,1.5,0.45,0.131,0,0.07
4,0.31,0.04,8.0,3.6667,1,4,80.2,9.8,0.0,2.17,0.0,2,0.1706,9.8,1.5,0.31,0.1145,0,0.04
4,0.03,0.26,2.0,3.6667,0,4,84.2,3.7,0.0,1.06,0.0,2,0.1689,3.7,1.5,0.03,0.1646,0,0.26
4,0.24,0.16,15.0,3.0,1,3,85.2,7.3,0.0,0.7,0.0,5,0.2176,7.3,1.5,0.24,0.112,0,0.16
4,0.2305,0.011,29.6341,4.6667,0,4,86.6,6.9,0.0,2.261,0.0,7,0.2577,7.5732,1.5,0.21,0.1122,0,0.01
4,0.43,0.01,21.0,5.6667,0,3,88.4,9.4,0.0,2.89,0.0,5,0.2484,9.4,1.5,0.43,0.0977,0,0.01
4,0.0105,0.0942,19.8837,5.6667,1,2,87.6,5.3,0.0,0.8686,0.0,5,0.189,5.5465,1.5,0.01,0.1089,0,0.09
4,0.88,0.02,38.0,6.3333,1,3,87.6,12.1,0.0,0.79,0.0,9,0.3637,12.1,1.5,0.88,0.0596,0,0.02
4,0.17,0.17,10.0,5.3333,0,2,87.6,9.8,0.0,1.14,0.0,2,0.3493,9.8,1.5,0.17,0.0616,0,0.17
4,0.0424,0.0953,-2.1176,4.0,1,3,88.2,1.3,0.0,1.5988,0.0,1,0.3122,1.3765,1.5,0.04,0.0776,1,0.09
4,0.14,0.08,26.0,2.6667,0,2,88.2,6.8,0.0,2.16,0.0,5,0.2531,6.8,1.5,0.14,0.0918,0,0.08
4,1.0709,0.2165,58.1013,6.0,1,3,86.8,13.5,0.0,0.4557,0.0,12,0.45,15.3797,1.5,0.94,0.1141,0,0.19
4,0.94,0.16,-3.0,6.0,0,3,86.8,4.9,0.0,1.25,0.0,1,0.4624,4.9,1.5,0.94,0.1431,0,0.16
4,0.11,0.13,16.0,5.6667,1,3,86.8,7.3,0.0,2.74,0.0,4,0.45,7.3,1.5,0.11,0.1348,0,0.13
4,1.12,0.11,85.0,7.3333,0,2,87.8,19.1,0.0,1.88,0.0,17,0.6663,19.1,1.5,1.12,0.1374,0,0.11
4,0.8526,0.0947,14.2105,7.3333,1,3,73.6,4.2,0.0,2.7,0.0,1,0.8046,19.8947,1.5,0.18,0.1492,0,0.02
4,0.0,0.0,32.1429,6.3333,0,3,60.6,0.2,0.0,1.0286,0.0,1,0.698,1.2857,1.5,0.0,0.1248,0,0.0
4,0.0257,0.0771,2.5714,0.6667,1,4,49.6,1.2,0.0,2.7771,0.0,0,0.5153,3.0857,1.5,0.01,0.1052,1,0.03
4,0.624,0.036,58.8,4.3333,0,4,46.6,13.7,0.0,2.004,0.0,12,0.7069,16.44,1.5,0.52,0.0734,1,0.03
4,0.2314,0.9,5.1429,4.0,1,4,35.6,4.3,0.0,0.9,0.0,0,0.4045,11.0571,1.5,0.09,0.2174,1,0.35
4,0.012,0.024,18.0,5.6667,1,3,46.8,4.5,0.0,0.384,0.0,5,0.2423,5.4,1.5,0.01,0.1654,0,0.02
4,0.0,0.024,0.0,2.3333,0,3,59.0,1.4,0.0,3.456,0.0,2,0.1922,1.68,1.5,0.0,0.1373,0,0.02
4,0.36,0.04,24.0,4.0,1,4,70.0,10.0,0.0,2.7,0.0,5,0.252,10.0,1.5,0.36,0.1183,0,0.04
4,0.339,0.0234,0.0,3.0,0,2,70.4,2.4,0.0,5.4584,0.0,2,0.1918,2.8052,1.5,0.29,0.1151,0,0.02
3,0.0,0.08,0.0,0.0,0,3,45.0,1.6,0.0,4.26,0.0,0,0.0,3.2,1.5,0.0,0.08,0,0.04
3,0.2864,0.0,4.0909,0.5,1,3,33.5,0.1,0.4091,7.65,0.0,1,0.094,0.4091,1.5,0.07,0.0537,0,0.0
3,0.0,0.0529,10.5882,0.6667,0,3,28.0,0.0,1.0588,1.0059,0.0,1,0.075,0.0,1.5,0.0,0.0536,1,0.01
3,0.08,0.1,22.0,2.6667,1,3,43.5,6.5,2.2,1.0,0.0,6,0.0776,6.5,1.5,0.08,0.0776,1,0.1
3,0.14,0.04,15.0,3.3333,0,3,52.8,4.1,1.5,0.3,0.0,3,0.0989,4.1,1.5,0.14,0.0648,0,0.04
3,0.01,0.1,9.0,3.6667,1,2,61.8,4.3,0.9,1.73,0.0,2,0.0874,4.3,1.5,0.01,0.0728,0,0.1
3,0.63,0.21,28.0,5.0,1,3,75.4,15.2,2.8,0.57,0.0,10,0.2053,15.2,1.5,0.63,0.1098,0,0.21
3,0.0,0.15,10.0,4.6667,0,2,90.0,5.9,1.0,1.51,0.0,2,0.172,5.9,1.5,0.0,0.12,0,0.15
3,0.0424,0.0741,8.4706,4.6667,0,3,89.0,3.0,0.8471,0.9529,0.0,2,0.1658,3.1765,1.5,0.04,0.1153,0,0.07
3,0.324,0.18,12.0,2.3333,1,2,86.0,4.1,1.2,0.396,0.0,3,0.1988,4.92,1.5,0.27,0.1423,0,0.15
3,0.2333,0.0,5.5556,2.3333,0,3,84.2,3.2,0.5556,2.3556,0.0,2,0.2458,3.5556,1.5,0.21,0.124,0,0.0
3,1.58,0.13,53.0,6.6667,1,4,84.2,14.2,5.3,1.39,0.0,15,0.4489,14.2,1.5,1.58,0.1069,0,0.13
3,0.0,0.0964,9.6429,6.0,0,4,71.8,1.7,0.9643,4.0821,0.0,1,0.5265,5.4643,1.5,0.0,0.0953,0,0.03
3,0.0,0.5661,34.8387,7.3333,1,3,67.2,5.3,3.4839,0.1452,0.0,6,0.5518,7.6935,1.5,0.0,0.1875,0,0.39
3,0.98,0.08,48.0,4.3333,1,4,61.2,9.9,4.8,0.92,0.0,6,0.6706,19.8,1.5,0.49,0.1735,0,0.04
3,0.1139,0.0797,6.8354,4.6667,1,4,60.8,4.8,0.6835,1.8,0.0,2,0.6424,5.4684,1.5,0.1,0.1954,0,0.07
3,0.19,0.24,16.0,3.3333,0,3,60.8,4.8,1.6,2.19,0.0,2,0.2309,4.8,1.5,0.19,0.228,0,0.24
3,0.06,0.25,13.0,2.3333,1,3,73.2,7.7,1.3,2.15,0.0,3,0.2066,7.7,1.5,0.06,0.2434,0,0.25
3,0.18,0.15,11.0,2.3333,0,2,78.8,6.3,1.1,1.68,0.0,2,0.233,6.3,1.5,0.18,0.1713,0,0.15
3,0.4393,0.6536,27.8571,3.3333,1,2,86.6,11.2,2.7857,1.7036,0.0,5,0.1954,12.0,1.5,0.41,0.2744,0,0.61
3,0.0,0.16,14.0,2.6667,1,2,79.8,2.6,1.4,2.22,0.0,1,0.1895,5.2,1.5,0.0,0.3,0,0.08
3,0.0,0.0,17.1429,2.3333,1,4,66.0,0.5,1.7143,1.4571,0.0,1,0.1773,2.1429,1.5,0.0,0.2973,0,0.0
3,0.1286,1.9286,22.5,1.0,0,3,53.6,5.6,2.25,1.1893,0.0,1,0.2116,18.0,1.5,0.04,0.4836,1,0.6
3,0.15,0.11,13.0,1.6667,1,3,53.6,4.7,1.3,2.37,0.0,3,0.2015,4.7,1.5,0.15,0.4701,1,0.11
3,0.0,0.24,17.0,2.0,0,3,54.8,8.9,1.7,1.87,0.0,2,0.0624,8.9,1.5,0.0,0.3383,0,0.24
3,0.0947,0.4579,22.1053,2.0,0,2,57.2,6.8,2.2105,1.2632,0.0,1,0.0787,10.7368,1.5,0.06,0.3902,0,0.29
3,0.2672,0.45,16.875,2.0,1,2,65.8,3.5,1.6875,0.2672,0.0,3,0.1204,4.9219,1.5,0.19,0.4267,0,0.32
3,0.19,0.24,17.0,2.3333,0,2,78.2,7.6,1.7,0.93,0.0,3,0.1358,7.6,1.5,0.19,0.2762,0,0.24
3,0.0,0.0409,4.0909,2.3333,1,3,64.6,0.1,0.4091,1.3091,0.0,1,0.1226,0.4091,1.5,0.0,0.3065,0,0.01
3,0.0,0.0143,10.0,2.3333,0,2,59.2,0.9,1.0,0.8857,0.0,3,0.1338,1.2857,1.5,0.0,0.2645,0,0.01
3,0.0,0.0,10.0,1.6667,1,2,56.8,0.4,1.0,2.56,0.0,1,0.1204,0.8,1.5,0.0,0.1838,0,0.0
2,0.0,0.0,36.0,1.0,1,3,10.0,0.0,5.4,1.89,0.0,1,0.0,0.0,1.5,0.0,0.0,0,0.0
2,0.0,0.0,4.0,1.0,0,2,27.5,1.2,0.6,1.1,0.0,1,0.0,2.4,1.5,0.0,0.0,1,0.0
2,0.074,0.0247,9.863,1.0,1,3,42.6667,1.6,1.4795,4.0192,0.0,1,0.0422,1.9726,1.5,0.06,0.0141,1,0.02
2,0.1478,0.0,12.0896,1.0,1,2,48.75,3.2,1.8134,3.3448,0.0,1,0.0785,4.2985,1.5,0.11,0.0092,0,0.0
2,0.0,0.0,7.5,0.6667,0,2,43.8,0.4,1.125,1.4625,0.0,0,0.0699,1.5,1.5,0.0,0.0082,1,0.0
2,0.0,0.0,6.3158,0.3333,0,3,53.2,1.6,0.9474,0.6947,0.0,0,0.0575,2.5263,1.5,0.0,0.0068,0,0.0
2,0.225,0.0,101.25,0.3333,0,4,45.8,2.0,15.1875,0.0,0.0,1,0.0747,22.5,1.5,0.02,0.0079,0,0.0
2,0.0,0.0,10.1613,0.6667,1,2,43.6,0.6,1.5242,3.5274,0.0,1,0.0537,0.871,1.5,0.0,0.0,1,0.0
2,0.0127,0.0127,7.6056,1.3333,0,3,44.4,0.8,1.1408,1.5211,0.0,2,0.0122,1.0141,1.5,0.01,0.0041,0,0.01
2,0.0643,0.0161,12.8571,1.3333,0,4,50.8,2.5,1.9286,1.0607,0.0,1,0.0248,4.0179,1.5,0.04,0.0071,0,0.01
2,0.0,0.0167,6.6667,1.3333,0,3,50.2,0.3,1.0,3.1667,0.0,1,0.0251,0.5,1.5,0.0,0.0108,1,0.01
4,0.0,0.0837,1.0465,2.0,1,2,86.0,0.0,0.0,2.1035,0.0,2,0.0,0.0,1.5,0.0,0.0837,0,0.08
4,0.3,0.0333,-2.2222,2.0,0,3,83.5,2.4,0.0,1.3889,0.0,2,0.1455,2.6667,1.5,0.27,0.0593,0,0.03
4,0.0,0.09,2.0,2.0,1,2,85.6667,0.5,0.0,3.52,0.0,2,0.0946,0.5,1.5,0.0,0.07,0,0.09
4,0.0,0.42,0.0,1.6667,1,3,68.0,0.4,0.0,0.6,0.0,1,0.0893,2.4,1.5,0.0,0.0893,1,0.07
4,0.0,0.26,6.0,1.3333,1,2,63.4,2.7,0.0,5.2,0.0,1,0.0767,5.4,1.5,0.0,0.1136,0,0.13
4,0.0,0.0,45.0,1.0,1,3,47.4,0.0,0.0,1.05,0.0,1,0.1025,0.0,1.5,0.0,0.1215,0,0.0
4,0.0,0.12,8.0,1.0,0,2,40.2,2.0,0.0,2.24,0.0,1,0.0,4.0,1.5,0.0,0.1567,1,0.06
4,0.0,0.0,18.0,1.0,1,3,25.2,0.2,0.0,5.94,0.0,1,0.0,1.2,1.5,0.0,0.1857,0,0.0
4,0.045,0.0,12.0,2.0,1,2,60.0,0.0,0.0,1.44,0.0,2,0.045,0.0,1.5,0.03,0.0,0,0.0
4,0.0562,0.0225,3.375,2.0,1,3,70.0,1.6,0.0,2.8013,0.0,2,0.0514,1.8,1.5,0.05,0.0129,0,0.02
4,0.0458,0.2746,10.678,1.6667,1,3,66.3333,3.5,0.0,2.0593,0.0,1,0.0497,5.339,1.5,0.03,0.0905,0,0.18
4,0.2286,0.0143,40.0,3.6667,0,4,65.5,5.5,0.0,0.7429,0.0,8,0.0927,7.8571,1.5,0.16,0.0721,0,0.01
4,0.575,0.0125,2.5,3.6667,1,3,66.8,3.6,0.0,0.6125,0.0,2,0.1967,4.5,1.5,0.46,0.0593,0,0.01
4,0.4737,0.0,-4.7368,3.3333,0,3,66.2,2.1,0.0,3.0158,0.0,0,0.2719,3.3158,1.5,0.3,0.0598,1,0.0
4,0.3575,0.037,4.9315,1.3333,0,4,64.8,8.5,0.0,1.2329,0.0,2,0.3444,10.4795,1.5,0.29,0.0639,0,0.03
4,0.156,0.192,6.0,1.3333,0,2,68.0,2.5,0.0,3.588,0.0,2,0.3547,3.0,1.5,0.13,0.0556,0,0.16
4,0.44,0.0,4.0,1.6667,0,2,64.4,1.0,0.0,1.8,0.0,1,0.3913,2.0,1.5,0.22,0.0559,1,0.0
4,0.1753,0.0234,3.5065,1.6667,1,4,65.4,2.5,0.0,1.1338,0.0,2,0.3,2.9221,1.5,0.15,0.0578,0,0.02
4,0.0456,0.0,4.557,1.6667,0,3,69.8,1.4,0.0,2.3127,0.0,2,0.214,1.5949,1.5,0.04,0.0542,0,0.0
4,0.125,0.0625,7.5,2.0,1,2,69.6,4.6,0.0,0.475,0.0,2,0.1655,5.75,1.5,0.1,0.0595,0,0.05
4,0.2961,0.1303,47.3684,5.0,1,3,69.8,12.4,0.0,0.4263,0.0,11,0.196,14.6842,1.5,0.25,0.0464,0,0.11
4,0.1,0.01,4.0,5.0,0,2,78.8,3.6,0.0,0.83,0.0,2,0.1462,3.6,1.5,0.1,0.0434,0,0.01
4,0.1,0.0444,6.6667,5.0,0,3,79.6,4.2,0.0,1.7889,0.0,2,0.1312,4.6667,1.5,0.09,0.0475,0,0.04
4,0.04,0.09,5.0,2.0,1,2,81.8,3.7,0.0,1.34,0.0,2,0.1276,3.7,1.5,0.04,0.066,0,0.09
4,0.1025,0.0456,6.8354,2.0,0,3,83.2,2.5,0.0,1.3443,0.0,2,0.1233,2.8481,1.5,0.09,0.0627,0,0.04
4,0.0964,0.0,4.2857,2.0,1,3,84.8,0.9,0.0,1.425,0.0,2,0.087,0.9643,1.5,0.09,0.0382,0,0.0
4,0.8224,0.1862,46.5517,3.6667,0,4,78.4,11.1,0.0,1.7534,0.0,7,0.1929,17.2241,1.5,0.53,0.0666,0,0.12
4,0.3622,0.022,30.7317,6.0,1,4,78.6,8.5,0.0,0.7902,0.0,9,0.2473,9.3293,1.5,0.33,0.0618,0,0.02
4,0.3414,0.0,-6.2069,5.6667,0,2,72.2,0.7,0.0,2.1414,0.0,1,0.3141,1.0862,1.5,0.22,0.0449,0,0.0
4,0.029,0.0,8.7097,4.0,1,3,68.8,1.6,0.0,1.2194,0.0,2,0.3113,2.3226,1.5,0.02,0.0366,1,0.0
4,0.3388,0.2541,6.3529,1.6667,0,2,69.0,7.5,0.0,2.2659,0.0,2,0.3704,7.9412,1.5,0.32,0.0991,0,0.24
4,0.0,0.0,6.0,1.6667,1,3,66.4,0.9,0.0,1.9,0.0,1,0.2413,1.8,1.5,0.0,0.0705,0,0.0
4,0.0,0.0,2.5,1.3333,0,3,57.2,0.0,0.0,0.8,0.0,1,0.1762,0.0,1.5,0.0,0.0755,0,0.0
4,0.0,0.0857,17.1429,1.0,1,3,49.8,0.9,0.0,0.8571,0.0,1,0.1229,3.8571,1.5,0.0,0.094,0,0.02
4,0.144,0.036,-10.8,0.6667,1,3,42.4,3.4,0.0,1.62,0.0,0,0.1528,12.24,1.5,0.04,0.1146,0,0.01
4,0.1023,0.0,2.0455,0.6667,0,3,34.2,0.6,0.0,4.2341,0.0,1,0.0474,1.2273,1.5,0.05,0.0158,1,0.0
4,0.0,0.0,45.0,0.6667,0,3,26.4,0.3,0.0,0.6,0.0,1,0.0614,4.5,1.5,0.0,0.0205,1,0.0
4,0.0,0.0,54.0,1.0,0,3,20.2,0.2,0.0,3.06,0.0,1,0.0802,3.6,1.5,0.0,0.0267,0,0.0
4,2.5364,0.0,76.3636,3.0,0,2,22.6,6.6,0.0,2.4273,0.0,7,0.8124,18.0,1.5,0.93,0.008,1,0.0
4,0.36,0.0,36.0,3.0,1,3,18.6,0.3,0.0,6.3,0.0,1,0.9677,5.4,1.5,0.02,0.0,1,0.0
4,0.0,0.0,135.0,3.0,0,3,10.2,0.0,0.0,0.0,0.0,1,1.6765,0.0,1.5,0.0,0.0,0,0.0
4,0.5716,0.0486,-2.4324,1.3333,1,3,23.8,2.7,0.0,1.7149,0.0,2,1.0739,3.2838,1.5,0.47,0.0303,0,0.04
2,0.0,0.05,11.0,2.0,1,2,90.0,0.0,1.65,1.07,0.0,2,0.0,0.0,1.5,0.0,0.05,0,0.05
2,0.0,0.01,11.0,1.5,0,4,90.0,2.8,1.65,3.08,0.0,1,0.0,2.8,1.5,0.0,0.03,0,0.01
2,0.0,0.02,11.0,1.3333,1,3,90.0,2.5,1.65,2.06,0.0,1,0.0,2.5,1.5,0.0,0.0267,1,0.02
2,0.0,0.08,10.0,1.0,0,2,90.0,3.0,1.5,3.29,0.0,1,0.0,3.0,1.5,0.0,0.04,0,0.08
2,0.0,0.1356,17.2603,2.3333,1,3,86.6,1.1,2.589,1.4918,0.0,5,0.0,1.3562,1.5,0.0,0.0561,0,0.11
2,0.0,0.04,-1.0,1.6667,0,3,86.6,1.4,-0.15,1.87,0.0,-1,0.0,1.4,1.5,0.0,0.054,0,0.04
2,0.0768,0.011,6.5854,1.6667,1,3,85.0,1.4,0.9878,3.172,0.0,1,0.0148,1.5366,1.5,0.07,0.0551,0,0.01
2,0.0273,0.0,5.4545,0.3333,0,2,80.2,1.4,0.8182,3.0,0.0,1,0.0202,1.9091,1.5,0.02,0.0539,1,0.0
2,0.0,0.0643,7.5,1.3333,1,3,79.0,1.3,1.125,1.65,0.0,2,0.0205,1.3929,1.5,0.0,0.0501,0,0.06
2,0.1125,0.0,56.25,1.3333,1,2,66.0,0.4,8.4375,6.75,0.0,1,0.0273,4.5,1.5,0.01,0.03,0,0.0
2,0.0,0.02,9.0,0.6667,0,3,66.0,1.7,1.35,1.88,0.0,-1,0.0273,1.7,1.5,0.0,0.0245,0,0.02
2,0.16,0.14,8.0,0.3333,0,4,58.6,3.8,1.2,1.52,0.0,1,0.0338,7.6,1.5,0.08,0.0461,0,0.07
2,0.0,0.0329,28.5366,1.6667,1,3,61.8,4.6,4.2805,0.6695,0.0,5,0.0262,5.0488,1.5,0.0,0.0524,0,0.03
2,0.0,0.01,18.0,4.0,0,4,63.0,0.8,2.7,0.84,0.0,6,0.0257,0.8,1.5,0.0,0.0371,0,0.01
2,0.0,0.01,24.0,5.6667,0,2,79.4,2.6,3.6,1.16,0.0,6,0.0181,2.6,1.5,0.0,0.0317,1,0.01
2,0.0,0.0,22.5,4.3333,0,2,63.8,0.7,3.375,0.225,0.0,1,0.0226,5.25,1.5,0.0,0.0339,0,0.0
2,0.0,0.0,38.5714,2.6667,1,3,56.2,0.2,5.7857,0.2571,0.0,1,0.0,2.5714,1.5,0.0,0.016,0,0.0
2,0.0,0.06,6.0,1.0,0,3,48.8,1.3,0.9,1.28,0.0,1,0.0,2.6,1.5,0.0,0.0184,0,0.03
2,0.1241,0.0103,13.4483,1.3333,1,3,48.2,5.3,2.0172,1.6966,0.0,2,0.0448,5.4828,1.5,0.12,0.0187,0,0.01
2,0.0,0.0102,25.5682,3.0,0,2,47.8,2.9,3.8352,1.5239,0.0,6,0.0452,2.9659,1.5,0.0,0.0188,0,0.01
2,0.14,0.12,16.0,2.6667,1,2,54.4,3.1,2.4,1.94,0.0,0,0.0629,6.2,1.5,0.07,0.0364,1,0.06
2,0.0,0.0,23.2258,4.0,1,3,65.4,0.1,3.4839,0.5806,0.0,6,0.0523,0.1452,1.5,0.0,0.0303,1,0.0
2,0.1,0.1333,23.3333,2.3333,1,2,61.8,3.8,3.5,0.0667,0.0,1,0.0641,12.6667,1.5,0.03,0.035,0,0.04
2,0.0,0.0,9.5294,3.0,0,3,61.4,0.7,1.4294,0.9424,0.0,2,0.0293,0.7412,1.5,0.0,0.0322,0,0.0
2,0.68,0.1,8.0,1.3333,1,2,61.8,6.7,1.2,1.18,0.0,1,0.2272,6.7,1.5,0.68,0.0583,0,0.1
2,0.03,0.02,19.0,2.3333,0,3,70.8,3.4,2.85,2.35,0.0,4,0.1881,3.4,1.5,0.03,0.0407,0,0.02
2,0.2423,0.0115,11.5385,2.6667,0,4,74.0,3.4,1.7308,0.9231,0.0,3,0.2311,3.9231,1.5,0.21,0.0414,0,0.01
2,0.0,0.26,7.0,2.3333,0,3,86.6,4.0,1.05,0.99,0.0,0,0.1912,4.0,1.5,0.0,0.0811,0,0.26
1,0.0,0.0,22.0,2.0,1,3,90.0,0.0,0.0,2.21,5.0,2,0.0,0.0,1.5,0.0,0.0,0,0.0
1,0.0,0.0,15.0,2.0,1,4,90.0,2.8,0.0,2.51,3.0,2,0.0,2.8,1.5,0.0,0.0,0,0.0
1,0.0,0.0,21.0,1.6667,1,3,90.0,4.2,0.0,2.27,5.0,1,0.0,4.2,1.5,0.0,0.0,0,0.0
1,0.0,0.0,16.0,1.6667,0,4,90.0,1.8,0.0,0.72,3.0,2,0.0,1.8,1.5,0.0,0.0,0,0.0
1,0.0,0.0,20.0,2.0,1,3,90.0,3.1,0.0,0.91,3.0,3,0.0,3.1,1.5,0.0,0.0,0,0.0
1,0.0,0.0,22.0,2.6667,0,3,90.0,3.7,0.0,3.19,6.0,3,0.0,3.7,1.5,0.0,0.0,0,0.0
1,0.0,0.0,12.0,2.6667,0,2,90.0,1.3,0.0,1.31,1.0,2,0.0,1.3,1.5,0.0,0.0,0,0.0
1,0.0,0.0,18.0,1.6667,1,3,90.0,2.4,0.0,1.58,2.0,0,0.0,2.4,1.5,0.0,0.0,0,0.0
1,0.0,0.0,25.0,1.6667,0,2,90.0,4.8,0.0,3.24,6.0,3,0.0,4.8,1.5,0.0,0.0,1,0.0
1,0.0,0.0,24.0,1.6667,0,2,90.0,3.8,0.0,1.08,4.0,2,0.0,3.8,1.5,0.0,0.0,0,0.0
1,0.0,0.0,13.0,2.0,1,2,90.0,1.3,0.0,1.32,1.0,1,0.0,1.3,1.5,0.0,0.0,1,0.0
1,0.0,0.0,15.0,1.6667,0,3,90.0,2.9,0.0,2.03,3.0,2,0.0,2.9,1.5,0.0,0.0,0,0.0
1,0.0,0.0,14.0,1.3333,1,3,90.0,2.4,0.0,1.03,2.0,1,0.0,2.4,1.5,0.0,0.0,0,0.0
1,0.0,0.0,29.0,3.3333,1,2,90.0,2.8,0.0,0.39,3.0,7,0.0,2.8,1.5,0.0,0.0,1,0.0
1,0.0,0.0,14.0,3.6667,0,2,90.0,2.2,0.0,0.83,3.0,3,0.0,2.2,1.5,0.0,0.0,0,0.0
1,0.0,0.0,29.0,5.6667,0,3,90.0,7.9,0.0,2.72,10.0,7,0.0,7.9,1.5,0.0,0.0,0,0.0
1,0.0,0.0,23.0,4.0,1,3,90.0,3.8,0.0,1.34,4.0,2,0.0,3.8,1.5,0.0,0.0,0,0.0
1,0.0,0.0,32.0,6.0,0,3,90.0,3.9,0.0,1.38,5.0,9,0.0,3.9,1.5,0.0,0.0,1,0.0
1,0.0,0.0,27.0,4.6667,1,3,90.0,6.0,0.0,1.69,8.0,3,0.0,6.0,1.5,0.0,0.0,0,0.0
1,0.0,0.01,18.0,4.6667,0,2,90.0,2.8,0.0,3.15,4.0,2,0.0,2.8,1.5,0.0,0.002,0,0.01
1,0.0,0.01,14.0,2.3333,1,3,90.0,2.6,0.0,0.85,4.0,2,0.0,2.6,1.5,0.0,0.004,0,0.01
1,0.0,0.0,12.0,1.6667,0,2,90.0,1.7,0.0,1.75,1.0,1,0.0,1.7,1.5,0.0,0.004,0,0.0
1,0.0,0.0,23.0,1.6667,1,4,90.0,4.6,0.0,1.28,5.0,2,0.0,4.6,1.5,0.0,0.004,0,0.0
1,0.0,0.01,25.0,2.3333,0,3,90.0,6.0,0.0,2.86,7.0,4,0.0,6.0,1.5,0.0,0.006,0,0.01
1,0.0,0.01,12.0,2.0,1,3,90.0,1.7,0.0,2.42,2.0,0,0.0,1.7,1.5,0.0,0.006,0,0.01
1,0.0,0.0,15.0,2.0,0,3,90.0,2.3,0.0,2.39,3.0,2,0.0,2.3,1.5,0.0,0.004,0,0.0
1,0.0,0.0,10.0,1.0,1,3,90.0,1.9,0.0,1.1,1.0,1,0.0,1.9,1.5,0.0,0.004,0,0.0
1,0.0,0.0,13.0,1.3333,0,4,90.0,1.8,0.0,1.82,2.0,1,0.0,1.8,1.5,0.0,0.004,0,0.0
1,0.0,0.0,32.0,9.0,1,3,90.0,0.0,0.0,2.27,6.0,9,0.0,0.0,1.5,0.0,0.0,1,0.0
1,0.0,0.0,19.0,5.5,0,3,90.0,4.0,0.0,1.8,5.0,2,0.0,4.0,1.5,0.0,0.0,0,0.0
1,0.0,0.0,8.0,3.6667,1,3,90.0,1.4,0.0,1.24,2.0,0,0.0,1.4,1.5,0.0,0.0,0,0.0
1,0.0,0.0,10.0,0.6667,0,2,90.0,2.2,0.0,2.27,2.0,0,0.0,2.2,1.5,0.0,0.0,0,0.0
1,0.0,0.0,18.0,0.6667,1,3,90.0,4.1,0.0,1.89,5.0,2,0.0,4.1,1.5,0.0,0.0,0,0.0
1,0.0,0.0,28.0,3.0,0,3,90.0,3.2,0.0,1.12,4.0,7,0.0,3.2,1.5,0.0,0.0,0,0.0
1,0.0,0.0,16.0,3.6667,1,4,90.0,1.0,0.0,0.81,1.0,2,0.0,1.0,1.5,0.0,0.0,0,0.0
1,0.0,0.01,11.0,3.6667,1,2,90.0,1.6,0.0,0.95,2.0,2,0.0,1.6,1.5,0.0,0.002,0,0.01
1,0.0,0.0,18.0,2.3333,0,4,90.0,3.2,0.0,1.38,5.0,3,0.0,3.2,1.5,0.0,0.002,0,0.0
1,0.0,0.0,20.0,2.3333,1,2,90.0,4.9,0.0,3.94,7.0,2,0.0,4.9,1.5,0.0,0.002,0,0.0
1,0.0,0.0,24.0,3.6667,0,4,90.0,1.6,0.0,1.01,2.0,6,0.0,1.6,1.5,0.0,0.002,0,0.0
1,0.0,0.0,29.0,5.3333,1,3,90.0,2.3,0.0,0.42,4.0,8,0.0,2.3,1.5,0.0,0.002,1,0.0
1,0.0,0.0,33.0,7.6667,0,2,90.0,5.1,0.0,2.73,6.0,9,0.0,5.1,1.5,0.0,0.0,0,0.0
1,0.0,0.0,18.0,6.6667,0,3,90.0,2.4,0.0,2.65,3.0,3,0.0,2.4,1.5,0.0,0.0,0,0.0
1,0.0,0.0,11.0,4.6667,1,2,90.0,1.5,0.0,1.4,2.0,2,0.0,1.5,1.5,0.0,0.0,0,0.0
1,0.0,0.0,14.0,2.0,1,3,90.0,1.7,0.0,1.48,1.0,1,0.0,1.7,1.5,0.0,0.0,0,0.0
1,0.0,0.0,37.0,4.3333,0,3,90.0,5.8,0.0,2.35,8.0,10,0.0,5.8,1.5,0.0,0.0,0,0.0
1,0.0,0.0,16.0,4.3333,0,3,90.0,3.2,0.0,1.36,3.0,2,0.0,3.2,1.5,0.0,0.0,0,0.0
1,0.0,0.01,14.0,4.3333,1,2,90.0,3.6,0.0,1.68,1.0,1,0.0,3.6,1.5,0.0,0.002,1,0.01
1,0.0,0.01,12.0,1.3333,0,3,90.0,0.5,0.0,0.74,0.0,1,0.0,0.5,1.5,0.0,0.004,0,0.01
1,0.0,0.0,15.0,1.3333,1,3,90.0,2.3,0.0,1.36,3.0,2,0.0,2.3,1.5,0.0,0.004,0,0.0
1,0.0,0.0,11.0,1.3333,0,2,90.0,2.0,0.0,2.1,3.0,1,0.0,2.0,1.5,0.0,0.004,0,0.0
1,0.0,0.0,29.0,3.6667,1,4,90.0,3.2,0.0,1.69,4.0,8,0.0,3.2,1.5,0.0,0.004,0,0.0
1,0.0,0.0,27.0,4.3333,0,2,90.0,6.0,0.0,2.49,8.0,4,0.0,6.0,1.5,0.0,0.002,0,0.0
1,0.0,0.01,15.0,5.0,0,2,90.0,2.1,0.0,1.74,3.0,3,0.0,2.1,1.5,0.0,0.002,0,0.01
1,0.0,0.0,13.0,3.0,1,4,90.0,2.1,0.0,1.11,3.0,2,0.0,2.1,1.5,0.0,0.002,0,0.0
1,0.0,0.01,22.0,2.3333,0,3,90.0,4.5,0.0,3.32,5.0,2,0.0,4.5,1.5,0.0,0.004,0,0.01
1,0.0,0.01,34.0,5.0,1,3,90.0,5.8,0.0,1.48,6.0,11,0.0,5.8,1.5,0.0,0.006,0,0.01
1,0.0,0.0,17.0,5.3333,0,3,90.0,3.1,0.0,2.6,4.0,3,0.0,3.1,1.5,0.0,0.006,1,0.0
1,0.0,0.0,22.0,5.3333,0,2,90.0,4.8,0.0,3.04,6.0,2,0.0,4.8,1.5,0.0,0.004,0,0.0
1,0.0,0.0,18.0,2.3333,1,4,90.0,3.8,0.0,3.59,6.0,2,0.0,3.8,1.5,0.0,0.004,0,0.0
1,0.0,0.0,14.0,2.0,0,3,90.0,2.9,0.0,1.75,3.0,2,0.0,2.9,1.5,0.0,0.002,0,0.0
1,0.0,0.01,9.0,1.6667,1,3,90.0,1.5,0.0,0.77,2.0,1,0.0,1.5,1.5,0.0,0.002,0,0.01
1,0.0,0.01,17.0,2.3333,1,2,90.0,3.9,0.0,2.06,6.0,4,0.0,3.9,1.5,0.0,0.004,0,0.01
1,0.0,0.0,23.0,2.3333,0,3,90.0,4.7,0.0,1.47,6.0,2,0.0,4.7,1.5,0.0,0.004,0,0.0
1,0.0,0.0,19.0,3.0,1,3,90.0,3.2,0.0,1.71,5.0,3,0.0,3.2,1.5,0.0,0.004,1,0.0
1,0.0,0.0,19.0,2.3333,1,4,90.0,4.1,0.0,2.32,5.0,2,0.0,4.1,1.5,0.0,0.004,0,0.0
1,0.0,0.0,29.0,4.0,0,3,90.0,2.1,0.0,1.55,2.0,7,0.0,2.1,1.5,0.0,0.002,0,0.0
2,0.36,0.15,12.0,0.0,1,2,30.0,2.5,1.8,2.67,0.0,0,0.36,7.5,1.5,0.12,0.15,0,0.05
2,0.0,0.0,4.0,0.5,0,3,37.5,0.8,0.6,3.28,0.0,1,0.144,1.6,1.5,0.0,0.06,0,0.0
2,0.0,0.0,16.875,0.6667,1,4,30.3333,0.8,2.5312,0.7875,0.0,1,0.1187,4.5,1.5,0.0,0.0495,0,0.0
2,0.0,0.0,10.0,1.0,1,2,34.0,0.6,1.5,2.2,0.0,1,0.0794,1.2,1.5,0.0,0.0331,1,0.0
2,0.0,0.28,13.0,1.3333,0,3,45.2,6.9,1.95,0.61,0.0,2,0.0478,6.9,1.5,0.0,0.1314,0,0.28
2,0.0,0.0,-7.8261,1.0,1,3,43.8,0.0,-1.1739,0.9391,0.0,0,0.0,0.0,1.5,0.0,0.1151,1,0.0
2,0.1648,0.1394,8.8732,1.0,0,3,49.0,4.0,1.331,2.5099,0.0,1,0.0478,5.0704,1.5,0.13,0.1433,0,0.11
2,0.0,0.0321,16.0714,0.6667,0,3,51.4,1.5,2.4107,4.2107,0.0,1,0.0455,4.8214,1.5,0.0,0.1401,1,0.01
2,0.0,0.0,270.0,1.0,1,3,42.6,0.1,40.5,0.0,0.0,1,0.0549,9.0,1.5,0.0,0.169,0,0.0
2,0.0,0.0429,8.5714,1.0,1,3,28.8,0.2,1.2857,2.0571,0.0,1,0.0812,0.8571,1.5,0.0,0.0812,1,0.01
2,0.0,0.09,27.0,1.0,0,4,26.2,0.3,4.05,0.81,0.0,1,0.0893,2.7,1.5,0.0,0.0962,0,0.01
2,6.75,0.0,405.0,3.3333,1,4,12.8,5.2,60.75,12.15,0.0,8,0.4219,117.0,1.5,0.3,0.0422,0,0.0
2,0.0,0.0,27.6923,3.3333,0,3,12.4,0.9,4.1538,0.1731,0.0,1,0.4355,3.1154,1.5,0.0,0.029,1,0.0
2,0.0,0.18,36.0,3.3333,1,4,13.2,0.4,5.4,1.08,0.0,1,0.4091,7.2,1.5,0.0,0.0409,0,0.01
2,0.0,0.0,19.0,2.6667,0,3,27.0,2.0,2.85,1.25,0.0,6,0.2,2.0,1.5,0.0,0.0133,1,0.0
2,0.0,0.017,11.8868,2.3333,1,3,35.6,2.8,1.783,2.1226,0.0,0,0.1517,4.7547,1.5,0.0,0.0101,1,0.01
2,0.0,0.0,270.0,2.3333,0,4,35.0,0.2,40.5,18.9,0.0,1,0.0,18.0,1.5,0.0,0.0103,1,0.0
2,0.5143,0.3857,25.7143,0.6667,1,2,31.2,0.5,3.8571,0.0,0.0,1,0.0231,6.4286,1.5,0.04,0.0288,0,0.03
2,0.0,0.0,180.0,1.0,0,4,30.4,0.0,27.0,53.1,0.0,1,0.0237,0.0,1.5,0.0,0.0237,0,0.0
2,0.0,0.0,270.0,1.0,1,2,12.6,0.2,40.5,1.8,0.0,1,0.0571,18.0,1.5,0.0,0.0571,0,0.0
2,0.0,0.0,20.7692,1.0,1,4,4.6,0.5,3.1154,10.4538,0.0,1,0.1565,3.4615,1.5,0.0,0.1174,0,0.0
2,1.05,0.15,0.0,1.0,0,4,5.6,2.3,0.0,0.3,0.0,1,0.3536,34.5,1.5,0.07,0.1286,0,0.01
2,0.08,0.2,10.0,1.3333,0,3,22.2,3.3,1.5,0.98,0.0,2,0.1216,3.3,1.5,0.08,0.1703,0,0.2
2,0.0,0.0314,11.5116,1.3333,1,3,39.2,4.3,1.7267,1.1302,0.0,1,0.0689,4.5,1.5,0.0,0.1102,0,0.03
2,0.0,0.031,4.6552,1.0,0,3,50.6,0.7,0.6983,2.3741,0.0,0,0.0534,1.0862,1.5,0.0,0.0925,1,0.02
2,0.0,0.0365,12.1622,1.0,1,3,62.8,1.7,1.8243,0.9973,0.0,2,0.043,2.0676,1.5,0.0,0.0831,1,0.03
2,0.08,0.04,-4.0,0.6667,1,4,70.6,2.3,-0.6,1.42,0.0,0,0.0306,4.6,1.5,0.04,0.0765,0,0.02
2,0.0,0.01,22.0,1.3333,1,4,70.6,3.2,3.3,0.59,0.0,2,0.0102,3.2,1.5,0.0,0.028,0,0.01
2,0.1269,0.0231,18.4615,1.0,1,2,69.0,3.4,2.7692,3.1154,0.0,1,0.0391,3.9231,1.5,0.11,0.0261,1,0.02
2,0.0,0.0,12.8571,1.3333,0,2,63.0,1.3,1.9286,2.475,0.0,1,0.0429,4.1786,1.5,0.0,0.0229,0,0.0
3,0.3767,0.1151,27.2093,7.0,0,2,86.0,0.0,2.7209,2.9302,0.0,7,0.3767,0.0,1.5,0.36,0.1151,0,0.11
3,0.4857,0.2571,11.4286,5.0,1,4,74.5,7.1,1.1429,0.9143,0.0,3,0.4228,10.1429,1.5,0.34,0.1752,0,0.18
3,0.225,0.125,52.5,7.3333,0,4,73.6667,10.1,5.25,0.35,0.0,12,0.3584,12.625,1.5,0.18,0.1588,0,0.1
3,0.09,0.08,5.0,5.6667,0,2,77.75,2.7,0.5,2.47,0.0,2,0.2807,2.7,1.5,0.09,0.136,0,0.08
3,0.11,0.34,21.0,6.3333,1,3,80.2,6.9,2.1,1.17,0.0,5,0.2424,6.9,1.5,0.11,0.1818,0,0.34
3,0.2025,0.0562,0.0,3.3333,0,4,79.0,4.1,0.0,1.305,0.0,3,0.2051,4.6125,1.5,0.18,0.1709,0,0.05
3,0.4846,0.0462,27.6923,5.3333,1,3,82.0,9.5,2.7692,1.8577,0.0,8,0.2151,10.9615,1.5,0.42,0.1339,0,0.04
3,0.0,0.1033,14.7541,4.3333,0,3,79.8,1.9,1.4754,0.6197,0.0,2,0.1805,2.8033,1.5,0.0,0.1308,0,0.07
3,0.0429,0.5786,13.9286,4.0,1,4,78.6,6.9,1.3929,1.2,0.0,2,0.1718,7.3929,1.5,0.04,0.2382,1,0.54
3,0.3135,0.3236,37.4157,5.6667,1,2,78.4,8.5,3.7416,0.1719,0.0,13,0.2181,8.5955,1.5,0.31,0.2342,0,0.32
3,0.05,0.25,7.0,5.6667,0,3,80.4,10.2,0.7,0.41,0.0,2,0.1836,10.2,1.5,0.05,0.2731,0,0.25
3,1.018,0.2508,8.8525,7.0,1,3,77.0,4.4,0.8852,0.5459,0.0,6,0.2548,6.4918,1.5,0.69,0.3156,0,0.17
3,0.2,0.06,6.0,3.0,0,2,73.8,2.8,0.6,2.36,0.0,1,0.2902,5.6,1.5,0.1,0.3195,0,0.03
3,0.0,0.5062,56.25,3.6667,0,3,60.2,3.2,5.625,0.8438,0.0,4,0.3439,18.0,1.5,0.0,0.2571,0,0.09
3,0.0,0.0,90.0,2.0,1,2,43.4,0.5,9.0,0.0,0.0,1,0.3484,9.0,1.5,0.0,0.224,0,0.0
3,0.0,0.18,8.0,2.0,1,3,34.4,3.2,0.8,1.28,0.0,1,0.4134,6.4,1.5,0.0,0.1988,1,0.09
3,0.0703,0.0984,8.4375,1.3333,0,4,35.0,2.2,0.8438,0.7172,0.0,2,0.0771,3.0938,1.5,0.05,0.144,1,0.07
3,0.1233,0.0493,2.4658,2.0,1,2,40.6,4.9,0.2466,0.0,0.0,3,0.0665,6.0411,1.5,0.1,0.1286,0,0.04
3,0.0,0.0,20.7692,2.0,0,3,40.0,0.4,2.0769,1.2462,0.0,1,0.0675,2.7692,1.5,0.0,0.09,1,0.0
3,1.4111,0.0889,22.2222,3.6667,1,2,55.2,9.5,2.2222,1.0889,0.0,7,0.463,10.5556,1.5,1.27,0.0913,1,0.08
3,0.0714,0.0571,10.0,3.6667,0,3,58.8,5.5,1.0,1.5,0.0,3,0.45,7.8571,1.5,0.05,0.0704,0,0.04
3,0.4935,0.0435,2.9032,4.0,1,3,58.4,2.6,0.2903,2.5694,0.0,2,0.5425,3.7742,1.5,0.34,0.0586,0,0.03
3,0.66,0.24,18.0,2.0,0,3,49.8,5.3,1.8,3.06,0.0,1,0.6795,15.9,1.5,0.22,0.0831,0,0.08
3,0.54,0.108,-10.8,1.0,1,4,52.2,2.8,-1.08,1.44,0.0,0,0.7,10.08,1.5,0.15,0.0897,0,0.03
3,0.0,0.0,20.0,0.6667,0,3,37.8,0.0,2.0,5.7,0.0,1,0.3619,0.0,1.5,0.0,0.0857,0,0.0
3,0.0,7.2,270.0,0.6667,1,2,25.4,0.2,27.0,0.0,0.0,1,0.5031,18.0,1.5,0.0,0.1559,0,0.08
3,0.0,1.3909,139.0909,2.0,0,2,15.2,3.7,13.9091,1.0636,0.0,4,0.4382,30.2727,1.5,0.0,0.4263,0,0.17
3,0.1406,0.0,2.8125,2.0,1,2,15.6,0.5,0.2812,1.9125,0.0,1,0.2308,1.4062,1.5,0.05,0.3231,1,0.0
3,0.1,0.5,36.0,3.0,0,4,19.6,6.9,3.6,1.58,0.0,4,0.0918,13.8,1.5,0.05,0.4592,0,0.25
3,0.0724,0.0931,36.2069,6.3333,1,4,35.2,9.2,3.6207,1.4276,0.0,14,0.0869,9.5172,1.5,0.07,0.3017,0,0.09
3,0.0726,0.0726,15.9677,6.6667,0,4,47.4,2.6,1.5968,3.3097,0.0,2,0.0835,3.7742,1.5,0.05,0.2127,0,0.05
3,0.0,0.0,270.0,5.6667,1,2,45.4,0.1,27.0,0.0,0.0,1,0.0872,9.0,1.5,0.0,0.1546,0,0.0
3,0.06,0.015,16.5,2.0,0,4,51.0,0.7,1.65,2.28,0.0,3,0.0741,1.05,1.5,0.04,0.1412,0,0.01
3,0.79,0.31,34.0,4.3333,1,3,60.0,11.5,3.4,1.37,0.0,9,0.285,11.5,1.5,0.79,0.138,0,0.31
3,0.0,0.0161,1.6071,4.3333,1,3,53.8,0.0,0.1607,1.7196,0.0,1,0.2944,0.0,1.5,0.0,0.1271,0,0.01
3,0.05,0.0,7.5,4.3333,0,2,55.8,2.9,0.75,1.5625,0.0,3,0.2806,3.625,1.5,0.04,0.1065,0,0.0
3,0.63,0.43,25.0,3.0,1,2,73.6,12.3,2.5,1.73,0.0,5,0.3668,12.3,1.5,0.63,0.1859,1,0.43
3,0.6593,0.0105,-2.093,3.3333,0,2,78.8,4.2,-0.2093,2.5953,0.0,2,0.4774,4.3953,1.5,0.63,0.1736,0,0.01
3,0.0,0.0,270.0,1.0,1,2,1.0,0.0,27.0,10.8,0.0,1,0.0,0.0,1.5,0.0,0.0,0,0.0
3,0.0,0.0409,8.1818,1.0,1,3,11.5,0.5,0.8182,1.2273,0.0,1,0.0,2.0455,1.5,0.0,0.0391,0,0.01
3,0.0,0.75,15.0,1.0,1,2,17.6667,2.4,1.5,2.76,0.0,1,0.0,7.2,1.5,0.0,0.4415,0,0.25
3,0.0,0.0,25.7143,1.0,0,3,16.75,0.5,2.5714,1.6071,0.0,1,0.0,3.2143,1.5,0.0,0.3493,0,0.0
3,0.0,0.0,30.0,1.0,0,3,15.2,0.0,3.0,0.1,0.0,1,0.0,0.0,1.5,0.0,0.3079,0,0.0
3,0.0,0.225,30.0,1.0,1,4,17.4,1.7,3.0,2.625,0.0,1,0.0,12.75,1.5,0.0,0.3,0,0.03
3,0.2077,0.3462,27.6923,1.0,1,2,15.6,2.3,2.7692,0.2077,0.0,1,0.0346,15.9231,1.5,0.03,0.3808,0,0.05
3,0.0,0.0,270.0,1.0,0,2,9.8,0.1,27.0,0.0,0.0,1,0.0551,9.0,1.5,0.0,0.1469,0,0.0
3,0.0,0.0,22.5,0.6667,0,4,9.4,1.4,2.25,8.325,0.0,0,0.0574,10.5,1.5,0.0,0.1532,0,0.0
3,0.0,0.0,60.0,0.6667,1,2,8.2,0.0,6.0,8.1,0.0,1,0.0659,0.0,1.5,0.0,0.1756,0,0.0
3,0.0,0.09,18.0,0.6667,0,3,7.8,0.2,1.8,1.8,0.0,1,0.0692,1.8,1.5,0.0,0.1385,0,0.01
3,0.0,0.36,54.0,1.0,1,4,6.2,0.3,5.4,6.48,0.0,1,0.0,5.4,1.5,0.0,0.0871,0,0.02
3,0.0,0.05,10.0,1.0,1,3,18.0,1.8,1.0,5.9,0.0,1,0.0,9.0,1.5,0.0,0.05,0,0.01
3,0.2942,0.2077,5.1923,1.0,0,4,35.0,4.2,0.5192,1.7135,0.0,1,0.2186,7.2692,1.5,0.17,0.1671,0,0.12
3,0.39,0.01,-6.0,1.3333,1,2,53.3333,5.4,-0.6,0.88,0.0,2,0.315,5.4,1.5,0.39,0.0787,0,0.01
3,1.18,0.02,22.0,3.3333,0,2,62.5,13.4,2.2,1.24,0.0,7,0.6264,13.4,1.5,1.18,0.0576,0,0.02
3,0.06,0.01,8.0,3.6667,1,3,68.0,1.7,0.8,1.02,0.0,2,0.4765,1.7,1.5,0.06,0.045,0,0.01
3,0.0,0.0,6.9231,3.3333,0,2,67.0,0.3,0.6923,0.9,0.0,1,0.4836,2.0769,1.5,0.0,0.043,0,0.0
3,0.0,0.15,30.0,1.3333,1,3,57.8,0.3,3.0,0.0,0.0,1,0.5076,4.5,1.5,0.0,0.0156,0,0.01
3,0.0,0.0,45.0,1.0,0,3,41.8,0.2,4.5,5.58,0.0,1,0.534,1.8,1.5,0.0,0.0172,0,0.0
3,0.0,0.0529,15.8824,1.0,1,3,27.2,2.8,1.5882,5.1353,0.0,1,0.0397,14.8235,1.5,0.0,0.0199,0,0.01
3,1.9125,0.0,-15.0,1.0,0,3,14.0,7.1,-1.5,0.7875,0.0,1,0.6557,26.625,1.5,0.51,0.0257,1,0.0
3,0.0,0.0,18.0,1.0,1,3,13.4,0.0,1.8,3.6,0.0,1,0.6851,0.0,1.5,0.0,0.0269,0,0.0
3,0.0,0.1125,22.5,1.0,0,2,15.4,0.3,2.25,0.6188,0.0,1,0.5961,1.6875,1.5,0.0,0.0351,0,0.02
3,0.2323,0.2903,11.6129,1.6667,1,3,25.8,2.7,1.1613,0.6097,0.0,3,0.4674,3.9194,1.5,0.16,0.1605,0,0.2
3,0.1618,0.0101,3.0337,2.3333,0,3,40.2,2.2,0.3034,1.5876,0.0,3,0.3716,2.2247,1.5,0.16,0.103,0,0.01
2,0.0286,0.3714,12.8571,1.0,0,3,63.0,2.2,1.9286,2.2143,0.0,1,0.0286,3.1429,1.5,0.02,0.3714,0,0.26
2,0.0391,0.0,9.1304,1.0,0,4,66.0,1.1,1.3696,1.9826,0.0,1,0.0341,1.4348,1.5,0.03,0.1773,0,0.0
2,0.0,0.1421,23.6842,1.0,1,4,50.3333,0.9,3.5526,0.9474,0.0,1,0.0298,4.2632,1.5,0.0,0.1728,0,0.03
2,0.03,0.37,17.0,1.3333,0,4,60.25,7.7,2.55,0.98,0.0,2,0.0299,7.7,1.5,0.03,0.2465,1,0.37
2,0.0536,0.0107,15.0,2.6667,1,2,65.0,1.5,2.25,0.6321,0.0,5,0.036,1.6071,1.5,0.05,0.1855,0,0.01
2,0.0,0.0,10.0,2.6667,0,3,70.4,2.6,1.5,2.9,0.0,1,0.0281,2.6,1.5,0.0,0.1048,0,0.0
2,0.0,0.1623,19.1803,2.6667,1,4,68.8,2.8,2.877,1.4459,0.0,2,0.0209,4.1311,1.5,0.0,0.136,0,0.11
2,0.0,0.0257,12.8571,1.3333,0,3,72.0,2.0,1.9286,1.26,0.0,1,0.02,5.1429,1.5,0.0,0.125,0,0.01
2,0.0,0.0,1.0,1.0,0,3,72.0,0.3,0.15,2.39,0.0,0,0.0125,0.3,1.5,0.0,0.0325,0,0.0
2,0.09,0.25,23.0,3.0,1,3,73.2,7.3,3.45,3.04,0.0,8,0.0221,7.3,1.5,0.09,0.091,0,0.25
2,0.0,0.157,4.186,3.0,0,3,72.4,4.3,0.6279,2.1035,0.0,1,0.0224,4.5,1.5,0.0,0.1293,1,0.15
2,0.0,0.0,11.0,3.3333,0,2,78.2,1.7,1.65,3.47,0.0,1,0.0207,1.7,1.5,0.0,0.0944,0,0.0
2,0.0,0.0,9.0,0.6667,1,3,89.2,1.8,1.35,2.44,0.0,0,0.0182,1.8,1.5,0.0,0.0807,0,0.0
2,0.0,0.02,14.0,0.6667,1,2,80.2,2.3,2.1,1.88,0.0,1,0.0202,4.6,1.5,0.0,0.092,0,0.01
2,0.0,0.0,4.0,0.3333,1,3,71.2,0.3,0.6,0.7,0.0,0,0.0,0.6,1.5,0.0,0.0404,0,0.0
2,0.0,1.2938,0.0,0.3333,0,3,57.2,0.3,0.0,3.2062,0.0,0,0.0,1.6875,1.5,0.0,0.0755,0,0.23
2,0.0,0.01,9.0,0.3333,1,4,57.2,1.2,1.35,1.83,0.0,1,0.0,1.2,1.5,0.0,0.0787,0,0.01
2,0.0,0.01,10.0,0.6667,0,2,57.2,2.1,1.5,2.59,0.0,1,0.0,2.1,1.5,0.0,0.0818,0,0.01
2,0.0,0.24,24.0,1.6667,0,3,66.2,6.9,3.6,2.66,0.0,3,0.0,6.9,1.5,0.0,0.1332,0,0.24
2,0.0,0.0,6.0,1.6667,1,4,75.2,1.0,0.9,1.71,0.0,1,0.0,1.0,1.5,0.0,0.1173,1,0.0
2,0.0,0.04,14.0,1.0,0,2,90.0,3.2,2.1,2.98,0.0,-1,0.0,3.2,1.5,0.0,0.06,0,0.04
2,0.0,0.11,19.0,0.3333,0,2,90.0,3.1,2.85,0.82,0.0,1,0.0,3.1,1.5,0.0,0.08,0,0.11
2,0.0,0.01,12.0,0.6667,1,3,90.0,4.8,1.8,0.34,0.0,2,0.0,4.8,1.5,0.0,0.08,1,0.01
2,0.0,0.0529,13.2353,1.3333,1,3,78.8,2.6,1.9853,1.8265,0.0,1,0.0,6.8824,1.5,0.0,0.0411,1,0.02
3,2.5364,2.2091,147.2727,11.0,1,2,22.0,9.5,14.7273,1.6364,0.0,11,2.5364,38.8636,1.5,0.62,2.2091,0,0.54
3,0.0794,0.0265,-2.6471,5.5,0,2,28.0,1.0,-0.2647,1.4824,0.0,0,1.0446,2.6471,1.5,0.03,0.8839,1,0.01
3,0.4,0.05,15.0,4.0,1,3,24.6667,0.8,1.5,2.8,0.0,1,0.8878,4.0,1.5,0.08,0.6811,0,0.01
3,0.225,0.0,16.875,0.6667,0,2,22.5,0.6,1.6875,0.5625,0.0,1,0.77,3.375,1.5,0.04,0.56,0,0.0
3,0.0659,0.022,4.3902,1.6667,1,2,34.4,2.1,0.439,0.3402,0.0,3,0.4343,2.3049,1.5,0.06,0.3035,0,0.02
3,0.0,0.0,24.5455,1.6667,0,2,32.2,0.0,2.4545,0.8182,0.0,1,0.1174,0.0,1.5,0.0,0.0224,0,0.0
3,1.0,0.3,73.3333,3.3333,1,3,30.8,7.1,7.3333,0.6,0.0,6,0.2805,23.6667,1.5,0.3,0.0701,0,0.09
3,0.0,0.0,0.0,2.6667,0,2,33.2,0.5,0.0,1.02,0.0,1,0.2169,1.5,1.5,0.0,0.0596,0,0.0
3,0.1227,0.2045,2.7273,3.0,1,2,43.2,1.9,0.2727,3.2455,0.0,2,0.1875,2.5909,1.5,0.09,0.1083,0,0.15
3,0.0,0.0692,10.3846,1.3333,0,2,32.0,0.4,1.0385,1.2808,0.0,1,0.2194,1.3846,1.5,0.0,0.1462,0,0.02
3,0.27,0.135,9.0,1.3333,1,4,33.8,0.8,0.9,0.81,0.0,1,0.2396,3.6,1.5,0.06,0.1544,0,0.03
3,3.7957,0.0391,156.5217,4.6667,1,3,33.0,14.5,15.6522,1.1739,0.0,12,0.6109,56.7391,1.5,0.97,0.1145,0,0.01
3,0.43,0.6,22.0,6.0,1,4,45.0,12.3,2.2,1.42,0.0,5,0.62,12.3,1.5,0.43,0.324,0,0.6
3,0.0,0.036,10.8,6.0,0,4,36.8,0.6,1.08,0.252,0.0,1,0.7141,2.16,1.5,0.0,0.3277,0,0.01
3,0.1552,0.1966,13.4483,3.0,1,2,49.0,6.0,1.3448,0.7552,0.0,3,0.5914,6.2069,1.5,0.15,0.3086,0,0.19
3,0.0562,0.0141,1.4062,2.0,0,2,57.8,0.8,0.1406,0.7594,0.0,2,0.4952,1.125,1.5,0.04,0.2554,0,0.01
3,0.0,0.4125,63.75,3.0,1,3,58.0,4.7,6.375,0.3,0.0,4,0.1924,17.625,1.5,0.0,0.2855,0,0.11
3,0.8571,0.3,25.7143,2.3333,0,4,44.2,4.1,2.5714,2.0571,0.0,1,0.1588,17.5714,1.5,0.2,0.1588,0,0.07
3,0.6545,0.0,-12.2727,1.6667,1,2,43.6,2.5,-1.2273,0.5727,0.0,0,0.2271,10.2273,1.5,0.16,0.1569,0,0.0
3,0.0,0.1385,34.6154,0.6667,0,4,28.8,1.6,3.4615,1.1077,0.0,1,0.25,11.0769,1.5,0.0,0.1312,0,0.02
3,0.7388,0.0134,32.2388,2.6667,0,4,29.4,7.7,3.2239,1.4507,0.0,7,0.5571,10.3433,1.5,0.55,0.1286,0,0.01
2,0.0254,0.0,11.4085,0.0,0,3,71.0,0.0,1.7113,0.4817,0.0,0,0.0254,0.0,1.5,0.02,0.0,1,0.0
2,0.0,0.01,9.0,0.0,0,3,80.5,1.3,1.35,2.91,0.0,0,0.0112,1.3,1.5,0.0,0.0056,0,0.01
2,0.0,0.0,16.25,1.6667,0,2,77.6667,0.6,2.4375,1.925,0.0,5,0.0077,0.75,1.5,0.0,0.0039,1,0.0
2,0.03,0.01,12.0,2.3333,1,2,80.75,2.8,1.8,0.56,0.0,2,0.0139,2.8,1.5,0.03,0.0056,1,0.01
2,0.0,0.0122,15.8108,2.6667,0,3,79.4,1.5,2.3716,0.9486,0.0,1,0.0113,1.8243,1.5,0.0,0.0068,0,0.01
2,0.0,0.0,135.0,1.3333,1,3,65.6,0.2,20.25,26.55,0.0,1,0.0082,9.0,1.5,0.0,0.0082,1,0.0
2,0.0,0.0,13.2353,1.0,0,4,61.2,1.5,1.9853,3.2294,0.0,1,0.0088,1.9853,1.5,0.0,0.0059,1,0.0
2,0.0635,0.0847,43.4118,5.3333,1,4,63.8,6.9,6.5118,1.3341,0.0,14,0.0254,7.3059,1.5,0.06,0.0282,0,0.08
2,0.0,0.096,25.2,6.3333,0,3,60.8,3.9,3.78,1.368,0.0,4,0.0178,4.68,1.5,0.0,0.0503,1,0.08
2,0.0202,0.0708,8.0899,6.3333,1,3,63.8,1.5,1.2135,1.4764,0.0,1,0.0226,1.5169,1.5,0.02,0.0649,0,0.07
2,0.0,0.16,13.0,1.6667,0,4,81.4,3.0,1.95,2.52,0.0,0,0.0177,3.0,1.5,0.0,0.0862,0,0.16
2,0.0,0.0,72.0,0.6667,1,4,68.8,0.1,10.8,0.72,0.0,1,0.0209,1.8,1.5,0.0,0.102,0,0.0
2,0.04,0.0,2.0,1.0,0,4,69.8,1.2,0.3,2.43,0.0,2,0.0155,1.2,1.5,0.04,0.0799,0,0.0
2,0.0,0.0105,4.186,1.6667,1,4,72.0,3.0,0.6279,0.4709,0.0,2,0.015,3.1395,1.5,0.0,0.06,0,0.01
2,0.0108,0.0217,11.9277,2.0,1,2,70.8,1.4,1.7892,1.2687,0.0,2,0.0127,1.5181,1.5,0.01,0.0483,0,0.02
2,0.0,0.0329,13.1707,2.0,1,3,69.2,2.5,1.9756,1.5585,0.0,2,0.013,2.7439,1.5,0.0,0.0156,0,0.03
2,0.0,0.06,13.0,1.6667,0,3,86.2,4.0,1.95,1.48,0.0,1,0.0104,4.0,1.5,0.0,0.0251,0,0.06
2,0.0,0.0614,18.4091,1.3333,1,2,85.8,3.2,2.7614,1.0943,0.0,1,0.0021,3.2727,1.5,0.0,0.0378,0,0.06
2,0.04,0.14,16.0,1.0,0,3,86.6,3.6,2.4,0.45,0.0,1,0.0104,3.6,1.5,0.04,0.0644,1,0.14
2,0.0,0.17,23.0,1.0,1,2,88.0,4.7,3.45,0.84,0.0,1,0.0082,4.7,1.5,0.0,0.0941,0,0.17
2,0.04,0.02,18.0,1.3333,0,3,89.6,1.9,2.7,2.27,0.0,2,0.0161,1.9,1.5,0.04,0.0904,0,0.02
2,0.08,0.08,16.0,1.3333,1,3,89.6,4.3,2.4,1.81,0.0,1,0.0321,4.3,1.5,0.08,0.0944,0,0.08
3,0.09,0.045,6.0,2.0,1,2,60.0,0.0,0.6,1.44,0.0,2,0.09,0.0,1.5,0.06,0.045,1,0.03
3,0.0537,0.1209,5.3731,2.0,1,3,63.5,2.5,0.5373,2.9687,0.0,2,0.0709,3.3582,1.5,0.04,0.085,0,0.09
3,0.1075,0.4164,16.1194,3.0,1,2,64.6667,4.6,1.6119,2.8746,0.0,5,0.0835,6.1791,1.5,0.08,0.1995,0,0.31
3,0.0,0.036,6.0,3.0,0,4,67.25,3.9,0.6,0.708,0.0,2,0.0602,4.68,1.5,0.0,0.1539,1,0.03
3,0.0875,0.025,3.75,3.0,1,3,68.2,1.2,0.375,0.6125,0.0,2,0.066,1.5,1.5,0.07,0.1267,0,0.02
3,0.0,0.2053,12.6316,1.6667,0,4,67.6,2.1,1.2632,3.0158,0.0,1,0.0506,3.3158,1.5,0.0,0.1544,0,0.13
3,0.1095,0.1946,4.8649,2.0,0,4,69.0,4.9,0.4865,1.2162,0.0,3,0.0626,5.9595,1.5,0.09,0.1696,0,0.16
3,0.1241,0.0621,12.4138,1.6667,1,4,61.4,2.9,1.2414,1.2103,0.0,1,0.0586,9.0,1.5,0.04,0.1055,0,0.02
3,1.88,0.02,12.0,1.6667,0,3,55.4,1.4,1.2,1.4,0.0,1,0.3704,2.8,1.5,0.94,0.1105,1,0.01
3,0.0,0.0112,-1.125,1.3333,0,3,57.0,1.0,-0.1125,1.2038,0.0,2,0.3379,1.125,1.5,0.0,0.1042,0,0.01
3,0.2104,0.1636,0.0,1.6667,1,3,61.0,5.0,0.0,1.1338,0.0,2,0.3689,5.8442,1.5,0.18,0.1003,0,0.14
3,0.0114,0.0684,3.4177,2.0,0,3,62.0,0.5,0.3418,2.3127,0.0,2,0.3397,0.5696,1.5,0.01,0.0697,1,0.06
3,0.0675,0.0112,10.125,3.3333,1,3,72.2,2.9,1.0125,0.6412,0.0,6,0.2967,3.2625,1.5,0.06,0.0573,1,0.01
3,0.432,0.06,19.2,5.3333,1,2,78.2,7.8,1.92,0.432,0.0,8,0.1404,9.36,1.5,0.36,0.0621,0,0.05
3,0.0771,0.0,7.7143,5.0,0,2,69.2,1.0,0.7714,0.4114,0.0,1,0.1665,2.5714,1.5,0.03,0.0676,0,0.0
2,0.0,0.0,20.3226,1.0,1,2,62.0,3.6,3.0484,3.15,0.0,1,0.0,5.2258,1.5,0.0,0.0,1,0.0
2,0.0,0.01,7.0,0.5,0,3,76.0,1.2,1.05,0.75,0.0,0,0.0,1.2,1.5,0.0,0.0059,0,0.01
2,0.04,0.01,16.0,1.0,1,2,80.6667,2.0,2.4,0.71,0.0,2,0.0149,2.0,1.5,0.04,0.0074,0,0.01
2,0.0,0.0,270.0,1.0,0,3,60.75,0.0,40.5,3.6,0.0,1,0.0148,0.0,1.5,0.0,0.0074,0,0.0
2,0.0,0.01,15.0,2.0,1,3,66.6,1.5,2.25,1.32,0.0,3,0.0108,1.5,1.5,0.0,0.0081,0,0.01
2,0.0,0.0108,10.8434,1.3333,0,3,70.8,1.9,1.6265,2.0819,0.0,0,0.0102,2.0602,1.5,0.0,0.0102,0,0.01
2,0.06,0.02,22.0,1.6667,1,3,70.8,3.0,3.3,1.33,0.0,2,0.0254,3.0,1.5,0.06,0.0127,0,0.02
2,0.0,0.1452,34.8387,1.0,1,4,59.0,1.5,5.2258,0.0,0.0,1,0.0183,4.3548,1.5,0.0,0.0275,1,0.05
2,0.0,0.0,18.0,1.3333,0,2,64.8,1.9,2.7,2.91,0.0,1,0.0167,5.7,1.5,0.0,0.025,0,0.0
2,0.0,0.07,16.0,1.0,0,3,64.8,3.7,2.4,1.36,0.0,1,0.0167,3.7,1.5,0.0,0.0417,1,0.07
2,0.0,0.0,4.0,1.0,1,2,57.2,0.8,0.6,1.16,0.0,1,0.0189,1.6,1.5,0.0,0.0441,0,0.0
2,0.0,0.0,10.0,0.3333,0,3,57.2,1.6,1.5,2.89,0.0,-1,0.0,1.6,1.5,0.0,0.0378,0,0.0
2,0.0,0.0103,13.4483,0.6667,1,3,68.4,1.9,2.0172,0.2897,0.0,2,0.0,1.9655,1.5,0.0,0.0211,0,0.01
2,0.0,0.06,20.0,0.6667,0,2,71.4,1.8,3.0,0.76,0.0,1,0.0,3.6,1.5,0.0,0.0277,0,0.03
2,0.0,0.0153,12.2034,1.3333,1,3,65.2,0.8,1.8305,0.0763,0.0,1,0.0,1.2203,1.5,0.0,0.0138,0,0.01
2,0.0,0.0,19.2857,1.0,1,4,59.0,0.2,2.8929,0.3857,0.0,1,0.0,1.2857,1.5,0.0,0.0153,0,0.0
2,0.05,0.04,27.0,2.6667,0,2,59.0,3.1,4.05,0.5,0.0,6,0.0153,3.1,1.5,0.05,0.0275,0,0.04
2,0.0,0.0117,18.7013,3.0,0,3,57.0,2.9,2.8052,1.9052,0.0,2,0.0158,3.3896,1.5,0.0,0.0284,0,0.01
2,0.0,0.3441,15.8824,3.0,1,3,54.8,1.7,2.3824,1.1118,0.0,1,0.0164,4.5,1.5,0.0,0.0624,1,0.13
2,0.1233,0.0123,19.726,1.3333,0,4,57.6,1.3,2.9589,2.4534,0.0,1,0.0469,1.6027,1.5,0.1,0.0594,0,0.01
2,0.0,0.01,25.0,2.6667,1,2,72.8,1.6,3.75,0.06,0.0,6,0.0371,1.6,1.5,0.0,0.0495,0,0.01
2,0.0,0.01,19.0,3.0,0,2,72.8,2.1,2.85,2.27,0.0,2,0.0247,2.1,1.5,0.0,0.042,0,0.01
2,0.0,0.04,22.0,3.0,1,2,75.4,3.4,3.3,1.48,0.0,1,0.0239,3.4,1.5,0.0,0.0477,0,0.04
2,0.0,0.02,13.0,1.3333,1,2,86.6,2.3,1.95,1.2,0.0,1,0.0208,2.3,1.5,0.0,0.0187,0,0.02
1,0.0,0.0,14.0,3.0,1,4,90.0,1.8,0.0,0.88,3.0,3,0.0,1.8,1.5,0.0,0.0,0,0.0
1,0.0,0.0,17.0,1.0,0,3,90.0,1.5,0.0,1.88,2.0,-1,0.0,1.5,1.5,0.0,0.0,0,0.0
3,0.0621,0.031,0.0,1.0,1,3,29.0,0.0,0.0,3.8793,0.0,1,0.0621,0.0,1.5,0.02,0.031,1,0.01
3,0.0,0.1,30.0,1.0,1,2,19.0,0.3,3.0,0.2,0.0,1,0.0474,3.0,1.5,0.0,0.0474,0,0.01
3,0.2455,0.2045,12.2727,1.0,1,2,20.0,4.2,1.2273,0.5318,0.0,1,0.12,17.1818,1.5,0.06,0.105,0,0.05
3,0.6882,0.0,15.8824,1.0,1,4,19.25,3.8,1.5882,2.2235,0.0,1,0.2455,20.1176,1.5,0.13,0.0818,0,0.0
3,0.3375,0.0562,5.625,1.0,0,3,21.8,1.3,0.5625,3.5719,0.0,1,0.2725,3.6562,1.5,0.12,0.0743,0,0.02
3,0.18,0.0,144.0,2.6667,0,2,19.0,4.0,14.4,1.8,0.0,6,0.3221,24.0,1.5,0.03,0.0758,0,0.0
3,0.8182,0.0818,24.5455,2.6667,1,3,19.4,0.6,2.4545,0.0,0.0,1,0.4082,4.9091,1.5,0.1,0.0742,1,0.01
3,0.0,0.0,6.4286,2.6667,0,3,17.8,0.1,0.6429,1.6071,0.0,1,0.3843,0.6429,1.5,0.0,0.0303,0,0.0
3,0.0,0.0818,12.2727,1.0,0,3,18.8,1.9,1.2273,0.1227,0.0,1,0.2394,7.7727,1.5,0.0,0.0479,0,0.02
3,0.0,0.0,270.0,1.0,1,4,12.6,0.0,27.0,31.5,0.0,1,0.1857,0.0,1.5,0.0,0.0429,0,0.0
3,0.0,0.0,0.0,1.0,0,3,11.6,0.1,0.0,0.0,0.0,1,0.1552,0.9,1.5,0.0,0.0466,0,0.0
3,0.7031,0.0984,37.9688,3.3333,1,3,22.2,11.9,3.7969,0.2109,0.0,8,0.4054,16.7344,1.5,0.5,0.073,0,0.07
3,0.0913,0.0522,6.5217,3.6667,0,3,33.2,3.5,0.6522,1.0565,0.0,2,0.309,4.5652,1.5,0.07,0.0705,0,0.04
3,0.2444,0.1,8.8889,4.0,1,3,45.0,6.6,0.8889,1.1889,0.0,2,0.316,7.3333,1.5,0.22,0.08,0,0.09
3,0.0,0.04,0.0,1.6667,0,2,53.8,1.6,0.0,1.82,0.0,1,0.2643,3.2,1.5,0.0,0.0736,0,0.02
3,0.54,0.0,36.0,1.3333,1,2,52.8,0.0,3.6,6.48,0.0,1,0.2795,0.0,1.5,0.03,0.075,0,0.0
3,0.0,0.0,30.0,1.0,1,2,41.2,0.1,3.0,1.95,0.0,1,0.1398,1.5,1.5,0.0,0.0655,0,0.0
3,0.0,0.0,60.0,1.0,1,3,28.0,0.0,6.0,0.0,0.0,1,0.1607,0.0,1.5,0.0,0.0707,1,0.0
3,0.0,0.225,67.5,1.0,0,3,12.6,0.2,6.75,16.2,0.0,1,0.0429,4.5,1.5,0.0,0.0429,0,0.01
3,0.27,0.0,18.0,1.0,1,4,5.6,0.0,1.8,1.71,0.0,1,0.1929,0.0,1.5,0.03,0.0321,0,0.0
3,0.1721,0.1985,10.5882,1.3333,1,3,18.2,4.9,1.0588,1.1912,0.0,2,0.1582,6.4853,1.5,0.13,0.1582,0,0.15
3,0.08,0.04,2.0,1.3333,0,3,26.0,2.4,0.2,0.16,0.0,1,0.1385,4.8,1.5,0.04,0.1246,0,0.02
3,1.3235,0.4103,37.0588,4.6667,1,3,39.0,12.7,3.7059,0.8206,0.0,11,0.5538,16.8088,1.5,1.0,0.2262,0,0.31
3,0.5,0.2,8.0,4.3333,0,3,47.2,5.5,0.8,4.64,0.0,1,0.553,11.0,1.5,0.25,0.2212,0,0.1
3,0.6125,0.075,28.75,7.3333,1,4,59.6,11.1,2.875,0.9375,0.0,10,0.5768,13.875,1.5,0.49,0.1933,0,0.06
3,0.0397,0.0397,13.2353,4.3333,0,2,59.6,2.6,1.3235,0.7147,0.0,2,0.5466,3.4412,1.5,0.03,0.157,0,0.03
3,0.4659,0.0741,3.1765,4.6667,1,2,67.6,3.7,0.3176,0.8576,0.0,2,0.5885,3.9176,1.5,0.44,0.1518,0,0.07
3,0.3879,0.0776,32.5862,3.3333,0,3,65.6,8.6,3.2586,2.7155,0.0,6,0.4006,13.3448,1.5,0.25,0.0851,0,0.05
3,0.1648,0.0634,10.1408,3.6667,0,3,70.8,5.0,1.0141,2.3577,0.0,3,0.3407,6.338,1.5,0.13,0.0661,0,0.05
3,0.1475,0.059,7.377,3.6667,1,3,68.6,6.6,0.7377,4.6033,0.0,2,0.2493,9.7377,1.5,0.1,0.063,0,0.04
3,0.4725,0.0675,27.0,4.0,0,4,71.0,9.1,2.7,2.5088,0.0,7,0.3397,10.2375,1.5,0.42,0.0685,0,0.06
3,0.12,0.3,12.0,3.3333,1,3,63.0,6.4,1.2,2.02,0.0,1,0.2743,12.8,1.5,0.06,0.1,1,0.15
3,0.0,0.1,40.0,1.0,1,2,9.0,0.5,4.0,0.4,0.0,1,0.0,5.0,1.5,0.0,0.1,1,0.01
3,0.0,0.0,-45.0,0.5,1,3,6.5,0.0,-4.5,0.675,0.0,0,0.0,0.0,1.5,0.0,0.0692,0,0.0
3,0.4154,0.2077,20.7692,0.6667,1,2,8.6667,2.3,2.0769,0.4846,0.0,1,0.2077,15.9231,1.5,0.06,0.1385,1,0.03
3,2.0,0.2,30.0,0.6667,0,4,8.75,0.8,3.0,0.9,0.0,1,0.6686,8.0,1.5,0.2,0.1543,0,0.02
3,0.28,0.16,4.0,1.0,0,2,16.0,2.4,0.4,2.12,0.0,1,0.45,4.8,1.5,0.14,0.1575,0,0.08
3,0.0,0.0,45.0,1.0,0,2,15.0,0.2,4.5,4.05,0.0,1,0.48,4.5,1.5,0.0,0.156,0,0.0
3,0.0,0.1565,19.5652,1.0,1,3,18.8,1.7,1.9565,6.4174,0.0,1,0.383,6.6522,1.5,0.0,0.1628,0,0.04
3,0.0,0.0,10.0,1.0,1,4,19.8,0.1,1.0,4.0,0.0,1,0.3091,0.5,1.5,0.0,0.1273,1,0.0
3,0.0,0.0,45.0,1.0,0,3,19.2,0.3,4.5,1.2,0.0,1,0.1312,4.5,1.5,0.0,0.1125,0,0.0
3,0.0,0.0,270.0,1.0,1,3,10.4,0.0,27.0,0.0,0.0,1,0.0,0.0,1.5,0.0,0.0692,1,0.0
3,0.0,0.0818,24.5455,1.0,0,3,11.8,0.3,2.4545,2.7,0.0,1,0.0,2.4545,1.5,0.0,0.0763,0,0.01
3,0.5368,0.0158,-6.3158,1.0,1,3,18.6,1.7,-0.6316,1.1842,0.0,1,0.329,2.6842,1.5,0.34,0.0194,1,0.01
2,0.0,0.0,15.6522,1.0,1,2,23.0,0.4,2.3478,7.3174,0.0,1,0.0,1.5652,1.5,0.0,0.0,0,0.0
2,0.0,0.0,0.0,-0.5,0,4,52.5,0.7,0.0,4.3024,0.0,-2,0.0,0.7683,1.5,0.0,0.0,0,0.0
2,0.0,0.0,270.0,0.0,1,3,35.3333,0.0,40.5,25.2,0.0,1,0.0,0.0,1.5,0.0,0.0,0,0.0
2,0.0,0.0,33.1579,0.0,1,2,31.25,0.8,4.9737,0.0947,0.0,1,0.0,3.7895,1.5,0.0,0.0,0,0.0
2,0.0,0.01,13.0,1.0,0,3,43.0,1.8,1.95,1.51,0.0,1,0.0,1.8,1.5,0.0,0.0042,0,0.01
2,0.0,0.0,14.0,1.3333,0,4,56.4,2.6,2.1,1.32,0.0,2,0.0,2.6,1.5,0.0,0.0032,0,0.0
2,0.05,0.0,13.0,1.6667,1,2,58.0,2.3,1.95,0.69,0.0,2,0.0155,2.3,1.5,0.05,0.0031,0,0.0
2,0.0,0.01,15.0,1.6667,0,3,75.8,2.2,2.25,3.08,0.0,1,0.0119,2.2,1.5,0.0,0.0047,0,0.01
2,0.0,0.0,11.0,1.3333,1,2,90.0,1.2,1.65,1.41,0.0,1,0.01,1.2,1.5,0.0,0.004,0,0.0
2,0.0,0.0,11.0,0.6667,0,3,90.0,1.5,1.65,2.22,0.0,0,0.01,1.5,1.5,0.0,0.002,0,0.0
2,0.0,0.02,27.0,2.3333,1,3,90.0,1.7,4.05,0.29,0.0,6,0.01,1.7,1.5,0.0,0.006,0,0.02
2,0.0,0.01,30.0,4.0,1,3,90.0,2.0,4.5,1.39,0.0,6,0.0,2.0,1.5,0.0,0.008,0,0.01
2,0.0,0.01,11.0,4.0,1,3,90.0,1.9,1.65,0.41,0.0,0,0.0,1.9,1.5,0.0,0.008,1,0.01
2,0.0,0.03,18.0,2.3333,0,4,90.0,4.3,2.7,1.82,0.0,1,0.0,4.3,1.5,0.0,0.014,0,0.03
2,0.0,0.01,13.0,0.6667,1,4,90.0,2.3,1.95,1.64,0.0,1,0.0,2.3,1.5,0.0,0.016,0,0.01
2,0.0,0.0,32.1429,1.0,1,3,74.8,0.3,4.8214,0.0,0.0,1,0.0,1.9286,1.5,0.0,0.0144,0,0.0
2,0.18,0.0,25.0,4.0,0,3,74.8,6.7,3.75,1.67,0.0,10,0.0433,6.7,1.5,0.18,0.012,0,0.0
2,0.0,0.0,26.0,5.6667,1,3,74.8,1.0,3.9,1.17,0.0,6,0.0433,1.0,1.5,0.0,0.0096,0,0.0
2,0.0,0.0,21.0,6.0,0,2,74.8,2.6,3.15,0.83,0.0,2,0.0433,2.6,1.5,0.0,0.0024,0,0.0
2,0.11,0.0,22.0,4.6667,1,3,74.8,1.7,3.3,2.37,0.0,6,0.0698,1.7,1.5,0.11,0.0,0,0.0
2,0.03,0.01,10.0,2.6667,0,2,90.0,2.4,1.5,1.87,0.0,0,0.064,2.4,1.5,0.03,0.002,1,0.01
2,0.0,0.03,19.0,2.3333,0,3,90.0,3.3,2.85,1.51,0.0,1,0.028,3.3,1.5,0.0,0.008,0,0.03
2,0.0,0.01,15.0,1.0,1,3,90.0,1.5,2.25,0.59,0.0,2,0.028,1.5,1.5,0.0,0.01,0,0.01
2,0.0,0.0,29.0,3.3333,0,3,90.0,2.9,4.35,0.93,0.0,7,0.028,2.9,1.5,0.0,0.01,1,0.0
2,0.0,0.0,13.0,3.3333,1,2,90.0,1.1,1.95,1.02,0.0,1,0.006,1.1,1.5,0.0,0.01,1,0.0
2,0.0,0.0,15.0,3.3333,1,4,90.0,1.5,2.25,1.01,0.0,2,0.0,1.5,1.5,0.0,0.008,0,0.0
2,0.0,0.01,27.0,2.6667,0,4,90.0,2.3,4.05,0.63,0.0,5,0.0,2.3,1.5,0.0,0.004,0,0.01
2,0.0,0.0,13.0,2.3333,1,3,90.0,1.3,1.95,3.25,0.0,0,0.0,1.3,1.5,0.0,0.002,0,0.0
2,0.0,0.0,12.0,2.0,0,2,90.0,0.7,1.8,2.11,0.0,1,0.0,0.7,1.5,0.0,0.002,0,0.0
2,0.47,0.01,27.0,11.0,1,2,90.0,0.0,4.05,1.28,0.0,11,0.47,0.0,1.5,0.47,0.01,1,0.01
2,0.0,0.03,6.0,5.5,0,4,90.0,1.7,0.9,1.8,0.0,0,0.235,1.7,1.5,0.0,0.02,0,0.03
2,0.05,0.01,29.0,5.6667,1,2,90.0,3.9,4.35,0.43,0.0,6,0.1733,3.9,1.5,0.05,0.0167,1,0.01
2,0.15,0.74,13.0,2.6667,1,3,90.0,3.5,1.95,0.71,0.0,2,0.1675,3.5,1.5,0.15,0.1975,0,0.74
2,0.0,0.0,23.0,4.3333,0,2,90.0,2.8,3.45,1.19,0.0,5,0.134,2.8,1.5,0.0,0.158,0,0.0
2,0.02,0.13,11.0,3.0,1,4,90.0,3.4,1.65,1.04,0.0,2,0.044,3.4,1.5,0.02,0.182,0,0.13
2,0.08,0.0,25.0,4.3333,0,3,90.0,1.7,3.75,1.08,0.0,6,0.06,1.7,1.5,0.08,0.176,0,0.0
2,0.0,0.19,13.0,3.3333,0,4,90.0,2.5,1.95,0.75,0.0,2,0.05,2.5,1.5,0.0,0.212,0,0.19
2,0.0,0.0818,16.3636,3.3333,1,3,85.2,1.8,2.4545,0.7227,0.0,2,0.0211,2.4545,1.5,0.0,0.0803,0,0.06
2,0.01,0.0,9.0,2.0,0,4,85.2,1.4,1.35,0.94,0.0,2,0.0232,1.4,1.5,0.01,0.0803,0,0.0
2,0.0,0.0,18.0,1.3333,1,3,85.2,2.4,2.7,2.9,0.0,0,0.019,2.4,1.5,0.0,0.0528,1,0.0
2,0.0,0.0,13.0,1.0,1,3,85.2,2.2,1.95,1.02,0.0,1,0.0021,2.2,1.5,0.0,0.0528,1,0.0
2,0.0,0.0,12.0,0.6667,0,2,85.2,1.5,1.8,4.07,0.0,1,0.0021,1.5,1.5,0.0,0.0127,0,0.0
2,0.0,0.07,15.0,1.0,0,2,90.0,2.7,2.25,1.08,0.0,1,0.002,2.7,1.5,0.0,0.014,0,0.07
2,0.0,0.02,24.0,2.6667,1,4,90.0,2.6,3.6,0.37,0.0,6,0.0,2.6,1.5,0.0,0.018,0,0.02
2,0.0,0.05,18.0,3.0,0,3,90.0,2.6,2.7,1.31,0.0,2,0.0,2.6,1.5,0.0,0.028,0,0.05
2,0.0,0.01,18.0,3.3333,1,3,90.0,2.2,2.7,1.08,0.0,2,0.0,2.2,1.5,0.0,0.03,0,0.01
2,0.0,0.0,12.0,1.3333,0,4,90.0,1.9,1.8,2.53,0.0,0,0.0,1.9,1.5,0.0,0.03,0,0.0
2,0.1,0.01,21.0,2.3333,1,4,90.0,1.9,3.15,0.86,0.0,5,0.02,1.9,1.5,0.1,0.018,0,0.01
2,0.0,0.01,13.0,1.3333,0,2,90.0,2.0,1.95,2.93,0.0,-1,0.02,2.0,1.5,0.0,0.016,0,0.01
2,0.0,0.02,12.0,0.6667,1,4,90.0,2.6,1.8,1.93,0.0,-2,0.02,2.6,1.5,0.0,0.01,0,0.02
2,0.1,0.01,10.0,-0.6667,0,2,90.0,3.6,1.5,0.55,0.0,1,0.04,3.6,1.5,0.1,0.01,0,0.01
2,0.0,0.0,15.0,0.3333,0,3,90.0,4.6,2.25,2.91,0.0,2,0.04,4.6,1.5,0.0,0.01,0,0.0
2,0.28,0.01,27.0,4.0,0,3,90.0,8.6,4.05,1.83,0.0,9,0.076,8.6,1.5,0.28,0.01,0,0.01
2,0.0,0.0,18.0,4.0,1,2,90.0,1.8,2.7,0.8,0.0,1,0.076,1.8,1.5,0.0,0.008,0,0.0
2,0.0,0.05,15.0,3.6667,1,3,90.0,3.0,2.25,1.58,0.0,1,0.076,3.0,1.5,0.0,0.014,0,0.05
2,0.2068,0.0243,12.1622,1.0,1,2,86.8,3.6,1.8243,1.9095,0.0,1,0.0933,4.3784,1.5,0.17,0.0166,0,0.02
2,0.0,0.0,10.0,1.0,0,2,86.8,1.0,1.5,1.36,0.0,1,0.0933,1.0,1.5,0.0,0.0166,0,0.0
2,0.92,0.01,13.0,0.6667,0,3,86.8,2.8,1.95,3.37,0.0,0,0.226,2.8,1.5,0.92,0.0166,0,0.01
2,0.0,0.0,270.0,0.6667,0,2,69.0,0.0,40.5,9.0,0.0,1,0.2843,0.0,1.5,0.0,0.0209,0,0.0
2,0.0,0.0,33.75,0.6667,1,3,52.6,0.2,5.0625,0.675,0.0,1,0.373,2.25,1.5,0.0,0.0103,1,0.0
3,0.0,0.0,360.0,1.0,1,3,1.0,0.0,36.0,1.8,0.0,1,0.0,0.0,1.5,0.0,0.0,1,0.0
3,0.0,0.5143,38.5714,1.0,1,4,4.0,0.3,3.8571,0.9,0.0,1,0.0,3.8571,1.5,0.0,0.45,0,0.04
3,0.0,0.03,11.0,1.6667,0,4,32.6667,2.2,1.1,1.19,0.0,3,0.0,2.2,1.5,0.0,0.0643,0,0.03
3,0.0,0.0409,32.7273,1.6667,1,3,30.0,0.8,3.2727,2.9045,0.0,1,0.0,3.2727,1.5,0.0,0.06,0,0.01
3,0.0,0.0,22.5,1.6667,0,3,26.4,0.3,2.25,0.375,0.0,1,0.0,2.25,1.5,0.0,0.0545,0,0.0
3,0.0,0.1,50.0,1.0,1,3,28.0,0.4,5.0,16.4,0.0,1,0.0,4.0,1.5,0.0,0.0579,0,0.01
3,0.0,0.0,0.0,0.6667,0,2,26.8,0.1,0.0,12.6,0.0,0,0.0,9.0,1.5,0.0,0.0336,0,0.0
3,0.0,0.0,270.0,0.6667,1,3,9.0,0.0,27.0,6.3,0.0,1,0.0,0.0,1.5,0.0,0.04,0,0.0
3,0.0,0.0132,9.2647,0.6667,0,2,18.2,1.3,0.9265,2.5544,0.0,1,0.0,1.7206,1.5,0.0,0.0198,0,0.01
3,0.0,0.0155,13.9655,1.0,0,3,27.4,1.1,1.3966,1.4121,0.0,1,0.0,1.7069,1.5,0.0,0.0197,0,0.01
3,0.0,0.0,360.0,1.0,0,3,25.8,0.4,36.0,16.2,0.0,1,0.0,36.0,1.5,0.0,0.014,0,0.0
3,0.0,0.1038,17.3077,1.0,1,3,30.8,3.4,1.7308,2.3538,0.0,1,0.0,11.7692,1.5,0.0,0.0292,0,0.03
1,0.0,0.0,26.0,3.0,0,3,90.0,0.0,0.0,4.1,8.0,3,0.0,0.0,1.5,0.0,0.0,0,0.0
1,0.0,0.0,18.0,2.5,0,4,90.0,4.2,0.0,2.09,5.0,2,0.0,4.2,1.5,0.0,0.0,0,0.0
1,0.0,0.0,10.0,2.0,1,3,90.0,1.1,0.0,1.06,1.0,1,0.0,1.1,1.5,0.0,0.0,0,0.0
1,0.0,0.01,6.0,1.3333,0,3,90.0,0.0,0.0,0.98,1.0,1,0.0,0.0,1.5,0.0,0.0025,1,0.01
1,0.0,0.0,13.0,1.3333,1,4,90.0,1.1,0.0,0.59,2.0,2,0.0,1.1,1.5,0.0,0.002,0,0.0
1,0.0,0.01,16.0,2.0,0,3,90.0,2.7,0.0,2.9,3.0,3,0.0,2.7,1.5,0.0,0.004,0,0.01
1,0.0,0.0,12.0,2.0,1,2,90.0,1.9,0.0,1.04,2.0,1,0.0,1.9,1.5,0.0,0.004,0,0.0
1,0.0,0.0,13.0,2.3333,1,2,90.0,2.8,0.0,1.99,3.0,3,0.0,2.8,1.5,0.0,0.004,0,0.0
1,0.0,0.0,24.0,2.3333,0,3,90.0,4.8,0.0,2.97,6.0,3,0.0,4.8,1.5,0.0,0.002,0,0.0
1,0.0,0.0,16.0,2.6667,0,4,90.0,3.4,0.0,2.39,4.0,2,0.0,3.4,1.5,0.0,0.002,0,0.0
1,0.0,0.0,17.0,2.6667,1,2,90.0,3.0,0.0,3.04,5.0,3,0.0,3.0,1.5,0.0,0.0,0,0.0
1,0.0,0.0,14.0,2.6667,0,2,90.0,2.7,0.0,2.12,3.0,3,0.0,2.7,1.5,0.0,0.0,0,0.0
1,0.0,0.0,21.0,3.0,1,2,90.0,5.0,0.0,1.68,7.0,3,0.0,5.0,1.5,0.0,0.0,0,0.0
1,0.0,0.0,12.0,2.3333,0,3,90.0,2.3,0.0,3.47,3.0,1,0.0,2.3,1.5,0.0,0.0,0,0.0
1,0.0,0.0,19.0,1.6667,1,3,90.0,4.5,0.0,2.44,5.0,1,0.0,4.5,1.5,0.0,0.0,0,0.0
1,0.0,0.0,16.0,1.3333,1,2,90.0,2.8,0.0,1.6,4.0,2,0.0,2.8,1.5,0.0,0.0,0,0.0
1,0.0,0.0,24.0,3.0,1,4,90.0,1.9,0.0,1.68,2.0,6,0.0,1.9,1.5,0.0,0.0,0,0.0
1,0.0,0.0,12.0,3.0,0,3,90.0,1.6,0.0,2.59,2.0,1,0.0,1.6,1.5,0.0,0.0,0,0.0
1,0.0,0.0,20.0,3.0,1,3,90.0,3.7,0.0,1.5,5.0,2,0.0,3.7,1.5,0.0,0.0,0,0.0
1,0.0,0.0,23.0,2.6667,0,4,90.0,4.4,0.0,0.99,7.0,5,0.0,4.4,1.5,0.0,0.0,0,0.0
1,0.0,0.0,25.0,4.3333,1,2,90.0,1.9,0.0,0.88,2.0,6,0.0,1.9,1.5,0.0,0.0,0,0.0
1,0.0,0.0,13.0,3.6667,0,3,90.0,2.0,0.0,2.28,2.0,0,0.0,2.0,1.5,0.0,0.0,1,0.0
1,0.0,0.0,14.0,2.3333,1,4,90.0,0.6,0.0,1.81,0.0,1,0.0,0.6,1.5,0.0,0.0,1,0.0
1,0.0,0.0,25.0,1.6667,1,3,90.0,3.9,0.0,2.81,6.0,4,0.0,3.9,1.5,0.0,0.0,1,0.0
1,0.0,0.0,26.0,2.6667,0,4,90.0,7.2,0.0,3.31,9.0,3,0.0,7.2,1.5,0.0,0.0,0,0.0
1,0.0,0.0,18.0,3.0,1,2,90.0,4.2,0.0,1.83,5.0,2,0.0,4.2,1.5,0.0,0.0,0,0.0
1,0.0,0.0,15.0,2.6667,0,3,90.0,2.2,0.0,2.59,3.0,3,0.0,2.2,1.5,0.0,0.0,0,0.0
1,0.0,0.0,19.0,2.0,0,3,90.0,3.6,0.0,2.66,5.0,1,0.0,3.6,1.5,0.0,0.0,1,0.0
1,0.0,0.0,13.0,2.0,1,3,90.0,1.8,0.0,1.71,2.0,2,0.0,1.8,1.5,0.0,0.0,0,0.0
1,0.0,0.0,13.0,1.3333,0,3,90.0,1.5,0.0,2.98,2.0,1,0.0,1.5,1.5,0.0,0.0,0,0.0
1,0.0,0.0,16.0,1.6667,0,3,90.0,3.0,0.0,0.82,4.0,2,0.0,3.0,1.5,0.0,0.0,0,0.0
1,0.0,0.01,10.0,1.6667,1,3,90.0,0.7,0.0,0.34,1.0,2,0.0,0.7,1.5,0.0,0.002,0,0.01
1,0.0,0.0,27.0,2.3333,0,3,90.0,5.9,0.0,4.26,9.0,3,0.0,5.9,1.5,0.0,0.002,0,0.0
1,0.0,0.0,16.0,2.0,1,4,90.0,3.2,0.0,3.14,4.0,1,0.0,3.2,1.5,0.0,0.002,0,0.0
1,0.0,0.0,16.0,2.0,0,2,90.0,2.6,0.0,1.21,3.0,2,0.0,2.6,1.5,0.0,0.002,1,0.0
1,0.0,0.0,14.0,2.0,1,3,90.0,1.9,0.0,1.43,3.0,3,0.0,1.9,1.5,0.0,0.002,0,0.0
1,0.0,0.0,19.0,2.3333,0,4,90.0,3.9,0.0,3.24,5.0,2,0.0,3.9,1.5,0.0,0.0,0,0.0
1,0.0,0.012,13.2,1.6667,1,4,87.0,2.2,0.0,0.756,1.2,0,0.0,2.64,1.5,0.0,0.0021,0,0.01
3,0.09,0.36,22.5,1.0,0,3,20.0,4.4,2.25,0.72,0.0,1,0.09,19.8,1.5,0.02,0.36,0,0.08
3,0.4909,0.0,24.5455,1.0,1,3,15.5,1.4,2.4545,1.6364,0.0,1,0.2323,11.4545,1.5,0.06,0.2323,0,0.0
3,0.0,0.1,30.0,1.0,0,3,13.3333,1.0,3.0,0.3,0.0,1,0.18,10.0,1.5,0.0,0.2025,1,0.01
3,3.6,0.0,270.0,1.0,0,3,10.25,0.4,27.0,0.0,0.0,1,0.2634,36.0,1.5,0.04,0.1976,0,0.0
3,0.0,0.225,67.5,1.0,1,4,9.0,0.0,6.75,0.0,0.0,1,0.24,0.0,1.5,0.0,0.2,1,0.01
3,0.0,0.0643,6.4286,1.0,0,4,7.8,0.4,0.6429,5.4643,0.0,1,0.2308,2.5714,1.5,0.0,0.0692,0,0.01
3,0.2912,0.0529,-7.9412,0.6667,0,3,12.4,2.1,-0.7941,1.6676,0.0,0,0.2177,5.5588,1.5,0.11,0.0726,0,0.02
3,0.1084,0.0434,7.5904,1.0,1,3,27.2,3.4,0.759,0.6614,0.0,2,0.1654,3.6867,1.5,0.1,0.0529,0,0.04
3,0.0,1.05,90.0,3.0,1,3,31.8,3.4,9.0,0.1875,0.0,7,0.1189,12.75,1.5,0.0,0.2038,1,0.28
3,0.0,0.0375,3.75,3.3333,0,3,35.8,0.0,0.375,3.6,0.0,1,0.1056,0.0,1.5,0.0,0.181,1,0.01
2,0.0,0.0,57.2727,1.0,0,3,11.0,0.0,8.5909,0.5727,0.0,1,0.0,0.0,1.5,0.0,0.0,0,0.0
2,0.0,0.01,24.0,3.5,1,2,50.5,1.4,3.6,0.29,0.0,6,0.0,1.4,1.5,0.0,0.0089,0,0.01
2,0.0,0.04,14.0,3.0,0,2,63.6667,4.5,2.1,0.73,0.0,2,0.0,4.5,1.5,0.0,0.0236,1,0.04
2,0.08,0.36,15.0,3.0,0,3,70.25,5.8,2.25,0.94,0.0,1,0.0256,5.8,1.5,0.08,0.1313,1,0.36
2,0.0,0.02,29.0,3.3333,1,3,74.2,2.9,4.35,1.03,0.0,7,0.0194,2.9,1.5,0.0,0.1043,0,0.02
2,0.1,0.03,9.0,3.3333,0,4,90.0,2.8,1.35,0.41,0.0,2,0.036,2.8,1.5,0.1,0.092,0,0.03
2,0.03,0.03,17.0,3.6667,1,3,90.0,3.8,2.55,0.83,0.0,2,0.042,3.8,1.5,0.03,0.096,1,0.03
2,0.0,0.02,30.0,3.3333,0,2,90.0,3.6,4.5,1.03,0.0,6,0.042,3.6,1.5,0.0,0.092,1,0.02
2,0.01,0.02,10.0,2.6667,0,4,90.0,3.9,1.5,2.96,0.0,0,0.028,3.9,1.5,0.01,0.024,1,0.02
2,0.0209,0.0523,7.3256,2.0,1,3,89.2,1.4,1.0988,0.3977,0.0,0,0.0323,1.4651,1.5,0.02,0.0303,0,0.05
2,0.0,0.01,21.0,0.6667,0,4,89.2,3.4,3.15,2.04,0.0,2,0.0121,3.4,1.5,0.0,0.0262,0,0.01
2,0.0529,0.0265,6.6176,1.3333,0,3,84.8,2.0,0.9926,0.3971,0.0,2,0.0149,2.6471,1.5,0.04,0.0255,0,0.02
2,0.25,0.06,7.0,1.6667,1,3,84.8,8.4,1.05,1.82,0.0,1,0.0679,8.4,1.5,0.25,0.034,0,0.06
2,0.0574,0.0383,26.8085,1.3333,0,4,76.2,2.9,4.0213,0.5745,0.0,1,0.0803,5.5532,1.5,0.03,0.0378,0,0.02
2,0.0,0.1,24.0,2.6667,1,3,77.0,4.3,3.6,0.33,0.0,6,0.0748,4.3,1.5,0.0,0.0491,0,0.1
2,0.16,0.05,16.0,2.6667,0,3,77.0,2.5,2.4,1.23,0.0,1,0.1122,2.5,1.5,0.16,0.0584,0,0.05
2,0.14,0.23,12.0,3.0,1,3,81.4,3.1,1.8,1.44,0.0,2,0.1283,3.1,1.5,0.14,0.1017,1,0.23
2,0.17,0.05,19.0,1.6667,0,3,81.4,7.0,2.85,1.02,0.0,2,0.1106,7.0,1.5,0.17,0.0995,0,0.05
2,0.04,0.17,34.0,4.3333,1,3,90.0,4.6,5.1,0.68,0.0,9,0.102,4.6,1.5,0.04,0.12,0,0.17
2,0.0,0.33,21.0,4.3333,1,4,90.0,4.1,3.15,0.73,0.0,2,0.102,4.1,1.5,0.0,0.166,0,0.33
2,0.7,0.04,4.0,3.6667,0,3,81.0,2.0,0.6,1.08,0.0,0,0.1556,4.0,1.5,0.35,0.1778,0,0.02
2,0.31,0.14,32.0,4.6667,1,4,81.0,13.6,4.8,0.49,0.0,12,0.1933,13.6,1.5,0.31,0.1578,1,0.14
2,0.0,0.01,25.0,6.0,0,2,81.0,2.7,3.75,0.49,0.0,6,0.1556,2.7,1.5,0.0,0.1489,0,0.01
2,0.08,0.05,42.0,11.0,0,3,81.0,9.3,6.3,1.64,0.0,15,0.1644,9.3,1.5,0.08,0.1222,0,0.05
2,0.4,0.11,29.0,9.0,1,3,81.0,8.8,4.35,0.35,0.0,6,0.2533,8.8,1.5,0.4,0.0733,1,0.11
2,0.76,0.04,45.0,14.0,0,4,90.0,13.1,6.75,0.12,0.0,21,0.31,13.1,1.5,0.76,0.07,1,0.04
2,0.08,0.02,25.0,11.0,0,4,90.0,2.5,3.75,1.33,0.0,6,0.264,2.5,1.5,0.08,0.046,0,0.02
2,0.09,0.08,14.0,9.6667,1,2,90.0,4.4,2.1,0.36,0.0,2,0.282,4.4,1.5,0.09,0.06,0,0.08
4,1.2913,0.0,7.8261,1.0,0,3,23.0,1.3,0.0,4.6957,0.0,1,1.2913,5.087,1.5,0.33,0.0,0,0.0
4,0.0429,0.0857,4.2857,1.5,1,3,43.0,3.4,0.0,1.2857,0.0,2,0.3767,4.8571,1.5,0.03,0.0628,0,0.06
4,0.19,0.01,1.0,1.6667,0,2,58.6667,1.9,0.0,1.12,0.0,2,0.2812,1.9,1.5,0.19,0.0358,1,0.01
4,0.56,0.05,0.0,2.0,1,2,66.5,4.6,0.0,0.81,0.0,2,0.3756,4.6,1.5,0.56,0.0406,1,0.05
4,0.09,0.03,-2.0,2.0,1,2,71.2,4.0,0.0,0.95,0.0,2,0.3034,4.0,1.5,0.09,0.0379,0,0.03
4,0.5371,0.0,0.0,2.0,0,3,79.0,4.8,0.0,1.9306,0.0,2,0.2825,6.9677,1.5,0.37,0.0342,0,0.0
4,0.0,0.0625,7.5,2.0,1,4,80.8,3.2,0.0,3.475,0.0,2,0.2696,4.0,1.5,0.0,0.0312,0,0.05
4,0.0,0.0692,9.2308,2.0,0,2,78.4,2.9,0.0,1.0385,0.0,2,0.2342,3.3462,1.5,0.0,0.0436,0,0.06
4,1.2462,0.0577,-2.3077,2.0,1,3,76.0,5.6,0.0,0.4615,0.0,2,0.3647,6.4615,1.5,1.08,0.045,0,0.05
4,0.0,0.031,12.4138,1.6667,0,4,63.8,1.5,0.0,0.9621,0.0,1,0.4091,4.6552,1.5,0.0,0.048,1,0.01
4,0.0325,0.0434,7.5904,1.6667,1,3,68.0,5.3,0.0,0.7916,0.0,2,0.2938,5.747,1.5,0.03,0.0556,0,0.04
4,0.1059,0.0265,2.6471,1.0,1,4,60.4,1.9,0.0,2.25,0.0,0,0.3427,5.0294,1.5,0.04,0.0507,0,0.01
4,0.28,0.0,-1.0,1.3333,0,3,62.8,2.6,0.0,2.35,0.0,2,0.4099,2.6,1.5,0.28,0.0315,1,0.0
4,0.0,0.0161,4.8214,1.0,0,4,58.4,0.3,0.0,0.7071,0.0,1,0.1079,0.4821,1.5,0.0,0.0216,0,0.01
4,0.1023,0.0409,33.75,3.3333,1,3,70.2,7.3,0.0,1.7182,0.0,7,0.1154,7.4659,1.5,0.1,0.0256,0,0.04
4,0.08,0.09,38.0,6.3333,1,4,71.6,9.0,0.0,1.36,0.0,11,0.1257,9.0,1.5,0.08,0.0377,0,0.09
4,0.5506,0.0847,36.0,9.3333,0,4,81.8,13.4,0.0,2.0859,0.0,10,0.2156,14.1882,1.5,0.52,0.0484,0,0.08
4,0.1448,0.0207,33.1034,9.6667,1,2,81.2,6.6,0.0,1.6759,0.0,8,0.1862,6.8276,1.5,0.14,0.0532,0,0.02
4,0.9,0.0,24.0,8.0,0,2,88.0,7.4,0.0,2.44,0.0,6,0.3559,7.4,1.5,0.9,0.047,1,0.0
4,1.2388,0.0847,57.1765,9.0,0,2,87.4,17.4,0.0,1.7788,0.0,13,0.5787,18.4235,1.5,1.17,0.0556,0,0.08
4,0.07,0.01,-3.0,7.0,0,3,87.4,4.3,0.0,2.6,0.0,2,0.5767,4.3,1.5,0.07,0.0391,0,0.01
4,0.0831,0.1108,13.8462,5.6667,0,2,83.4,6.9,0.0,2.6446,0.0,2,0.505,9.5538,1.5,0.06,0.041,0,0.08
4,0.0,0.05,5.0,2.0,1,2,84.0,3.2,0.0,3.59,0.0,2,0.4714,3.2,1.5,0.0,0.0471,1,0.05
4,0.0,0.04,3.0,2.0,0,2,84.0,1.8,0.0,1.75,0.0,2,0.2786,1.8,1.5,0.0,0.0557,0,0.04
4,0.6,0.04,30.0,3.6667,1,2,85.0,10.5,0.0,0.77,0.0,7,0.1546,10.5,1.5,0.6,0.0466,0,0.04
4,0.0,0.0,9.8438,3.6667,1,2,79.8,1.9,0.0,1.575,0.0,2,0.1489,2.6719,1.5,0.0,0.0474,0,0.0
4,0.0684,0.0114,2.2785,3.6667,0,4,82.6,0.6,0.0,1.3101,0.0,2,0.1438,0.6835,1.5,0.06,0.0305,0,0.01
4,0.0724,0.0103,1.0345,2.0,1,3,82.0,1.5,0.0,1.769,0.0,2,0.1602,1.5517,1.5,0.07,0.022,0,0.01
4,0.5625,0.0,326.25,3.3333,1,4,65.6,5.1,0.0,1.575,0.0,6,0.214,57.375,1.5,0.05,0.0165,0,0.0
4,0.45,0.09,99.0,5.0,0,2,53.6,6.8,0.0,0.24,0.0,7,0.1108,20.4,1.5,0.15,0.0168,0,0.03
3,0.2769,0.0,20.7692,1.0,0,3,13.0,0.3,2.0769,4.8462,0.0,1,0.2769,2.0769,1.5,0.04,0.0,0,0.0
3,0.0,0.0,12.2727,1.0,0,4,17.5,0.2,1.2273,1.35,0.0,1,0.1029,0.8182,1.5,0.0,0.0,1,0.0
3,0.45,0.1125,11.25,1.0,1,3,8.0,0.8,1.125,0.0,0.0,1,0.45,9.0,1.5,0.04,0.1125,1,0.01
3,0.0,0.0,90.0,1.0,1,3,4.5,0.6,9.0,0.0,0.0,1,0.4,54.0,1.5,0.0,0.1,0,0.0
3,7.2,0.0,180.0,1.0,0,2,3.3333,0.6,18.0,23.4,0.0,1,1.08,54.0,1.5,0.08,0.09,0,0.0
3,0.0,0.0,135.0,1.0,1,3,3.0,0.2,13.5,0.0,0.0,1,0.9,9.0,1.5,0.0,0.075,0,0.0
3,0.0,0.0,0.0,1.0,0,4,7.2,0.5,0.0,1.0125,0.0,1,0.3,1.875,1.5,0.0,0.025,0,0.0
3,0.0,0.0,0.0,1.0,1,4,5.8,0.3,0.0,2.7,0.0,1,0.2483,27.0,1.5,0.0,0.0,0,0.0
3,0.45,0.225,67.5,1.0,1,3,6.4,0.1,6.75,0.9,0.0,1,0.2813,2.25,1.5,0.02,0.0281,0,0.01
3,0.0,0.0,36.0,1.0,0,4,8.2,0.4,3.6,0.9,0.0,1,0.0439,3.6,1.5,0.0,0.022,0,0.0
3,0.0,0.0212,12.7059,2.0,0,2,85.0,3.1,1.2706,1.3553,0.0,2,0.0,3.2824,1.5,0.0,0.0212,0,0.02
3,0.0,0.0655,3.2727,1.5,0,2,70.0,1.0,0.3273,2.4218,0.0,1,0.0,1.6364,1.5,0.0,0.0386,0,0.04
3,0.0,0.0161,3.2143,1.0,0,3,65.3333,0.4,0.3214,1.7839,0.0,0,0.0,0.6429,1.5,0.0,0.0321,0,0.01
3,0.2,0.15,41.25,3.6667,1,2,67.0,9.6,4.125,1.525,0.0,10,0.0537,12.0,1.5,0.16,0.0638,0,0.12
3,2.2935,0.0,0.0,3.6667,1,2,59.8,6.5,0.0,0.0,0.0,1,0.286,18.871,1.5,0.79,0.0572,0,0.0
3,0.2286,0.0286,12.8571,4.3333,0,2,55.4,3.4,1.2857,2.5857,0.0,2,0.3606,4.8571,1.5,0.16,0.0617,0,0.02
3,0.2311,0.0243,2.4324,1.6667,0,2,59.2,3.0,0.2432,1.2527,0.0,2,0.3953,3.6486,1.5,0.19,0.0517,0,0.02
3,0.33,0.0,28.0,4.3333,1,3,66.0,6.1,2.8,2.48,0.0,9,0.4445,6.1,1.5,0.33,0.0436,0,0.0
3,0.4,0.05,15.0,4.6667,0,4,69.6,7.9,1.5,0.68,0.0,3,0.4836,7.9,1.5,0.4,0.0233,0,0.05
3,0.0,0.07,13.0,5.0,1,3,81.4,5.7,1.3,1.38,0.0,3,0.2388,5.7,1.5,0.0,0.0354,1,0.07
3,0.0,0.0,12.8571,2.6667,0,2,82.8,1.0,1.2857,1.9414,0.0,2,0.2,1.2857,1.5,0.0,0.0304,1,0.0
3,0.07,0.01,29.0,4.0,1,3,86.0,7.3,2.9,0.32,0.0,7,0.1674,7.3,1.5,0.07,0.0272,0,0.01
4,0.0,0.0,38.5714,1.0,0,4,7.0,0.1,0.0,11.5714,0.0,1,0.0,1.2857,1.5,0.0,0.0,0,0.0
4,0.0,0.0,270.0,1.0,1,3,4.0,0.2,0.0,0.0,0.0,1,0.0,18.0,1.5,0.0,0.0,0,0.0
3,0.0,0.0,38.5714,1.0,1,3,7.0,0.3,3.8571,2.0571,0.0,1,0.0,3.8571,1.5,0.0,0.0,0,0.0
3,0.0,0.0,12.0,1.0,0,2,26.0,2.0,1.2,1.98,0.0,1,0.0,4.0,1.5,0.0,0.0,0,0.0
3,0.0969,0.0,4.1538,1.6667,1,2,39.0,2.8,0.4154,0.8031,0.0,3,0.0538,3.8769,1.5,0.07,0.0,0,0.0
3,8.1,0.0,90.0,1.6667,1,3,29.5,0.0,9.0,0.0,0.0,1,0.122,0.0,1.5,0.09,0.0,0,0.0
3,1.8,0.0,472.5,3.3333,1,4,24.4,5.5,47.25,0.225,0.0,6,0.177,123.75,1.5,0.08,0.0,0,0.0
3,0.0,0.02,6.0,2.6667,0,3,32.0,0.5,0.6,0.58,0.0,1,0.135,1.0,1.5,0.0,0.0056,0,0.01
3,4.5,0.0,180.0,2.6667,0,2,23.2,0.7,18.0,11.7,0.0,1,0.225,63.0,1.5,0.05,0.0078,0,0.0
3,0.0,1.44,126.0,0.6667,1,4,11.2,2.0,12.6,0.0,0.0,0,0.3536,36.0,1.5,0.0,0.1446,1,0.08
3,0.0,0.0,90.0,0.6667,0,3,11.4,0.0,9.0,14.4,0.0,1,0.2053,0.0,1.5,0.0,0.1421,0,0.0
3,0.0,0.0,270.0,0.6667,1,3,10.8,0.0,27.0,54.0,0.0,1,0.0833,0.0,1.5,0.0,0.15,0,0.0
3,0.1552,0.0931,6.2069,1.0,0,4,7.6,2.2,0.6207,1.0862,0.0,1,0.2368,6.8276,1.5,0.05,0.2605,0,0.03
3,0.0,0.0,4.2857,1.0,1,3,11.6,1.7,0.4286,1.2429,0.0,1,0.0776,7.2857,1.5,0.0,0.1707,0,0.0
2,0.0,0.0,13.8462,1.0,0,3,13.0,0.2,2.0769,2.7692,0.0,1,0.0,1.3846,1.5,0.0,0.0,0,0.0
2,0.0,0.0,14.2105,1.0,1,2,16.0,0.4,2.1316,0.3789,0.0,1,0.0,1.8947,1.5,0.0,0.0,0,0.0
2,0.0,0.011,24.1463,1.3333,0,3,38.0,2.6,3.622,0.5598,0.0,2,0.0,2.8537,1.5,0.0,0.0079,1,0.01
2,0.0,0.0,450.0,1.3333,1,3,28.75,0.5,67.5,0.9,0.0,1,0.0,45.0,1.5,0.0,0.0078,0,0.0
2,0.0,0.0161,6.4286,1.3333,0,3,34.2,0.2,0.9643,0.8518,0.0,1,0.0,0.3214,1.5,0.0,0.0105,0,0.01
2,0.06,0.01,21.0,2.6667,0,4,49.6,1.4,3.15,0.76,0.0,6,0.0218,1.4,1.5,0.06,0.0109,0,0.01
2,0.04,0.01,13.0,2.6667,1,3,63.8,2.5,1.95,1.33,0.0,1,0.0282,2.5,1.5,0.04,0.0113,0,0.01
2,0.0,0.01,12.0,3.0,1,4,65.4,1.3,1.8,1.03,0.0,2,0.0275,1.3,1.5,0.0,0.011,0,0.01
2,0.02,0.01,15.0,1.6667,1,3,83.2,2.8,2.25,1.61,0.0,2,0.026,2.8,1.5,0.02,0.0108,0,0.01
2,0.0,0.02,14.0,2.0,1,2,90.0,3.9,2.1,0.44,0.0,2,0.024,3.9,1.5,0.0,0.012,0,0.02
2,0.0,0.02,14.0,1.6667,0,4,90.0,1.2,2.1,0.71,0.0,1,0.012,1.2,1.5,0.0,0.014,0,0.02
2,0.0,0.01,19.0,1.6667,0,3,90.0,2.2,2.85,0.8,0.0,2,0.004,2.2,1.5,0.0,0.014,0,0.01
2,0.0,0.0333,13.3333,1.3333,0,4,77.4,2.1,2.0,1.1,0.0,1,0.0047,7.0,1.5,0.0,0.0163,0,0.01
2,0.0,0.02,19.0,1.3333,0,3,77.4,2.5,2.85,0.66,0.0,1,0.0,2.5,1.5,0.0,0.0186,0,0.02
2,0.0,0.01,19.0,1.0,1,4,77.4,1.9,2.85,1.16,0.0,1,0.0,1.9,1.5,0.0,0.0163,0,0.01
2,0.1,0.01,35.0,3.6667,0,2,77.4,9.1,5.25,3.36,0.0,9,0.0233,9.1,1.5,0.1,0.014,0,0.01
2,0.82,0.03,42.0,8.3333,1,2,77.4,14.6,6.3,0.56,0.0,15,0.214,14.6,1.5,0.82,0.0186,1,0.03
3,0.0,0.0,12.8571,1.0,0,3,7.0,0.5,1.2857,12.2143,0.0,1,0.0,6.4286,1.5,0.0,0.0,0,0.0
3,0.0,0.0,38.5714,1.0,1,2,7.0,0.2,3.8571,0.0,0.0,1,0.0,2.5714,1.5,0.0,0.0,1,0.0
3,0.0,0.0,270.0,1.0,1,3,5.0,0.0,27.0,0.0,0.0,1,0.0,0.0,1.5,0.0,0.0,1,0.0
3,0.0,0.0,0.0,1.0,1,3,6.75,1.0,0.0,1.2,0.0,1,0.0,7.5,1.5,0.0,0.0,0,0.0
3,0.2136,0.0153,0.0,1.0,0,3,17.2,1.9,0.0,0.9763,0.0,1,0.1465,2.8983,1.5,0.14,0.0105,0,0.01
3,0.0,0.0,20.7692,1.0,0,3,13.0,0.1,2.0769,0.9692,0.0,1,0.0,0.6923,1.5,0.0,0.0,0,0.0
3,0.0,0.0,270.0,1.0,1,4,1.0,0.1,27.0,0.9,0.0,1,0.0,9.0,1.5,0.0,0.0,1,0.0
3,0.0,0.0,270.0,1.0,1,3,1.0,0.0,27.0,0.0,0.0,1,0.0,0.0,1.5,0.0,0.0,0,0.0
3,0.0,0.0,180.0,1.0,1,4,1.0,0.0,18.0,0.0,0.0,1,0.0,0.0,1.5,0.0,0.0,0,0.0
3,0.0947,0.0237,5.9211,2.0,0,3,76.0,1.2,0.5921,2.3921,0.0,2,0.0947,1.4211,1.5,0.08,0.0237,0,0.02
3,0.2057,0.3729,15.4286,2.0,1,4,73.0,7.7,1.5429,1.1057,0.0,2,0.1479,9.9,1.5,0.16,0.1911,0,0.29
3,0.0,0.0,10.0,1.6667,1,2,51.6667,0.0,1.0,0.0,0.0,1,0.1394,0.0,1.5,0.0,0.18,1,0.0
3,0.0,0.15,10.0,1.3333,0,3,43.25,0.1,1.0,0.5,0.0,1,0.1249,0.5,1.5,0.0,0.1769,0,0.03
3,0.26,0.01,15.0,1.3333,0,2,52.6,6.0,1.5,2.39,0.0,2,0.1711,6.0,1.5,0.26,0.1198,0,0.01
3,0.05,0.01,20.0,1.6667,1,3,55.4,4.1,2.0,3.04,0.0,2,0.1527,4.1,1.5,0.05,0.1105,0,0.01
3,0.09,0.05,12.0,2.0,0,4,59.4,4.2,1.2,2.12,0.0,2,0.1212,4.2,1.5,0.09,0.0303,0,0.05
3,0.03,0.07,7.0,1.6667,1,4,75.6,2.0,0.7,1.68,0.0,1,0.1024,2.0,1.5,0.03,0.0405,1,0.07
3,0.06,0.02,16.0,2.6667,0,4,90.0,3.6,1.6,3.47,0.0,5,0.098,3.6,1.5,0.06,0.032,0,0.02
3,0.05,0.02,27.0,4.0,1,4,90.0,8.7,2.7,2.44,0.0,6,0.056,8.7,1.5,0.05,0.034,0,0.02
3,0.03,0.03,5.0,4.3333,1,2,90.0,1.6,0.5,1.6,0.0,2,0.052,1.6,1.5,0.03,0.038,0,0.03
3,0.25,0.3,20.0,4.3333,1,4,90.0,5.6,2.0,1.68,0.0,5,0.084,5.6,1.5,0.25,0.088,0,0.3
3,0.11,0.03,17.0,3.0,0,3,90.0,7.3,1.7,2.59,0.0,2,0.1,7.3,1.5,0.11,0.08,1,0.03
3,0.46,0.05,32.0,5.0,1,2,90.0,10.2,3.2,1.5,0.0,8,0.18,10.2,1.5,0.46,0.086,0,0.05
3,0.17,0.06,17.0,4.0,0,4,90.0,9.3,1.7,0.99,0.0,2,0.204,9.3,1.5,0.17,0.094,0,0.06
3,0.0444,0.4111,33.3333,5.3333,1,3,88.2,9.7,3.3333,0.9778,0.0,6,0.2102,10.7778,1.5,0.04,0.1653,1,0.37
3,0.61,0.44,54.0,7.0,0,3,88.2,17.3,5.4,2.28,0.0,13,0.2837,17.3,1.5,0.61,0.1939,0,0.44
3,0.11,0.09,12.0,7.0,1,2,88.2,7.0,1.2,1.81,0.0,2,0.2837,7.0,1.5,0.11,0.2061,0,0.09
3,0.09,0.2,21.0,5.6667,1,3,88.2,7.7,2.1,2.81,0.0,2,0.2082,7.7,1.5,0.09,0.2367,0,0.2
3,0.07,0.04,19.0,1.6667,0,2,88.2,5.7,1.9,3.31,0.0,1,0.1878,5.7,1.5,0.07,0.2327,0,0.04
3,0.07,0.03,13.0,1.6667,1,3,90.0,2.5,1.3,1.83,0.0,2,0.19,2.5,1.5,0.07,0.16,0,0.03
3,0.04,0.06,12.0,1.6667,0,3,90.0,3.5,1.2,2.59,0.0,2,0.076,3.5,1.5,0.04,0.084,0,0.06
3,0.3724,0.0724,26.8966,3.6667,0,3,89.4,7.8,2.6897,2.4414,0.0,7,0.1268,8.069,1.5,0.36,0.0805,1,0.07
3,0.1,0.09,14.0,3.6667,1,4,89.4,5.4,1.4,1.71,0.0,2,0.1289,5.4,1.5,0.1,0.0584,0,0.09
3,0.02,0.08,13.0,4.3333,0,3,89.4,5.9,1.3,2.98,0.0,4,0.1188,5.9,1.5,0.02,0.0664,1,0.08
3,0.15,0.03,13.0,2.6667,0,4,89.4,2.7,1.3,0.82,0.0,2,0.1349,2.7,1.5,0.15,0.0664,0,0.03
3,0.12,0.11,8.0,2.6667,1,2,89.4,5.0,0.8,0.34,0.0,2,0.151,5.0,1.5,0.12,0.0765,1,0.11
3,0.17,0.0,24.0,3.6667,0,2,90.0,5.6,2.4,4.26,0.0,7,0.112,5.6,1.5,0.17,0.062,0,0.0
3,0.0,0.04,11.0,3.6667,1,2,90.0,2.2,1.1,3.14,0.0,2,0.092,2.2,1.5,0.0,0.052,0,0.04
3,0.0468,0.0351,15.1948,3.6667,0,2,87.4,2.5,1.5195,1.4143,0.0,2,0.0989,2.9221,1.5,0.04,0.0432,1,0.03
3,0.12,0.04,8.0,2.0,1,4,87.4,4.4,0.8,1.43,0.0,2,0.0927,4.4,1.5,0.12,0.0453,0,0.04
3,0.0,0.0474,-2.3684,1.3333,0,4,77.0,2.2,-0.2368,1.4211,0.0,0,0.0771,5.2105,1.5,0.0,0.0304,0,0.02
4,0.4154,0.0,34.6154,4.0,0,4,26.0,0.0,0.0,8.8269,0.0,4,0.4154,0.0,1.5,0.12,0.0,0,0.0
4,0.315,0.0,-9.0,2.0,0,3,23.0,0.5,0.0,2.565,0.0,0,0.3717,2.25,1.5,0.07,0.0,0,0.0
4,0.0,0.0,9.4737,1.6667,1,3,21.6667,0.1,0.0,0.9474,0.0,1,0.2631,0.4737,1.5,0.0,0.0,0,0.0
4,0.4315,0.2466,14.7945,1.0,0,3,34.5,4.9,0.0,1.1466,0.0,2,0.3522,6.0411,1.5,0.35,0.1304,0,0.2
4,0.4817,0.0254,2.5352,1.6667,1,3,41.8,5.5,0.0,0.7479,0.0,2,0.3962,6.9718,1.5,0.38,0.0947,1,0.02
4,0.03,0.01,3.0,2.0,0,3,54.6,0.7,0.0,2.9,0.0,2,0.2736,0.7,1.5,0.03,0.0758,0,0.01
4,0.4765,0.1059,5.2941,1.6667,1,3,64.2,5.7,0.0,1.2971,0.0,1,0.314,7.5441,1.5,0.36,0.0869,1,0.08
4,0.2215,0.0,-2.7692,1.6667,1,2,73.4,0.8,0.0,2.7554,0.0,2,0.3139,1.1077,1.5,0.16,0.076,0,0.0
4,0.4817,0.0127,1.2676,1.6667,0,4,73.0,3.2,0.0,3.638,0.0,2,0.323,4.0563,1.5,0.38,0.0296,0,0.01
4,0.0,0.0,-1.5789,1.6667,0,2,70.2,0.7,0.0,3.1105,0.0,1,0.2385,1.1053,1.5,0.0,0.0256,0,0.0
4,0.0,0.0,32.7273,1.3333,1,3,54.4,0.1,0.0,2.0455,0.0,1,0.2978,0.8182,1.5,0.0,0.0298,0,0.0
4,3.7636,0.0,253.6364,3.0,1,3,43.0,7.1,0.0,9.0,0.0,7,0.4186,58.0909,1.5,0.46,0.0042,0,0.0
4,0.26,0.02,56.0,4.6667,0,3,39.0,5.2,0.0,5.44,0.0,6,0.4477,10.4,1.5,0.13,0.0092,1,0.01
4,0.0,0.015,4.5,4.6667,1,2,36.8,1.1,0.0,2.58,0.0,1,0.2886,1.65,1.5,0.0,0.0098,0,0.01
4,0.0,0.05,5.0,3.0,1,2,43.4,1.0,0.0,1.6,0.0,2,0.2447,1.0,1.5,0.0,0.029,0,0.05
4,0.14,0.02,5.0,1.6667,1,2,59.2,7.2,0.0,1.68,0.0,2,0.222,7.2,1.5,0.14,0.0274,0,0.02
4,0.05,0.01,5.0,2.0,0,3,75.0,2.1,0.0,2.59,0.0,2,0.0768,2.1,1.5,0.05,0.024,0,0.01
4,0.26,0.04,8.0,1.3333,1,3,75.0,2.1,0.0,0.7,0.0,0,0.0768,4.2,1.5,0.13,0.0264,0,0.02
4,0.4091,0.0,8.1818,1.0,0,3,65.2,1.1,0.0,1.5545,0.0,1,0.1021,9.0,1.5,0.05,0.0276,0,0.0
3,0.0,0.225,292.5,4.0,0,3,4.0,2.8,29.25,2.925,0.0,4,0.0,63.0,1.5,0.0,0.225,0,0.01
3,0.0519,0.0173,6.9231,2.5,1,3,28.0,1.8,0.6923,0.9692,0.0,1,0.0482,3.1154,1.5,0.03,0.0321,0,0.01
3,0.0,0.0,22.5,2.0,0,3,21.3333,0.3,2.25,1.35,0.0,1,0.0422,3.375,1.5,0.0,0.0281,0,0.0
3,0.0,0.0,120.0,1.0,1,4,16.75,0.3,12.0,0.0,0.0,1,0.0403,9.0,1.5,0.0,0.0269,0,0.0
2,0.0,0.0,67.5,1.0,0,2,4.0,0.0,10.125,6.3,0.0,1,0.0,0.0,1.5,0.0,0.0,1,0.0
2,0.0,0.045,9.0,1.0,0,3,12.0,1.0,1.35,0.945,0.0,1,0.0,4.5,1.5,0.0,0.0375,0,0.01
2,0.0,0.0,270.0,1.0,1,4,8.3333,0.0,40.5,0.0,0.0,1,0.0,0.0,1.5,0.0,0.036,0,0.0
2,0.0,0.0,8.5714,1.0,1,3,11.5,0.8,1.2857,3.5143,0.0,1,0.0,3.4286,1.5,0.0,0.0196,0,0.0
2,0.0,0.0,0.0,0.6667,1,2,18.2,1.0,0.0,0.38,0.0,0,0.0,2.0,1.5,0.0,0.0099,0,0.0
2,0.0,0.04,12.0,0.3333,0,2,26.4,2.8,1.8,4.16,0.0,0,0.0,5.6,1.5,0.0,0.0205,1,0.02
2,0.0,0.04,18.0,0.6667,1,3,40.4,3.0,2.7,0.58,0.0,2,0.0,3.0,1.5,0.0,0.0267,1,0.04
2,0.0,0.08,27.0,3.0,1,3,58.2,4.1,4.05,0.36,0.0,7,0.0,4.1,1.5,0.0,0.0433,0,0.08
2,0.0,0.04,12.0,3.3333,0,3,72.0,2.4,1.8,3.23,0.0,1,0.0,2.4,1.5,0.0,0.045,0,0.04
2,0.0,0.0123,9.863,3.0,0,4,77.6,1.5,1.4795,3.0082,0.0,1,0.0,1.8493,1.5,0.0,0.0441,1,0.01
2,0.0434,0.1735,36.8675,3.6667,1,3,85.2,5.6,5.5301,0.2169,0.0,9,0.0085,6.0723,1.5,0.04,0.0697,0,0.16
2,0.0,0.0,30.0,3.6667,0,3,69.0,0.4,4.5,1.0,0.0,1,0.0104,4.0,1.5,0.0,0.0757,0,0.0
2,0.0,0.0771,12.8571,3.6667,1,4,58.0,0.7,1.9286,2.5971,0.0,1,0.0124,1.8,1.5,0.0,0.0745,0,0.03
2,0.0,0.01,12.0,0.6667,0,2,58.0,2.7,1.8,7.27,0.0,0,0.0124,2.7,1.5,0.0,0.0652,0,0.01
2,0.0,0.0,24.0,0.6667,0,3,46.4,0.4,3.6,1.26,0.0,1,0.0155,2.4,1.5,0.0,0.0776,0,0.0
2,0.0,0.0346,6.9231,0.6667,1,3,35.0,0.5,1.0385,0.6231,0.0,1,0.0,1.7308,1.5,0.0,0.0257,0,0.01
2,0.0,0.0,30.0,1.0,0,3,35.0,0.4,4.5,0.4,0.0,1,0.0,4.0,1.5,0.0,0.0257,0,0.0
2,0.0,0.0474,23.6842,1.0,1,3,31.8,0.6,3.5526,0.6632,0.0,1,0.0,2.8421,1.5,0.0,0.017,0,0.01
2,0.0,0.0,17.5,0.6667,0,2,28.2,1.7,2.625,2.6375,0.0,0,0.0,2.125,1.5,0.0,0.0128,0,0.0
2,0.4026,0.0237,45.0,2.6667,1,4,32.8,6.2,6.75,1.2316,0.0,7,0.0933,14.6842,1.5,0.17,0.0165,0,0.01
2,0.07,0.04,7.0,2.6667,0,2,45.6,2.1,1.05,1.67,0.0,1,0.0947,2.1,1.5,0.07,0.0237,0,0.04
2,0.0,0.0327,21.2727,2.6667,1,3,54.8,2.3,3.1909,1.8164,0.0,0,0.0788,3.7636,1.5,0.0,0.0263,0,0.02
2,0.0,0.0,30.0,0.6667,1,2,53.4,0.8,4.5,0.0,0.0,1,0.0809,6.0,1.5,0.0,0.0236,0,0.0
2,0.0,0.15,17.0,1.0,1,3,57.0,7.3,2.55,1.48,0.0,2,0.0758,7.3,1.5,0.0,0.0695,0,0.15
2,0.1,0.15,15.0,1.6667,0,3,67.4,6.1,2.25,1.08,0.0,2,0.0454,6.1,1.5,0.1,0.0961,1,0.15
2,0.0,0.04,15.0,2.0,1,3,67.4,4.0,2.25,1.32,0.0,2,0.0267,4.0,1.5,0.0,0.0961,0,0.04
2,0.0,0.0,60.0,1.0,1,4,3.0,0.0,9.0,0.0,0.0,1,0.0,0.0,1.5,0.0,0.0,1,0.0
2,0.0,0.0,45.0,1.0,1,3,5.5,0.3,6.75,0.9,0.0,1,0.0,3.375,1.5,0.0,0.0,1,0.0
3,0.0,0.0138,22.1538,2.0,0,2,65.0,1.1,2.2154,1.0108,0.0,2,0.0,1.5231,1.5,0.0,0.0138,0,0.01
3,0.05,0.44,22.0,4.0,1,4,77.5,4.5,2.2,0.58,0.0,6,0.029,4.5,1.5,0.05,0.2613,0,0.44
3,0.21,0.04,20.0,3.6667,1,3,81.6667,2.7,2.0,0.36,0.0,3,0.0955,2.7,1.5,0.21,0.18,0,0.04
3,0.1213,0.0404,17.191,3.6667,0,2,83.5,4.7,1.7191,2.9427,0.0,2,0.1024,4.7528,1.5,0.12,0.1428,0,0.04
3,0.0,0.02,6.0,2.3333,0,3,84.8,2.2,0.6,3.88,0.0,2,0.0807,2.2,1.5,0.0,0.1167,0,0.02
3,0.5167,0.3333,51.6667,3.3333,1,3,82.6,10.3,5.1667,0.1833,0.0,6,0.1504,17.1667,1.5,0.31,0.1613,0,0.2
3,0.2432,0.0243,9.7297,3.0,0,3,72.0,0.8,0.973,3.2351,0.0,1,0.185,1.9459,1.5,0.1,0.0775,1,0.01
3,0.36,0.13,13.0,3.0,1,3,72.0,6.5,1.3,3.46,0.0,2,0.2225,6.5,1.5,0.36,0.1,0,0.13
3,0.1189,0.017,0.0,1.0,0,2,64.8,1.1,0.0,6.7415,0.0,0,0.2333,1.8679,1.5,0.07,0.1028,0,0.01
3,0.0,0.07,9.0,1.3333,1,2,64.8,3.4,0.9,2.84,0.0,2,0.2333,3.4,1.5,0.0,0.1167,0,0.07
3,0.0,0.0243,12.1622,1.3333,0,4,68.8,2.6,1.2162,1.4959,0.0,2,0.1387,3.1622,1.5,0.0,0.0628,0,0.02
3,0.0,0.04,21.0,3.0,1,4,79.4,5.9,2.1,2.27,0.0,5,0.0975,5.9,1.5,0.0,0.0612,1,0.04
3,0.0,0.0111,15.5556,3.0,0,2,77.6,1.8,1.5556,1.6222,0.0,2,0.0162,2.0,1.5,0.0,0.0348,1,0.01
3,0.0,0.02,21.0,3.0,1,2,85.0,3.9,2.1,2.47,0.0,2,0.0,3.9,1.5,0.0,0.0339,1,0.02
3,0.0,0.01,11.0,2.0,0,3,85.0,1.6,1.1,2.4,0.0,2,0.0,1.6,1.5,0.0,0.0212,0,0.01
3,0.0,0.045,13.5,1.6667,1,2,74.2,0.6,1.35,0.81,0.0,1,0.0,2.7,1.5,0.0,0.0218,1,0.01
3,0.0,0.0,126.0,2.3333,0,3,58.2,3.0,12.6,0.18,0.0,4,0.0,27.0,1.5,0.0,0.0155,0,0.0
3,0.0,0.0,18.0,1.0,1,2,10.0,0.0,1.8,1.89,0.0,1,0.0,0.0,1.5,0.0,0.0,0,0.0
3,0.0947,0.0,14.2105,1.0,0,3,33.5,3.5,1.4211,1.2947,0.0,1,0.0806,5.5263,1.5,0.06,0.0,0,0.0
3,0.0,0.0,5.0,1.0,1,3,52.3333,1.3,0.5,3.52,0.0,1,0.0344,1.3,1.5,0.0,0.0,0,0.0
3,0.0,0.01,10.0,1.3333,1,2,61.75,2.4,1.0,2.59,0.0,2,0.0219,2.4,1.5,0.0,0.0036,0,0.01
3,0.0,0.0,14.0,1.6667,0,2,67.4,2.2,1.4,1.87,0.0,2,0.016,2.2,1.5,0.0,0.0027,0,0.0
3,0.01,0.01,11.0,2.0,1,3,83.4,3.3,1.1,3.94,0.0,2,0.0151,3.3,1.5,0.01,0.0043,0,0.01
3,0.09,0.03,13.0,2.0,0,4,90.0,2.9,1.3,2.14,0.0,2,0.02,2.9,1.5,0.09,0.01,0,0.03
3,0.0,0.01,18.0,2.3333,0,4,90.0,1.8,1.8,2.14,0.0,3,0.02,1.8,1.5,0.0,0.012,0,0.01
3,0.0,0.01,4.0,2.0,1,3,90.0,2.2,0.4,1.05,0.0,1,0.02,2.2,1.5,0.0,0.012,0,0.01
3,0.0,0.01,15.0,2.0,0,4,90.0,2.1,1.5,2.78,0.0,2,0.02,2.1,1.5,0.0,0.014,0,0.01
3,0.0,0.01,4.0,1.6667,1,4,90.0,1.3,0.4,1.33,0.0,2,0.018,1.3,1.5,0.0,0.014,0,0.01
3,0.0,0.0,3.5294,1.6667,0,4,82.2,0.9,0.3529,2.2941,0.0,1,0.0,1.5882,1.5,0.0,0.0088,1,0.0
3,0.0,0.0,6.0,1.3333,1,2,73.2,0.7,0.6,2.38,0.0,1,0.0,1.4,1.5,0.0,0.0074,0,0.0
3,0.0,0.0,11.6471,1.3333,1,4,72.2,2.0,1.1647,1.3871,0.0,2,0.0,2.1176,1.5,0.0,0.005,0,0.0
3,0.0,0.02,9.0,2.0,1,3,72.2,1.0,0.9,0.64,0.0,3,0.0,1.0,1.5,0.0,0.0075,1,0.02
3,0.0,0.07,13.0,2.3333,0,3,72.2,2.6,1.3,2.75,0.0,2,0.0,2.6,1.5,0.0,0.0224,0,0.07
3,0.01,0.0,9.0,2.3333,0,4,80.0,2.2,0.9,0.89,0.0,2,0.0023,2.2,1.5,0.01,0.0202,0,0.0
3,0.0318,0.0106,18.0,2.0,1,3,88.0,1.9,1.8,0.6671,0.0,2,0.0082,2.0118,1.5,0.03,0.0205,0,0.01
3,0.0,0.0,13.0,2.0,0,3,89.0,1.0,1.3,2.26,0.0,2,0.0081,1.0,1.5,0.0,0.0202,1,0.0
3,0.0207,0.0103,10.3448,2.0,1,3,88.4,2.4,1.0345,1.9034,0.0,2,0.0122,2.4828,1.5,0.02,0.0183,1,0.01
3,0.0,0.1,20.0,2.0,0,3,88.4,5.4,2.0,1.13,0.0,2,0.0122,5.4,1.5,0.0,0.0244,0,0.1
3,0.0,0.01,11.0,2.0,1,3,88.4,2.6,1.1,2.27,0.0,2,0.0102,2.6,1.5,0.0,0.0265,1,0.01
3,0.2,0.0,38.0,5.6667,0,3,89.4,8.2,3.8,1.88,0.0,13,0.0443,8.2,1.5,0.2,0.0242,0,0.0
3,0.02,0.0,13.0,5.6667,1,3,89.4,2.5,1.3,2.93,0.0,2,0.0483,2.5,1.5,0.02,0.0242,0,0.0
3,0.0,0.1111,14.4444,5.6667,0,2,88.2,3.8,1.4444,1.3333,0.0,2,0.0449,4.2222,1.5,0.0,0.0429,0,0.1
3,0.0,0.0,8.0,2.0,1,3,88.2,2.6,0.8,2.25,0.0,2,0.0449,2.6,1.5,0.0,0.0224,0,0.0
3,0.0,0.0,12.0,1.6667,0,3,79.2,1.7,1.2,2.96,0.0,1,0.05,3.4,1.5,0.0,0.0227,0,0.0
3,0.0,0.0,6.4286,1.6667,1,2,78.0,1.5,0.6429,1.0821,0.0,2,0.0046,1.6071,1.5,0.0,0.0231,0,0.0
3,0.0,0.0,11.0,1.6667,0,2,78.0,1.9,1.1,1.65,0.0,2,0.0,1.9,1.5,0.0,0.0231,1,0.0
3,0.0,0.9,450.0,1.6667,1,3,62.0,0.6,45.0,0.0,0.0,1,0.0,54.0,1.5,0.0,0.0029,0,0.01
3,0.1746,0.0269,6.7164,1.6667,1,4,57.4,4.4,0.6716,1.6791,0.0,2,0.0408,5.9104,1.5,0.13,0.0094,1,0.02
3,0.04,0.02,14.0,1.3333,0,4,57.4,3.1,1.4,3.38,0.0,1,0.047,6.2,1.5,0.02,0.0125,0,0.01
3,0.0,0.0,36.0,1.3333,0,3,44.6,2.2,3.6,2.745,0.0,1,0.0605,9.9,1.5,0.0,0.0161,0,0.0
3,0.1125,0.0,11.25,1.0,1,2,29.8,0.0,1.125,1.4062,0.0,1,0.1027,0.0,1.5,0.02,0.0242,0,0.0
3,0.0,0.01,9.0,1.3333,0,4,47.6,1.4,0.9,2.16,0.0,2,0.0643,1.4,1.5,0.0,0.0151,0,0.01
3,0.0,0.0,3.1765,1.3333,1,2,51.2,1.0,0.3176,3.4729,0.0,1,0.0141,1.0588,1.5,0.0,0.007,0,0.0
2,0.04,0.03,20.0,1.0,0,4,90.0,0.0,3.0,2.02,0.0,1,0.04,0.0,1.5,0.04,0.03,0,0.03
2,0.0,0.01,28.0,4.0,1,3,90.0,1.7,4.2,1.99,0.0,7,0.02,1.7,1.5,0.0,0.02,0,0.01
2,0.0,0.0,30.0,4.6667,0,3,90.0,3.1,4.5,0.67,0.0,6,0.0133,3.1,1.5,0.0,0.0133,0,0.0
2,0.0,0.01,16.0,4.6667,0,3,90.0,2.4,2.4,1.35,0.0,1,0.01,2.4,1.5,0.0,0.0125,0,0.01
2,0.0,0.01,7.0,2.6667,1,3,90.0,1.3,1.05,0.57,0.0,1,0.008,1.3,1.5,0.0,0.012,0,0.01
2,0.0,0.0,18.0,1.0,0,4,90.0,1.3,2.7,2.08,0.0,1,0.0,1.3,1.5,0.0,0.006,0,0.0
2,0.0,0.02,18.0,1.3333,1,3,90.0,1.2,2.7,1.34,0.0,2,0.0,1.2,1.5,0.0,0.008,0,0.02
2,0.23,0.01,45.0,6.0,0,2,90.0,6.9,6.75,0.82,0.0,15,0.046,6.9,1.5,0.23,0.01,1,0.01
2,0.08,0.01,25.0,7.6667,1,4,90.0,2.4,3.75,1.03,0.0,6,0.062,2.4,1.5,0.08,0.01,0,0.01
2,0.0,0.01,14.0,7.6667,0,3,90.0,2.1,2.1,0.64,0.0,2,0.062,2.1,1.5,0.0,0.01,0,0.01
2,0.0,0.0,12.0,3.0,1,4,81.0,0.5,1.8,2.22,0.0,1,0.0689,1.0,1.5,0.0,0.0111,0,0.0
2,0.0,0.0,13.2955,1.3333,0,3,80.6,1.9,1.9943,0.4398,0.0,1,0.0692,1.9432,1.5,0.0,0.0067,1,0.0
2,0.0,0.01,14.0,1.0,1,2,80.6,1.9,2.1,1.66,0.0,1,0.0179,1.9,1.5,0.0,0.0067,0,0.01
2,0.0,0.0,22.0,1.0,0,3,80.6,2.9,3.3,2.62,0.0,1,0.0,2.9,1.5,0.0,0.0045,0,0.0
2,0.0,0.01,16.0,1.3333,1,3,80.6,3.2,2.4,1.21,0.0,2,0.0,3.2,1.5,0.0,0.0045,1,0.01
2,0.0,0.06,21.0,1.3333,1,2,89.6,2.7,3.15,1.51,0.0,1,0.0,2.7,1.5,0.0,0.0161,1,0.06
2,0.0,0.03,16.0,1.6667,1,3,90.0,2.5,2.4,0.29,0.0,2,0.0,2.5,1.5,0.0,0.022,0,0.03
2,0.0,0.0,20.625,1.3333,0,2,81.6,1.8,3.0938,1.0312,0.0,1,0.0,3.375,1.5,0.0,0.0221,0,0.0
2,0.0,0.0,12.0,1.3333,0,3,81.6,1.9,1.8,1.16,0.0,1,0.0,1.9,1.5,0.0,0.0221,1,0.0
2,0.05,0.02,30.0,4.3333,1,2,81.6,7.6,4.5,1.56,0.0,11,0.011,7.6,1.5,0.05,0.0243,1,0.02
2,0.0,0.01,14.0,3.6667,0,2,81.6,1.7,2.1,2.86,0.0,-1,0.011,1.7,1.5,0.0,0.0132,0,0.01
2,0.0,0.02,9.0,3.6667,1,2,81.6,2.4,1.35,1.08,0.0,1,0.011,2.4,1.5,0.0,0.011,0,0.02
2,0.0,0.02,12.0,0.0,0,4,90.0,3.1,1.8,1.94,0.0,0,0.01,3.1,1.5,0.0,0.014,0,0.02
2,0.0,0.0,13.0,0.0,0,3,90.0,1.4,1.95,3.22,0.0,-1,0.01,1.4,1.5,0.0,0.014,0,0.0
2,0.21,0.01,33.0,3.3333,1,3,90.0,7.4,4.95,0.75,0.0,11,0.042,7.4,1.5,0.21,0.012,0,0.01
2,0.0,0.0,13.0,3.6667,1,3,90.0,1.2,1.95,2.4,0.0,1,0.042,1.2,1.5,0.0,0.01,1,0.0
2,0.0,0.03,25.0,6.0,0,3,90.0,1.5,3.75,0.7,0.0,6,0.042,1.5,1.5,0.0,0.012,0,0.03
4,0.0,0.0,270.0,1.0,1,4,1.0,0.0,0.0,0.0,0.0,1,0.0,0.0,1.5,0.0,0.0,0,0.0
4,0.0,0.0,90.0,1.0,1,3,1.0,0.0,0.0,1.8,0.0,1,0.0,0.0,1.5,0.0,0.0,1,0.0
4,0.0,0.0,6.0,1.0,1,3,5.6667,0.6,0.0,0.0,0.0,1,0.0,3.6,1.5,0.0,0.0,0,0.0
4,0.0,0.0,225.0,1.0,0,3,4.75,0.2,0.0,0.0,0.0,1,0.0,9.0,1.5,0.0,0.0,0,0.0
4,0.0,0.0,0.0,0.0,1,4,1.0,0.0,0.0,0.0,0.0,0,0.0,0.0,1.5,0.0,0.0,0,0.0
4,0.0,0.0,90.0,0.5,0,2,1.0,0.0,0.0,2.7,0.0,1,0.0,0.0,1.5,0.0,0.0,0,0.0
4,0.0,0.0,11.25,0.6667,1,2,3.3333,0.0,0.0,9.675,0.0,1,0.0,0.0,1.5,0.0,0.0,0,0.0
4,0.0,0.0,67.5,1.0,1,3,3.5,0.2,0.0,0.225,0.0,1,0.0,4.5,1.5,0.0,0.0,0,0.0
4,0.0,0.0,90.0,1.0,1,2,3.2,0.0,0.0,0.0,0.0,1,0.0,0.0,1.5,0.0,0.0,0,0.0
4,0.0,0.0,270.0,1.0,0,3,3.2,0.0,0.0,0.0,0.0,1,0.0,0.0,1.5,0.0,0.0,0,0.0
4,1.89,0.0,121.5,2.3333,0,2,7.0,6.0,0.0,3.555,0.0,5,1.08,27.0,1.5,0.42,0.0,0,0.0
4,0.0,0.0,33.75,2.3333,1,3,7.0,0.3,0.0,2.1375,0.0,1,1.08,3.375,1.5,0.0,0.0,1,0.0
3,0.0,0.0,40.0,1.0,1,3,9.0,0.2,4.0,1.3,0.0,1,0.0,2.0,1.5,0.0,0.0,0,0.0
3,0.0,0.0,7.5904,1.0,0,3,46.0,1.6,0.759,1.2578,0.0,1,0.0,1.7349,1.5,0.0,0.0,0,0.0
3,0.14,0.04,15.0,1.3333,0,4,60.6667,5.0,1.5,1.43,0.0,2,0.0692,5.0,1.5,0.14,0.0198,0,0.04
3,0.0,0.0,4.0299,1.3333,1,3,62.25,0.8,0.403,3.8149,0.0,1,0.0506,1.0746,1.5,0.0,0.0145,0,0.0
3,0.0,0.01,19.0,1.3333,0,2,67.8,2.3,1.9,3.06,0.0,1,0.0372,2.3,1.5,0.0,0.0133,0,0.01
3,0.0254,0.0127,10.1408,1.3333,1,3,80.2,1.8,1.0141,0.9507,0.0,2,0.0359,2.2817,1.5,0.02,0.0135,0,0.01
3,0.11,0.01,10.0,1.6667,1,3,81.6,1.2,1.0,1.95,0.0,2,0.0596,1.2,1.5,0.11,0.0154,0,0.01
3,0.02,0.02,17.0,3.0,0,3,81.6,4.2,1.7,2.02,0.0,5,0.0331,4.2,1.5,0.02,0.011,0,0.02
3,0.05,0.02,7.0,2.6667,1,2,86.2,2.1,0.7,0.82,0.0,1,0.0418,2.1,1.5,0.05,0.0146,0,0.02
3,0.1038,0.0115,13.8462,2.6667,1,3,83.8,2.0,1.3846,1.8,0.0,2,0.0623,2.3077,1.5,0.09,0.015,1,0.01
3,0.0,0.0,5.8065,1.3333,0,3,82.0,2.0,0.5806,1.6694,0.0,1,0.0593,2.9032,1.5,0.0,0.0132,0,0.0
3,0.0,0.0205,14.3182,1.6667,1,4,81.6,2.1,1.4318,0.9,0.0,2,0.0353,2.1477,1.5,0.0,0.0154,0,0.02
3,0.0,0.01,9.0,1.3333,0,4,81.6,2.5,0.9,1.74,0.0,1,0.0309,2.5,1.5,0.0,0.0132,0,0.01
3,0.0,0.013,19.5652,2.0,1,2,77.4,1.7,1.9565,0.8348,0.0,3,0.0209,2.2174,1.5,0.0,0.0116,1,0.01
3,0.0,0.01,10.0,2.3333,1,4,79.8,0.8,1.0,0.91,0.0,3,0.0,0.8,1.5,0.0,0.0113,0,0.01
3,0.0,0.01,9.0,3.0,0,4,85.4,2.7,0.9,2.68,0.0,3,0.0,2.7,1.5,0.0,0.0126,0,0.01
3,0.0,0.01,16.0,3.0,1,3,85.8,3.0,1.6,2.48,0.0,3,0.0,3.0,1.5,0.0,0.0105,0,0.01
3,0.01,0.01,19.0,3.0,1,4,85.8,3.7,1.9,1.17,0.0,3,0.0021,3.7,1.5,0.01,0.0105,0,0.01
3,0.12,0.21,16.0,2.6667,0,2,90.0,6.6,1.6,0.8,0.0,2,0.026,6.6,1.5,0.12,0.05,0,0.21
3,0.0,0.0,0.0,1.6667,1,3,81.0,0.8,0.0,5.56,0.0,0,0.0289,1.6,1.5,0.0,0.0533,0,0.0
3,0.08,0.01,13.0,1.3333,0,3,81.0,3.4,1.3,2.79,0.0,2,0.0467,3.4,1.5,0.08,0.0533,1,0.01
3,0.0,0.01,10.0,1.0,1,4,81.0,4.3,1.0,1.12,0.0,1,0.0467,4.3,1.5,0.0,0.0533,1,0.01
3,0.63,0.19,39.0,4.0,0,3,81.0,11.0,3.9,2.73,0.0,9,0.1844,11.0,1.5,0.63,0.0933,0,0.19
3,0.2,0.02,4.0,3.6667,1,2,72.0,1.3,0.4,1.1,0.0,1,0.2025,2.6,1.5,0.1,0.055,1,0.01
3,0.0,0.01,12.0,3.6667,1,3,81.0,1.7,1.2,0.63,0.0,1,0.18,1.7,1.5,0.0,0.0511,1,0.01
3,0.0,0.02,12.0,1.3333,0,4,81.0,2.0,1.2,1.5,0.0,2,0.1622,2.0,1.5,0.0,0.0533,0,0.02
3,0.0,0.03,10.0,1.6667,1,2,81.0,3.7,1.0,3.29,0.0,2,0.1622,3.7,1.5,0.0,0.0578,0,0.03
3,0.0,0.0608,24.3243,2.0,0,2,77.8,3.6,2.4324,2.8216,0.0,2,0.0231,4.3784,1.5,0.0,0.0278,0,0.05
3,0.0,0.06,12.0,2.0,1,2,86.8,4.0,1.2,1.75,0.0,2,0.0,4.0,1.5,0.0,0.0353,0,0.06
3,0.0,0.02,6.0,1.6667,0,2,77.8,0.6,0.6,4.02,0.0,1,0.0,1.2,1.5,0.0,0.0393,1,0.01
3,0.0,0.0,-9.4737,1.0,0,2,63.6,0.0,-0.9474,0.9947,0.0,0,0.0,0.0,1.5,0.0,0.0425,0,0.0
2,0.0,0.0851,20.6757,2.0,1,2,74.0,0.0,3.1014,1.0703,0.0,2,0.0,0.0,1.5,0.0,0.0851,0,0.07
2,0.02,0.02,15.0,1.5,0,2,82.0,3.0,2.25,3.08,0.0,1,0.011,3.0,1.5,0.02,0.0494,1,0.02
2,0.0,0.07,14.0,1.3333,1,3,84.6667,3.5,2.1,2.06,0.0,1,0.0071,3.5,1.5,0.0,0.0567,0,0.07
2,0.0,0.01,8.0,0.6667,0,2,86.0,2.0,1.2,3.29,0.0,0,0.0052,2.0,1.5,0.0,0.0445,0,0.01
2,0.0,0.05,26.0,2.3333,1,3,86.8,3.6,3.9,1.71,0.0,6,0.0041,3.6,1.5,0.0,0.0456,0,0.05
2,0.0,0.01,7.0,2.3333,0,3,90.0,1.5,1.05,1.87,0.0,1,0.004,1.5,1.5,0.0,0.032,0,0.01
2,0.0,0.13,5.0,2.3333,1,2,90.0,1.8,0.75,3.47,0.0,0,0.0,1.8,1.5,0.0,0.054,0,0.13
2,0.0,0.0,67.5,0.6667,0,2,72.8,0.0,10.125,3.825,0.0,1,0.0,0.0,1.5,0.0,0.0495,0,0.0
2,0.0,0.01,7.0,0.6667,1,2,72.8,1.1,1.05,2.06,0.0,1,0.0,1.1,1.5,0.0,0.0495,0,0.01
2,0.0,0.0107,11.7857,1.3333,1,4,71.6,1.4,1.7679,0.3,0.0,2,0.0,1.5,1.5,0.0,0.0402,0,0.01
2,0.0,0.36,24.0,1.6667,0,3,71.6,5.2,3.6,1.88,0.0,2,0.0,5.2,1.5,0.0,0.1282,1,0.36
2,0.0,0.0134,32.2388,3.3333,1,3,67.0,1.0,4.8358,0.403,0.0,6,0.0,1.3433,1.5,0.0,0.1048,1,0.01
2,0.0,0.2,8.0,2.6667,0,4,75.2,0.8,1.2,3.98,0.0,0,0.0,1.6,1.5,0.0,0.1173,0,0.1
2,0.0,0.02,9.0,2.0,1,2,75.2,3.0,1.35,1.22,0.0,0,0.0,3.0,1.5,0.0,0.1197,1,0.02
2,0.0,0.0,270.0,0.3333,1,4,58.6,0.0,40.5,1.8,0.0,1,0.0,0.0,1.5,0.0,0.1505,0,0.0
2,0.09,0.045,13.5,0.6667,1,2,44.6,0.1,2.025,0.09,0.0,1,0.0081,0.45,1.5,0.02,0.0565,0,0.01
2,0.0,0.0,14.0,0.6667,0,3,40.2,0.7,2.1,3.48,0.0,0,0.009,1.4,1.5,0.0,0.0582,0,0.0
2,0.0,0.0,13.8462,0.6667,1,4,33.8,0.1,2.0769,0.0,0.0,1,0.0107,0.6923,1.5,0.0,0.016,0,0.0
2,0.0,0.0,270.0,0.6667,0,2,16.0,0.1,40.5,9.0,0.0,1,0.0225,9.0,1.5,0.0,0.0112,0,0.0
2,0.0,0.013,9.1304,1.0,0,3,29.6,0.5,1.3696,0.7957,0.0,1,0.0122,0.6522,1.5,0.0,0.0122,0,0.01
3,0.0,0.0161,1.6071,0.0,1,4,56.0,0.0,0.1607,1.1893,0.0,0,0.0,0.0,1.5,0.0,0.0161,0,0.01
3,0.03,0.07,16.0,1.0,1,2,73.0,2.9,1.6,0.88,0.0,2,0.0185,2.9,1.5,0.03,0.0493,0,0.07
3,0.0837,0.0209,8.3721,1.0,0,3,63.0,1.4,0.8372,1.5279,0.0,1,0.0333,2.9302,1.5,0.04,0.0429,0,0.01
3,0.0,0.2854,2.1951,1.0,0,3,57.5,1.6,0.2195,0.5268,0.0,0,0.0274,3.5122,1.5,0.0,0.0861,0,0.13
3,0.0,0.17,34.0,3.3333,1,3,64.0,5.4,3.4,0.28,0.0,9,0.0197,5.4,1.5,0.0,0.1097,0,0.17
3,0.6429,0.0857,98.5714,5.0,0,3,57.0,8.5,9.8571,6.1714,0.0,6,0.0695,36.4286,1.5,0.15,0.1263,0,0.02
3,0.0771,0.0,7.7143,5.3333,1,3,46.0,1.0,0.7714,1.6714,0.0,1,0.0861,2.5714,1.5,0.03,0.1291,0,0.0
3,0.0,0.0537,2.6866,3.0,0,4,50.8,1.0,0.2687,1.6657,0.0,2,0.0638,1.3433,1.5,0.0,0.1276,0,0.04
3,0.0,0.0265,0.0,1.3333,1,3,49.4,0.4,0.0,0.1324,0.0,1,0.0656,1.0588,1.5,0.0,0.0874,1,0.01
3,0.2177,0.0435,4.3548,1.6667,0,4,43.8,5.2,0.4355,2.25,0.0,2,0.1356,7.5484,1.5,0.15,0.0411,0,0.03
3,0.4263,0.0,23.6842,1.3333,0,3,43.4,1.1,2.3684,3.6,0.0,1,0.112,5.2105,1.5,0.09,0.0332,1,0.0
3,0.0,0.0857,42.8571,1.3333,1,2,40.6,2.1,4.2857,0.6857,0.0,1,0.1064,9.0,1.5,0.0,0.0443,0,0.02
3,0.0,0.0,0.0,1.0,0,3,36.2,0.3,0.0,0.6,0.0,1,0.1193,0.6,1.5,0.0,0.0298,0,0.0
3,0.5625,0.9562,22.5,1.0,1,3,32.6,5.2,2.25,0.0,0.0,1,0.1877,29.25,1.5,0.1,0.1215,0,0.17
3,0.0,0.04,12.0,1.0,1,3,29.2,3.1,1.2,2.88,0.0,1,0.1171,6.2,1.5,0.0,0.1295,0,0.02
3,0.0,0.04,10.0,1.0,1,4,34.4,1.6,1.0,0.2,0.0,1,0.0523,3.2,1.5,0.0,0.1203,0,0.02
3,0.0,0.0,120.0,1.0,0,4,30.8,0.8,12.0,15.3,0.0,1,0.0584,24.0,1.5,0.0,0.1227,0,0.0
3,0.2571,0.7071,64.2857,1.0,0,3,24.6,2.6,6.4286,6.8786,0.0,1,0.1024,16.7143,1.5,0.04,0.2341,1,0.11
3,0.0788,0.09,5.625,1.6667,0,3,37.4,8.2,0.5625,0.3262,0.0,3,0.0529,9.225,1.5,0.07,0.1107,0,0.08
3,0.0711,0.0711,11.8421,2.3333,1,2,43.6,3.5,1.1842,1.1842,0.0,3,0.0702,4.1447,1.5,0.06,0.1115,0,0.06
3,0.0771,0.0514,10.2857,2.3333,0,3,48.6,3.0,1.0286,4.41,0.0,1,0.0852,3.8571,1.5,0.06,0.1074,0,0.04
3,0.0,0.27,63.0,1.6667,1,3,50.0,1.7,6.3,5.85,0.0,1,0.0828,15.3,1.5,0.0,0.1152,0,0.03
3,0.0,0.09,9.0,1.0,0,2,51.2,0.1,0.9,1.71,0.0,1,0.0668,0.45,1.5,0.0,0.0809,0,0.02
4,0.225,0.1125,-7.5,0.0,1,3,24.0,0.6,0.0,2.1375,0.0,0,0.225,2.25,1.5,0.06,0.1125,0,0.03
4,0.0,0.0,90.0,0.5,1,3,13.0,0.1,0.0,0.0,0.0,1,0.2077,4.5,1.5,0.0,0.1038,0,0.0
4,0.0,0.0,180.0,0.6667,1,3,9.0,0.0,0.0,0.0,0.0,1,0.2,0.0,1.5,0.0,0.1,0,0.0
4,0.0,0.0,45.0,1.0,0,2,7.25,0.2,0.0,26.55,0.0,1,0.1862,9.0,1.5,0.0,0.0931,0,0.0
4,0.0,0.0,180.0,1.0,0,4,6.0,0.0,0.0,2.7,0.0,1,0.18,0.0,1.5,0.0,0.09,0,0.0
4,2.5875,0.0,56.25,1.0,1,3,2.8,1.8,0.0,2.025,0.0,1,1.4786,20.25,1.5,0.23,0.0,0,0.0
4,0.0,0.0,33.75,1.0,0,2,4.0,0.0,0.0,1.125,0.0,1,1.035,0.0,1.5,0.0,0.0,0,0.0
4,2.61,0.0,-9.0,1.0,1,2,5.8,2.1,0.0,0.0,0.0,1,1.6138,18.9,1.5,0.29,0.0,1,0.0
4,0.0,0.0,180.0,1.0,0,3,5.6,0.0,0.0,28.8,0.0,1,1.6714,0.0,1.5,0.0,0.0,1,0.0
4,0.0,0.0,180.0,1.0,1,3,5.6,0.4,0.0,54.0,0.0,1,1.6714,36.0,1.5,0.0,0.0,0,0.0
4,0.0,0.45,135.0,1.0,0,2,4.4,0.1,0.0,3.6,0.0,1,1.1864,4.5,1.5,0.0,0.0409,0,0.01
4,0.0,0.0,-22.5,0.6667,0,2,4.4,0.3,0.0,0.5625,0.0,0,1.1864,3.375,1.5,0.0,0.0409,0,0.0
4,0.0,0.0,-90.0,0.3333,1,4,2.6,0.0,0.0,0.0,0.0,0,0.0,0.0,1.5,0.0,0.0692,0,0.0
4,0.0,0.0,90.0,0.3333,1,3,2.6,0.0,0.0,5.4,0.0,1,0.0,0.0,1.5,0.0,0.0692,0,0.0
4,0.04,0.11,7.0,1.0,1,4,20.4,4.3,0.0,0.84,0.0,2,0.0353,4.3,1.5,0.04,0.1059,0,0.11
4,0.0,0.09,0.0,1.3333,0,3,22.0,0.7,0.0,2.25,0.0,1,0.0327,6.3,1.5,0.0,0.0982,1,0.01
4,0.9818,1.1455,32.7273,1.3333,1,3,22.6,3.9,0.0,1.7182,0.0,1,0.1274,31.9091,1.5,0.12,0.2071,1,0.14
4,0.0,0.0,0.0,1.0,0,3,25.4,0.4,0.0,6.96,0.0,1,0.1134,2.4,1.5,0.0,0.1843,0,0.0
4,0.0,0.0,270.0,1.0,1,3,1.0,0.0,0.0,25.2,0.0,1,0.0,0.0,1.5,0.0,0.0,0,0.0
3,0.0,0.0,270.0,1.0,0,2,1.0,0.0,27.0,0.0,0.0,1,0.0,0.0,1.5,0.0,0.0,0,0.0
3,0.0,0.3,90.0,1.0,1,2,3.0,0.0,9.0,0.0,0.0,1,0.0,0.0,1.5,0.0,0.3,0,0.01
3,0.0,0.0,16.875,1.0,0,3,9.5,0.3,1.6875,0.675,0.0,1,0.0,1.6875,1.5,0.0,0.0474,0,0.0
3,0.0,0.0,12.3288,1.3333,1,3,30.6667,0.8,1.2329,0.9616,0.0,2,0.0,0.9863,1.5,0.0,0.0098,0,0.0
3,0.0,0.0125,6.25,2.0,1,3,41.0,0.8,0.625,0.575,0.0,3,0.0,1.0,1.5,0.0,0.011,0,0.01
3,0.0,0.0,3.1579,2.0,0,3,44.2,0.3,0.3158,0.6316,0.0,1,0.0,0.4737,1.5,0.0,0.0081,0,0.0
3,0.0,0.0,14.2105,1.6667,0,3,55.0,1.5,1.4211,0.6947,0.0,1,0.0,2.3684,1.5,0.0,0.0033,0,0.0
3,0.18,0.02,8.0,1.0,1,3,60.8,1.4,0.8,0.98,0.0,1,0.0266,2.8,1.5,0.09,0.0059,0,0.01
3,0.0,0.0,6.8354,1.3333,0,2,62.0,0.0,0.6835,2.3924,0.0,2,0.0261,0.0,1.5,0.0,0.0058,1,0.0
3,0.1709,0.1823,6.8354,1.3333,1,2,63.4,4.2,0.6835,2.0392,0.0,1,0.0681,4.7848,1.5,0.15,0.0483,0,0.16
3,0.16,0.02,2.0,1.3333,0,3,61.0,2.9,0.2,0.4,0.0,1,0.0944,5.8,1.5,0.08,0.0531,1,0.01
3,0.0,0.0,3.6735,1.0,1,2,59.4,0.1,0.3673,3.4898,0.0,1,0.097,0.1837,1.5,0.0,0.0545,0,0.0
3,0.0,0.0,10.0,1.0,1,4,55.8,0.2,1.0,1.7,0.0,1,0.0742,0.6667,1.5,0.0,0.0548,0,0.0
3,0.0,0.02,8.0,1.0,1,3,49.0,0.6,0.8,0.88,0.0,1,0.0845,1.2,1.5,0.0,0.0661,0,0.01
3,0.0,0.0,22.5,1.0,0,3,35.6,0.0,2.25,4.65,0.0,1,0.0404,0.0,1.5,0.0,0.0101,1,0.0
3,0.0,0.075,7.5,1.0,1,3,29.0,0.5,0.75,4.95,0.0,1,0.0,3.75,1.5,0.0,0.0124,1,0.01
3,0.0,0.0,8.0,1.0,0,3,28.2,0.7,0.8,2.6,0.0,1,0.0,1.4,1.5,0.0,0.0128,0,0.0
3,0.1174,0.0,0.0,1.3333,0,4,36.6,1.3,0.0,2.8826,0.0,2,0.0443,1.6957,1.5,0.09,0.0098,1,0.0
3,0.0554,0.0138,19.3846,1.6667,1,4,40.6,2.3,1.9385,1.5231,0.0,2,0.0576,3.1846,1.5,0.04,0.0089,0,0.01
3,0.0667,0.0,3.3333,1.6667,0,2,49.0,3.4,0.3333,3.1667,0.0,1,0.0624,5.6667,1.5,0.04,0.0073,1,0.0
3,0.0,0.0321,0.0,1.3333,1,3,52.2,0.2,0.0,3.5679,0.0,1,0.0586,0.6429,1.5,0.0,0.0069,1,0.01
4,0.0,0.0,90.0,1.0,1,4,3.0,0.0,0.0,0.0,0.0,1,0.0,0.0,1.5,0.0,0.0,0,0.0
4,0.0,0.0,22.5,1.0,0,2,5.5,0.0,0.0,1.35,0.0,1,0.0,0.0,1.5,0.0,0.0,1,0.0
3,0.2571,1.0286,51.4286,1.0,1,3,7.0,2.9,5.1429,0.0,0.0,1,0.2571,37.2857,1.5,0.02,1.0286,1,0.08
3,0.0,0.0,270.0,1.0,0,2,4.0,0.2,27.0,57.6,0.0,1,0.225,18.0,1.5,0.0,0.9,0,0.0
3,0.0,0.0,180.0,1.0,1,4,3.0,0.1,18.0,0.0,0.0,1,0.2,9.0,1.5,0.0,0.8,1,0.0
3,0.2109,0.0562,12.6562,1.6667,1,2,18.25,3.6,1.2656,1.3359,0.0,3,0.2096,5.0625,1.5,0.15,0.1479,0,0.04
3,0.6828,0.0621,9.3103,1.6667,0,3,20.4,3.7,0.931,2.0172,0.0,1,0.3441,11.4828,1.5,0.22,0.1235,0,0.02
3,0.06,0.0,0.0,1.6667,1,4,25.0,0.5,0.0,2.91,0.0,1,0.2808,1.5,1.5,0.02,0.0432,0,0.0
3,0.313,0.9391,19.5652,1.0,0,4,23.0,2.5,1.9565,4.9696,0.0,1,0.313,9.7826,1.5,0.08,0.9391,0,0.24
3,0.2077,0.5423,33.4615,3.5,1,3,50.5,9.0,3.3462,1.8231,0.0,6,0.2317,10.3846,1.5,0.18,0.6327,0,0.47
3,0.06,0.0,4.0,2.6667,0,3,48.6667,0.0,0.4,5.06,0.0,1,0.1788,0.0,1.5,0.03,0.4377,0,0.0
3,0.075,0.075,45.0,2.6667,1,3,39.5,3.7,4.5,2.625,0.0,1,0.1709,27.75,1.5,0.01,0.4101,1,0.01
3,0.0,0.9,90.0,1.0,0,3,32.0,1.7,9.0,0.0,0.0,1,0.1687,76.5,1.5,0.0,0.4162,0,0.02
3,0.0,0.0,270.0,1.0,0,3,27.6,0.0,27.0,0.0,0.0,1,0.1435,0.0,1.5,0.0,0.3261,1,0.0
3,0.1286,0.0234,23.3766,2.6667,0,3,27.4,5.8,2.3377,1.8818,0.0,6,0.0985,6.7792,1.5,0.11,0.0328,0,0.02
3,0.0314,0.0942,16.7442,3.0,1,2,35.6,4.7,1.6744,1.1198,0.0,2,0.0758,4.9186,1.5,0.03,0.0708,0,0.09
3,0.0342,0.0114,43.2911,7.3333,0,3,49.0,9.2,4.3291,1.3443,0.0,14,0.0624,10.481,1.5,0.03,0.0514,0,0.01
3,0.02,0.31,13.0,6.0,1,2,66.6,3.8,1.3,1.69,0.0,2,0.0514,3.8,1.5,0.02,0.1162,0,0.31
3,0.1479,0.0123,1.2329,6.0,0,3,81.0,1.8,0.1233,2.5151,0.0,2,0.0689,2.2192,1.5,0.12,0.0978,1,0.01
3,0.0759,0.1518,10.8434,2.3333,1,4,82.2,6.7,1.0843,0.7807,0.0,3,0.0591,7.2651,1.5,0.07,0.1226,1,0.14
3,0.048,0.012,7.2,2.3333,0,3,80.0,1.2,0.72,1.824,0.0,2,0.063,1.44,1.5,0.04,0.108,0,0.01
3,0.07,0.06,15.0,3.3333,1,3,82.2,3.4,1.5,1.28,0.0,5,0.0701,3.4,1.5,0.07,0.1161,0,0.06
3,0.2,0.08,0.0,3.0,0,4,82.2,1.6,0.0,2.86,0.0,2,0.1095,1.6,1.5,0.2,0.0657,0,0.08
3,0.0228,0.0114,7.9747,3.0,1,3,83.4,0.7,0.7975,2.5405,0.0,2,0.0863,0.7975,1.5,0.02,0.0647,0,0.01
3,0.0,0.0101,9.1011,2.0,0,2,84.6,0.7,0.9101,2.4169,0.0,2,0.0702,0.7079,1.5,0.0,0.0362,0,0.01
3,0.44,0.34,18.0,2.0,1,2,87.6,10.6,1.8,1.1,0.0,2,0.15,10.6,1.5,0.44,0.1027,0,0.34
3,0.0,0.0403,6.7164,2.0,0,2,83.0,1.9,0.6716,1.1955,0.0,2,0.1431,2.5522,1.5,0.0,0.1019,0,0.03
3,0.4,0.12,17.0,3.0,1,2,83.0,9.8,1.7,1.07,0.0,5,0.1865,9.8,1.5,0.4,0.1106,0,0.12
3,0.1174,0.0913,14.3478,3.0,0,3,81.0,6.1,1.4348,3.8217,0.0,2,0.2067,7.9565,1.5,0.09,0.1267,1,0.07
3,0.22,0.07,3.0,3.0,1,2,81.2,7.1,0.3,0.84,0.0,2,0.2549,7.1,1.5,0.22,0.1397,0,0.07
3,0.0,0.0108,2.1687,2.0,0,3,79.8,1.0,0.2169,0.8566,0.0,2,0.1602,1.0843,1.5,0.0,0.0677,0,0.01
3,0.1,0.75,15.0,2.0,1,3,84.4,6.5,1.5,0.91,0.0,2,0.1727,6.5,1.5,0.1,0.2175,0,0.75
3,0.0214,0.0536,16.0714,3.0,0,3,83.2,2.6,1.6071,2.4214,0.0,5,0.093,2.7857,1.5,0.02,0.2055,0,0.05
3,0.12,0.09,10.0,2.6667,0,3,87.4,8.1,1.0,2.71,0.0,1,0.0947,8.1,1.5,0.12,0.1998,0,0.09
3,0.03,0.02,2.0,2.6667,1,3,87.4,1.8,0.2,3.58,0.0,2,0.0556,1.8,1.5,0.03,0.1895,0,0.02
3,0.03,0.21,16.0,1.6667,0,4,88.8,5.4,1.6,2.5,0.0,2,0.0608,5.4,1.5,0.03,0.227,1,0.21
3,0.29,0.07,7.0,2.0,1,4,88.8,3.7,0.7,1.45,0.0,2,0.0993,3.7,1.5,0.29,0.0892,0,0.07
3,0.0,0.24,18.0,1.0,1,3,45.0,4.4,1.8,0.18,0.0,1,0.0,8.8,1.5,0.0,0.24,0,0.12
3,0.339,0.0117,40.9091,7.5,1,4,61.0,10.2,4.0909,0.561,0.0,14,0.2139,11.9221,1.5,0.29,0.0959,1,0.01
3,0.0,0.0,6.0,5.3333,0,3,55.6667,0.1,0.6,1.04,0.0,1,0.1563,0.2,1.5,0.0,0.0701,0,0.0
3,0.19,0.02,13.0,7.0,0,3,64.25,5.7,1.3,0.66,0.0,6,0.1681,5.7,1.5,0.19,0.0525,0,0.02
3,0.0,0.0,7.0,3.0,1,2,69.4,0.7,0.7,0.53,0.0,2,0.1245,0.7,1.5,0.0,0.0389,0,0.0
3,0.0,0.2,17.0,4.3333,0,3,78.4,6.4,1.7,2.24,0.0,5,0.1102,6.4,1.5,0.0,0.0528,0,0.2
3,0.55,0.08,5.0,3.0,1,3,81.0,6.1,0.5,2.18,0.0,2,0.1644,6.1,1.5,0.55,0.0667,0,0.08
3,0.0,0.03,3.0,3.3333,0,2,90.0,1.1,0.3,0.71,0.0,3,0.148,1.1,1.5,0.0,0.066,1,0.03
3,0.16,0.35,15.0,2.6667,1,3,90.0,7.4,1.5,1.58,0.0,3,0.142,7.4,1.5,0.16,0.132,0,0.35
3,0.0741,0.1165,9.5294,3.0,1,2,89.0,4.6,0.9529,0.9741,0.0,3,0.1578,4.8706,1.5,0.07,0.1557,0,0.11
3,0.0,0.06,14.0,3.0,0,2,89.0,3.0,1.4,0.77,0.0,3,0.1578,3.0,1.5,0.0,0.1274,0,0.06
3,0.1938,0.4569,4.1538,2.6667,0,3,84.0,4.6,0.4154,1.5646,0.0,2,0.0793,6.3692,1.5,0.14,0.1886,1,0.33
3,0.7405,0.1025,31.8987,4.0,1,4,81.8,10.6,3.1899,2.5063,0.0,7,0.2244,12.0759,1.5,0.65,0.2068,1,0.09
3,0.08,0.02,10.0,3.6667,0,4,81.8,2.8,1.0,2.06,0.0,2,0.2068,2.8,1.5,0.08,0.1342,1,0.02
3,0.0,0.05,8.0,4.0,1,2,82.8,2.3,0.8,1.11,0.0,3,0.1891,2.3,1.5,0.0,0.1196,0,0.05
3,0.18,0.07,7.0,2.6667,0,3,82.8,3.6,0.7,1.71,0.0,3,0.2283,3.6,1.5,0.18,0.1217,0,0.07
3,0.89,0.09,24.0,5.0,1,3,87.8,7.9,2.4,0.98,0.0,9,0.369,7.9,1.5,0.89,0.0656,0,0.09
3,0.03,0.0,9.0,4.6667,0,3,90.0,2.0,0.9,1.63,0.0,2,0.236,2.0,1.5,0.03,0.046,0,0.0
3,0.0,0.075,15.0,4.0,1,4,76.8,1.4,1.5,0.3375,0.0,1,0.2578,5.25,1.5,0.0,0.0539,0,0.02
3,0.05,0.03,6.0,1.6667,0,3,76.8,3.0,0.6,1.25,0.0,2,0.2695,3.0,1.5,0.05,0.0492,0,0.03
3,0.0,0.4899,6.8354,1.6667,1,4,74.6,2.1,0.6835,1.4013,0.0,2,0.234,2.3924,1.5,0.0,0.1375,0,0.43
3,0.03,0.105,6.0,2.0,0,4,68.6,0.7,0.6,3.315,0.0,2,0.0262,1.05,1.5,0.02,0.1443,1,0.07
3,0.0127,0.0254,8.8732,2.0,0,3,64.8,1.3,0.8873,1.9775,0.0,2,0.0222,1.6479,1.5,0.01,0.1583,0,0.02
3,0.5143,0.2571,38.5714,1.6667,1,3,61.4,0.4,3.8571,0.0,0.0,1,0.0352,5.1429,1.5,0.04,0.1671,1,0.02
3,0.0,0.04,8.0,1.3333,0,3,52.4,0.5,0.8,3.2,0.0,1,0.024,1.0,1.5,0.0,0.1924,0,0.02
3,0.0,0.02,-1.0,1.3333,1,3,54.6,1.4,-0.1,0.85,0.0,2,0.0231,1.4,1.5,0.0,0.0495,0,0.02
3,0.12,0.09,18.0,2.0,1,4,60.6,10.2,1.8,2.06,0.0,3,0.0505,10.2,1.5,0.12,0.0505,1,0.09
3,0.15,0.24,6.0,2.6667,1,4,64.4,2.8,0.6,0.84,0.0,3,0.0866,2.8,1.5,0.15,0.109,0,0.24
3,0.06,0.43,16.0,2.6667,0,3,81.0,7.0,1.6,0.96,0.0,2,0.0733,7.0,1.5,0.06,0.1778,0,0.43
3,0.0,0.0,67.5,1.0,1,2,4.0,0.0,6.75,28.575,0.0,1,0.0,0.0,1.5,0.0,0.0,0,0.0
3,0.5684,0.0,-9.4737,1.0,0,2,11.5,2.6,-0.9474,4.4526,0.0,1,0.4696,12.3158,1.5,0.12,0.0,0,0.0
3,0.0,0.0,30.0,1.0,0,3,10.6667,0.0,3.0,1.9,0.0,1,0.3375,0.0,1.5,0.0,0.0,0,0.0
3,0.0,0.3375,56.25,1.0,0,3,10.0,0.9,5.625,10.8,0.0,1,0.27,10.125,1.5,0.0,0.0675,0,0.03
3,0.0,0.0,36.0,1.0,1,2,9.0,0.0,3.6,4.5,0.0,1,0.24,0.0,1.5,0.0,0.06,0,0.0
3,2.88,0.06,-24.0,0.6667,1,3,11.2,2.5,-2.4,0.0,0.0,0,0.9643,15.0,1.5,0.48,0.0643,0,0.01
3,0.0,0.2769,83.0769,1.6667,0,3,10.0,3.0,8.3077,8.2385,0.0,4,0.864,20.7692,1.5,0.0,0.144,0,0.04
3,7.05,0.0,315.0,3.3333,1,3,9.4,5.2,31.5,0.75,0.0,6,1.8191,78.0,1.5,0.47,0.1532,0,0.0
3,0.36,0.81,27.0,3.6667,0,3,11.8,3.5,2.7,1.35,0.0,1,1.5712,15.75,1.5,0.08,0.3508,0,0.18
3,0.1,0.6,36.6667,3.6667,0,3,16.2,4.1,3.6667,3.9667,0.0,4,1.1778,13.6667,1.5,0.03,0.4556,1,0.18
3,0.0947,0.2368,9.4737,2.0,0,3,24.6,3.3,0.9474,1.2632,0.0,1,0.4683,5.2105,1.5,0.06,0.4024,0,0.15
3,0.0,0.144,14.4,2.0,1,2,27.0,1.0,1.44,1.44,0.0,1,0.4267,3.6,1.5,0.0,0.3667,0,0.04
3,4.5,0.0,270.0,1.0,0,2,26.0,1.0,27.0,0.0,0.0,1,0.1523,90.0,1.5,0.05,0.3808,0,0.0
3,0.0,0.54,72.0,1.0,1,3,23.0,1.3,7.2,0.54,0.0,1,0.1096,23.4,1.5,0.0,0.313,0,0.03
3,0.1731,0.0346,10.3846,1.0,0,3,22.8,2.8,1.0385,0.0692,0.0,1,0.1263,9.6923,1.5,0.05,0.1816,0,0.01
3,0.0,0.0,4.0,1.0,1,3,20.4,0.4,0.4,3.92,0.0,1,0.0882,0.8,1.5,0.0,0.0706,0,0.0
3,0.1731,0.2423,39.2308,4.0,0,4,31.0,9.7,3.9231,1.9962,0.0,10,0.1452,11.1923,1.5,0.15,0.1452,0,0.21
3,0.02,0.12,24.0,6.0,0,2,90.0,7.7,2.4,1.36,0.0,6,0.02,7.7,1.5,0.02,0.12,0,0.12
3,0.14,0.02,9.0,4.0,1,2,90.0,2.3,0.9,3.52,0.0,2,0.08,2.3,1.5,0.14,0.07,1,0.02
3,0.26,0.09,15.0,3.3333,1,4,90.0,6.6,1.5,2.59,0.0,2,0.14,6.6,1.5,0.26,0.0767,0,0.09
3,0.09,0.2138,34.875,4.6667,0,3,87.5,10.7,3.4875,1.485,0.0,10,0.1286,12.0375,1.5,0.08,0.108,0,0.19
3,0.1385,0.0,6.9231,4.6667,1,3,83.0,2.2,0.6923,3.3923,0.0,2,0.1301,3.0462,1.5,0.1,0.0911,0,0.0
3,0.0577,0.2885,17.3077,4.6667,0,2,80.6,6.8,1.7308,1.9269,0.0,2,0.1407,7.8462,1.5,0.05,0.1228,0,0.25
3,0.0277,0.0415,11.0769,2.0,0,4,75.6,1.5,1.1077,2.4231,0.0,2,0.1214,2.0769,1.5,0.02,0.1333,1,0.03
3,0.0434,0.1084,1.0843,2.0,1,4,74.2,1.0,0.1084,1.0627,0.0,2,0.0704,1.0843,1.5,0.04,0.1383,0,0.1
3,0.011,0.0,4.3902,2.0,0,4,74.6,2.5,0.439,1.6463,0.0,2,0.0531,2.7439,1.5,0.01,0.0917,0,0.0
3,0.0303,0.0506,6.0674,1.6667,1,4,79.4,1.6,0.6067,1.3449,0.0,1,0.034,1.618,1.5,0.03,0.0975,0,0.05
3,0.61,0.08,10.0,1.6667,0,4,81.8,5.4,1.0,1.54,0.0,2,0.1562,5.4,1.5,0.61,0.0572,0,0.08
3,0.0,0.0225,7.875,1.6667,1,3,84.8,1.4,0.7875,2.8912,0.0,2,0.1465,1.575,1.5,0.0,0.0531,0,0.02
3,0.01,0.09,13.0,1.6667,0,2,86.2,2.1,1.3,1.81,0.0,1,0.1378,2.1,1.5,0.01,0.0501,0,0.09
3,0.0,0.09,9.0,1.6667,1,3,87.8,1.7,0.9,1.78,0.0,2,0.1333,1.7,1.5,0.0,0.0677,0,0.09
3,0.02,0.05,23.0,3.0,1,3,88.0,5.3,2.3,0.64,0.0,6,0.1309,5.3,1.5,0.02,0.0675,0,0.05
3,0.0342,0.0456,3.4177,3.0,0,4,85.8,5.1,0.3418,1.8342,0.0,1,0.0126,5.8101,1.5,0.03,0.0608,0,0.04
3,0.0,0.5344,61.875,4.0,0,2,76.2,5.4,6.1875,1.2656,0.0,5,0.0142,15.1875,1.5,0.0,0.1087,0,0.19
3,0.1901,0.3296,12.6761,2.3333,1,2,72.4,6.9,1.2676,0.7986,0.0,1,0.0497,8.7465,1.5,0.15,0.1566,0,0.26
3,0.11,0.23,9.0,2.3333,1,2,72.4,7.8,0.9,2.27,0.0,1,0.0771,7.8,1.5,0.11,0.1914,0,0.23
3,0.0,0.0209,19.8837,2.3333,0,4,71.6,3.6,1.9884,1.1826,0.0,5,0.0729,3.7674,1.5,0.0,0.186,0,0.02
3,0.08,0.24,16.0,2.3333,1,4,64.8,6.6,1.6,1.14,0.0,1,0.0833,13.2,1.5,0.04,0.2278,1,0.12
3,0.0,0.1068,4.5763,2.0,0,4,70.2,3.1,0.4576,1.9068,0.0,0,0.0769,4.7288,1.5,0.0,0.1795,0,0.07
3,0.15,0.1846,9.2308,1.0,1,3,71.6,2.8,0.9231,3.1385,0.0,2,0.0704,3.2308,1.5,0.13,0.1508,0,0.16
3,0.02,0.03,8.0,1.3333,0,2,71.6,4.2,0.8,1.24,0.0,2,0.0478,4.2,1.5,0.02,0.1006,0,0.03
3,0.0,0.01,4.0,2.0,1,3,72.4,0.5,0.4,2.25,0.0,2,0.0472,0.5,1.5,0.0,0.097,0,0.01
3,0.36,0.38,29.0,3.6667,0,3,81.4,12.9,2.9,3.34,0.0,7,0.1128,12.9,1.5,0.36,0.1437,0,0.38
3,0.05,0.41,16.0,4.3333,1,3,87.6,3.7,1.6,1.35,0.0,4,0.1151,3.7,1.5,0.05,0.2034,0,0.41
3,0.0885,0.0,20.6557,5.3333,0,3,84.2,1.3,2.0656,1.1803,0.0,5,0.1048,1.918,1.5,0.06,0.1774,0,0.0
3,0.07,0.11,19.0,4.6667,1,4,84.2,5.3,1.9,0.37,0.0,5,0.1154,5.3,1.5,0.07,0.1945,0,0.11
3,0.0,0.06,3.0,4.0,0,3,84.2,1.7,0.3,1.02,0.0,2,0.1154,1.7,1.5,0.0,0.2052,0,0.06
3,0.2221,0.2688,33.8961,5.0,1,3,81.6,10.9,3.3896,1.7766,0.0,8,0.0816,12.7403,1.5,0.19,0.1787,0,0.23
3,0.05,0.05,9.0,4.0,0,2,81.6,6.6,0.9,2.99,0.0,2,0.0816,6.6,1.5,0.05,0.0993,0,0.05
3,0.0,0.6462,32.3077,5.0,0,3,85.0,10.0,3.2308,3.2538,0.0,5,0.0656,11.5385,1.5,0.0,0.2139,0,0.56
3,0.14,0.16,15.0,3.0,1,2,85.0,10.4,1.5,1.49,0.0,2,0.0805,10.4,1.5,0.14,0.2245,1,0.16
3,0.06,0.1,16.0,3.0,0,4,85.0,7.5,1.6,2.16,0.0,2,0.0932,7.5,1.5,0.06,0.2329,0,0.1
3,0.15,0.22,10.0,2.0,1,3,87.6,5.3,1.0,3.28,0.0,2,0.0822,5.3,1.5,0.15,0.224,1,0.22
3,0.045,0.1238,33.75,9.0,1,2,80.0,7.5,3.375,2.61,0.0,9,0.045,8.4375,1.5,0.04,0.1238,0,0.11
3,0.91,0.01,24.0,7.5,0,4,85.0,9.6,2.4,1.52,0.0,6,0.5029,9.6,1.5,0.91,0.0635,0,0.01
3,0.0,0.21,33.0,7.3333,0,2,86.6667,5.4,3.3,1.43,0.0,7,0.3288,5.4,1.5,0.0,0.1142,0,0.21
3,0.57,0.15,26.0,6.6667,1,2,87.5,10.6,2.6,3.63,0.0,7,0.3909,10.6,1.5,0.57,0.1234,0,0.15
3,0.0,0.33,23.0,5.3333,0,4,88.0,6.0,2.3,3.06,0.0,2,0.3109,6.0,1.5,0.0,0.1657,1,0.33
3,0.08,1.12,29.0,4.3333,1,3,90.0,15.5,2.9,1.07,0.0,4,0.312,15.5,1.5,0.08,0.364,0,1.12
3,0.1,0.06,12.0,2.6667,1,4,90.0,3.0,1.2,1.95,0.0,2,0.15,3.0,1.5,0.1,0.374,0,0.06
3,0.07,0.59,19.0,2.6667,0,2,90.0,8.0,1.9,2.02,0.0,2,0.164,8.0,1.5,0.07,0.45,1,0.59
3,0.0,0.1125,18.75,2.0,1,2,86.4,5.2,1.875,0.925,0.0,2,0.0521,6.5,1.5,0.0,0.4562,0,0.09
3,0.06,0.01,17.0,2.0,0,3,86.4,3.0,1.7,1.4,0.0,2,0.0646,3.0,1.5,0.06,0.3896,0,0.01
3,0.15,0.57,45.0,5.0,1,2,86.4,12.2,4.5,1.68,0.0,11,0.0792,12.2,1.5,0.15,0.275,0,0.57
3,0.06,0.27,11.0,5.0,0,2,86.4,5.8,1.1,1.27,0.0,2,0.0708,5.8,1.5,0.06,0.3188,0,0.27
3,0.05,0.03,13.0,4.6667,1,3,86.4,3.4,1.3,0.88,0.0,1,0.0667,3.4,1.5,0.05,0.2021,0,0.03
3,0.94,0.11,24.0,3.6667,0,4,90.0,7.4,2.4,1.74,0.0,8,0.252,7.4,1.5,0.94,0.198,0,0.11
3,0.04,0.01,14.0,3.6667,0,2,90.0,2.9,1.4,2.34,0.0,2,0.248,2.9,1.5,0.04,0.198,0,0.01
3,0.11,0.09,13.0,4.3333,1,3,90.0,3.8,1.3,0.65,0.0,3,0.24,3.8,1.5,0.11,0.102,0,0.09
3,0.06,0.15,12.0,2.6667,1,3,90.0,5.8,1.2,0.91,0.0,3,0.24,5.8,1.5,0.06,0.078,0,0.15
3,0.02,0.1,18.0,4.0,0,2,90.0,5.3,1.8,2.68,0.0,6,0.234,5.3,1.5,0.02,0.092,1,0.1
3,0.09,0.04,18.0,4.0,1,3,90.0,4.2,1.8,2.48,0.0,3,0.064,4.2,1.5,0.09,0.078,1,0.04
3,0.79,0.21,35.0,6.0,0,3,90.0,12.4,3.5,2.23,0.0,9,0.214,12.4,1.5,0.79,0.118,0,0.21
3,0.79,0.29,40.0,7.3333,1,4,90.0,13.3,4.0,1.17,0.0,10,0.35,13.3,1.5,0.79,0.158,0,0.29
3,0.27,0.23,15.0,7.0,0,4,90.0,7.4,1.5,0.8,0.0,2,0.392,7.4,1.5,0.27,0.174,0,0.23
3,0.0,0.01,7.0,4.6667,1,2,90.0,0.9,0.7,3.66,0.0,2,0.388,0.9,1.5,0.0,0.156,0,0.01
3,0.04,0.15,19.0,2.0,0,4,90.0,4.5,1.9,2.79,0.0,2,0.378,4.5,1.5,0.04,0.178,0,0.15
3,0.07,0.02,17.0,2.0,1,3,90.0,5.4,1.7,1.12,0.0,2,0.234,5.4,1.5,0.07,0.14,0,0.02
3,0.0,0.3877,37.3846,3.0,0,2,85.0,6.7,3.7385,2.7831,0.0,5,0.0805,9.2769,1.5,0.0,0.1461,0,0.28
3,0.0,0.02,6.0,2.6667,1,3,76.0,0.3,0.6,0.2,0.0,1,0.0261,0.6,1.5,0.0,0.1113,1,0.01
3,5.25,5.85,60.0,2.3333,1,4,59.2,2.2,6.0,0.3,0.0,1,0.1399,33.0,1.5,0.35,0.2584,0,0.39
3,0.0,0.0217,7.5904,1.3333,0,2,57.8,1.9,0.759,4.2723,0.0,2,0.1308,2.0602,1.5,0.0,0.2242,0,0.02
3,0.03,0.03,14.0,1.6667,1,3,57.8,4.5,1.4,0.96,0.0,2,0.1183,4.5,1.5,0.03,0.2273,0,0.03
3,0.2,0.02,37.0,4.6667,0,3,62.8,6.9,3.7,1.5,0.0,10,0.1662,6.9,1.5,0.2,0.1347,0,0.02
3,0.1059,0.2647,21.1765,4.6667,1,3,67.4,7.0,2.1176,2.5544,0.0,2,0.1763,9.2647,1.5,0.08,0.1763,1,0.2
3,0.0,0.23,17.0,4.6667,0,3,84.2,3.7,1.7,2.47,0.0,2,0.0663,3.7,1.5,0.0,0.1069,1,0.23
3,0.0,0.1687,16.875,1.6667,1,2,70.8,1.2,1.6875,1.4625,0.0,1,0.0788,6.75,1.5,0.0,0.1297,0,0.03
3,0.22,0.14,26.0,1.3333,0,3,61.8,5.5,2.6,4.26,0.0,1,0.1136,11.0,1.5,0.11,0.1602,0,0.07
3,0.15,0.01,30.0,3.3333,1,4,61.8,6.4,3.0,0.42,0.0,8,0.099,6.4,1.5,0.15,0.1573,0,0.01
3,0.0,0.05,8.0,3.6667,0,4,66.2,2.7,0.8,2.01,0.0,2,0.0707,2.7,1.5,0.0,0.106,0,0.05
3,0.0,0.0,10.0,0.0,0,2,9.0,0.2,1.0,5.5,0.0,0,0.0,2.0,1.5,0.0,0.0,1,0.0
3,0.2893,0.0643,-19.2857,0.5,1,3,18.5,0.9,-1.9286,4.7893,0.0,1,0.2189,2.8929,1.5,0.09,0.0486,0,0.02
3,0.0,0.09,13.5,0.6667,0,4,19.0,1.7,1.35,2.115,0.0,1,0.1421,7.65,1.5,0.0,0.0632,0,0.02
3,0.15,0.1,25.0,1.0,1,2,18.75,1.1,2.5,1.85,0.0,1,0.144,5.5,1.5,0.03,0.072,1,0.02
3,0.0,0.0,6.0,1.0,0,4,21.0,1.2,0.6,1.92,0.0,1,0.1029,3.6,1.5,0.0,0.0514,0,0.0
3,0.0,0.0,0.0,0.6667,1,3,21.4,0.4,0.0,1.8,0.0,0,0.1009,3.2727,1.5,0.0,0.0505,1,0.0
3,0.0,0.0,33.75,0.6667,0,2,17.4,0.3,3.375,0.45,0.0,1,0.031,3.375,1.5,0.0,0.0414,0,0.0
3,0.0,0.0,6.0,0.6667,1,3,22.4,0.0,0.6,3.6,0.0,1,0.0241,0.0,1.5,0.0,0.0161,0,0.0
3,0.44,0.0,0.0,1.0,0,4,27.8,3.6,0.0,3.7,0.0,1,0.1424,7.2,1.5,0.22,0.0,1,0.0
3,0.0,0.0281,5.625,1.0,1,2,32.0,0.6,0.5625,0.9281,0.0,1,0.0,1.6875,1.5,0.0,0.0281,1,0.01
3,0.0,0.0333,13.3333,1.0,1,3,27.0,0.7,1.3333,3.6333,0.0,1,0.0,2.3333,1.5,0.0,0.0333,0,0.01
3,0.0,0.0,11.0526,1.0,0,3,42.0,0.8,1.1053,1.9737,0.0,1,0.0,1.2632,1.5,0.0,0.0107,0,0.0
3,0.0,0.0,90.0,1.0,1,3,29.0,0.1,9.0,0.0,0.0,1,0.0,3.0,1.5,0.0,0.0103,0,0.0
3,0.0,0.0,90.0,1.0,1,2,22.25,0.0,9.0,0.9,0.0,1,0.0,0.0,1.5,0.0,0.0101,0,0.0
3,0.0,0.0,10.5882,1.0,0,4,21.2,0.1,1.0588,3.4941,0.0,1,0.0,0.5294,1.5,0.0,0.0085,1,0.0
3,0.0,0.0,27.0,1.0,1,2,17.8,0.1,2.7,2.88,0.0,1,0.0,0.9,1.5,0.0,0.0,0,0.0
3,0.0,0.03,9.0,1.6667,1,3,24.4,1.5,0.9,1.57,0.0,3,0.0,1.5,1.5,0.0,0.0221,0,0.03
3,0.0,0.0,-18.0,1.3333,0,2,24.8,0.1,-1.8,5.22,0.0,0,0.0,1.8,1.5,0.0,0.0218,1,0.0
3,1.9286,0.0,282.8571,3.0,1,4,25.8,5.8,28.2857,0.0,0.0,6,0.1047,74.5714,1.5,0.15,0.0209,0,0.0
3,0.0,0.06,8.0,2.6667,0,4,40.4,1.5,0.8,0.66,0.0,2,0.0668,1.5,1.5,0.0,0.0401,0,0.06
3,0.0,0.06,14.0,3.0,0,4,47.4,0.3,1.4,1.0,0.0,1,0.057,0.6,1.5,0.0,0.0456,0,0.03
3,0.04,0.07,5.0,1.6667,1,3,47.4,1.8,0.5,0.63,0.0,2,0.0722,1.8,1.5,0.04,0.0608,0,0.07
3,0.0,0.1,14.0,1.3333,1,2,64.4,2.4,1.4,0.8,0.0,1,0.0531,2.4,1.5,0.0,0.0727,0,0.1
3,0.04,0.02,12.0,2.0,0,3,81.0,5.1,1.2,0.76,0.0,3,0.0178,5.1,1.5,0.04,0.0622,0,0.02
3,0.073,0.3162,12.1622,1.6667,1,4,77.8,5.6,1.2162,0.4135,0.0,1,0.0324,6.8108,1.5,0.06,0.1111,0,0.26
3,0.02,0.23,9.0,1.6667,1,2,86.8,4.8,0.9,1.33,0.0,1,0.0332,4.8,1.5,0.02,0.141,0,0.23
3,0.01,0.02,8.0,1.0,0,2,86.8,1.7,0.8,1.69,0.0,1,0.027,1.7,1.5,0.01,0.1306,0,0.02
3,0.0,0.38,19.0,1.3333,1,2,86.8,6.3,1.9,1.03,0.0,2,0.027,6.3,1.5,0.0,0.1887,1,0.38
3,0.0,0.06,6.0,1.3333,0,2,74.8,0.9,0.6,1.26,0.0,1,0.0217,2.7,1.5,0.0,0.219,1,0.02
3,0.0,0.07,16.0,1.6667,1,3,78.0,3.1,1.6,1.61,0.0,2,0.0069,3.1,1.5,0.0,0.1662,0,0.07
3,0.0,0.04,7.0,1.3333,1,4,78.0,1.7,0.7,0.44,0.0,1,0.0023,1.7,1.5,0.0,0.1223,0,0.04
3,0.0,0.0265,7.9412,1.6667,0,2,73.6,2.0,0.7941,0.4235,0.0,2,0.0,2.6471,1.5,0.0,0.1296,0,0.02
3,0.3,0.02,16.0,1.3333,1,3,64.6,1.0,1.6,2.44,0.0,1,0.0418,2.0,1.5,0.15,0.0446,1,0.01
3,0.0,0.03,13.0,1.6667,0,3,76.6,1.8,1.3,0.8,0.0,2,0.0352,1.8,1.5,0.0,0.0399,0,0.03
3,0.0,0.0333,26.6667,1.3333,0,3,64.0,0.3,2.6667,1.1,0.0,1,0.0422,1.0,1.5,0.0,0.0309,0,0.01
3,0.0,0.0462,6.9231,1.3333,0,4,61.6,1.5,0.6923,0.7615,0.0,1,0.0438,1.7308,1.5,0.0,0.0321,0,0.04
3,0.0,0.0281,18.2812,1.6667,1,4,60.8,1.6,1.8281,0.3938,0.0,3,0.0444,2.25,1.5,0.0,0.0326,0,0.02
3,0.0,0.024,18.0,2.0,0,4,66.8,2.4,1.8,3.408,0.0,2,0.0,2.88,1.5,0.0,0.0323,0,0.02
3,0.04,0.04,13.0,2.3333,1,4,66.8,5.1,1.3,0.56,0.0,2,0.0108,5.1,1.5,0.04,0.035,0,0.04
3,1.1118,0.5294,0.0,1.0,0,3,17.0,1.6,0.0,2.3824,0.0,1,1.1118,8.4706,1.5,0.21,0.5294,0,0.1
3,0.0,0.036,14.4,1.0,0,3,21.0,2.3,1.44,0.684,0.0,1,0.45,8.28,1.5,0.0,0.2357,0,0.01
3,0.0482,0.4339,-4.8214,0.6667,1,3,32.6667,6.6,-0.4821,0.5946,0.0,0,0.2204,10.6071,1.5,0.03,0.349,0,0.27
3,0.2432,0.0243,4.8649,1.3333,0,3,43.0,4.2,0.4865,1.2041,0.0,3,0.2302,5.1081,1.5,0.2,0.2093,0,0.02
3,0.0804,0.0,-9.6429,1.3333,1,3,45.6,2.5,-0.9643,2.1375,0.0,1,0.1934,4.0179,1.5,0.05,0.1579,1,0.0
3,0.45,0.0,0.0,1.6667,0,3,47.8,0.6,0.0,2.475,0.0,1,0.1582,1.9286,1.5,0.14,0.113,0,0.0
3,0.024,0.048,7.2,1.3333,1,3,57.8,1.1,0.72,1.092,0.0,2,0.137,1.32,1.5,0.02,0.1028,1,0.04
3,1.2,0.16,-18.0,1.0,1,4,55.6,7.7,-1.8,0.0,0.0,0,0.327,15.4,1.5,0.6,0.0453,0,0.08
3,0.44,0.02,-12.0,1.0,0,2,49.8,2.8,-1.2,0.6,0.0,1,0.3723,5.6,1.5,0.22,0.047,0,0.01
3,0.06,0.0,-14.0,0.3333,0,3,47.6,0.3,-1.4,2.14,0.0,0,0.3819,0.6,1.5,0.03,0.0492,0,0.0
3,0.0,0.0,40.0,0.6667,0,3,43.8,0.4,4.0,0.0,0.0,1,0.3575,4.0,1.5,0.0,0.0534,0,0.0
3,1.8,0.0,160.0,2.0,1,2,30.6,5.2,16.0,5.4,0.0,5,0.6059,52.0,1.5,0.18,0.0529,0,0.0
3,0.0,0.0,0.0,2.3333,0,4,24.2,0.8,0.0,1.2462,0.0,1,0.3198,5.5385,1.5,0.0,0.0074,0,0.0
3,0.0,0.0,90.0,2.3333,0,3,15.4,0.0,9.0,3.6,0.0,1,0.2455,0.0,1.5,0.0,0.0,0,0.0
3,0.0,0.0333,-13.3333,0.6667,1,2,11.8,1.7,-1.3333,2.5667,0.0,0,0.2746,5.6667,1.5,0.0,0.0153,0,0.01
3,0.0,0.0,90.0,0.6667,1,4,10.6,0.0,9.0,1.5,0.0,1,0.3057,0.0,1.5,0.0,0.017,0,0.0
3,0.0,0.4,30.0,0.6667,1,3,10.6,1.8,3.0,0.0,0.0,1,0.0,18.0,1.5,0.0,0.0849,0,0.04
3,0.0,0.0,-8.1818,0.6667,0,3,10.2,0.0,-0.8182,1.0636,0.0,0,0.0,0.0,1.5,0.0,0.0882,1,0.0
3,0.5625,0.0,0.0,0.6667,1,3,16.4,3.9,0.0,1.9125,0.0,1,0.2195,10.9688,1.5,0.2,0.0549,0,0.0
3,0.5333,0.1667,56.6667,2.0,0,2,16.4,5.4,5.6667,2.6333,0.0,5,0.3951,18.0,1.5,0.16,0.0988,0,0.05
3,0.6333,0.0333,13.3333,2.3333,1,2,21.2,4.7,1.3333,0.6,0.0,1,0.467,15.6667,1.5,0.19,0.0849,1,0.01
3,0.1066,0.0,2.3684,2.6667,0,3,34.6,1.4,0.2368,3.0553,0.0,2,0.3329,1.6579,1.5,0.09,0.0312,0,0.0
3,0.0,0.0429,17.1429,1.3333,1,3,36.6,0.5,1.7143,0.0,0.0,1,0.3148,2.1429,1.5,0.0,0.0344,0,0.01
3,0.0456,0.0114,0.0,2.0,0,4,46.0,3.0,0.0,1.8228,0.0,3,0.1878,3.4177,1.5,0.04,0.0313,0,0.01
3,1.9929,0.2571,25.7143,1.6667,1,2,43.4,3.4,2.5714,1.6071,0.0,1,0.2613,21.8571,1.5,0.31,0.029,1,0.04
3,0.0,0.0,14.2105,1.0,1,2,19.0,0.2,1.4211,0.1895,0.0,1,0.0,0.9474,1.5,0.0,0.0,0,0.0
3,0.0,0.01,21.0,2.0,1,2,54.5,4.1,2.1,1.12,0.0,3,0.0,4.1,1.5,0.0,0.0083,0,0.01
3,0.0,0.2,40.0,1.6667,1,3,39.3333,0.6,4.0,6.5,0.0,1,0.0,6.0,1.5,0.0,0.0229,1,0.02
2,0.06,0.04,18.0,1.0,1,4,90.0,6.5,2.7,2.51,0.0,1,0.06,6.5,1.5,0.06,0.04,0,0.04
2,0.58,0.0,0.0,0.0,1,3,67.5,2.7,0.0,2.42,0.0,-1,0.2333,5.4,1.5,0.29,0.0267,1,0.0
2,0.0,0.0,90.0,0.3333,0,3,46.0,0.0,13.5,2.4,0.0,1,0.2283,0.0,1.5,0.0,0.0261,0,0.0
2,0.0,0.0,270.0,0.3333,0,4,34.75,0.0,40.5,3.6,0.0,1,0.2266,0.0,1.5,0.0,0.0259,1,0.0
2,0.0,0.0,11.0,0.6667,1,4,45.8,1.5,1.65,1.58,0.0,0,0.1376,1.5,1.5,0.0,0.0157,0,0.0
2,0.0,0.0,36.0,0.6667,0,3,29.8,0.4,5.4,1.71,0.0,1,0.1752,3.6,1.5,0.0,0.0,0,0.0
2,0.0,0.0261,16.9565,0.6667,1,3,34.6,2.5,2.5435,1.3957,0.0,1,0.0,3.2609,1.5,0.0,0.0104,0,0.02
2,0.0,0.0,270.0,1.0,0,3,34.2,0.0,40.5,0.0,0.0,1,0.0,0.0,1.5,0.0,0.0105,0,0.0
2,0.0,0.0,11.0959,1.0,0,3,48.6,0.7,1.6644,3.7356,0.0,1,0.0,0.863,1.5,0.0,0.0074,0,0.0
2,0.0,0.03,5.0,1.0,0,2,48.6,2.2,0.75,2.86,0.0,1,0.0,2.2,1.5,0.0,0.0185,0,0.03
2,0.0,0.03,15.0,0.6667,1,3,64.6,3.3,2.25,2.42,0.0,0,0.0,3.3,1.5,0.0,0.0223,0,0.03
2,0.0,0.0,16.3636,0.3333,0,3,55.2,1.1,2.4545,3.7636,0.0,0,0.0,4.5,1.5,0.0,0.0196,0,0.0
3,0.0,0.0409,12.2727,1.0,1,3,22.0,0.2,1.2273,1.2273,0.0,1,0.0,0.8182,1.5,0.0,0.0409,0,0.01
3,0.0625,0.5375,20.0,1.5,1,3,47.0,4.6,2.0,0.6125,0.0,2,0.0479,5.75,1.5,0.05,0.4213,0,0.43
3,0.0,0.0,-1.3636,1.6667,0,3,53.3333,0.2,-0.1364,2.6045,0.0,2,0.0281,0.2727,1.5,0.0,0.2475,1,0.0
3,0.0,0.0,23.6842,1.6667,0,3,44.75,0.1,2.3684,1.2789,0.0,1,0.0251,0.4737,1.5,0.0,0.2212,1,0.0
3,0.0,0.0,12.4138,1.3333,1,4,41.6,0.7,1.2414,1.2103,0.0,1,0.0216,2.1724,1.5,0.0,0.1904,0,0.0
3,0.0,0.0,27.0,1.0,0,3,39.2,0.1,2.7,0.0,0.0,1,0.023,0.9,1.5,0.0,0.1974,0,0.0
3,0.2647,0.1059,-5.2941,1.0,1,3,28.2,0.7,-0.5294,3.4941,0.0,1,0.0319,3.7059,1.5,0.05,0.0128,0,0.02
3,0.0,0.0,18.0,1.0,0,3,19.0,0.1,1.8,4.095,0.0,1,0.0474,0.45,1.5,0.0,0.0189,0,0.0
3,0.0,0.0,630.0,1.0,1,2,15.4,0.5,63.0,0.0,0.0,1,0.0584,45.0,1.5,0.0,0.0234,1,0.0
3,0.0,0.0,0.0,1.0,0,2,15.8,0.1,0.0,5.8645,0.0,1,0.057,0.2903,1.5,0.0,0.0228,0,0.0
3,0.0,0.0,5.8065,1.0,0,3,20.0,0.5,0.5806,1.0742,0.0,1,0.045,1.4516,1.5,0.0,0.018,0,0.0
3,0.2323,0.029,11.6129,1.3333,1,4,29.0,3.3,1.1613,1.2194,0.0,2,0.0993,4.7903,1.5,0.16,0.0124,0,0.02
3,0.0112,0.0,13.5,1.6667,0,3,41.0,1.6,1.35,2.4075,0.0,2,0.0746,1.8,1.5,0.01,0.0088,1,0.0
3,0.1161,0.0,0.0,1.6667,1,2,53.2,0.0,0.0,1.4952,0.0,1,0.0846,0.0,1.5,0.08,0.0068,1,0.0
2,0.0,0.0,270.0,1.0,1,2,1.0,0.0,40.5,4.5,0.0,1,0.0,0.0,1.5,0.0,0.0,1,0.0
2,0.03,0.0,-2.0,-0.5,0,2,45.5,1.4,-0.3,1.4,0.0,-2,0.0297,1.4,1.5,0.03,0.0,0,0.0
2,0.14,0.0,10.0,0.3333,1,4,60.3333,2.0,1.5,0.88,0.0,2,0.0845,2.0,1.5,0.14,0.0,0,0.0
2,0.0,0.1,12.0,0.0,0,4,56.5,1.9,1.8,2.42,0.0,0,0.0677,3.8,1.5,0.0,0.0199,0,0.05
2,0.0,0.0,25.0,2.6667,1,3,63.2,1.2,3.75,0.91,0.0,6,0.0484,1.2,1.5,0.0,0.0142,0,0.0
2,0.11,0.0,38.0,7.0,0,2,81.0,8.3,5.7,2.68,0.0,15,0.0622,8.3,1.5,0.11,0.0111,1,0.0
2,0.11,0.01,26.0,9.0,1,3,81.0,2.9,3.9,2.48,0.0,6,0.08,2.9,1.5,0.11,0.0133,0,0.01
2,0.03,0.0,6.0,7.3333,0,2,81.0,1.6,0.9,2.23,0.0,1,0.0556,1.6,1.5,0.03,0.0133,0,0.0
2,0.0,0.0,18.0,3.0,1,4,90.0,3.3,2.7,1.17,0.0,2,0.05,3.3,1.5,0.0,0.002,0,0.0
2,0.0,0.0,6.0,1.0,1,2,81.0,1.4,0.9,1.76,0.0,0,0.0556,2.8,1.5,0.0,0.0022,0,0.0
2,0.0,0.0,17.0,1.0,1,2,81.0,2.0,2.55,1.12,0.0,1,0.0311,2.0,1.5,0.0,0.0022,0,0.0
2,0.15,0.0,11.0,1.0,0,3,81.0,2.7,1.65,2.73,0.0,2,0.04,2.7,1.5,0.15,0.0,0,0.0
2,0.19,0.01,5.0,0.6667,1,2,81.0,4.6,0.75,0.65,0.0,-1,0.0756,4.6,1.5,0.19,0.0022,0,0.01
2,0.33,0.0,4.0,0.6667,1,3,81.0,1.2,0.6,0.63,0.0,1,0.1489,1.2,1.5,0.33,0.0022,0,0.0
2,0.0,0.0,13.0,0.0,0,3,90.0,2.5,1.95,4.07,0.0,0,0.134,2.5,1.5,0.0,0.002,0,0.0
2,0.0,0.01,15.0,1.0,1,3,90.0,3.3,2.25,0.96,0.0,2,0.134,3.3,1.5,0.0,0.004,0,0.01
2,0.0,0.0,14.0,1.3333,0,3,90.0,1.5,2.1,1.5,0.0,2,0.104,1.5,1.5,0.0,0.004,0,0.0
2,0.0763,0.0153,12.2034,1.6667,1,2,83.8,2.0,1.8305,2.7458,0.0,1,0.0816,3.0508,1.5,0.05,0.0043,0,0.01
2,0.05,0.0,9.0,1.3333,0,3,83.8,1.5,1.35,2.01,0.0,1,0.0215,1.5,1.5,0.05,0.0043,0,0.0
4,4.7,0.0,30.0,1.0,1,4,9.0,0.4,0.0,16.4,0.0,1,4.7,4.0,1.5,0.47,0.0,0,0.0
4,0.0,0.0,90.0,1.0,1,2,5.5,0.0,0.0,1.8,0.0,1,3.8455,0.0,1.5,0.0,0.0,0,0.0
3,0.0,0.012,10.8,2.0,1,3,75.0,1.9,1.08,1.74,0.0,2,0.0,2.28,1.5,0.0,0.012,0,0.01
3,0.091,0.6371,38.427,5.5,0,4,82.0,14.4,3.8427,0.9303,0.0,9,0.0494,14.5618,1.5,0.09,0.3512,0,0.63
3,0.0,0.5294,14.1176,4.0,1,3,71.6667,2.5,1.4118,0.4412,0.0,1,0.0377,4.4118,1.5,0.0,0.3935,1,0.3
3,0.17,0.23,11.0,3.6667,0,2,76.25,11.3,1.1,0.44,0.0,1,0.0767,11.3,1.5,0.17,0.3452,0,0.23
3,0.0,0.0,0.0,1.0,0,3,65.4,1.6,0.0,0.2455,0.0,1,0.0716,6.5455,1.5,0.0,0.322,0,0.0
3,0.1459,0.1946,30.4054,2.6667,1,3,65.2,8.9,3.0405,1.0095,0.0,6,0.1049,10.8243,1.5,0.12,0.3644,0,0.16
3,0.0,0.0,120.0,2.6667,0,3,48.0,0.5,12.0,0.0,0.0,1,0.1088,15.0,1.5,0.0,0.2588,1,0.0
3,0.12,0.38,82.0,9.6667,1,3,55.8,21.9,8.2,0.77,0.0,22,0.1323,21.9,1.5,0.12,0.2484,0,0.38
3,0.1707,0.1086,1.5517,7.6667,0,3,49.4,4.7,0.1552,1.4586,0.0,0,0.1275,7.2931,1.5,0.11,0.2223,0,0.07
3,0.07,0.74,30.0,9.0,1,2,63.0,12.8,3.0,0.56,0.0,5,0.12,12.8,1.5,0.07,0.3857,1,0.74
3,0.3529,0.0529,5.2941,2.0,1,3,58.4,5.9,0.5294,0.3706,0.0,1,0.1541,10.4118,1.5,0.2,0.376,1,0.03
3,0.1667,0.3778,2.2222,2.6667,0,3,74.0,10.2,0.2222,1.2333,0.0,2,0.1581,11.3333,1.5,0.15,0.3795,1,0.34
3,0.0,0.11,11.0,1.3333,1,3,74.0,8.0,1.1,1.44,0.0,1,0.1289,8.0,1.5,0.0,0.3138,1,0.11
3,0.0,0.1895,18.9474,1.3333,0,4,66.2,2.3,1.8947,0.1421,0.0,1,0.1142,10.8947,1.5,0.0,0.3426,0,0.04
3,0.0523,0.4081,17.7907,1.6667,1,3,65.4,7.8,1.7791,0.3349,0.0,3,0.1101,8.1628,1.5,0.05,0.2505,1,0.39
3,0.11,0.44,9.0,2.0,1,3,73.2,13.0,0.9,1.58,0.0,2,0.0762,13.0,1.5,0.11,0.3246,0,0.44
3,0.0,0.1241,31.0345,2.0,1,3,62.8,1.8,3.1034,0.0621,0.0,1,0.0459,5.5862,1.5,0.0,0.2924,0,0.04
3,0.0667,0.0333,3.3333,1.3333,0,3,50.2,1.6,0.3333,1.4667,0.0,1,0.0645,5.3333,1.5,0.02,0.3299,0,0.01
3,0.2483,0.2948,7.7586,1.0,1,3,58.0,6.4,0.7759,0.3414,0.0,1,0.1055,9.931,1.5,0.16,0.3321,0,0.19
3,0.3,1.9286,4.2857,1.0,0,4,45.0,3.3,0.4286,2.5714,0.0,1,0.144,14.1429,1.5,0.07,0.452,0,0.45
3,0.2483,0.031,9.3103,1.0,1,3,32.8,1.9,0.931,0.4966,0.0,1,0.1811,5.8966,1.5,0.08,0.3841,0,0.01
3,0.1595,0.2051,30.7595,2.6667,1,2,42.8,14.3,3.0759,0.7861,0.0,6,0.1977,16.2911,1.5,0.14,0.3533,0,0.18
3,0.48,0.35,52.0,7.6667,1,2,55.4,18.4,5.2,0.49,0.0,16,0.3022,18.4,1.5,0.48,0.3834,0,0.35
3,0.825,0.0,7.5,7.6667,0,4,46.2,2.2,0.75,1.725,0.0,1,0.3429,16.5,1.5,0.11,0.3857,0,0.0
3,0.08,0.02,-4.0,6.0,0,4,51.0,0.7,-0.4,2.54,0.0,1,0.3,1.4,1.5,0.04,0.1941,1,0.01
3,0.63,5.04,99.0,1.0,1,3,47.2,4.3,9.9,0.0,0.0,1,0.3203,38.7,1.5,0.07,0.4195,0,0.56
3,0.42,0.06,-6.0,1.0,0,2,34.4,2.4,-0.6,0.0,0.0,1,0.4029,14.4,1.5,0.07,0.4866,0,0.01
3,0.2143,0.0429,42.8571,2.0,0,3,20.6,3.4,4.2857,3.5143,0.0,4,0.2971,14.5714,1.5,0.05,0.5155,0,0.01
3,0.09,0.16,19.0,3.3333,1,3,36.2,15.5,1.9,0.36,0.0,5,0.1591,15.5,1.5,0.09,0.3729,0,0.16
2,0.0,0.0,15.0,1.0,0,2,18.0,0.4,2.25,2.95,0.0,1,0.0,2.0,1.5,0.0,0.0,1,0.0
2,0.0,0.0173,1.7308,0.5,1,3,35.0,0.7,0.2596,0.3288,0.0,0,0.0,1.2115,1.5,0.0,0.0129,0,0.01
2,0.0,0.1059,10.5882,0.3333,0,3,40.3333,3.7,1.5882,1.0765,0.0,0,0.0,6.5294,1.5,0.0,0.0521,0,0.06
2,0.18,0.02,6.0,0.3333,0,3,41.5,1.4,0.9,0.88,0.0,1,0.0488,2.8,1.5,0.09,0.0434,0,0.01
2,0.0,0.0,26.087,0.6667,0,3,47.0,3.4,3.913,2.1,0.0,1,0.0345,4.4348,1.5,0.0,0.0306,0,0.0
2,0.0,0.1233,46.8493,4.6667,1,4,58.0,4.1,7.0274,0.2959,0.0,12,0.0279,5.0548,1.5,0.0,0.0559,0,0.1
2,0.0,0.0212,12.7059,4.3333,0,3,64.6,2.1,1.9059,1.3659,0.0,0,0.0251,2.2235,1.5,0.0,0.0529,1,0.02
2,0.0,0.06,25.0,5.3333,1,4,72.4,5.6,3.75,1.23,0.0,4,0.0224,5.6,1.5,0.0,0.0472,0,0.06
2,0.0,0.075,15.0,1.6667,0,2,65.8,0.3,2.25,0.0,0.0,1,0.0,2.25,1.5,0.0,0.052,0,0.01
2,0.0,0.0,90.0,2.0,0,3,52.6,0.1,13.5,0.6,0.0,1,0.0,3.0,1.5,0.0,0.065,0,0.0
2,0.0327,0.72,9.8182,1.0,1,2,49.0,3.9,1.4727,1.0145,0.0,1,0.0073,6.3818,1.5,0.02,0.1947,0,0.44
2,0.0,0.022,2.1951,1.0,0,3,48.4,0.1,0.3293,2.3598,0.0,1,0.0074,0.1098,1.5,0.0,0.1971,0,0.02
2,0.0,0.0634,12.6761,1.3333,1,4,44.6,3.6,1.9014,1.5592,0.0,2,0.0081,4.5634,1.5,0.0,0.2099,0,0.05
2,0.0,0.01,21.0,2.0,0,3,60.2,2.5,3.15,1.21,0.0,3,0.006,2.5,1.5,0.0,0.1555,0,0.01
2,0.0,0.0,90.0,1.0,0,2,2.0,0.0,13.5,35.55,0.0,1,0.0,0.0,1.5,0.0,0.0,1,0.0
2,0.0,0.0,3.6986,0.0,1,3,37.5,0.2,0.5548,1.2699,0.0,-1,0.0,0.2466,1.5,0.0,0.0,0,0.0
3,0.3405,0.0122,2.4324,2.0,0,2,74.0,2.1,0.2432,2.7486,0.0,2,0.3405,2.5541,1.5,0.28,0.0122,1,0.01
3,0.0,0.0,450.0,1.0,1,3,1.0,0.3,45.0,0.0,0.0,1,0.0,27.0,1.5,0.0,0.0,0,0.0
1,0.0,0.0,45.0,1.0,0,3,6.0,0.1,0.0,1.2,0.0,1,0.0,1.5,1.5,0.0,0.0,0,0.0
1,0.0,0.0,20.0,3.5,1,3,48.0,0.7,0.0,0.37,1.0,6,0.0,0.7,1.5,0.0,0.0,1,0.0
1,0.0,0.0,16.0,3.0,0,3,62.0,2.4,0.0,1.31,4.0,2,0.0,2.4,1.5,0.0,0.0,0,0.0
1,0.0,0.0,20.0,3.6667,1,3,69.0,3.4,0.0,1.08,4.0,3,0.0,3.4,1.5,0.0,0.0,0,0.0
1,0.0,0.0,18.0,2.3333,0,2,73.2,3.4,0.0,2.53,4.0,2,0.0,3.4,1.5,0.0,0.0,0,0.0
1,0.0,0.0,28.0,5.0,1,3,90.0,3.1,0.0,0.86,4.0,10,0.0,3.1,1.5,0.0,0.0,0,0.0
1,0.0,0.0,27.0,5.0,0,2,90.0,5.7,0.0,2.93,9.0,3,0.0,5.7,1.5,0.0,0.0,0,0.0
1,0.0,0.0,16.0,4.6667,1,2,90.0,3.3,0.0,1.93,4.0,1,0.0,3.3,1.5,0.0,0.0,0,0.0
1,0.0,0.0,18.0,2.3333,0,2,90.0,2.3,0.0,0.55,3.0,3,0.0,2.3,1.5,0.0,0.0,0,0.0
1,0.0,0.0,14.0,2.0,0,3,90.0,3.4,0.0,2.91,4.0,2,0.0,3.4,1.5,0.0,0.0,0,0.0
1,0.0,0.0,16.0,2.3333,0,3,90.0,2.0,0.0,1.83,3.0,2,0.0,2.0,1.5,0.0,0.0,0,0.0
1,0.0,0.0,7.0,1.3333,1,3,90.0,1.1,0.0,0.8,1.0,0,0.0,1.1,1.5,0.0,0.0,0,0.0
1,0.0,0.0,11.0,1.3333,1,3,90.0,2.2,0.0,1.58,4.0,2,0.0,2.2,1.5,0.0,0.0,0,0.0
1,0.0,0.0,17.0,1.0,1,3,90.0,1.2,0.0,1.57,2.0,1,0.0,1.2,1.5,0.0,0.0,0,0.0
1,0.0,0.0,17.0,1.6667,0,4,90.0,2.5,0.0,1.36,3.0,2,0.0,2.5,1.5,0.0,0.0,0,0.0
1,0.0,0.0,26.0,3.0,1,3,90.0,2.4,0.0,1.41,2.0,6,0.0,2.4,1.5,0.0,0.0,0,0.0
1,0.0,0.0,23.0,3.3333,0,3,90.0,4.4,0.0,3.37,6.0,2,0.0,4.4,1.5,0.0,0.0,0,0.0
1,0.0,0.0,14.0,3.3333,0,3,90.0,2.7,0.0,0.87,3.0,2,0.0,2.7,1.5,0.0,0.0,1,0.0
1,0.0,0.0,28.0,4.3333,1,4,90.0,2.6,0.0,1.54,4.0,9,0.0,2.6,1.5,0.0,0.0,0,0.0
1,0.0,0.0,31.0,5.6667,1,3,90.0,1.3,0.0,1.04,2.0,6,0.0,1.3,1.5,0.0,0.0,1,0.0
1,0.0,0.0,12.0,5.3333,0,2,90.0,1.8,0.0,1.62,2.0,1,0.0,1.8,1.5,0.0,0.0,0,0.0
1,0.0,0.0,14.0,3.0,0,4,90.0,1.0,0.0,1.24,1.0,2,0.0,1.0,1.5,0.0,0.0,1,0.0
1,0.0,0.0,18.0,2.0,1,2,90.0,3.8,0.0,2.15,5.0,3,0.0,3.8,1.5,0.0,0.0,0,0.0
2,0.0,0.1588,15.8824,1.0,0,2,17.0,0.1,2.3824,1.0059,0.0,1,0.0,0.5294,1.5,0.0,0.1588,0,0.03
2,0.04,0.18,34.0,4.5,1,3,53.5,5.3,5.1,1.28,0.0,8,0.0336,5.3,1.5,0.04,0.1766,1,0.18
2,0.03,0.05,24.0,5.0,0,3,65.6667,5.6,3.6,0.3,0.0,6,0.032,5.6,1.5,0.03,0.1188,0,0.05
2,0.09,0.04,7.0,5.0,1,4,71.75,2.8,1.05,1.73,0.0,1,0.0502,2.8,1.5,0.09,0.0941,0,0.04
2,0.0,0.34,15.0,3.0,1,3,75.4,3.6,2.25,0.57,0.0,2,0.0382,3.6,1.5,0.0,0.1528,1,0.34
2,0.0,0.08,11.0,1.3333,0,3,90.0,2.9,1.65,1.51,0.0,1,0.032,2.9,1.5,0.0,0.138,0,0.08
2,0.0,0.0,10.0,1.6667,0,2,90.0,1.0,1.5,1.32,0.0,2,0.024,1.0,1.5,0.0,0.102,0,0.0
2,0.0,0.01,9.0,1.6667,1,2,90.0,1.0,1.35,0.69,0.0,2,0.018,1.0,1.5,0.0,0.094,0,0.01
2,0.0,0.01,14.0,1.6667,0,2,90.0,3.5,2.1,3.08,0.0,1,0.0,3.5,1.5,0.0,0.088,1,0.01
2,0.0,0.02,17.0,1.3333,1,4,90.0,6.3,2.55,1.41,0.0,1,0.0,6.3,1.5,0.0,0.024,0,0.02
2,0.0,0.0,18.0,0.6667,0,4,75.0,0.4,2.7,6.72,0.0,0,0.0,2.4,1.5,0.0,0.0096,1,0.0
2,0.0,0.04,26.0,2.3333,1,2,75.0,1.8,3.9,0.29,0.0,6,0.0,1.8,1.5,0.0,0.0192,0,0.04
2,0.0,0.01,28.0,4.0,1,2,75.0,2.4,4.2,1.39,0.0,6,0.0,2.4,1.5,0.0,0.0192,0,0.01
2,0.0,0.0,12.0,4.6667,0,4,69.0,1.6,1.8,2.19,0.0,2,0.0,2.4,1.5,0.0,0.0183,0,0.0
2,0.21,0.06,17.0,3.0,1,3,69.0,7.2,2.55,0.41,0.0,1,0.0548,7.2,1.5,0.21,0.0287,0,0.06
2,0.0,0.0,15.8824,1.3333,0,3,69.4,0.1,2.3824,1.3765,0.0,1,0.0545,0.5294,1.5,0.0,0.0285,0,0.0
2,0.0,0.0,9.0,1.3333,1,4,69.4,1.9,1.35,1.64,0.0,2,0.0545,1.9,1.5,0.0,0.0182,1,0.0
2,0.0,0.0346,13.8462,1.3333,0,3,56.6,1.1,2.0769,1.1769,0.0,1,0.0668,3.8077,1.5,0.0,0.0223,0,0.01
2,0.22,0.02,20.0,3.0,1,3,62.6,4.0,3.0,2.15,0.0,6,0.1236,4.0,1.5,0.22,0.0259,0,0.02
2,0.43,0.02,9.0,2.6667,0,2,62.6,4.7,1.35,1.68,0.0,1,0.1869,4.7,1.5,0.43,0.0144,0,0.02
2,0.0,0.02,15.0,3.0,1,2,77.2,2.1,2.25,1.84,0.0,2,0.1516,2.1,1.5,0.0,0.0163,0,0.02
2,0.0,0.02,8.0,1.0,1,2,77.2,1.8,1.2,1.65,0.0,0,0.1516,1.8,1.5,0.0,0.021,0,0.02
2,0.0,0.14,25.0,3.0,0,3,90.0,6.5,3.75,1.67,0.0,7,0.13,6.5,1.5,0.0,0.044,0,0.14
2,0.0,0.01,24.0,4.3333,1,3,90.0,3.2,3.6,1.17,0.0,6,0.086,3.2,1.5,0.0,0.042,0,0.01
2,0.0,0.0456,11.3924,4.6667,0,2,87.8,0.9,1.7089,0.6152,0.0,1,0.0,1.0253,1.5,0.0,0.0472,0,0.04
2,0.0889,0.3333,37.7778,5.6667,1,4,86.0,8.5,5.6667,2.3111,0.0,10,0.0167,9.4444,1.5,0.08,0.1067,0,0.3
2,0.0,0.0107,11.7857,4.0,0,3,84.8,0.5,1.7679,2.0036,0.0,1,0.017,0.5357,1.5,0.0,0.1061,0,0.01
2,0.0,0.11,14.0,4.3333,1,3,84.8,2.7,2.1,0.59,0.0,2,0.017,2.7,1.5,0.0,0.0998,0,0.11
2,0.0,0.01,21.0,3.0,0,4,84.8,2.2,3.15,0.93,0.0,6,0.017,2.2,1.5,0.0,0.0998,0,0.01
2,0.12,0.01,17.0,4.6667,1,2,87.0,6.5,2.55,1.02,0.0,6,0.0414,6.5,1.5,0.12,0.091,1,0.01
2,0.0,0.46,23.0,6.0,1,4,88.8,5.8,3.45,1.01,0.0,6,0.0243,5.8,1.5,0.0,0.1216,0,0.46
2,0.07,0.01,23.0,6.0,0,2,90.0,2.4,3.45,0.63,0.0,6,0.038,2.4,1.5,0.07,0.12,0,0.01
2,0.0,0.0,11.0,4.0,1,3,90.0,1.6,1.65,3.25,0.0,0,0.038,1.6,1.5,0.0,0.098,0,0.0
2,0.0,0.0,270.0,2.3333,0,2,72.2,0.1,40.5,0.0,0.0,1,0.0474,9.0,1.5,0.0,0.1197,0,0.0
3,0.0,0.0,450.0,1.0,0,3,1.0,0.3,45.0,13.5,0.0,1,0.0,27.0,1.5,0.0,0.0,0,0.0
3,0.0,0.0,27.3913,1.0,1,4,12.0,0.4,2.7391,3.0913,0.0,1,0.0,1.5652,1.5,0.0,0.0,0,0.0
3,0.0,0.0,22.5,1.0,0,3,13.3333,0.4,2.25,4.1062,0.0,1,0.0,2.25,1.5,0.0,0.0,0,0.0
3,0.0,0.05,45.0,1.0,1,3,14.5,1.3,4.5,1.6,0.0,1,0.0,6.5,1.5,0.0,0.0155,0,0.01
3,0.3214,0.0,147.8571,3.0,1,4,14.4,5.6,14.7857,0.0,0.0,7,0.0625,36.0,1.5,0.05,0.0125,1,0.0
3,0.1174,0.0391,3.913,3.0,0,2,18.8,2.3,0.3913,1.4478,0.0,1,0.0766,9.0,1.5,0.03,0.0191,0,0.01
3,0.0,0.1,3.0,3.0,1,3,32.2,2.4,0.3,0.82,0.0,1,0.0447,2.4,1.5,0.0,0.0671,0,0.1
3,0.64,0.22,29.0,4.3333,0,2,47.0,9.7,2.9,1.4,0.0,11,0.2757,9.7,1.5,0.64,0.1302,0,0.22
3,0.04,0.06,11.0,4.3333,1,3,61.4,4.4,1.1,1.64,0.0,1,0.2228,4.4,1.5,0.04,0.1143,1,0.06
3,0.03,0.38,28.0,7.3333,0,3,76.6,7.3,2.8,1.27,0.0,10,0.1739,7.3,1.5,0.03,0.1809,0,0.38
3,0.28,0.27,25.0,6.6667,1,2,90.0,9.7,2.5,0.88,0.0,9,0.198,9.7,1.5,0.28,0.206,0,0.27
3,0.0414,0.1448,9.3103,7.0,0,2,89.4,3.6,0.931,1.6759,0.0,2,0.2074,3.7241,1.5,0.04,0.2154,0,0.14
3,0.0,0.0,11.4286,4.3333,0,3,84.0,1.8,1.1429,2.2,0.0,2,0.0836,2.5714,1.5,0.0,0.1821,0,0.0
3,0.5442,0.2302,53.3721,6.6667,1,3,83.2,12.6,5.3372,0.6698,0.0,16,0.1882,13.186,1.5,0.52,0.2185,0,0.22
3,0.19,0.02,28.0,9.0,1,3,83.2,7.2,2.8,0.91,0.0,9,0.2228,7.2,1.5,0.19,0.1406,0,0.02
3,0.04,0.01,5.0,9.3333,0,3,83.2,1.3,0.5,2.68,0.0,3,0.1709,1.3,1.5,0.04,0.0844,0,0.01
3,0.0,0.2,18.0,5.6667,1,3,83.8,3.4,1.8,1.17,0.0,5,0.1611,3.4,1.5,0.0,0.0967,0,0.2
3,0.2,0.03,13.0,3.3333,0,2,89.2,6.5,1.3,0.8,0.0,2,0.1917,6.5,1.5,0.2,0.0969,0,0.03
3,0.12,0.01,0.0,2.6667,1,3,90.0,5.1,0.0,3.66,0.0,1,0.11,5.1,1.5,0.12,0.054,0,0.01
3,0.1,0.03,8.0,1.3333,0,4,90.0,2.7,0.8,2.79,0.0,1,0.092,2.7,1.5,0.1,0.056,0,0.03
3,0.12,0.5,17.0,2.3333,1,3,90.0,7.8,1.7,0.73,0.0,5,0.108,7.8,1.5,0.12,0.154,0,0.5
3,0.54,0.08,20.0,3.6667,0,3,90.0,10.3,2.0,2.71,0.0,5,0.216,10.3,1.5,0.54,0.13,0,0.08
3,0.26,0.06,9.0,4.0,1,2,90.0,6.1,0.9,0.65,0.0,2,0.228,6.1,1.5,0.26,0.136,1,0.06
3,0.1,0.19,-1.0,2.6667,1,2,90.0,3.3,-0.1,0.63,0.0,1,0.224,3.3,1.5,0.1,0.172,0,0.19
3,0.28,0.19,50.0,5.0,0,4,90.0,13.0,5.0,4.07,0.0,12,0.26,13.0,1.5,0.28,0.204,0,0.19
3,0.08,0.02,13.0,5.0,1,3,90.0,3.5,1.3,0.96,0.0,2,0.252,3.5,1.5,0.08,0.108,1,0.02
3,0.09,0.02,-3.0,5.3333,0,3,90.0,2.3,-0.3,1.5,0.0,2,0.162,2.3,1.5,0.09,0.096,0,0.02
3,0.18,0.2,15.0,2.0,1,3,90.0,7.2,1.5,3.29,0.0,2,0.146,7.2,1.5,0.18,0.124,0,0.2
3,0.0214,0.0107,-4.2857,2.0,0,4,88.8,0.9,-0.4286,2.6464,0.0,2,0.1318,0.9643,1.5,0.02,0.0892,1,0.01
3,0.03,0.07,17.0,3.0,1,3,88.8,7.2,1.7,1.75,0.0,5,0.0811,7.2,1.5,0.03,0.0649,1,0.07
3,0.03,0.01,17.0,3.0,0,2,88.8,4.4,1.7,4.13,0.0,2,0.0709,4.4,1.5,0.03,0.0628,0,0.01
3,0.74,0.42,25.0,4.0,1,2,88.8,8.2,2.5,0.42,0.0,5,0.2027,8.2,1.5,0.74,0.1439,0,0.42
3,0.31,0.0,16.0,4.6667,0,4,88.8,8.6,1.6,2.01,0.0,7,0.2291,8.6,1.5,0.31,0.1034,0,0.0
3,0.0,0.0,33.75,1.0,1,3,16.0,0.9,3.375,4.4438,0.0,1,0.0,5.0625,1.5,0.0,0.0,0,0.0
3,0.0,0.0,22.5,1.0,0,2,10.0,0.0,2.25,6.525,0.0,1,0.0,0.0,1.5,0.0,0.0,1,0.0
3,0.1,0.01,6.0,1.0,1,3,36.6667,1.8,0.6,2.49,0.0,1,0.0818,1.8,1.5,0.1,0.0082,0,0.01
3,0.0,0.0,8.3077,1.3333,0,3,43.75,2.3,0.8308,0.6646,0.0,2,0.0514,3.1846,1.5,0.0,0.0051,1,0.0
3,0.2186,0.0129,9.0,1.6667,1,4,49.0,1.9,0.9,0.5271,0.0,2,0.0992,2.4429,1.5,0.17,0.0073,0,0.01
3,0.0,0.0,-4.7368,1.3333,1,3,49.6,0.0,-0.4737,1.5158,0.0,0,0.098,0.0,1.5,0.0,0.0073,1,0.0
3,0.0,0.0,27.6923,1.0,0,3,51.4,0.2,2.7692,0.4154,0.0,1,0.0946,1.3846,1.5,0.0,0.007,0,0.0
3,0.0804,0.0161,11.25,0.6667,0,2,44.6,2.6,1.125,1.7839,0.0,1,0.0888,4.1786,1.5,0.05,0.0081,1,0.01
3,0.0,0.0108,21.6867,1.3333,1,2,48.2,3.9,2.1687,1.3446,0.0,2,0.0822,4.2289,1.5,0.0,0.0112,0,0.01
3,0.0,0.0466,17.069,1.3333,1,4,45.8,3.3,1.7069,1.4586,0.0,1,0.0197,5.1207,1.5,0.0,0.0197,0,0.03
3,0.16,0.02,8.0,1.0,0,3,51.0,1.8,0.8,2.06,0.0,0,0.0459,3.6,1.5,0.08,0.0212,0,0.01
3,0.0,0.0,5.8065,0.6667,1,2,54.6,0.3,0.5806,4.1516,0.0,1,0.0429,0.871,1.5,0.0,0.0198,1,0.0
3,0.0,0.031,0.0,0.3333,0,4,49.2,0.3,0.0,1.2103,0.0,0,0.0293,0.931,1.5,0.0,0.022,0,0.01
3,0.0,0.0,27.0,0.6667,1,3,34.6,0.3,2.7,1.17,0.0,1,0.0416,2.7,1.5,0.0,0.026,0,0.0
3,0.0,0.0,180.0,0.6667,0,3,23.2,0.0,18.0,31.5,0.0,1,0.0621,0.0,1.5,0.0,0.0155,0,0.0
3,0.0584,0.0117,14.026,1.0,0,2,29.6,2.2,1.4026,0.9117,0.0,1,0.0304,2.5714,1.5,0.05,0.0122,0,0.01
3,0.09,0.01,13.0,1.6667,1,3,41.4,2.0,1.3,0.68,0.0,3,0.0609,2.0,1.5,0.09,0.013,0,0.01
3,0.04,0.0,14.0,2.0,0,3,53.6,2.1,1.4,2.79,0.0,2,0.0604,2.1,1.5,0.04,0.0067,0,0.0
3,0.09,0.05,11.0,2.6667,0,4,69.6,4.4,1.1,0.5,0.0,3,0.0698,4.4,1.5,0.09,0.0181,0,0.05
3,0.0,0.02,3.0,2.0,1,4,87.4,0.8,0.3,3.23,0.0,1,0.0556,0.8,1.5,0.0,0.0185,0,0.02
3,0.1,0.03,11.0,2.0,0,4,90.0,3.8,1.1,1.7,0.0,2,0.064,3.8,1.5,0.1,0.022,0,0.03
3,0.0,0.0,9.0,1.3333,1,2,90.0,0.5,0.9,1.3,0.0,1,0.046,0.5,1.5,0.0,0.02,1,0.0
3,0.0,0.0,135.0,1.3333,0,3,72.4,0.1,13.5,0.0,0.0,1,0.0472,4.5,1.5,0.0,0.0249,0,0.0
3,0.0,0.0,135.0,1.0,1,3,54.8,0.1,13.5,0.0,0.0,1,0.0328,4.5,1.5,0.0,0.0164,0,0.0
3,0.0,0.0,90.0,1.0,0,4,37.4,0.6,9.0,2.7,0.0,1,0.0481,18.0,1.5,0.0,0.0144,0,0.0
3,0.09,0.045,4.5,1.0,1,3,23.4,0.3,0.45,0.18,0.0,1,0.0154,1.35,1.5,0.02,0.0077,0,0.01
3,0.0675,0.0225,14.625,1.3333,1,4,21.4,2.3,1.4625,1.1475,0.0,2,0.0673,2.5875,1.5,0.06,0.0252,1,0.02
4,0.22,0.05,10.0,2.0,0,3,90.0,5.8,0.0,1.24,0.0,2,0.22,5.8,1.5,0.22,0.05,0,0.05
4,0.0,0.0138,6.9231,2.0,1,3,77.5,1.3,0.0,0.7615,0.0,2,0.1277,1.8,1.5,0.0,0.0348,0,0.01
4,0.5661,0.029,0.0,2.0,0,3,72.3333,4.4,0.0,0.7258,0.0,2,0.253,6.3871,1.5,0.39,0.0332,0,0.02
4,1.35,0.0,-9.0,1.6667,1,3,61.75,2.7,0.0,0.0,0.0,1,0.3862,8.1,1.5,0.45,0.0291,0,0.0
4,2.1857,0.0,-38.5714,1.3333,1,3,50.8,0.7,0.0,1.6714,0.0,1,0.4358,9.0,1.5,0.17,0.0283,1,0.0
4,0.031,0.031,15.5172,1.0,0,2,38.6,1.7,0.0,4.5931,0.0,1,0.4756,5.2759,1.5,0.01,0.0187,0,0.01
4,0.0,0.0,180.0,1.0,1,2,25.8,0.0,0.0,0.0,0.0,1,0.7116,0.0,1.5,0.0,0.0209,1,0.0
4,0.7615,0.0,6.9231,1.0,0,2,16.0,0.5,0.0,1.4538,0.0,1,0.8325,3.4615,1.5,0.11,0.0112,0,0.0
4,0.3778,0.0222,-1.1111,1.3333,0,3,26.2,2.2,0.0,0.6778,0.0,2,0.4328,2.4444,1.5,0.34,0.0206,0,0.02
4,5.94,0.0,414.0,2.3333,1,2,25.8,5.0,0.0,4.5,0.0,4,0.5512,90.0,1.5,0.33,0.0209,1,0.0
4,0.1957,0.0,11.7391,2.3333,1,4,24.6,2.1,0.0,1.3696,0.0,1,0.6073,8.2174,1.5,0.05,0.0146,1,0.0
4,3.0375,0.0,-11.25,2.0,0,3,26.0,3.8,0.0,0.7875,0.0,1,0.7615,42.75,1.5,0.27,0.0138,1,0.0
4,0.0,0.0,24.5455,1.0,0,3,25.6,0.0,0.0,0.7364,0.0,1,0.6961,0.0,1.5,0.0,0.0141,1,0.0
4,0.1125,0.0,2.8125,1.3333,1,3,22.2,1.2,0.0,3.0938,0.0,2,0.5919,1.6875,1.5,0.08,0.0,0,0.0
4,0.0,0.0,-5.625,1.3333,0,3,24.4,0.1,0.0,0.6188,0.0,1,0.2951,0.5625,1.5,0.0,0.0,1,0.0
4,0.0,0.0,-3.3333,1.3333,1,2,25.2,0.0,0.0,2.2667,0.0,1,0.25,0.0,1.5,0.0,0.0,0,0.0
4,5.1,0.2,30.0,1.0,0,3,25.4,5.3,0.0,2.2,0.0,1,0.4181,53.0,1.5,0.51,0.0142,0,0.02
4,0.0,0.0,36.0,1.0,1,3,24.2,0.0,0.0,0.0,0.0,1,0.4388,0.0,1.5,0.0,0.0149,0,0.0
4,0.0,0.0,7.5,1.0,0,4,13.8,0.0,0.0,5.925,0.0,1,0.6652,0.0,1.5,0.0,0.0261,1,0.0
4,0.1,0.0,5.0,1.0,1,4,14.2,0.2,0.0,0.2,0.0,1,0.6718,1.0,1.5,0.02,0.0254,1,0.0
4,0.3273,0.0,-4.0909,0.6667,0,2,13.2,2.2,0.0,2.2909,0.0,0,0.8318,9.0,1.5,0.08,0.0273,0,0.0
4,1.726,0.0616,16.0274,1.6667,1,4,26.0,12.3,0.0,1.1589,0.0,4,1.0385,15.1644,1.5,1.4,0.0346,0,0.05
4,0.105,0.135,13.5,2.0,0,3,37.0,3.4,0.0,3.315,0.0,2,0.7638,5.1,1.5,0.07,0.0681,0,0.09
4,5.8091,0.0,220.9091,4.6667,0,4,36.8,9.0,0.0,0.0,0.0,8,1.1152,73.6364,1.5,0.71,0.0685,0,0.0
4,0.03,0.0,3.0,4.0,0,4,45.2,0.5,0.0,2.13,0.0,2,0.908,0.75,1.5,0.02,0.0558,0,0.0
4,0.0,0.0,0.0,3.6667,1,4,42.2,0.6,0.0,0.0,0.0,1,0.9384,7.7143,1.5,0.0,0.0597,0,0.0
4,1.23,0.0,-3.0,1.6667,0,3,45.6,5.6,0.0,2.96,0.0,2,0.8013,5.6,1.5,1.23,0.0355,1,0.0
4,0.0,0.0,10.9091,1.3333,1,2,40.2,0.3,0.0,0.3545,0.0,1,0.8776,0.8182,1.5,0.0,0.0,1,0.0
4,0.0,0.27,0.0,1.3333,0,4,40.0,0.4,0.0,2.25,0.0,1,0.5625,3.6,1.5,0.0,0.0135,0,0.03
4,0.0,0.0,270.0,1.0,0,3,28.2,0.0,0.0,10.8,0.0,1,0.7851,0.0,1.5,0.0,0.0191,0,0.0
2,0.6545,0.0,12.2727,1.0,1,2,22.0,4.1,1.8409,0.4091,0.0,1,0.6545,16.7727,1.5,0.16,0.0,1,0.0
2,0.0,0.0,8.0,1.0,0,2,56.0,1.7,1.2,1.87,0.0,1,0.1286,1.7,1.5,0.0,0.0,0,0.0
2,0.27,0.01,13.0,0.0,1,3,67.3333,1.8,1.95,3.94,0.0,-2,0.1916,1.8,1.5,0.27,0.0045,0,0.01
2,0.06,0.05,18.0,0.0,0,3,73.0,5.7,2.7,2.14,0.0,1,0.151,5.7,1.5,0.06,0.0185,0,0.05
2,0.0,0.0138,8.3077,0.3333,0,2,71.4,1.4,1.2462,2.4231,0.0,2,0.1235,1.9385,1.5,0.0,0.0176,1,0.01
2,0.0,0.02,5.0,1.0,1,3,85.0,1.4,0.75,1.05,0.0,0,0.0699,1.4,1.5,0.0,0.0191,1,0.02
2,0.0,0.01,6.0,0.6667,0,4,85.0,1.1,0.9,2.78,0.0,0,0.0699,1.1,1.5,0.0,0.0212,0,0.01
2,0.0,0.04,10.0,0.6667,1,3,85.0,2.9,1.5,1.33,0.0,2,0.0127,2.9,1.5,0.0,0.0275,0,0.04
2,0.02,0.03,4.0,1.3333,0,3,85.0,1.7,0.6,1.54,0.0,2,0.0042,1.7,1.5,0.02,0.0233,0,0.03
2,0.0277,0.0138,1.3846,1.3333,1,3,85.0,1.4,0.2077,3.1015,0.0,0,0.0085,1.9385,1.5,0.02,0.0233,0,0.01
2,0.0,0.0,0.0,0.3333,0,3,76.0,0.7,0.0,1.4,0.0,-1,0.0095,1.4,1.5,0.0,0.0213,0,0.0
2,0.0,0.0,6.0674,0.0,0,3,75.8,0.8,0.9101,2.2854,0.0,1,0.0095,0.809,1.5,0.0,0.019,1,0.0
3,0.0,0.0,112.5,1.0,0,3,4.0,0.2,11.25,0.0,0.0,1,0.0,4.5,1.5,0.0,0.0,0,0.0
3,0.0,0.0,270.0,1.0,1,4,2.5,0.0,27.0,0.0,0.0,1,0.0,0.0,1.5,0.0,0.0,0,0.0
3,0.0,0.0,30.0,1.0,0,4,4.6667,0.1,3.0,7.2,0.0,1,0.0,1.0,1.5,0.0,0.0,0,0.0
2,0.06,0.01,18.0,2.0,1,3,90.0,3.1,2.7,1.7,0.0,2,0.06,3.1,1.5,0.06,0.01,0,0.01
2,0.53,0.05,33.0,4.5,0,3,90.0,8.9,4.95,0.81,0.0,7,0.295,8.9,1.5,0.53,0.03,0,0.05
2,0.0,0.01,13.0,3.0,1,3,90.0,2.3,1.95,1.71,0.0,0,0.1967,2.3,1.5,0.0,0.0233,1,0.01
2,0.08,0.01,12.0,2.6667,0,4,90.0,2.7,1.8,2.95,0.0,1,0.1675,2.7,1.5,0.08,0.02,0,0.01
2,0.0,0.0,24.0,2.3333,1,3,90.0,1.8,3.6,1.26,0.0,6,0.134,1.8,1.5,0.0,0.016,0,0.0
2,0.0,0.012,19.2,2.6667,0,3,87.0,1.2,2.88,1.368,0.0,1,0.1262,1.44,1.5,0.0,0.0166,0,0.01
2,0.0,0.11,6.0,2.6667,1,2,87.0,3.7,0.9,1.46,0.0,1,0.0166,3.7,1.5,0.0,0.029,1,0.11
2,0.04,0.01,15.0,1.3333,1,3,87.0,4.2,2.25,0.7,0.0,2,0.0248,4.2,1.5,0.04,0.029,0,0.01
2,0.08,0.01,11.0,1.0,0,2,87.0,2.6,1.65,2.52,0.0,0,0.0248,2.6,1.5,0.08,0.029,0,0.01
2,0.0,0.0,23.3766,1.3333,0,3,84.4,3.0,3.5065,1.3325,0.0,2,0.0256,3.5065,1.5,0.0,0.0299,0,0.0
2,0.02,0.03,10.0,0.6667,1,3,87.4,2.5,1.5,1.53,0.0,0,0.0288,2.5,1.5,0.02,0.033,0,0.03
2,0.0,0.0,8.0,1.0,1,4,87.4,2.4,1.2,1.57,0.0,1,0.0288,2.4,1.5,0.0,0.0103,0,0.0
2,0.0,0.01,27.0,2.0,0,3,87.4,5.2,4.05,2.43,0.0,5,0.0206,5.2,1.5,0.0,0.0103,0,0.01
2,0.08,0.01,10.0,2.6667,1,2,87.4,2.2,1.5,0.77,0.0,2,0.0206,2.2,1.5,0.08,0.0103,0,0.01
2,0.0,0.01,13.0,2.6667,0,3,90.0,2.1,1.95,1.29,0.0,1,0.02,2.1,1.5,0.0,0.012,0,0.01
2,0.0,0.0,20.0,1.3333,1,4,90.0,5.4,3.0,1.23,0.0,1,0.016,5.4,1.5,0.0,0.006,0,0.0
2,0.0,0.2,14.0,1.3333,0,4,90.0,4.1,2.1,0.96,0.0,2,0.016,4.1,1.5,0.0,0.046,0,0.2
2,0.0,0.04,11.0,1.3333,1,2,90.0,1.9,1.65,0.48,0.0,1,0.016,1.9,1.5,0.0,0.052,0,0.04
2,0.24,0.01,23.0,3.0,1,3,90.0,2.4,3.45,0.56,0.0,6,0.048,2.4,1.5,0.24,0.052,0,0.01
2,0.0,0.0,10.0,2.0,0,2,81.0,0.6,1.5,3.84,0.0,-1,0.0533,1.2,1.5,0.0,0.0556,0,0.0
2,0.0,0.01,12.0,2.3333,1,3,81.0,2.4,1.8,2.07,0.0,2,0.0533,2.4,1.5,0.0,0.0578,1,0.01
2,0.06,0.01,12.0,1.0,0,2,81.0,3.1,1.8,0.46,0.0,2,0.0667,3.1,1.5,0.06,0.0156,1,0.01
2,0.02,0.0,10.0,2.0,0,3,81.0,2.5,1.5,0.6,0.0,2,0.0711,2.5,1.5,0.02,0.0067,0,0.0
2,0.04,0.02,12.0,2.0,1,3,81.0,2.4,1.8,1.19,0.0,2,0.0267,2.4,1.5,0.04,0.0089,1,0.02
2,0.0,0.0,18.0,3.0,1,4,90.0,4.9,2.7,1.48,0.0,5,0.024,4.9,1.5,0.0,0.008,0,0.0
2,0.06,0.01,9.0,2.0,0,4,90.0,1.6,1.35,1.48,0.0,-1,0.036,1.6,1.5,0.06,0.008,0,0.01
2,0.0,0.02,11.0,1.3333,1,3,90.0,1.9,1.65,1.07,0.0,0,0.024,1.9,1.5,0.0,0.01,0,0.02
2,0.0,0.02,5.0,-0.3333,0,2,90.0,1.6,0.75,0.45,0.0,0,0.02,1.6,1.5,0.0,0.014,0,0.02
2,0.4932,0.0,12.3288,0.3333,1,3,86.6,1.9,1.8493,0.9493,0.0,1,0.0956,2.3425,1.5,0.4,0.0104,0,0.0
2,0.0,0.0,20.0,1.0,0,4,86.6,3.8,3.0,2.27,0.0,2,0.0956,3.8,1.5,0.0,0.0104,0,0.0
2,0.0,0.02,14.0,1.3333,1,2,86.6,3.9,2.1,1.81,0.0,1,0.0831,3.9,1.5,0.0,0.0125,1,0.02
2,0.07,0.0,9.0,1.6667,0,3,86.6,3.5,1.35,1.21,0.0,2,0.0977,3.5,1.5,0.07,0.0083,0,0.0
2,0.0,0.0,16.0,1.0,0,3,90.0,2.5,2.4,2.84,0.0,1,0.0,2.5,1.5,0.0,0.0,0,0.0
2,0.0,0.0,13.5,1.0,1,3,55.0,0.2,2.025,3.375,0.0,1,0.0,0.9,1.5,0.0,0.0,0,0.0
2,0.0,0.0,16.0,1.3333,0,3,66.6667,2.3,2.4,2.16,0.0,2,0.0,2.3,1.5,0.0,0.0,0,0.0
2,0.0,0.0,11.0,1.3333,1,3,72.5,1.7,1.65,2.7,0.0,1,0.0,1.7,1.5,0.0,0.0,0,0.0
2,0.0,0.0,10.0,1.3333,0,3,76.0,0.7,1.5,0.98,0.0,1,0.0,0.7,1.5,0.0,0.0,0,0.0
2,0.0,0.0,8.1818,1.0,0,3,62.4,0.0,1.2273,0.7364,0.0,1,0.0,0.0,1.5,0.0,0.0,0,0.0
2,0.0,0.01,15.0,1.0,1,3,76.4,3.0,2.25,1.13,0.0,1,0.0,3.0,1.5,0.0,0.0024,0,0.01
2,0.0,0.0,12.0,1.0,0,3,76.4,2.6,1.8,1.9,0.0,1,0.0,2.6,1.5,0.0,0.0024,0,0.0
2,0.0,0.0,15.0,1.0,1,3,76.4,2.6,2.25,1.21,0.0,1,0.0,2.6,1.5,0.0,0.0024,1,0.0
2,0.0,0.0,22.0,1.0,1,3,67.4,1.5,3.3,2.34,0.0,1,0.0,3.0,1.5,0.0,0.0027,0,0.0
2,0.0,0.0,18.9474,1.0,0,4,66.8,0.5,2.8421,4.3105,0.0,1,0.0,2.3684,1.5,0.0,0.0027,0,0.0
2,0.0,0.0,9.759,1.0,0,3,65.4,2.7,1.4639,5.1831,0.0,1,0.0,2.9277,1.5,0.0,0.0,0,0.0
3,0.0,0.0,270.0,1.0,1,2,1.0,0.1,27.0,0.0,0.0,1,0.0,9.0,1.5,0.0,0.0,0,0.0
2,0.0,0.04,12.0,2.0,1,3,90.0,3.6,1.8,0.56,0.0,2,0.0,3.6,1.5,0.0,0.04,1,0.04
2,0.0,0.39,28.0,3.0,0,4,90.0,4.7,4.2,1.04,0.0,4,0.0,4.7,1.5,0.0,0.215,0,0.39
2,0.0,0.0148,11.8033,2.6667,1,2,80.3333,0.4,1.7705,1.3279,0.0,2,0.0,0.5902,1.5,0.0,0.1643,0,0.01
2,0.0,0.01,26.0,3.6667,0,3,82.75,2.2,3.9,1.13,0.0,5,0.0,2.2,1.5,0.0,0.1224,0,0.01
2,0.18,0.01,19.0,2.6667,1,2,84.2,4.1,2.85,2.54,0.0,1,0.0385,4.1,1.5,0.18,0.0983,0,0.01
2,0.0,0.01,28.0,4.0,0,2,84.2,2.3,4.2,1.26,0.0,6,0.0385,2.3,1.5,0.0,0.0919,0,0.01
2,0.36,0.03,6.0,2.3333,1,3,84.2,5.0,0.9,1.8,0.0,0,0.1154,5.0,1.5,0.36,0.015,0,0.03
2,0.06,0.0,18.0,2.6667,0,2,90.0,2.2,2.7,1.4,0.0,2,0.12,2.2,1.5,0.06,0.012,0,0.0
2,0.0,0.01,14.0,1.0,1,2,90.0,1.8,2.1,2.58,0.0,1,0.12,1.8,1.5,0.0,0.012,0,0.01
2,0.11,0.0,13.0,1.3333,0,3,90.0,2.8,1.95,2.28,0.0,1,0.106,2.8,1.5,0.11,0.01,0,0.0
2,0.0,0.0,4.7368,0.6667,1,2,83.4,0.7,0.7105,1.5,0.0,0,0.1144,1.1053,1.5,0.0,0.0086,0,0.0
2,0.0,0.0,14.0,0.6667,0,3,74.4,1.0,2.1,2.5,0.0,1,0.0411,2.0,1.5,0.0,0.0024,1,0.0
2,0.1,0.0,15.0,0.3333,0,3,74.4,7.6,2.25,3.28,0.0,0,0.0508,7.6,1.5,0.1,0.0024,0,0.0
2,0.0,0.01,10.0,0.0,0,2,74.4,1.1,1.5,2.48,0.0,-1,0.0508,1.1,1.5,0.0,0.0024,1,0.01
3,2.2154,0.0346,0.0,1.0,0,2,26.0,4.1,0.0,0.7962,0.0,1,2.2154,14.1923,1.5,0.64,0.0346,0,0.01
3,1.08,0.1,-4.0,1.0,1,4,35.5,1.0,-0.4,1.84,0.0,1,1.4958,2.0,1.5,0.54,0.0761,0,0.05
3,1.38,0.08,30.0,2.3333,0,2,38.6667,9.6,3.0,0.86,0.0,5,1.4509,19.2,1.5,0.69,0.0776,1,0.04
3,0.0,0.0,270.0,2.3333,1,2,29.25,0.0,27.0,8.1,0.0,1,1.4385,0.0,1.5,0.0,0.0769,0,0.0
3,0.72,0.504,90.0,4.3333,0,3,28.4,7.0,9.0,1.008,0.0,7,1.312,25.2,1.5,0.2,0.1521,0,0.14
3,0.4781,0.0844,8.4375,3.0,1,4,29.6,2.7,0.8438,1.575,0.0,1,0.973,7.5938,1.5,0.17,0.1581,0,0.03
3,0.0,0.0,12.2727,3.0,0,2,25.0,0.4,1.2273,0.9409,0.0,1,0.7632,1.6364,1.5,0.0,0.1512,1,0.0
3,0.5786,0.0129,5.1429,1.6667,1,3,30.0,6.2,0.5143,1.2986,0.0,3,0.492,7.9714,1.5,0.45,0.108,0,0.01
3,0.18,0.045,18.0,1.6667,0,4,33.8,1.7,1.8,0.36,0.0,1,0.458,7.65,1.5,0.04,0.1012,0,0.01
3,0.0,0.0,135.0,1.6667,1,4,29.2,0.0,13.5,1.35,0.0,1,0.4068,0.0,1.5,0.0,0.0308,0,0.0
3,0.2455,0.1909,2.7273,1.0,0,3,29.4,2.1,0.2727,1.7455,0.0,1,0.3551,5.7273,1.5,0.09,0.0551,1,0.07
3,0.3214,0.2571,77.1429,2.0,0,3,27.8,0.7,7.7143,2.3786,0.0,4,0.4079,4.5,1.5,0.05,0.0842,0,0.04
3,0.6207,0.031,15.5172,2.0,1,4,19.6,2.7,1.5517,0.7138,0.0,1,0.349,8.3793,1.5,0.2,0.1194,1,0.01
3,0.12,0.14,0.0,2.0,0,2,24.6,4.9,0.0,2.04,0.0,1,0.2927,9.8,1.5,0.06,0.139,0,0.07
3,0.3508,0.0153,0.0,0.6667,1,3,36.0,3.0,0.0,0.6559,0.0,0,0.315,4.5763,1.5,0.23,0.1,1,0.01
3,0.0,0.45,19.2857,0.6667,1,4,32.2,0.3,1.9286,3.7929,0.0,1,0.3019,1.9286,1.5,0.0,0.1118,0,0.07
3,0.6923,0.2769,-6.9231,0.6667,0,3,32.0,2.2,-0.6923,0.2769,0.0,1,0.3319,15.2308,1.5,0.1,0.1125,0,0.04
3,0.0,0.18,36.0,1.0,1,3,27.2,0.5,3.6,0.0,0.0,1,0.2581,9.0,1.5,0.0,0.1324,1,0.01
3,0.5,0.0,40.0,1.0,1,3,20.0,1.4,4.0,1.8,0.0,1,0.342,14.0,1.5,0.05,0.117,0,0.0
3,0.0,0.1588,10.5882,0.0,1,2,17.0,2.0,1.0588,0.1588,0.0,0,0.0,10.5882,1.5,0.0,0.1588,0,0.03
3,0.0,0.8143,21.4286,0.5,0,3,19.0,2.1,2.1429,1.1143,0.0,1,0.0,9.0,1.5,0.0,0.5211,0,0.19
3,0.0,1.9286,38.5714,0.6667,0,3,15.0,1.5,3.8571,10.0286,0.0,1,0.0,19.2857,1.5,0.0,0.74,0,0.15
3,1.5,0.3,240.0,2.3333,1,2,12.75,4.0,24.0,0.0,0.0,5,0.1765,60.0,1.5,0.1,0.6882,0,0.02
3,0.0,0.0,30.0,2.0,0,3,11.4,0.6,3.0,13.8,0.0,0,0.1579,9.0,1.5,0.0,0.6158,0,0.0
3,0.0,0.0,270.0,2.0,1,2,8.2,0.1,27.0,1.8,0.0,1,0.2195,9.0,1.5,0.0,0.7902,1,0.0
3,0.1,0.2,20.0,0.6667,0,3,7.6,1.8,2.0,0.5,0.0,1,0.2842,9.0,1.5,0.02,0.4974,0,0.04
3,0.0607,0.0101,5.0562,1.3333,1,3,24.0,2.1,0.5056,1.5371,0.0,2,0.135,2.1236,1.5,0.06,0.0525,0,0.01
3,0.0474,0.0355,5.9211,1.6667,1,3,38.0,1.9,0.5921,0.1539,0.0,2,0.0568,2.25,1.5,0.04,0.0379,0,0.03
3,0.0,0.08,13.0,2.0,0,2,54.8,2.7,1.3,1.52,0.0,2,0.0394,2.7,1.5,0.0,0.0526,0,0.08
3,0.0,0.04,16.0,2.0,0,3,72.6,1.9,1.6,0.89,0.0,2,0.0298,1.9,1.5,0.0,0.0496,0,0.04
3,0.0,0.02,4.0,1.6667,1,3,87.0,3.1,0.4,1.42,0.0,1,0.0207,3.1,1.5,0.0,0.0372,0,0.02
3,0.02,0.25,18.0,1.6667,1,3,87.2,5.4,1.8,2.1,0.0,2,0.0124,5.4,1.5,0.02,0.0867,1,0.25
3,0.06,0.08,14.0,1.3333,0,3,90.0,4.9,1.4,1.08,0.0,1,0.016,4.9,1.5,0.06,0.094,0,0.08
3,0.0,0.0,36.0,1.3333,1,3,73.0,0.0,3.6,13.32,0.0,1,0.0197,0.0,1.5,0.0,0.0962,0,0.0
3,0.0,0.0,180.0,1.0,0,2,55.2,0.0,18.0,18.0,0.0,1,0.0261,0.0,1.5,0.0,0.1141,1,0.0
3,0.0,0.0,180.0,1.0,0,2,37.4,0.0,18.0,4.5,0.0,1,0.0385,0.0,1.5,0.0,0.1588,0,0.0
3,0.0,3.0,150.0,1.0,1,3,20.0,0.3,15.0,5.7,0.0,1,0.054,9.0,1.5,0.0,0.162,0,0.1
3,0.0,0.0333,20.0,1.0,1,3,7.4,0.7,2.0,2.3667,0.0,1,0.0,2.3333,1.5,0.0,0.2676,1,0.01
2,0.0,0.0,60.0,0.0,0,2,6.0,0.5,9.0,11.1,0.0,0,0.0,7.5,1.5,0.0,0.0,0,0.0
2,0.0,0.1432,39.8864,6.0,0,3,47.0,4.9,5.983,1.1352,0.0,12,0.0,5.0114,1.5,0.0,0.134,0,0.14
2,0.0,0.02,16.0,4.6667,1,3,61.3333,2.7,2.4,0.95,0.0,2,0.0,2.7,1.5,0.0,0.0783,0,0.02
2,0.0,0.0217,14.0964,5.0,0,3,66.75,2.2,2.1145,1.4639,0.0,1,0.0,2.3855,1.5,0.0,0.0607,1,0.02
2,0.0,0.0,12.0,1.3333,1,2,71.4,0.9,1.8,3.94,0.0,1,0.0,0.9,1.5,0.0,0.0454,0,0.0
2,0.06,0.0,23.0,2.6667,0,3,88.2,1.9,3.45,1.01,0.0,6,0.0122,1.9,1.5,0.06,0.0367,1,0.0
2,0.0,0.0,270.0,2.6667,1,2,70.8,0.0,40.5,0.0,0.0,1,0.0153,0.0,1.5,0.0,0.0102,0,0.0
2,0.0,0.0818,24.5455,2.6667,1,2,55.0,0.3,3.6818,3.4364,0.0,1,0.0196,2.4545,1.5,0.0,0.0098,0,0.01
2,0.0,0.0,21.0,2.6667,0,4,56.4,1.9,3.15,2.35,0.0,6,0.0191,1.9,1.5,0.0,0.0032,0,0.0
2,0.0,0.02,8.0,2.3333,0,3,56.4,2.0,1.2,1.36,0.0,0,0.0191,2.0,1.5,0.0,0.0096,0,0.02
2,0.0,0.0,17.0,2.3333,1,2,56.4,2.6,2.55,1.68,0.0,1,0.0,2.6,1.5,0.0,0.0096,0,0.0
2,0.0,0.01,13.0,0.6667,0,4,74.2,1.6,1.95,0.74,0.0,1,0.0,1.6,1.5,0.0,0.0097,1,0.01
2,0.0,0.0,13.0645,1.0,1,3,84.4,1.9,1.9597,1.6258,0.0,1,0.0,2.7581,1.5,0.0,0.0064,0,0.0
2,0.0,1.8,630.0,1.0,0,3,66.6,1.7,94.5,11.7,0.0,1,0.0,153.0,1.5,0.0,0.0135,0,0.02
2,0.0,0.0,270.0,1.0,0,3,48.8,0.2,40.5,4.5,0.0,1,0.0,18.0,1.5,0.0,0.0111,0,0.0
2,0.0,0.02,18.0,1.0,0,4,39.8,2.4,2.7,1.22,0.0,1,0.0,4.8,1.5,0.0,0.0181,0,0.01
2,0.0,0.0,18.5294,1.3333,0,3,35.4,2.5,2.7794,3.825,0.0,2,0.0,3.3088,1.5,0.0,0.0153,1,0.0
2,0.0,0.0,25.5682,3.0,1,3,40.6,4.6,3.8352,1.5136,0.0,6,0.0,4.7045,1.5,0.0,0.0133,0,0.0
2,0.0,0.0,22.5,3.0,0,3,44.4,1.3,3.375,1.71,0.0,1,0.0,5.85,1.5,0.0,0.0041,0,0.0
2,0.0,0.01,24.0,2.3333,0,3,62.2,3.1,3.6,1.47,0.0,0,0.0,3.1,1.5,0.0,0.0058,0,0.01
2,0.0,0.0122,17.027,1.0,1,2,68.0,2.6,2.5541,1.8243,0.0,2,0.0,3.1622,1.5,0.0,0.0053,0,0.01
2,0.0,0.0,9.0,1.0,1,2,72.4,1.1,1.35,2.32,0.0,1,0.0,1.1,1.5,0.0,0.005,1,0.0
2,0.0,0.0,5.8065,1.3333,0,2,61.0,0.7,0.871,0.2323,0.0,1,0.0,2.0323,1.5,0.0,0.0059,0,0.0
4,0.0,0.0,45.0,1.0,1,3,8.0,0.6,0.0,10.6875,0.0,1,0.0,6.75,1.5,0.0,0.0,1,0.0
4,0.0,0.06,2.0,0.5,1,4,26.5,1.5,0.0,0.6,0.0,0,0.0,3.0,1.5,0.0,0.0509,0,0.03
4,0.16,0.0,4.0,0.6667,0,2,32.6667,0.9,0.0,1.54,0.0,1,0.0735,1.8,1.5,0.08,0.0276,0,0.0
4,0.225,0.0,3.5526,1.0,1,4,43.5,4.0,0.0,1.4092,0.0,2,0.1397,4.7368,1.5,0.19,0.0155,0,0.0
4,0.75,0.15,15.0,1.3333,0,4,36.0,0.4,0.0,0.3,0.0,1,0.16,6.0,1.5,0.05,0.02,0,0.01
4,0.0,0.0,180.0,1.3333,0,3,34.8,0.5,0.0,0.9,0.0,1,0.1655,22.5,1.5,0.0,0.0207,0,0.0
4,0.0,1.8,180.0,1.0,1,4,26.0,0.7,0.0,0.0,0.0,1,0.2215,63.0,1.5,0.0,0.0208,0,0.02
3,0.0,0.0,5.2941,1.0,1,2,17.0,0.4,0.5294,2.6471,0.0,1,0.0,2.1176,1.5,0.0,0.0,0,0.0
3,0.0,0.1742,14.5161,1.0,1,2,24.0,2.6,1.4516,2.1774,0.0,1,0.0,7.5484,1.5,0.0,0.1125,0,0.06
3,0.0,0.6818,16.3636,1.0,0,3,27.0,3.8,1.6364,4.6091,0.0,1,0.0,10.3636,1.5,0.0,0.3444,0,0.25
3,1.4,0.0,110.0,2.6667,0,3,24.75,5.2,11.0,3.95,0.0,6,0.2545,26.0,1.5,0.28,0.2818,1,0.0
3,2.5364,0.0409,-8.1818,2.6667,1,3,24.2,5.3,-0.8182,0.8591,0.0,1,0.6694,21.6818,1.5,0.62,0.238,0,0.01
3,0.8625,0.0,3.75,2.6667,0,2,25.6,2.6,0.375,1.5375,0.0,1,0.7945,9.75,1.5,0.23,0.225,0,0.0
3,0.0,0.2842,18.9474,1.0,1,3,23.2,0.9,1.8947,0.5211,0.0,1,0.8767,4.2632,1.5,0.0,0.2483,0,0.06
3,0.3462,0.0115,20.7692,2.6667,0,2,32.2,7.2,2.0769,0.7962,0.0,6,0.7994,8.3077,1.5,0.3,0.0447,0,0.01
3,0.0,0.45,20.0,2.6667,0,4,32.2,0.8,2.0,0.35,0.0,1,0.6429,4.0,1.5,0.0,0.095,0,0.09
3,0.0,0.045,18.0,2.6667,0,2,31.8,1.5,1.8,1.08,0.0,1,0.3,6.75,1.5,0.0,0.0962,0,0.01
3,0.25,0.1,120.0,2.6667,1,3,30.6,6.7,12.0,0.0,0.0,6,0.2059,33.5,1.5,0.05,0.1118,0,0.02
3,0.105,0.03,12.0,3.0,0,3,38.8,6.1,1.2,1.335,0.0,2,0.1948,9.15,1.5,0.07,0.0696,0,0.02
3,0.0,0.1,8.3333,3.0,1,2,34.0,1.2,0.8333,1.6,0.0,1,0.0635,2.0,1.5,0.0,0.1059,0,0.06
3,0.2045,0.0818,0.0,1.3333,0,2,34.8,2.1,0.0,0.2864,0.0,1,0.0879,8.5909,1.5,0.05,0.0672,0,0.02
3,0.4114,0.18,28.2857,3.0,1,2,44.8,8.9,2.8286,0.7071,0.0,7,0.1969,11.4429,1.5,0.32,0.1045,0,0.14
3,0.0926,0.1324,6.6176,3.3333,0,2,54.8,6.4,0.6618,2.0515,0.0,2,0.1675,8.4706,1.5,0.07,0.1117,0,0.1
3,0.0,0.0,135.0,3.3333,1,4,43.2,0.5,13.5,0.0,0.0,1,0.1833,22.5,1.5,0.0,0.1333,0,0.0
3,0.1286,0.225,32.1429,1.3333,1,3,38.0,8.8,3.2143,0.5143,0.0,1,0.2274,28.2857,1.5,0.04,0.1563,0,0.07
3,1.12,0.08,12.0,1.0,1,3,42.6,7.6,1.2,2.88,0.0,1,0.4183,15.2,1.5,0.56,0.1479,0,0.04
3,0.0711,0.1658,7.1053,1.0,1,3,36.2,3.1,0.7105,0.7342,0.0,1,0.3481,7.3421,1.5,0.03,0.1392,0,0.07
3,0.3214,0.6429,32.1429,1.0,0,3,14.0,1.9,3.2143,0.8357,0.0,1,0.3214,12.2143,1.5,0.05,0.6429,0,0.1
3,0.0,0.0386,12.8571,1.5,1,3,42.0,2.5,1.2857,0.9643,0.0,2,0.0536,3.2143,1.5,0.0,0.1393,1,0.03
3,0.315,0.0,-1.5,1.6667,1,4,48.0,1.1,-0.15,1.785,0.0,2,0.1625,1.65,1.5,0.21,0.0812,1,0.0
3,0.0554,0.0554,8.3077,2.0,0,3,52.25,3.3,0.8308,3.8631,0.0,2,0.1292,4.5692,1.5,0.04,0.0732,0,0.04
3,0.0,0.0,30.0,1.6667,0,4,43.6,0.0,3.0,0.1,0.0,1,0.1239,0.0,1.5,0.0,0.0702,0,0.0
3,0.0,0.675,67.5,1.3333,1,3,41.6,0.1,6.75,7.875,0.0,1,0.1082,2.25,1.5,0.0,0.0433,0,0.03
3,0.0,1.4786,25.7143,1.0,1,3,30.4,0.9,2.5714,0.1929,0.0,1,0.148,5.7857,1.5,0.0,0.1776,0,0.23
3,0.27,0.0,9.0,1.0,0,4,22.4,1.1,0.9,0.045,0.0,1,0.0804,4.95,1.5,0.06,0.2411,0,0.0
3,0.0,0.075,52.5,1.0,0,3,11.8,0.5,5.25,8.325,0.0,1,0.0915,3.75,1.5,0.0,0.4119,0,0.01
3,0.3,0.0,60.0,1.0,1,4,10.6,0.1,6.0,8.1,0.0,1,0.1189,3.0,1.5,0.01,0.4585,0,0.0
3,0.0,0.1256,12.5581,1.0,0,3,18.4,3.5,1.2558,0.9837,0.0,1,0.0685,7.3256,1.5,0.0,0.2935,0,0.06
3,0.0,0.06,19.5,1.3333,1,3,27.6,2.5,1.95,1.98,0.0,2,0.0457,3.75,1.5,0.0,0.0717,0,0.04
3,0.0,0.0,16.875,1.3333,0,3,26.8,0.0,1.6875,6.2438,0.0,1,0.0067,0.0,1.5,0.0,0.0739,0,0.0
3,0.0,0.0,64.2857,1.3333,1,2,25.8,0.3,6.4286,1.6714,0.0,1,0.007,3.8571,1.5,0.0,0.0698,0,0.0
3,0.0,0.0,67.5,1.0,1,3,26.0,0.2,6.75,2.25,0.0,1,0.0,4.5,1.5,0.0,0.0692,0,0.0
3,0.0,0.0,20.0,1.0,0,2,19.2,0.0,2.0,2.7,0.0,1,0.0,0.0,1.5,0.0,0.0375,0,0.0
2,0.0,0.0,36.0,1.0,1,4,15.0,0.7,5.4,0.42,0.0,1,0.0,4.2,1.5,0.0,0.0,0,0.0
2,0.0,0.0,5.0,0.5,1,3,16.5,0.3,0.75,1.8,0.0,0,0.0,1.5,1.5,0.0,0.0,0,0.0
2,0.0,0.0,22.5,0.6667,1,3,13.6667,0.4,3.375,0.675,0.0,1,0.0,4.5,1.5,0.0,0.0,0,0.0
2,0.0,0.0,38.5714,0.6667,0,3,12.0,0.2,5.7857,0.7714,0.0,1,0.0,2.5714,1.5,0.0,0.0,0,0.0
2,0.0,0.0,90.0,1.0,1,3,10.6,0.3,13.5,4.5,0.0,1,0.0,5.4,1.5,0.0,0.0,0,0.0
2,0.0,0.0,7.5,1.0,0,2,10.0,0.0,1.125,2.85,0.0,1,0.0,0.0,1.5,0.0,0.0,0,0.0
3,0.0,0.0,180.0,1.0,0,3,1.0,1.1,18.0,0.0,0.0,1,0.0,99.0,1.5,0.0,0.0,1,0.0
3,0.0,0.0,27.6923,1.0,1,3,7.0,0.8,2.7692,0.2769,0.0,1,0.0,5.5385,1.5,0.0,0.0,0,0.0
3,0.0,0.0,18.0,1.0,0,3,8.0,0.0,1.8,1.44,0.0,1,0.0,0.0,1.5,0.0,0.0,1,0.0
3,1.56,0.02,0.0,1.0,0,3,17.25,3.4,0.0,3.32,0.0,1,1.0174,6.8,1.5,0.78,0.013,0,0.01
3,0.0738,0.0738,28.0328,1.6667,1,4,26.0,3.5,2.8033,0.1475,0.0,3,0.5746,5.1639,1.5,0.05,0.0415,1,0.05
3,0.031,0.031,1.5517,1.6667,1,2,37.4,1.7,0.1552,0.2017,0.0,1,0.4091,2.6379,1.5,0.02,0.0385,1,0.02
3,0.022,0.0878,20.8537,2.0,0,3,51.2,5.2,2.0854,0.8671,0.0,2,0.3059,5.7073,1.5,0.02,0.0562,0,0.08
3,0.0,0.425,10.0,1.3333,0,3,56.4,2.4,1.0,1.975,0.0,1,0.2777,6.0,1.5,0.0,0.1053,0,0.17
3,0.0439,0.1207,6.5854,1.6667,1,2,63.8,3.6,0.6585,1.339,0.0,2,0.0367,3.9512,1.5,0.04,0.1213,0,0.11
3,0.0,0.0,67.5,1.3333,0,3,52.4,0.0,6.75,9.225,0.0,1,0.0275,0.0,1.5,0.0,0.1305,0,0.0
3,0.0321,0.0482,1.6071,1.3333,0,2,52.0,1.1,0.1607,0.8518,0.0,1,0.0277,1.7679,1.5,0.02,0.135,0,0.03
3,0.645,0.045,12.0,1.6667,1,2,47.6,3.8,1.2,0.405,0.0,3,0.1853,5.7,1.5,0.43,0.1286,0,0.03
3,0.0,0.0409,-4.0909,1.6667,1,2,44.8,0.5,-0.4091,0.3682,0.0,1,0.1969,2.0455,1.5,0.0,0.0723,0,0.01
3,0.0831,0.2354,12.4615,2.3333,0,2,41.4,4.5,1.2462,0.6092,0.0,3,0.2217,6.2308,1.5,0.06,0.1043,0,0.17
3,0.0692,0.0,13.8462,1.6667,1,2,45.8,1.6,1.3846,0.9346,0.0,1,0.2083,5.5385,1.5,0.02,0.0943,1,0.0
3,0.0692,0.0,17.3077,1.6667,0,3,39.8,0.7,1.7308,3.5308,0.0,1,0.2397,2.4231,1.5,0.02,0.095,0,0.0
3,0.0,0.0316,6.3158,1.0,0,3,39.2,0.4,0.6316,3.3158,0.0,1,0.0459,0.6316,1.5,0.0,0.0918,0,0.02
3,0.0,0.1446,17.6786,1.0,0,4,46.0,2.3,1.7679,2.2018,0.0,1,0.0391,3.6964,1.5,0.0,0.1096,0,0.09
3,0.0818,0.1403,7.013,1.3333,1,3,48.4,5.2,0.7013,1.0286,0.0,2,0.0409,6.0779,1.5,0.07,0.0855,0,0.12
3,0.0,0.9,270.0,1.3333,1,3,43.4,0.1,27.0,0.0,0.0,1,0.0373,9.0,1.5,0.0,0.0995,0,0.01
3,0.122,0.0305,7.6271,1.3333,1,3,50.0,2.7,0.7627,0.9,0.0,1,0.054,4.1186,1.5,0.08,0.0936,0,0.02
3,0.1479,0.1849,41.9178,4.0,0,4,53.2,6.2,4.1918,0.6041,0.0,10,0.0914,7.6438,1.5,0.12,0.132,0,0.15
3,0.22,0.21,17.0,4.3333,0,3,60.0,5.7,1.7,0.7,0.0,2,0.147,5.7,1.5,0.22,0.153,1,0.21
3,0.6,0.0,18.0,4.3333,1,2,47.6,0.9,1.8,2.58,0.0,1,0.1966,5.4,1.5,0.1,0.1475,0,0.0
3,0.0,0.24,24.0,1.3333,0,3,50.4,2.0,2.4,3.12,0.0,1,0.1857,12.0,1.5,0.0,0.15,0,0.04
3,0.135,0.045,13.5,1.0,1,3,42.6,2.1,1.35,0.225,0.0,1,0.1986,9.45,1.5,0.03,0.1732,0,0.01
3,0.0,0.0,180.0,1.0,0,2,1.0,0.0,18.0,0.9,0.0,1,0.0,0.0,1.5,0.0,0.0,0,0.0
3,0.0,0.04,5.0,1.0,1,3,45.5,3.0,0.5,0.81,0.0,1,0.0,3.0,1.5,0.0,0.0396,1,0.04
3,0.0,0.1256,14.6512,1.3333,1,4,59.0,5.4,1.4651,0.9942,0.0,2,0.0,5.6512,1.5,0.0,0.0814,0,0.12
3,0.02,0.02,13.0,1.6667,0,3,66.75,2.0,1.3,1.38,0.0,2,0.0067,2.0,1.5,0.02,0.0607,1,0.02
3,0.0,0.0,-2.0,1.3333,1,2,62.4,0.8,-0.2,3.08,0.0,0,0.0058,1.6,1.5,0.0,0.0519,0,0.0
3,0.0,0.0,20.0,1.0,0,4,65.8,0.3,2.0,5.7,0.0,1,0.0055,1.5,1.5,0.0,0.0492,0,0.0
3,0.27,0.0,0.0,0.6667,0,3,49.8,0.3,0.0,0.0,0.0,1,0.0181,2.7,1.5,0.03,0.0506,0,0.0
3,0.0,0.02,21.0,1.3333,1,3,50.6,2.2,2.1,1.4,0.0,2,0.0178,2.2,1.5,0.0,0.0142,1,0.02
3,0.0,0.03,16.0,1.6667,1,4,50.6,1.9,1.6,1.48,0.0,2,0.0107,1.9,1.5,0.0,0.0178,0,0.03
3,0.0,0.0,2.0,2.0,0,2,59.6,1.2,0.2,2.35,0.0,2,0.0091,1.2,1.5,0.0,0.0151,0,0.0
3,0.0,0.0,270.0,1.6667,0,4,56.2,0.0,27.0,4.5,0.0,1,0.0096,0.0,1.5,0.0,0.016,0,0.0
3,0.0,0.0,135.0,1.3333,0,4,55.0,0.5,13.5,1.35,0.0,1,0.0,11.25,1.5,0.0,0.0164,0,0.0
3,0.0,0.0,-22.5,1.0,0,3,38.6,0.0,-2.25,1.35,0.0,1,0.0,0.0,1.5,0.0,0.014,0,0.0
3,0.0,0.0,32.7273,1.0,1,4,22.8,0.3,3.2727,1.8818,0.0,1,0.0,2.4545,1.5,0.0,0.0,0,0.0
3,0.0,0.0,16.3636,1.0,1,3,7.0,0.0,1.6364,9.3273,0.0,1,0.0,0.0,1.5,0.0,0.0,1,0.0
3,0.0,0.0,270.0,1.0,1,2,7.0,0.2,27.0,0.0,0.0,1,0.0,18.0,1.5,0.0,0.0,1,0.0
3,0.0,0.1,30.0,1.0,1,3,8.0,0.1,3.0,8.9,0.0,1,0.0,1.0,1.5,0.0,0.0225,0,0.01
3,0.0,0.0,6.0,0.6667,0,3,12.4,1.5,0.6,1.17,0.0,0,0.0,4.5,1.5,0.0,0.0145,1,0.0
3,0.0209,0.0419,14.6512,1.0,1,3,27.4,3.7,1.4651,1.7895,0.0,2,0.0131,3.8721,1.5,0.02,0.0328,1,0.04
3,0.0,0.07,9.0,1.0,1,4,43.2,2.5,0.9,2.32,0.0,1,0.0083,2.5,1.5,0.0,0.05,0,0.07
3,0.0,0.0132,6.6176,1.6667,0,3,56.6,1.1,0.6618,1.9721,0.0,2,0.0064,1.4559,1.5,0.0,0.0413,1,0.01
1,0.0,0.01,27.0,7.0,1,2,90.0,2.7,0.0,1.26,3.0,7,0.0,2.7,1.5,0.0,0.01,0,0.01
1,0.0,0.0,19.0,4.5,0,3,90.0,4.1,0.0,1.54,3.0,2,0.0,4.1,1.5,0.0,0.005,0,0.0
1,0.0,0.0,11.0,3.3333,1,3,90.0,2.0,0.0,1.46,2.0,1,0.0,2.0,1.5,0.0,0.0033,0,0.0
1,0.0,0.0,13.0,1.6667,1,3,90.0,1.1,0.0,0.7,1.0,2,0.0,1.1,1.5,0.0,0.0025,0,0.0
1,0.0,0.0,9.0,1.0,0,4,90.0,1.3,0.0,2.52,1.0,0,0.0,1.3,1.5,0.0,0.002,0,0.0
2,0.0,0.01,15.0,1.0,0,3,90.0,1.8,2.25,1.29,0.0,1,0.0,1.8,1.5,0.0,0.01,1,0.01
2,0.0,0.0,8.0,1.0,1,2,90.0,1.1,1.2,1.23,0.0,1,0.0,1.1,1.5,0.0,0.005,0,0.0
2,0.0,0.0,14.0,1.0,0,3,90.0,4.3,2.1,0.96,0.0,1,0.0,4.3,1.5,0.0,0.0033,1,0.0
2,0.0,0.0,270.0,1.0,1,2,67.75,0.0,40.5,0.9,0.0,1,0.0,0.0,1.5,0.0,0.0033,0,0.0
2,0.0,0.0,0.0,1.0,0,3,63.2,0.3,0.0,3.32,0.0,1,0.0,0.6,1.5,0.0,0.0028,1,0.0
2,0.0,0.0,11.0,1.3333,1,2,63.2,3.8,1.65,2.07,0.0,2,0.0,3.8,1.5,0.0,0.0,0,0.0
2,0.0,0.0,4.0,0.6667,0,3,63.2,1.0,0.6,0.46,0.0,-1,0.0,1.0,1.5,0.0,0.0,0,0.0
2,0.0,0.0,8.0,1.0,1,3,63.2,1.9,1.2,1.48,0.0,2,0.0,1.9,1.5,0.0,0.0,1,0.0
2,0.0,0.0,16.0,0.6667,0,3,81.0,2.1,2.4,1.48,0.0,1,0.0,2.1,1.5,0.0,0.0,0,0.0
2,0.14,0.01,12.0,1.3333,1,3,90.0,2.3,1.8,1.07,0.0,1,0.028,2.3,1.5,0.14,0.002,0,0.01
2,0.0,0.0,16.875,1.0,1,3,75.2,0.3,2.5312,0.3375,0.0,1,0.0335,1.6875,1.5,0.0,0.0024,0,0.0
3,0.04,0.05,12.0,2.0,0,3,90.0,1.8,1.2,1.33,0.0,2,0.04,1.8,1.5,0.04,0.05,0,0.05
3,0.0342,0.0228,38.7342,6.0,1,3,84.5,7.5,3.8734,0.9911,0.0,10,0.0373,8.5443,1.5,0.03,0.0373,0,0.02
3,0.03,0.17,11.0,5.0,0,2,86.3333,4.1,1.1,0.81,0.0,3,0.0347,4.1,1.5,0.03,0.0834,0,0.17
3,0.1052,0.0234,17.5325,5.3333,1,3,84.0,3.5,1.7532,0.713,0.0,3,0.0509,4.0909,1.5,0.09,0.0696,0,0.02
3,0.0662,0.0132,5.2941,2.3333,0,2,80.8,1.3,0.5294,3.2294,0.0,1,0.0535,1.7206,1.5,0.05,0.0601,0,0.01
3,0.314,0.0314,-3.1395,2.3333,1,2,80.0,4.1,-0.314,1.3186,0.0,3,0.1125,4.2907,1.5,0.3,0.0562,0,0.03
3,0.08,0.0,8.0,1.6667,0,3,73.2,1.3,0.8,0.88,0.0,1,0.1254,2.6,1.5,0.04,0.0566,0,0.0
3,0.0,0.0397,19.8529,2.0,1,2,68.8,3.0,1.9853,1.8529,0.0,2,0.1256,3.9706,1.5,0.0,0.0235,0,0.03
3,0.0,0.02,4.0,1.3333,0,3,62.4,1.7,0.4,2.32,0.0,1,0.1125,3.4,1.5,0.0,0.0231,0,0.01
3,0.0,0.0,24.5455,1.3333,0,3,51.0,0.3,2.4545,1.0636,0.0,1,0.12,2.4545,1.5,0.0,0.0247,0,0.0
3,0.3692,0.0231,33.4615,3.6667,1,2,49.4,7.5,3.3462,0.4038,0.0,9,0.1312,8.6538,1.5,0.32,0.0219,0,0.02
3,0.0,0.31,13.0,4.0,0,3,58.4,4.5,1.3,1.29,0.0,2,0.0986,4.5,1.5,0.0,0.114,0,0.31
3,0.0,0.0,10.0,4.6667,1,3,57.4,1.4,1.0,1.3714,0.0,3,0.1003,2.0,1.5,0.0,0.1066,0,0.0
3,0.0,0.0127,13.9437,2.3333,0,3,62.6,4.0,1.3944,1.1535,0.0,2,0.092,5.0704,1.5,0.0,0.0978,1,0.01
3,0.1052,0.2338,35.0649,3.6667,1,3,75.8,6.2,3.5065,0.561,0.0,6,0.0974,7.2468,1.5,0.09,0.1282,0,0.2
3,0.0741,0.1482,23.2941,4.3333,1,3,77.2,4.9,2.3294,0.5824,0.0,5,0.0373,5.1882,1.5,0.07,0.1539,0,0.14
3,0.025,0.0125,11.25,4.3333,0,3,73.6,1.1,1.125,3.925,0.0,2,0.044,1.375,1.5,0.02,0.088,1,0.01
3,0.1385,0.0346,13.8462,3.3333,1,2,76.6,4.0,1.3846,1.8923,0.0,3,0.0705,4.6154,1.5,0.12,0.0916,0,0.03
3,0.0,0.038,10.1408,2.0,0,2,76.6,1.5,1.0141,0.5324,0.0,1,0.0705,1.9014,1.5,0.0,0.0963,0,0.03
3,0.45,0.225,56.25,1.6667,0,3,62.8,2.4,5.625,2.925,0.0,1,0.0717,27.0,1.5,0.04,0.0659,1,0.02
3,0.0,0.0,64.2857,1.0,1,3,47.2,0.4,6.4286,0.7714,0.0,1,0.0686,5.1429,1.5,0.0,0.0343,0,0.0
3,0.1636,0.0409,16.3636,1.0,0,3,37.2,1.9,1.6364,0.7773,0.0,1,0.0968,7.7727,1.5,0.04,0.0435,0,0.01
3,0.075,0.0375,18.75,1.0,1,3,26.4,0.8,1.875,0.075,0.0,1,0.0682,3.0,1.5,0.02,0.0477,0,0.01
3,0.0,0.0114,15.9494,1.3333,0,3,28.0,1.2,1.5949,0.4443,0.0,2,0.0643,1.3671,1.5,0.0,0.0321,0,0.01
3,0.0,0.0,270.0,1.3333,0,3,26.6,0.0,27.0,0.0,0.0,1,0.0406,0.0,1.5,0.0,0.0203,0,0.0
3,0.0,0.0,45.0,1.0,1,2,26.0,0.2,4.5,2.025,0.0,0,0.0415,4.5,1.5,0.0,0.0208,1,0.0
3,0.06,0.04,12.0,2.0,1,3,90.0,2.1,1.2,0.56,0.0,2,0.06,2.1,1.5,0.06,0.04,0,0.04
3,0.0,0.0164,1.6364,1.0,0,2,72.5,0.2,0.1636,1.2764,0.0,0,0.0372,0.3273,1.5,0.0,0.031,0,0.01
3,0.0474,0.0474,9.4737,1.0,1,3,73.6667,2.5,0.9474,1.0303,0.0,1,0.0407,2.9605,1.5,0.04,0.0367,0,0.04
3,0.0,0.06,7.2,1.3333,0,2,74.0,2.7,0.72,0.936,0.0,3,0.0304,3.24,1.5,0.0,0.0426,0,0.05
3,0.526,0.0,-4.6753,2.0,1,2,74.6,2.0,-0.4675,0.713,0.0,2,0.1327,2.3377,1.5,0.45,0.0338,1,0.0
3,0.06,0.01,5.0,2.0,0,3,74.6,4.6,0.5,2.95,0.0,1,0.1327,4.6,1.5,0.06,0.0265,0,0.01
3,0.0,0.0,9.0,2.0,1,4,81.6,2.3,0.9,1.26,0.0,3,0.1213,2.3,1.5,0.0,0.0221,0,0.0
3,0.0,0.1416,9.1011,2.0,0,3,84.2,4.1,0.9101,1.4663,0.0,2,0.109,4.1461,1.5,0.0,0.0428,0,0.14
3,0.0,0.0844,16.875,2.6667,1,3,82.0,3.1,1.6875,0.9,0.0,3,0.112,4.3594,1.5,0.0,0.0461,0,0.06
3,0.0,0.0,4.0,2.0,0,2,75.6,0.1,0.4,2.32,0.0,1,0.0143,0.2,1.5,0.0,0.05,1,0.0
3,0.0,0.013,7.8261,1.6667,0,3,71.4,2.8,0.7826,2.1,0.0,1,0.0,3.6522,1.5,0.0,0.0529,0,0.01
3,0.0,0.0,-3.1034,0.6667,0,2,59.2,0.2,-0.3103,0.1241,0.0,0,0.0,0.6207,1.5,0.0,0.0639,0,0.0
3,0.04,0.01,5.0,1.0,0,2,59.4,1.9,0.5,0.6,0.0,2,0.0121,1.9,1.5,0.04,0.0242,0,0.01
3,0.04,0.04,20.0,1.0,1,2,55.6,1.1,2.0,1.72,0.0,1,0.0194,2.2,1.5,0.02,0.0129,1,0.02
3,0.0,0.0,30.0,1.3333,0,3,48.4,0.4,3.0,1.4,0.0,1,0.0223,4.0,1.5,0.0,0.0149,0,0.0
3,0.0,0.0,30.0,1.0,1,4,35.8,0.4,3.0,0.9,0.0,1,0.0302,6.0,1.5,0.0,0.0151,0,0.0
3,0.0,0.0281,11.25,1.0,0,4,36.4,2.0,1.125,1.0688,0.0,1,0.0297,5.625,1.5,0.0,0.0198,0,0.01
4,0.0,0.0,14.2105,1.0,1,3,19.0,0.4,0.0,1.7526,0.0,1,0.0,1.8947,1.5,0.0,0.0,0,0.0
4,0.36,0.0,-18.0,0.5,0,2,17.0,0.1,0.0,3.3,0.0,0,0.1588,0.6,1.5,0.06,0.0,0,0.0
4,0.0,1.44,72.0,0.6667,1,3,14.6667,1.8,0.0,7.47,0.0,1,0.1227,16.2,1.5,0.0,0.3273,0,0.16
4,0.0,0.0,12.8571,0.6667,0,4,14.5,0.2,0.0,0.1929,0.0,1,0.0931,1.2857,1.5,0.0,0.2483,0,0.0
4,7.2,0.0,180.0,1.0,0,3,11.8,1.2,0.0,8.1,0.0,1,0.2136,108.0,1.5,0.08,0.2441,0,0.0
4,0.0,0.0,10.0,1.0,1,3,13.4,0.6,0.0,0.2,0.0,1,0.1881,2.0,1.5,0.0,0.2149,0,0.0
4,0.0,0.0,33.75,1.0,1,3,12.0,0.0,0.0,0.0,0.0,1,0.12,0.0,1.5,0.0,0.24,1,0.0
4,0.0316,0.0,-3.1579,1.0,0,2,21.4,0.0,0.0,3.1895,0.0,1,0.0841,0.0,1.5,0.02,0.0,0,0.0
4,0.0,0.072,18.0,1.0,1,4,23.6,1.5,0.0,0.612,0.0,1,0.0763,5.4,1.5,0.0,0.0153,0,0.02
4,0.3682,0.0,12.2727,1.0,1,4,27.8,1.0,0.0,0.0,0.0,1,0.0712,4.0909,1.5,0.09,0.0129,0,0.0
4,0.0,0.0391,-3.913,1.0,1,2,27.0,0.3,0.0,0.4304,0.0,1,0.0733,1.1739,1.5,0.0,0.02,1,0.01
4,0.0,0.8,40.0,2.0,0,4,34.4,6.1,0.0,3.32,0.0,4,0.0576,12.2,1.5,0.0,0.225,0,0.4
4,0.0422,0.0,8.4375,2.3333,1,4,35.8,1.4,0.0,1.5328,0.0,2,0.0603,1.9687,1.5,0.03,0.2162,0,0.0
4,0.54,0.0,0.0,2.6667,0,2,42.8,2.5,0.0,0.63,0.0,2,0.2019,3.75,1.5,0.36,0.1724,0,0.0
4,0.4622,0.2554,0.0,2.0,0,2,53.2,4.1,0.0,0.4135,0.0,2,0.2605,4.9865,1.5,0.38,0.2098,1,0.21
4,0.0763,0.0305,4.5763,1.6667,1,4,60.4,2.3,0.0,1.5254,0.0,1,0.2444,3.5085,1.5,0.05,0.1877,0,0.02
4,0.585,0.0,-9.0,1.3333,1,4,55.4,0.8,0.0,3.465,0.0,1,0.3087,3.6,1.5,0.13,0.0747,0,0.0
4,0.0818,0.0,8.1818,1.0,0,2,47.0,0.0,0.0,0.7773,0.0,1,0.36,0.0,1.5,0.02,0.0881,0,0.0
4,0.0,0.0,23.6842,1.0,1,3,38.8,0.7,0.0,0.0947,0.0,1,0.2691,3.3158,1.5,0.0,0.1067,0,0.0
4,0.0,0.0,18.0,1.0,0,4,26.0,0.0,0.0,0.54,0.0,1,0.1385,0.0,1.5,0.0,0.0138,1,0.0
3,0.0474,0.0118,7.1053,2.0,1,3,76.0,2.6,0.7105,2.1908,0.0,2,0.0474,3.0789,1.5,0.04,0.0118,0,0.01
3,0.0,0.0237,-14.2105,0.0,0,2,57.0,0.6,-1.4211,9.0947,0.0,-2,0.0316,1.4211,1.5,0.0,0.0158,0,0.01
3,0.3414,0.1552,65.1724,2.3333,0,3,47.6667,7.3,6.5172,2.9483,0.0,7,0.0944,22.6552,1.5,0.11,0.0441,0,0.05
3,0.075,0.05,12.5,2.3333,1,2,53.75,2.7,1.25,0.625,0.0,2,0.0879,3.375,1.5,0.06,0.046,0,0.04
3,0.0,0.2213,32.459,4.6667,0,4,55.2,6.2,3.2459,2.641,0.0,5,0.0685,9.1475,1.5,0.0,0.0848,1,0.15
3,0.0,0.0145,8.7097,3.0,0,2,52.4,0.5,0.871,2.2935,0.0,2,0.0584,0.7258,1.5,0.0,0.0893,0,0.01
3,0.0,0.0818,24.5455,2.6667,1,2,47.0,0.4,2.4545,0.4909,0.0,1,0.0651,3.2727,1.5,0.0,0.0996,0,0.01
3,0.0,0.0,8.5714,1.3333,1,3,45.4,0.1,0.8571,2.0571,0.0,1,0.0238,0.4286,1.5,0.0,0.0833,0,0.0
3,0.11,0.08,12.0,1.3333,0,3,49.0,4.5,1.2,1.14,0.0,2,0.0404,4.5,1.5,0.11,0.0918,0,0.08
3,0.48,0.02,40.0,3.0,0,4,45.8,7.6,4.0,1.68,0.0,6,0.1376,15.2,1.5,0.24,0.0432,0,0.01
3,0.0,1.8,45.0,3.0,1,3,35.4,0.6,4.5,0.54,0.0,1,0.178,5.4,1.5,0.0,0.1525,0,0.2
3,0.0,0.0,9.0,2.6667,0,4,37.2,0.3,0.9,0.225,0.0,1,0.1694,1.35,1.5,0.0,0.1403,0,0.0
3,0.0,0.0871,11.6129,1.3333,1,3,45.4,2.2,1.1613,2.1339,0.0,2,0.1388,3.1935,1.5,0.0,0.1388,0,0.06
3,1.1,0.1,5.0,1.3333,0,2,31.0,2.5,0.5,1.25,0.0,1,0.2671,12.5,1.5,0.22,0.1684,0,0.02
3,0.0514,0.0386,5.1429,1.6667,1,2,36.0,1.2,0.5143,1.7743,0.0,2,0.13,1.5429,1.5,0.04,0.155,0,0.03
3,0.6882,0.1588,37.0588,1.3333,0,2,37.4,3.9,3.7059,3.8118,0.0,1,0.1877,20.6471,1.5,0.13,0.0674,1,0.03
3,0.0,0.0,67.5,1.3333,1,3,34.2,0.5,6.75,2.25,0.0,1,0.2053,11.25,1.5,0.0,0.0737,0,0.0
3,0.225,0.045,3.375,1.3333,0,4,37.8,5.4,0.3375,2.25,0.0,2,0.281,6.075,1.5,0.2,0.0571,0,0.04
3,0.0,0.0,9.0,1.3333,1,2,36.2,0.0,0.9,0.72,0.0,1,0.184,0.0,1.5,0.0,0.0497,0,0.0
3,0.4,0.0,20.0,2.3333,0,3,31.2,0.9,2.0,2.9,0.0,4,0.3058,1.8,1.5,0.2,0.0404,0,0.0
3,0.0,0.02,6.0,2.0,1,2,36.8,1.5,0.6,2.16,0.0,1,0.1957,3.0,1.5,0.0,0.0245,0,0.01
3,0.0,0.0,10.1613,2.3333,0,3,48.4,0.7,1.0161,6.5032,0.0,2,0.1488,1.0161,1.5,0.0,0.0186,0,0.0
2,0.0,0.0,270.0,1.0,1,3,1.0,0.1,40.5,6.3,0.0,1,0.0,9.0,1.5,0.0,0.0,0,0.0
2,0.0,0.0,270.0,1.0,0,3,1.0,0.2,40.5,0.0,0.0,1,0.0,18.0,1.5,0.0,0.0,0,0.0
2,0.0,0.0,360.0,1.0,1,4,1.0,0.2,54.0,11.7,0.0,1,0.0,18.0,1.5,0.0,0.0,1,0.0
2,0.0,0.1,10.0,1.0,1,2,3.0,0.0,1.5,10.1,0.0,1,0.0,0.0,1.5,0.0,0.075,0,0.01
2,0.0,0.0,45.0,1.0,0,3,3.6,0.5,6.75,1.05,0.0,1,0.0,7.5,1.5,0.0,0.05,0,0.0
2,0.6,0.3,90.0,1.0,1,2,4.0,0.8,13.5,10.8,0.0,1,0.09,24.0,1.5,0.02,0.09,0,0.01
2,0.3,0.06,12.0,1.0,1,4,6.8,0.5,1.8,0.0,0.0,1,0.1853,3.0,1.5,0.05,0.0794,0,0.01
2,6.75,0.0,675.0,3.0,1,3,7.0,5.2,101.25,1.8,0.0,7,0.5657,234.0,1.5,0.15,0.0771,0,0.0
2,0.0,0.0234,11.6883,2.3333,0,2,20.6,1.6,1.7532,3.2377,0.0,-1,0.1922,1.8701,1.5,0.0,0.035,0,0.02
2,0.1071,0.0,22.5,4.0,1,3,36.2,2.0,3.375,1.0393,0.0,6,0.1591,2.1429,1.5,0.1,0.0199,0,0.0
2,0.0,0.0,180.0,2.0,1,2,35.8,0.0,27.0,3.6,0.0,1,0.1508,0.0,1.5,0.0,0.0151,1,0.0
3,0.0,0.0,180.0,1.0,0,2,1.0,0.0,18.0,0.0,0.0,1,0.0,0.0,1.5,0.0,0.0,0,0.0
3,0.0,0.0,90.0,1.0,0,3,3.0,0.2,9.0,0.0,0.0,1,0.0,6.0,1.5,0.0,0.0,0,0.0
3,0.0,0.0,180.0,1.0,1,3,2.0,0.0,18.0,0.0,0.0,1,0.0,0.0,1.5,0.0,0.0,0,0.0
3,0.0,0.0161,4.8214,1.0,0,4,20.0,1.0,0.4821,0.8357,0.0,1,0.0,1.6071,1.5,0.0,0.015,0,0.01
3,0.0,0.0,0.0,0.6667,1,3,22.75,0.5,0.0,1.7129,0.0,0,0.0,1.4516,1.5,0.0,0.0099,0,0.0
3,0.0,0.0,12.2727,0.6667,0,3,22.6,0.1,1.2273,3.6,0.0,1,0.0,0.4091,1.5,0.0,0.008,0,0.0
3,0.0,0.0,52.5,0.6667,1,2,24.4,0.8,5.25,3.975,0.0,1,0.0,6.0,1.5,0.0,0.0074,1,0.0
3,0.0,0.0,135.0,1.0,0,3,24.6,0.0,13.5,0.9,0.0,1,0.0,0.0,1.5,0.0,0.0073,0,0.0
3,0.0,0.0,270.0,1.0,1,2,13.6,0.0,27.0,0.0,0.0,1,0.0,0.0,1.5,0.0,0.0,0,0.0
3,0.0,0.0,13.5,1.0,0,2,11.4,0.3,1.35,2.34,0.0,1,0.0,1.35,1.5,0.0,0.0,0,0.0
4,0.0,0.0,270.0,1.0,0,3,1.0,0.3,0.0,0.0,0.0,1,0.0,27.0,1.5,0.0,0.0,0,0.0
4,0.0,0.0,180.0,1.0,1,2,1.0,0.0,0.0,29.7,0.0,1,0.0,0.0,1.5,0.0,0.0,0,0.0
4,0.0,0.0,-180.0,0.6667,1,3,1.0,0.0,0.0,17.1,0.0,0,0.0,0.0,1.5,0.0,0.0,0,0.0
3,0.0,0.0,65.0,4.0,0,2,18.0,0.2,6.5,0.5,0.0,4,0.0,1.0,1.5,0.0,0.0,0,0.0
3,0.0,0.7364,32.7273,2.5,0,2,25.5,5.3,3.2727,1.1455,0.0,1,0.0,14.4545,1.5,0.0,0.4765,0,0.27
3,0.0,0.0,6.0,2.6667,1,3,37.0,0.7,0.6,1.605,0.0,3,0.0,1.05,1.5,0.0,0.2189,0,0.0
3,0.135,0.015,18.0,2.0,0,3,42.75,2.6,1.8,2.355,0.0,2,0.0474,3.9,1.5,0.09,0.1474,0,0.01
3,0.0,0.015,6.0,2.6667,1,2,46.2,0.1,0.6,0.48,0.0,3,0.0351,0.15,1.5,0.0,0.113,0,0.01
3,0.0,0.0,9.0,2.0,0,3,48.6,1.5,0.9,5.37,0.0,1,0.0333,4.5,1.5,0.0,0.1074,1,0.0
3,0.0738,0.0148,25.082,3.0,1,4,54.2,3.2,2.5082,2.5377,0.0,5,0.0465,4.7213,1.5,0.05,0.01,0,0.01
3,0.0254,0.431,27.8873,3.6667,1,3,56.4,4.7,2.7887,1.9268,0.0,5,0.0511,5.9577,1.5,0.02,0.1181,0,0.34
3,0.9337,0.0562,33.75,7.0,1,2,60.4,10.7,3.375,1.44,0.0,11,0.2682,12.0375,1.5,0.83,0.1222,0,0.05
3,0.1843,0.2169,7.5904,6.0,0,2,65.0,5.5,0.759,2.6675,0.0,2,0.2963,5.9639,1.5,0.17,0.1662,0,0.2
3,0.0,0.5164,10.3279,5.0,1,3,71.2,2.3,1.0328,0.6344,0.0,2,0.2705,3.3934,1.5,0.0,0.2402,0,0.35
3,0.0,0.2857,12.8571,2.0,0,4,71.6,2.9,1.2857,1.3,0.0,2,0.2564,4.1429,1.5,0.0,0.2866,0,0.2
3,0.0,0.0,12.2727,1.6667,1,4,61.8,0.1,1.2273,2.1273,0.0,1,0.2913,0.4091,1.5,0.0,0.233,0,0.0
3,0.1227,0.0818,0.0,1.3333,1,3,50.2,2.7,0.0,0.45,0.0,1,0.0717,11.0455,1.5,0.03,0.2761,0,0.02
3,0.1227,0.0818,8.1818,0.6667,1,3,38.0,3.0,0.8182,3.0682,0.0,0,0.0284,12.2727,1.5,0.03,0.2795,0,0.02
3,0.2812,0.0281,11.25,0.6667,0,2,32.2,1.0,1.125,4.3031,0.0,1,0.0894,2.8125,1.5,0.1,0.1398,1,0.01
3,0.1038,0.0,1.7308,0.6667,1,2,30.0,0.2,0.1731,2.6827,0.0,1,0.132,0.3462,1.5,0.06,0.03,0,0.0
3,0.0,1.5,420.0,2.0,0,4,26.2,3.3,42.0,6.3,0.0,4,0.1511,99.0,1.5,0.0,0.0687,1,0.05
3,0.0,0.0,135.0,2.0,0,3,22.2,0.1,13.5,13.5,0.0,1,0.1541,4.5,1.5,0.0,0.0649,0,0.0
3,0.12,0.03,12.0,2.0,1,4,23.8,2.5,1.2,0.51,0.0,1,0.1513,7.5,1.5,0.04,0.0529,0,0.01
3,0.03,0.05,9.0,1.3333,0,2,35.4,3.5,0.9,2.98,0.0,2,0.0661,3.5,1.5,0.03,0.0559,0,0.05
3,0.0,0.18,10.125,1.6667,0,3,41.0,2.9,1.0125,0.9,0.0,2,0.0307,3.2625,1.5,0.0,0.1185,0,0.16
3,0.0,0.059,14.7541,2.0,1,3,52.6,5.0,1.4754,0.3246,0.0,2,0.024,7.377,1.5,0.0,0.089,1,0.04
3,0.0,0.0,0.0,1.6667,0,4,63.8,1.1,0.0,3.569,0.0,1,0.0197,1.7069,1.5,0.0,0.0734,0,0.0
3,0.0,0.0,14.2105,1.3333,1,3,61.6,0.2,1.4211,3.5053,0.0,1,0.0088,0.9474,1.5,0.0,0.0731,0,0.0
3,0.27,0.0,27.0,1.0,1,3,45.6,0.5,2.7,0.0,0.0,1,0.0118,4.5,1.5,0.03,0.0789,1,0.0
3,0.0,0.0,19.2857,1.0,1,3,32.4,0.1,1.9286,2.7643,0.0,1,0.0167,0.6429,1.5,0.0,0.0222,0,0.0
3,0.0,0.0,38.5714,1.0,0,3,7.0,0.0,3.8571,16.4571,0.0,1,0.0,0.0,1.5,0.0,0.0,0,0.0
3,0.0,0.0,135.0,1.0,0,3,2.0,0.0,13.5,9.45,0.0,1,0.0,0.0,1.5,0.0,0.0,0,0.0
3,0.0,0.0,135.0,1.0,0,4,2.0,0.2,13.5,35.55,0.0,1,0.0,9.0,1.5,0.0,0.0,0,0.0
3,0.0,0.0,270.0,1.0,1,2,1.0,0.0,27.0,0.0,0.0,1,0.0,0.0,1.5,0.0,0.0,1,0.0
4,0.0,0.0,7.5,1.0,0,3,24.0,0.2,0.0,6.6,0.0,1,0.0,0.75,1.5,0.0,0.0,0,0.0
4,0.0,0.0,-90.0,0.0,0,3,1.0,0.0,0.0,2.7,0.0,0,0.0,0.0,1.5,0.0,0.0,1,0.0
4,0.0,0.0,18.0,0.5,1,2,8.0,0.1,0.0,0.66,0.0,1,0.0,0.6,1.5,0.0,0.0,0,0.0
4,0.12,0.0,6.0,0.6667,0,3,20.3333,1.2,0.0,2.28,0.0,1,0.0885,2.4,1.5,0.06,0.0,0,0.0
3,0.0,0.45,45.0,1.0,0,2,6.0,0.1,4.5,0.3,0.0,1,0.0,1.5,1.5,0.0,0.45,0,0.03
3,0.0,0.0,45.0,1.0,1,3,6.0,0.3,4.5,1.35,0.0,1,0.0,4.5,1.5,0.0,0.225,0,0.0
3,0.0,0.0,270.0,1.0,1,3,4.3333,0.0,27.0,0.0,0.0,1,0.0,0.0,1.5,0.0,0.2077,0,0.0
3,0.0,0.0,180.0,1.0,0,2,3.5,0.1,18.0,31.5,0.0,1,0.0,9.0,1.5,0.0,0.1929,0,0.0
3,0.0783,0.2739,-3.913,0.6667,0,3,7.4,1.4,-0.3913,1.3304,0.0,0,0.0486,5.4783,1.5,0.02,0.2432,0,0.07
3,0.0,0.0,180.0,1.0,1,3,1.0,0.1,18.0,2.7,0.0,1,0.0,9.0,1.5,0.0,0.0,0,0.0
3,0.0,0.0,30.0,1.0,0,2,3.5,0.0,3.0,0.0,0.0,1,0.0,0.0,1.5,0.0,0.0,0,0.0
3,0.0,0.0,45.0,1.0,1,3,3.6667,1.4,4.5,0.9,0.0,1,0.0,31.5,1.5,0.0,0.0,0,0.0
4,0.0,0.0,270.0,1.0,1,2,1.0,0.0,0.0,0.0,0.0,1,0.0,0.0,1.5,0.0,0.0,0,0.0
3,0.0,0.0,135.0,1.0,0,3,2.0,0.6,13.5,1.35,0.0,1,0.0,27.0,1.5,0.0,0.0,0,0.0
3,0.8,0.1,30.0,1.0,0,2,5.5,2.5,3.0,1.9,0.0,1,0.6545,25.0,1.5,0.08,0.0818,0,0.01
3,0.0,0.0,-9.4737,0.6667,0,2,10.0,0.2,-0.9474,0.2368,0.0,0,0.24,0.9474,1.5,0.0,0.03,0,0.0
3,0.0,0.0,90.0,0.6667,1,3,8.25,0.3,9.0,1.8,0.0,1,0.2182,9.0,1.5,0.0,0.0273,0,0.0
3,0.0,0.0,135.0,0.6667,0,2,7.0,0.0,13.5,0.9,0.0,1,0.2057,0.0,1.5,0.0,0.0257,0,0.0
3,0.0243,0.0,4.8649,1.3333,1,2,21.4,1.7,0.4865,0.9973,0.0,2,0.0841,2.0676,1.5,0.02,0.0084,0,0.0
3,0.2077,0.2077,6.9231,1.3333,1,3,24.8,1.1,0.6923,0.0,0.0,1,0.0581,3.8077,1.5,0.06,0.0435,0,0.06
3,0.0,0.0,150.0,1.3333,0,2,21.6,0.2,15.0,8.4,0.0,1,0.0667,6.0,1.5,0.0,0.05,0,0.0
2,0.2963,0.0878,26.3415,8.0,0,3,82.0,7.4,3.9512,0.4829,0.0,8,0.2963,8.122,1.5,0.27,0.0878,0,0.08
2,0.1209,0.5373,83.2836,14.5,1,3,74.5,15.6,12.4925,0.5104,0.0,21,0.2174,20.9552,1.5,0.09,0.2899,0,0.4
2,0.2305,0.0768,14.2683,10.3333,0,3,77.0,3.7,2.1402,0.8122,0.0,2,0.2221,4.061,1.5,0.21,0.2143,0,0.07
2,0.1881,0.2821,29.5522,8.3333,1,2,74.5,8.2,4.4328,1.1821,0.0,2,0.2144,11.0149,1.5,0.14,0.2295,0,0.21
2,0.0,0.0434,30.3614,4.0,0,2,76.2,5.6,4.5542,0.9976,0.0,8,0.1677,6.0723,1.5,0.0,0.189,0,0.04
2,0.06,0.015,24.0,4.0,1,3,71.8,2.9,3.6,2.31,0.0,2,0.1203,4.35,1.5,0.04,0.183,0,0.01
2,0.09,0.19,24.0,4.6667,1,3,76.4,10.3,3.6,0.44,0.0,4,0.1131,10.3,1.5,0.09,0.1225,1,0.19
2,0.02,0.03,6.0,2.0,1,4,78.0,2.1,0.9,0.59,0.0,0,0.0669,2.1,1.5,0.02,0.1108,0,0.03
2,0.0692,0.2631,8.3077,1.6667,0,2,77.6,3.7,1.2462,0.3738,0.0,1,0.0464,5.1231,1.5,0.05,0.1067,0,0.19
2,0.0,0.0383,13.4043,0.6667,1,2,70.4,0.9,2.0106,2.3362,0.0,1,0.0511,1.7234,1.5,0.0,0.1125,0,0.02
2,0.0,0.0,14.2105,1.0,1,3,62.2,0.2,2.1316,0.2368,0.0,1,0.0463,0.9474,1.5,0.0,0.1244,0,0.0
3,0.0,0.0,30.0,1.0,1,2,9.0,0.0,3.0,1.2,0.0,1,0.0,0.0,1.5,0.0,0.0,0,0.0
2,0.0,0.0108,10.8434,1.0,0,2,83.0,1.7,1.6265,1.4747,0.0,1,0.0,1.8434,1.5,0.0,0.0108,0,0.01
2,0.0,0.0,270.0,1.0,1,4,42.0,0.2,40.5,0.0,0.0,1,0.0,18.0,1.5,0.0,0.0107,0,0.0
2,0.0,0.0,12.8571,0.6667,0,3,35.0,0.0,1.9286,1.8857,0.0,0,0.0,0.0,1.5,0.0,0.0086,1,0.0
2,0.0,0.0,180.0,0.6667,1,3,26.5,0.0,27.0,2.7,0.0,1,0.0,0.0,1.5,0.0,0.0085,0,0.0
2,0.0,0.0,15.0,0.3333,0,4,26.0,0.6,2.25,4.2375,0.0,0,0.0,2.25,1.5,0.0,0.0069,0,0.0
2,0.0,0.0,8.0,0.3333,1,4,27.4,1.0,1.2,3.59,0.0,0,0.0,1.0,1.5,0.0,0.0,0,0.0
2,0.0,0.0,13.0,0.3333,0,2,45.2,1.6,1.95,1.75,0.0,1,0.0,1.6,1.5,0.0,0.0,0,0.0
2,0.0,0.0,30.0,0.6667,1,4,44.0,0.4,4.5,1.26,0.0,1,0.0,2.4,1.5,0.0,0.0,0,0.0
3,0.0,0.3462,20.7692,1.0,0,4,13.0,1.8,2.0769,0.9,0.0,1,0.0,12.4615,1.5,0.0,0.3462,1,0.05
2,0.0,0.0,270.0,1.0,1,3,1.0,0.2,40.5,0.0,0.0,1,0.0,18.0,1.5,0.0,0.0,0,0.0
3,0.8045,0.0273,27.2727,7.0,1,3,66.0,10.3,2.7273,1.2545,0.0,7,0.8045,14.0455,1.5,0.59,0.0273,0,0.02
3,0.1,0.0,44.0,7.0,0,2,55.5,4.2,4.4,1.84,0.0,7,0.5189,8.4,1.5,0.05,0.0162,1,0.0
3,0.1547,0.0281,4.2188,5.3333,1,3,58.3333,2.5,0.4219,2.6719,0.0,2,0.3857,3.5156,1.5,0.11,0.0206,0,0.02
3,0.0456,0.0228,3.4177,3.3333,0,4,63.5,3.4,0.3418,3.019,0.0,1,0.2799,3.8734,1.5,0.04,0.0213,0,0.02
3,1.03,0.5,51.0,7.0,1,2,68.8,17.0,5.1,1.35,0.0,18,0.4762,17.0,1.5,1.03,0.1465,1,0.5
3,0.0,0.0145,5.8065,7.0,0,3,68.0,1.6,0.5806,1.1613,0.0,2,0.3256,2.3226,1.5,0.0,0.1456,0,0.01
3,0.29,0.26,5.0,7.0,1,4,77.0,3.0,0.5,0.37,0.0,1,0.3436,3.0,1.5,0.29,0.1894,0,0.26
3,0.46,0.07,-1.0,1.3333,0,3,82.2,4.3,-0.1,1.02,0.0,1,0.3985,4.3,1.5,0.46,0.1883,0,0.07
3,0.67,0.06,3.0,1.3333,1,3,84.4,9.3,0.3,2.18,0.0,2,0.5225,9.3,1.5,0.67,0.1919,0,0.06
3,0.4,0.01,20.0,3.3333,0,4,84.4,9.0,2.0,2.99,0.0,7,0.3882,9.0,1.5,0.4,0.0874,0,0.01
3,0.32,0.01,11.0,3.6667,0,2,90.0,7.1,1.1,2.82,0.0,2,0.428,7.1,1.5,0.32,0.082,0,0.01
3,1.06,0.05,31.0,5.6667,1,3,90.0,10.2,3.1,1.49,0.0,8,0.582,10.2,1.5,1.06,0.04,0,0.05
3,0.2,0.03,2.0,4.0,0,4,90.0,2.9,0.2,2.16,0.0,2,0.53,2.9,1.5,0.2,0.032,0,0.03
3,0.3913,0.013,-1.3043,4.0,1,2,85.8,0.5,-0.1304,3.0522,0.0,2,0.4783,0.6522,1.5,0.3,0.0231,1,0.01
4,0.319,0.0797,19.3671,5.0,0,3,79.0,5.7,0.0,0.4329,0.0,5,0.319,6.4937,1.5,0.28,0.0797,0,0.07
4,0.17,0.8,21.0,5.0,1,3,84.5,9.7,0.0,1.47,0.0,5,0.2396,9.7,1.5,0.17,0.4633,0,0.8
4,0.0,0.0424,9.5294,4.0,0,3,84.6667,2.4,0.0,1.5671,0.0,2,0.1594,2.5412,1.5,0.0,0.3224,0,0.04
4,0.1033,0.2066,7.377,3.0,1,4,78.75,3.1,0.0,1.4164,0.0,2,0.1486,4.5738,1.5,0.07,0.3,0,0.14
4,0.7579,0.1421,23.6842,1.6667,1,3,66.8,3.3,0.0,1.2789,0.0,1,0.1832,15.6316,1.5,0.16,0.291,1,0.03
4,0.9556,0.1556,43.3333,4.0,1,3,67.2,14.0,0.0,0.3222,0.0,9,0.3375,15.5556,1.5,0.86,0.308,0,0.14
4,6.0,0.0,810.0,5.0,0,2,49.8,5.1,0.0,0.0,0.0,5,0.4663,153.0,1.5,0.2,0.1265,0,0.0
4,3.3,0.1125,3.75,5.0,0,3,37.6,5.1,0.0,1.0125,0.0,1,1.0388,19.125,1.5,0.88,0.1628,1,0.03
4,0.68,0.4,3.0,2.6667,1,4,43.4,8.3,0.0,0.39,0.0,2,1.153,8.3,1.5,0.68,0.2488,0,0.4
4,0.0444,0.5889,24.4444,3.3333,0,4,55.8,4.5,0.0,1.0667,0.0,7,0.8581,5.0,1.5,0.04,0.3548,0,0.53
4,0.024,0.864,24.0,4.3333,1,2,54.6,5.0,0.0,1.716,0.0,4,0.6,6.0,1.5,0.02,0.5538,1,0.72
4,0.45,0.03,4.0,4.3333,0,2,72.0,5.6,0.0,2.86,0.0,2,0.5175,5.6,1.5,0.45,0.4275,0,0.03
4,0.0,0.0,0.0,2.3333,1,3,73.2,0.5,0.0,0.9,0.0,1,0.2926,1.5,1.5,0.0,0.4131,0,0.0
2,0.0,0.0,72.0,1.0,0,3,5.0,0.4,10.8,8.1,0.0,1,0.0,7.2,1.5,0.0,0.0,0,0.0
2,0.0,0.0,135.0,1.0,1,3,3.5,0.1,20.25,8.55,0.0,1,0.0,4.5,1.5,0.0,0.0,0,0.0
2,0.0,0.0,270.0,1.0,0,3,2.6667,0.2,40.5,77.4,0.0,1,0.0,18.0,1.5,0.0,0.0,0,0.0
2,0.0,0.0,10.9756,0.6667,0,2,12.25,1.9,1.6463,0.922,0.0,0,0.0,4.1707,1.5,0.0,0.0,1,0.0
2,0.14,0.0,14.0,0.6667,0,4,27.8,2.7,2.1,2.79,0.0,1,0.0906,2.7,1.5,0.14,0.0,0,0.0
2,0.0,0.01,14.0,1.0,1,3,44.8,1.7,2.1,0.39,0.0,2,0.0562,1.7,1.5,0.0,0.004,0,0.01
2,0.0,0.0,18.0,1.3333,1,2,47.4,0.2,2.7,0.0,0.0,1,0.0532,1.2,1.5,0.0,0.0038,0,0.0
2,0.0,0.0,10.0,1.3333,1,4,65.2,1.8,1.5,2.4,0.0,1,0.0387,1.8,1.5,0.0,0.0028,0,0.0
2,0.0,0.0,26.0,2.6667,0,3,75.0,2.0,3.9,0.7,0.0,6,0.0336,2.0,1.5,0.0,0.0024,0,0.0
2,0.0,0.0,25.7143,1.0,0,2,7.0,0.5,3.8571,12.2143,0.0,1,0.0,6.4286,1.5,0.0,0.0,0,0.0
3,0.0,0.0,270.0,1.0,0,2,1.0,0.3,27.0,39.6,0.0,1,0.0,27.0,1.5,0.0,0.0,0,0.0
1,0.0,0.0,7.0588,0.0,0,3,51.0,0.1,0.0,1.6235,0.0,0,0.0,0.1765,1.5,0.0,0.0,0,0.0
1,0.0,0.0,10.0,1.0,0,3,70.5,0.8,0.0,1.24,1.0,2,0.0,0.8,1.5,0.0,0.0,0,0.0
1,0.0,0.0,17.0,0.6667,1,3,77.0,2.6,0.0,2.25,4.0,0,0.0,2.6,1.5,0.0,0.0,1,0.0
1,0.0,0.0,25.0,1.6667,0,4,80.25,5.9,0.0,3.34,9.0,3,0.0,5.9,1.5,0.0,0.0,0,0.0
1,0.0,0.0,22.0,2.0,1,2,82.2,4.2,0.0,1.35,6.0,3,0.0,4.2,1.5,0.0,0.0,0,0.0
1,0.0,0.0,18.0,3.0,0,3,90.0,3.4,0.0,1.65,6.0,3,0.0,3.4,1.5,0.0,0.0,1,0.0
1,0.0,0.0,15.0,2.3333,1,3,90.0,1.4,0.0,0.37,2.0,1,0.0,1.4,1.5,0.0,0.0,0,0.0
1,0.0,0.0,18.0,2.0,0,2,90.0,2.7,0.0,1.02,4.0,2,0.0,2.7,1.5,0.0,0.0,0,0.0
1,0.0,0.01,20.0,1.3333,1,3,90.0,4.5,0.0,2.18,5.0,1,0.0,4.5,1.5,0.0,0.002,0,0.01
3,0.0,0.0,54.0,1.0,0,2,5.0,0.1,5.4,0.72,0.0,1,0.0,1.8,1.5,0.0,0.0,0,0.0
3,0.0,0.5625,45.0,1.0,0,3,6.5,1.8,4.5,3.825,0.0,1,0.0,20.25,1.5,0.0,0.3462,0,0.05
3,0.0,0.225,90.0,1.0,1,3,5.6667,0.3,9.0,2.7,0.0,1,0.0,6.75,1.5,0.0,0.3176,0,0.01
3,0.0,0.0,270.0,1.0,0,4,4.5,0.0,27.0,54.0,0.0,1,0.0,0.0,1.5,0.0,0.3,0,0.0
3,0.0,0.0,27.0,1.0,1,3,5.6,0.2,2.7,0.36,0.0,1,0.0,1.8,1.5,0.0,0.1929,1,0.0
3,0.0,0.0818,32.7273,1.0,0,3,6.8,0.5,3.2727,4.9091,0.0,1,0.0,4.0909,1.5,0.0,0.1853,1,0.01
3,0.0,0.0,270.0,1.0,0,2,5.4,0.0,27.0,9.0,0.0,1,0.0,0.0,1.5,0.0,0.0667,0,0.0
3,0.0,0.0,18.0,1.0,1,3,7.6,0.2,1.8,3.42,0.0,1,0.0,1.2,1.5,0.0,0.0237,0,0.0
3,0.0,0.0643,19.2857,1.0,1,4,10.2,1.2,1.9286,2.0571,0.0,1,0.0,7.7143,1.5,0.0,0.0353,0,0.01
3,0.0,0.0,270.0,1.0,0,4,8.4,0.1,27.0,16.2,0.0,1,0.0,9.0,1.5,0.0,0.0429,0,0.0
3,0.0,0.0,450.0,1.0,1,3,6.4,0.7,45.0,51.3,0.0,1,0.0,63.0,1.5,0.0,0.0281,1,0.0
2,0.0,0.02,18.0,-1.0,0,3,90.0,3.3,2.7,1.53,0.0,-1,0.0,3.3,1.5,0.0,0.02,0,0.02
2,0.0,0.03,7.0,-0.5,1,2,90.0,5.3,1.05,1.21,0.0,0,0.0,5.3,1.5,0.0,0.025,0,0.03
2,0.0,0.06,14.0,0.3333,0,3,90.0,4.1,2.1,1.66,0.0,2,0.0,4.1,1.5,0.0,0.0367,1,0.06
2,0.29,0.04,25.0,3.0,1,2,90.0,4.9,3.75,0.1,0.0,7,0.0725,4.9,1.5,0.29,0.0375,0,0.04
2,0.0,0.01,8.0,3.3333,0,3,90.0,1.8,1.2,1.87,0.0,1,0.058,1.8,1.5,0.0,0.032,1,0.01
2,0.37,0.15,13.0,4.0,1,4,90.0,4.8,1.95,0.83,0.0,4,0.132,4.8,1.5,0.37,0.058,0,0.15
2,0.11,0.0,12.0,2.3333,0,3,90.0,2.6,1.8,0.92,0.0,2,0.154,2.6,1.5,0.11,0.052,1,0.0
2,0.0,0.01,11.0,2.6667,0,3,90.0,1.4,1.65,1.22,0.0,2,0.154,1.4,1.5,0.0,0.042,1,0.01
2,0.0,0.02,9.0,1.3333,1,3,90.0,1.4,1.35,1.91,0.0,0,0.096,1.4,1.5,0.0,0.038,1,0.02
2,0.0,0.03,20.0,2.6667,0,3,90.0,3.3,3.0,2.87,0.0,6,0.096,3.3,1.5,0.0,0.042,0,0.03
2,0.0,0.18,12.0,2.3333,1,3,90.0,6.0,1.8,1.27,0.0,1,0.022,6.0,1.5,0.0,0.048,0,0.18
2,0.0,0.05,24.0,4.3333,1,4,90.0,4.5,3.6,0.18,0.0,6,0.0,4.5,1.5,0.0,0.058,0,0.05
2,0.03,0.2,12.0,3.0,0,4,90.0,2.9,1.8,1.14,0.0,2,0.006,2.9,1.5,0.03,0.096,0,0.2
2,0.11,0.06,40.0,7.0,1,2,90.0,10.5,6.0,0.35,0.0,13,0.028,10.5,1.5,0.11,0.104,0,0.06
2,0.35,0.02,5.0,5.3333,0,4,90.0,5.3,0.75,1.57,0.0,1,0.098,5.3,1.5,0.35,0.102,1,0.02
2,0.0,0.38,40.0,8.0,1,4,90.0,9.6,6.0,1.08,0.0,10,0.098,9.6,1.5,0.0,0.142,0,0.38
2,0.0,0.0,270.0,1.0,1,4,1.0,0.0,40.5,9.9,0.0,1,0.0,0.0,1.5,0.0,0.0,0,0.0
2,0.0,0.0,270.0,1.0,1,3,1.0,0.0,40.5,0.0,0.0,1,0.0,0.0,1.5,0.0,0.0,0,0.0
2,0.0,0.0,90.0,1.0,0,2,1.6667,0.0,13.5,0.0,0.0,1,0.0,0.0,1.5,0.0,0.0,0,0.0
3,0.0,0.0,180.0,1.0,1,2,1.0,0.0,18.0,9.9,0.0,1,0.0,0.0,1.5,0.0,0.0,0,0.0
3,0.0,0.0,10.0,0.5,0,2,5.0,0.1,1.0,0.2,0.0,0,0.0,1.0,1.5,0.0,0.0,0,0.0
3,0.0,0.0,270.0,0.6667,1,3,3.6667,0.0,27.0,0.0,0.0,1,0.0,0.0,1.5,0.0,0.0,0,0.0
3,0.0,0.0,270.0,0.6667,0,3,3.0,0.0,27.0,9.9,0.0,1,0.0,0.0,1.5,0.0,0.0,0,0.0
2,0.0,0.0,12.1622,1.0,1,3,37.0,0.6,1.8243,0.6811,0.0,1,0.0,1.4595,1.5,0.0,0.0,0,0.0
2,0.1607,0.0,3.2143,1.0,0,3,32.5,0.8,0.4821,2.8286,0.0,1,0.0692,2.5714,1.5,0.05,0.0,0,0.0
2,0.0,0.0,12.0896,1.0,0,3,44.0,1.2,1.8134,2.7269,0.0,1,0.0341,1.6119,1.5,0.0,0.0,0,0.0
2,0.0,0.02,14.0,0.6667,0,3,44.25,1.5,2.1,3.44,0.0,0,0.0254,3.0,1.5,0.0,0.0051,1,0.01
2,0.05,0.17,10.0,0.0,0,2,53.4,2.7,1.5,0.82,0.0,-1,0.0337,2.7,1.5,0.05,0.0607,1,0.17
2,0.0,0.0148,10.3279,0.3333,1,2,58.2,0.6,1.5492,0.3246,0.0,2,0.0309,0.8852,1.5,0.0,0.0588,0,0.01
2,0.0,0.0,6.0,-0.3333,0,3,70.6,2.7,0.9,4.26,0.0,-2,0.0127,2.7,1.5,0.0,0.0484,0,0.0
2,0.0,0.0,18.9474,0.3333,1,3,61.0,0.4,2.8421,3.5053,0.0,1,0.0148,1.8947,1.5,0.0,0.0561,0,0.0
2,0.0,0.0692,11.0769,0.0,0,2,65.0,2.9,1.6615,1.1354,0.0,1,0.0138,4.0154,1.5,0.0,0.0637,1,0.05
2,0.0,0.02,15.0,0.6667,1,3,65.0,2.8,2.25,1.06,0.0,0,0.0,2.8,1.5,0.0,0.0222,1,0.02
3,0.0,0.9,-180.0,0.0,0,4,1.0,0.1,-18.0,0.0,0.0,0,0.0,9.0,1.5,0.0,0.9,1,0.01
3,2.52,0.0,108.0,0.5,0,4,3.0,1.1,10.8,0.0,0.0,1,2.1,19.8,1.5,0.14,0.15,0,0.0
3,0.0,0.09,9.0,0.6667,1,3,5.3333,0.0,0.9,0.18,0.0,1,0.7875,0.0,1.5,0.0,0.1125,1,0.01
3,0.045,0.045,0.0,1.0,1,3,9.0,0.4,0.0,0.09,0.0,1,0.375,1.8,1.5,0.01,0.075,0,0.01
3,0.0,0.0,360.0,1.0,0,3,7.4,0.2,36.0,9.0,0.0,1,0.3649,18.0,1.5,0.0,0.073,0,0.0
3,0.0,0.075,37.5,1.0,0,2,12.0,0.9,3.75,0.0,0.0,1,0.0,6.75,1.5,0.0,0.075,0,0.01
3,0.3176,0.0529,21.1765,1.0,1,2,14.5,2.7,2.1176,0.0,0.0,1,0.1862,14.2941,1.5,0.06,0.0621,0,0.01
3,0.0,0.0,20.0,1.0,0,2,12.6667,0.1,2.0,3.3,0.0,1,0.1421,1.0,1.5,0.0,0.0474,0,0.0
3,0.21,0.03,6.0,1.0,1,2,17.0,2.3,0.6,0.57,0.0,1,0.1721,6.9,1.5,0.07,0.0397,0,0.01
3,0.0,0.0,34.6154,1.0,1,2,16.2,0.3,3.4615,1.4538,0.0,1,0.1444,2.0769,1.5,0.0,0.0333,1,0.0
3,0.0,0.0,20.0,1.0,0,3,15.6,1.3,2.0,1.4,0.0,1,0.15,13.0,1.5,0.0,0.0231,0,0.0
3,0.2957,0.2829,20.5714,2.3333,1,3,26.2,8.6,2.0571,1.35,0.0,5,0.2061,11.0571,1.5,0.23,0.158,0,0.22
3,0.0,0.1731,8.6538,2.3333,0,3,34.8,3.8,0.8654,0.1904,0.0,1,0.1552,6.5769,1.5,0.0,0.1707,0,0.1
3,0.0,0.0562,16.875,2.3333,1,3,32.0,1.4,1.6875,0.3375,0.0,1,0.1294,7.875,1.5,0.0,0.1856,0,0.01
3,1.6,0.0,30.0,1.0,0,3,9.0,0.3,3.0,1.5,0.0,1,1.6,3.0,1.5,0.16,0.0,0,0.0
3,10.8,0.0,360.0,1.0,1,4,5.0,0.6,36.0,0.0,0.0,1,2.52,54.0,1.5,0.12,0.0,1,0.0
3,0.0551,0.1286,3.6735,0.6667,0,2,19.6667,4.7,0.3673,3.949,0.0,0,0.4729,8.6327,1.5,0.03,0.1068,0,0.07
3,0.0871,0.0871,4.3548,1.0,0,3,30.25,2.1,0.4355,1.8145,0.0,2,0.2752,3.0484,1.5,0.06,0.0967,0,0.06
3,0.0,0.0,14.5161,1.6667,1,4,36.6,1.0,1.4516,1.9016,0.0,3,0.182,1.4516,1.5,0.0,0.0639,1,0.0
3,0.0,0.03,22.0,3.3333,0,3,52.8,5.8,2.2,3.28,0.0,5,0.0716,5.8,1.5,0.0,0.0545,0,0.03
3,0.8206,0.0132,27.7941,5.0,1,2,66.2,7.4,2.7794,2.0647,0.0,7,0.1931,9.7941,1.5,0.62,0.0462,0,0.01
3,0.05,0.03,3.0,4.6667,0,3,74.4,1.7,0.3,1.62,0.0,2,0.1766,1.7,1.5,0.05,0.0315,0,0.03
3,0.25,0.07,24.0,5.3333,1,2,80.0,10.0,2.4,1.69,0.0,7,0.207,10.0,1.5,0.25,0.0315,1,0.07
3,0.06,0.05,18.0,5.0,1,3,85.6,9.4,1.8,1.37,0.0,6,0.2061,9.4,1.5,0.06,0.04,0,0.05
3,0.0,0.036,14.4,4.6667,0,2,72.6,1.5,1.44,0.612,0.0,1,0.243,5.4,1.5,0.0,0.0421,0,0.01
4,1.1143,0.0857,-12.8571,1.0,0,2,21.0,1.8,0.0,0.0,0.0,1,1.1143,7.7143,1.5,0.26,0.0857,0,0.02
4,0.0,0.0,180.0,1.0,0,2,11.0,0.0,0.0,2.7,0.0,1,1.0636,0.0,1.5,0.0,0.0818,0,0.0
4,2.25,0.9,90.0,1.0,1,4,8.0,0.3,0.0,0.0,0.0,1,1.1625,13.5,1.5,0.05,0.15,0,0.02
4,0.0,0.0,90.0,1.0,0,4,6.25,0.1,0.0,3.6,0.0,1,1.116,9.0,1.5,0.0,0.144,0,0.0
4,0.7714,0.0,86.7857,2.3333,1,3,10.6,9.8,0.0,0.5143,0.0,5,0.934,31.5,1.5,0.24,0.0679,1,0.0
4,0.82,0.02,34.0,4.3333,1,4,15.4,6.6,0.0,1.34,0.0,7,0.8182,13.2,1.5,0.41,0.0351,0,0.01
4,0.0,0.0,36.0,4.3333,1,2,16.2,0.1,0.0,8.46,0.0,1,0.7778,1.8,1.5,0.0,0.0333,0,0.0
4,0.0,0.9,450.0,3.0,1,3,16.0,1.4,0.0,1.8,0.0,1,0.7312,126.0,1.5,0.0,0.0225,0,0.01
4,0.0,0.0857,21.4286,1.0,0,3,20.0,1.4,0.0,3.5143,0.0,1,0.585,6.0,1.5,0.0,0.036,0,0.02
4,0.6429,0.0,0.0,1.0,1,2,17.2,0.3,0.0,0.1286,0.0,1,0.5337,1.9286,1.5,0.1,0.0419,0,0.0
4,3.7125,0.0,-45.0,1.0,0,3,9.8,4.4,0.0,0.0,0.0,1,0.7898,49.5,1.5,0.33,0.0551,0,0.0
4,0.0,0.0,30.0,0.6667,0,3,9.4,1.4,0.0,5.7,0.0,0,0.8234,42.0,1.5,0.0,0.0574,0,0.0
4,0.9,0.0,46.3636,4.3333,1,3,22.4,10.3,0.0,0.9136,0.0,12,0.8759,14.0455,1.5,0.66,0.0161,1,0.0
4,0.0,0.0,18.0,4.3333,0,3,20.2,0.0,0.0,0.9,0.0,1,0.9713,0.0,1.5,0.0,0.0,0,0.0
4,0.1174,0.0,0.0,4.6667,1,4,22.0,0.1,0.0,2.7,0.0,1,0.8345,0.3913,1.5,0.03,0.0,1,0.0
4,1.0059,0.0662,10.5882,2.3333,0,3,34.0,5.7,0.0,0.8074,0.0,5,0.7676,7.5441,1.5,0.76,0.0265,0,0.05
2,0.0,0.1618,24.2697,4.0,1,3,89.0,4.0,3.6404,1.2944,0.0,4,0.0,4.0449,1.5,0.0,0.1618,0,0.16
2,0.03,0.0,7.0,2.5,0,3,89.5,2.4,1.05,2.86,0.0,1,0.0151,2.4,1.5,0.03,0.0804,0,0.0
2,0.0,0.0,3.4177,1.3333,1,4,86.0,0.7,0.5127,2.5405,0.0,-1,0.0105,0.7975,1.5,0.0,0.0558,0,0.0
2,0.0,0.06,5.0,0.3333,0,4,87.0,3.6,0.75,2.39,0.0,1,0.0078,3.6,1.5,0.0,0.0569,1,0.06
2,0.0,0.07,8.0,0.3333,1,3,87.6,6.1,1.2,1.1,0.0,1,0.0062,6.1,1.5,0.0,0.0596,0,0.07
2,0.0,0.0,5.0,0.6667,0,2,87.8,1.9,0.75,1.82,0.0,0,0.0062,1.9,1.5,0.0,0.0267,0,0.0
2,0.03,0.56,16.0,1.0,1,3,87.8,7.0,2.4,1.07,0.0,2,0.0062,7.0,1.5,0.03,0.1415,0,0.56
2,0.0,0.0231,-23.0769,-0.3333,0,3,79.8,0.0,-3.4615,16.0154,0.0,-3,0.0068,0.0,1.5,0.0,0.1579,0,0.01
2,0.0,0.0217,5.4217,0.3333,0,2,78.4,1.6,0.8133,0.8566,0.0,2,0.0069,1.7349,1.5,0.0,0.1515,1,0.02
2,0.03,0.31,10.0,0.3333,1,4,78.4,4.4,1.5,0.91,0.0,2,0.0138,4.4,1.5,0.03,0.2066,0,0.31
2,0.19,0.28,40.0,6.0,0,3,78.4,13.8,6.0,2.43,0.0,14,0.0574,13.8,1.5,0.19,0.2709,0,0.28
2,0.03,0.04,11.0,6.0,0,4,78.4,3.1,1.65,2.71,0.0,2,0.0574,3.1,1.5,0.03,0.1515,0,0.04
2,0.1,0.02,14.0,5.3333,1,3,88.6,6.0,2.1,3.58,0.0,0,0.0711,6.0,1.5,0.1,0.1361,0,0.02
2,0.0,0.0,-1.0,0.6667,0,4,90.0,0.9,-0.15,2.5,0.0,0,0.07,0.9,1.5,0.0,0.13,0,0.0
2,0.02,0.04,6.0,0.0,1,3,81.0,1.1,0.9,2.02,0.0,0,0.0733,2.2,1.5,0.01,0.08,1,0.02
2,0.0,0.0,16.0,1.0,1,2,45.0,1.0,2.4,1.32,0.0,1,0.0,2.0,1.5,0.0,0.0,0,0.0
2,0.0,0.0,14.8101,1.0,0,2,62.0,1.7,2.2215,2.438,0.0,1,0.0,1.9367,1.5,0.0,0.0,0,0.0
2,0.0,0.0,10.3279,1.0,1,3,61.6667,1.3,1.5492,1.5197,0.0,1,0.0,1.918,1.5,0.0,0.0,0,0.0
2,0.0,0.0,9.0,0.6667,0,2,68.75,1.3,1.35,2.39,0.0,0,0.0,1.3,1.5,0.0,0.0,0,0.0
2,0.09,0.01,15.0,0.6667,1,3,73.0,2.7,2.25,1.1,0.0,1,0.0222,2.7,1.5,0.09,0.0025,1,0.01
2,0.0,0.01,9.0,0.3333,0,2,82.0,1.8,1.35,1.82,0.0,0,0.0198,1.8,1.5,0.0,0.0044,0,0.01
2,0.0,0.01,9.0,1.0,1,3,84.2,2.3,1.35,1.07,0.0,2,0.0192,2.3,1.5,0.0,0.0064,0,0.01
2,0.08,0.0,5.0,0.6667,0,4,90.0,2.6,0.75,4.11,0.0,0,0.034,2.6,1.5,0.08,0.006,0,0.0
2,0.02,0.01,14.0,1.3333,1,3,90.0,1.8,2.1,0.84,0.0,2,0.038,1.8,1.5,0.02,0.008,0,0.01
2,0.0,0.08,11.0,1.3333,0,2,90.0,2.0,1.65,0.83,0.0,2,0.02,2.0,1.5,0.0,0.022,0,0.08
2,0.0,0.01,13.0,2.0,1,4,90.0,2.0,1.95,0.91,0.0,2,0.02,2.0,1.5,0.0,0.022,0,0.01
2,0.0,0.0,10.0,2.0,0,4,90.0,2.2,1.5,2.43,0.0,2,0.02,2.2,1.5,0.0,0.02,0,0.0
2,0.0,0.01,11.0,1.6667,0,3,90.0,2.5,1.65,2.71,0.0,1,0.004,2.5,1.5,0.0,0.022,1,0.01
2,0.0,0.0,8.0,0.6667,1,4,81.0,0.6,1.2,3.22,0.0,-1,0.0,1.2,1.5,0.0,0.0222,0,0.0
2,0.06,0.0,12.0,0.3333,0,3,81.0,1.4,1.8,2.5,0.0,1,0.0133,1.4,1.5,0.06,0.0044,1,0.0
2,0.02,0.02,7.0,0.0,1,3,81.0,2.7,1.05,1.45,0.0,0,0.0178,2.7,1.5,0.02,0.0067,0,0.02
3,0.0,0.0,13.0645,2.0,0,3,62.0,1.4,1.3065,1.7129,0.0,2,0.0,2.0323,1.5,0.0,0.0,0,0.0
3,0.0,0.01,20.0,2.0,1,2,76.0,3.6,2.0,1.21,0.0,2,0.0,3.6,1.5,0.0,0.0059,0,0.01
3,0.0,0.0931,17.5862,2.3333,0,2,79.6667,6.6,1.7586,1.6966,0.0,3,0.0,6.8276,1.5,0.0,0.0377,0,0.09
3,0.1108,0.4569,20.7692,2.3333,1,4,76.0,6.6,2.0769,0.0692,0.0,2,0.0237,9.1385,1.5,0.08,0.1273,0,0.33
3,0.09,0.0,9.0,2.6667,0,2,74.8,0.5,0.9,1.2214,0.0,3,0.0361,0.6429,1.5,0.07,0.1035,0,0.0
3,0.0,0.0562,11.25,2.6667,1,3,78.4,3.2,1.125,0.7425,0.0,3,0.0344,3.6,1.5,0.0,0.1102,0,0.05
3,0.0228,0.3532,14.8101,2.6667,0,4,76.2,3.6,1.481,1.0481,0.0,2,0.0402,4.1013,1.5,0.02,0.1843,1,0.31
3,0.0,0.0212,10.5882,2.3333,0,2,75.8,1.4,1.0588,1.2388,0.0,2,0.0404,1.4824,1.5,0.0,0.1686,0,0.02
3,0.0,0.15,22.0,3.0,1,2,80.8,4.7,2.2,1.91,0.0,5,0.02,4.7,1.5,0.0,0.1181,0,0.15
3,0.08,0.01,14.0,3.3333,0,3,84.8,4.0,1.4,2.87,0.0,3,0.0212,4.0,1.5,0.08,0.1146,0,0.01
3,0.0,0.48,25.5,3.3333,1,3,80.8,3.1,2.55,1.86,0.0,2,0.0223,4.65,1.5,0.0,0.1804,0,0.32
3,0.0878,0.022,5.4878,2.3333,1,3,81.4,2.9,0.5488,0.1098,0.0,2,0.0354,3.1829,1.5,0.08,0.115,0,0.02
3,0.02,0.03,26.0,4.0,0,3,82.4,7.0,2.6,1.14,0.0,8,0.0393,7.0,1.5,0.02,0.1158,0,0.03
3,0.0,0.07,11.0,4.3333,1,2,82.4,2.9,1.1,0.35,0.0,3,0.0393,2.9,1.5,0.0,0.0983,0,0.07
3,0.03,0.03,13.0,5.3333,0,3,82.4,4.2,1.3,1.57,0.0,5,0.0284,4.2,1.5,0.03,0.1027,1,0.03
3,0.0,0.0628,13.6047,3.6667,1,3,87.6,1.6,1.3605,1.1302,0.0,3,0.0267,1.6744,1.5,0.0,0.0432,0,0.06
1,0.0,0.0,8.0,2.0,0,3,90.0,0.3,0.0,0.96,0.0,2,0.0,0.3,1.5,0.0,0.0,0,0.0
1,0.0,0.03,12.0,1.5,1,4,90.0,1.4,0.0,0.48,2.0,1,0.0,1.4,1.5,0.0,0.015,0,0.03
1,0.0,0.0,26.0,3.6667,1,3,90.0,2.2,0.0,0.56,3.0,8,0.0,2.2,1.5,0.0,0.01,0,0.0
1,0.0,0.0,11.0,3.0,0,3,90.0,1.9,0.0,3.57,2.0,0,0.0,1.9,1.5,0.0,0.0075,0,0.0
1,0.0,0.0,9.0,3.3333,1,4,90.0,0.6,0.0,2.07,1.0,2,0.0,0.6,1.5,0.0,0.006,0,0.0
1,0.0,0.0,14.0,1.6667,0,2,90.0,2.4,0.0,0.46,3.0,3,0.0,2.4,1.5,0.0,0.006,0,0.0
1,0.0,0.0,12.0,2.3333,0,3,90.0,1.9,0.0,0.6,3.0,2,0.0,1.9,1.5,0.0,0.0,0,0.0
1,0.0,0.0,11.0,2.3333,1,4,90.0,1.9,0.0,1.19,2.0,2,0.0,1.9,1.5,0.0,0.0,0,0.0
1,0.0,0.01,12.0,2.0,1,2,90.0,1.7,0.0,1.48,2.0,2,0.0,1.7,1.5,0.0,0.002,0,0.01
1,0.0,0.0,18.0,2.0,0,3,90.0,3.4,0.0,1.48,5.0,2,0.0,3.4,1.5,0.0,0.002,0,0.0
1,0.0,0.0,9.0,1.6667,1,3,90.0,1.0,0.0,1.07,1.0,1,0.0,1.0,1.5,0.0,0.002,0,0.0
1,0.0,0.01,12.0,1.3333,0,2,90.0,1.7,0.0,0.45,2.0,1,0.0,1.7,1.5,0.0,0.004,0,0.01
1,0.0,0.01,13.0,1.3333,1,3,90.0,2.1,0.0,0.84,3.0,2,0.0,2.1,1.5,0.0,0.006,0,0.01
1,0.0,0.03,15.0,2.0,0,3,90.0,3.1,0.0,2.27,4.0,3,0.0,3.1,1.5,0.0,0.01,1,0.03
1,0.0,0.0,11.0,2.0,1,2,90.0,1.3,0.0,1.81,2.0,1,0.0,1.3,1.5,0.0,0.01,0,0.0
1,0.0,0.0,13.0,2.0,0,2,90.0,3.4,0.0,1.21,2.0,2,0.0,3.4,1.5,0.0,0.01,0,0.0
4,0.0,0.0,270.0,1.0,0,3,1.0,0.2,0.0,0.0,0.0,1,0.0,18.0,1.5,0.0,0.0,0,0.0
4,0.0,0.0,180.0,1.0,1,3,1.0,0.0,0.0,0.0,0.0,1,0.0,0.0,1.5,0.0,0.0,0,0.0
4,0.0,0.0,9.0,1.0,0,2,4.0,0.7,0.0,0.54,0.0,1,0.0,6.3,1.5,0.0,0.0,1,0.0
4,0.0,0.0,135.0,1.0,0,3,3.5,0.0,0.0,3.15,0.0,1,0.0,0.0,1.5,0.0,0.0,0,0.0
3,0.0,0.0,270.0,1.0,1,3,1.0,0.0,27.0,0.0,0.0,1,0.0,0.0,1.5,0.0,0.0,1,0.0
2,0.0,0.0,90.0,1.0,0,3,1.0,0.0,13.5,3.6,0.0,1,0.0,0.0,1.5,0.0,0.0,0,0.0
2,0.04,0.21,10.0,0.5,1,3,45.5,3.3,1.5,1.3,0.0,0,0.0396,3.3,1.5,0.04,0.2077,0,0.21
2,0.02,0.06,6.0,0.3333,0,3,60.3333,2.7,0.9,2.26,0.0,0,0.0298,2.7,1.5,0.02,0.1343,1,0.06
2,0.0,0.0,180.0,0.3333,1,2,45.5,0.5,27.0,0.0,0.0,1,0.0297,45.0,1.5,0.0,0.1335,0,0.0
2,0.04,0.04,18.0,0.6667,1,3,45.4,3.7,2.7,0.96,0.0,1,0.0317,7.4,1.5,0.02,0.115,0,0.02
2,0.135,0.1012,5.625,1.3333,1,2,61.2,5.3,0.8438,1.1475,0.0,2,0.0588,5.9625,1.5,0.12,0.1118,1,0.09
3,0.0,0.0,13.8462,1.0,1,4,26.0,1.4,1.3846,0.3115,0.0,1,0.0,4.8462,1.5,0.0,0.0,0,0.0
3,0.0228,0.0,5.6962,1.5,0,2,52.5,2.7,0.5696,3.019,0.0,2,0.0171,3.0759,1.5,0.02,0.0,0,0.0
3,0.0,0.0107,15.0,1.6667,1,3,63.0,2.8,1.5,1.0821,0.0,2,0.0095,3.0,1.5,0.0,0.0048,0,0.01
3,0.0,0.01,12.0,2.0,0,2,69.75,1.7,1.2,1.65,0.0,2,0.0065,1.7,1.5,0.0,0.0065,0,0.01
3,0.0,0.12,17.0,1.6667,1,2,73.8,8.0,1.7,0.37,0.0,1,0.0049,8.0,1.5,0.0,0.0341,0,0.12
3,0.0,0.02,11.0,1.0,0,2,86.6,1.1,1.1,1.02,0.0,0,0.0042,1.1,1.5,0.0,0.0333,0,0.02
3,0.0,0.07,7.0,1.0,1,3,88.8,1.4,0.7,2.18,0.0,2,0.0,1.4,1.5,0.0,0.0466,0,0.07
3,0.0,0.01,6.0,1.3333,0,2,90.0,3.0,0.6,2.99,0.0,2,0.0,3.0,1.5,0.0,0.046,1,0.01
3,0.0,0.05,17.0,2.0,0,3,90.0,2.4,1.7,2.82,0.0,2,0.0,2.4,1.5,0.0,0.054,1,0.05
3,0.0,0.52,20.0,2.0,1,4,90.0,5.0,2.0,1.49,0.0,2,0.0,5.0,1.5,0.0,0.134,0,0.52
3,0.0,0.0145,11.6129,1.6667,0,3,84.4,1.9,1.1613,2.7581,0.0,1,0.0,2.7581,1.5,0.0,0.1408,0,0.01
3,0.0,0.0,14.7541,1.6667,1,3,78.6,0.6,1.4754,3.2016,0.0,2,0.0,0.8852,1.5,0.0,0.1351,0,0.0
4,0.0,0.0,180.0,1.0,1,2,1.0,0.2,0.0,0.0,0.0,1,0.0,18.0,1.5,0.0,0.0,0,0.0
4,0.0,0.15,-15.0,0.5,0,3,3.5,0.0,0.0,1.95,0.0,0,0.0,0.0,1.5,0.0,0.1286,0,0.01
2,0.0,0.0,6.6667,1.0,0,4,27.0,0.3,1.0,0.9,0.0,1,0.0,1.0,1.5,0.0,0.0,0,0.0
3,0.0,0.0,30.0,1.0,1,3,9.0,0.1,3.0,0.0,0.0,1,0.0,1.0,1.5,0.0,0.0,0,0.0
3,2.1,0.0,126.0,3.5,1,4,12.0,6.7,12.6,0.12,0.0,6,1.3125,40.2,1.5,0.35,0.0,0,0.0
3,0.0,0.0,30.0,2.6667,0,3,11.0,0.1,3.0,1.4,0.0,1,0.9545,1.0,1.5,0.0,0.0,0,0.0
3,0.0,0.0,270.0,1.0,1,3,1.0,0.0,27.0,0.9,0.0,1,0.0,0.0,1.5,0.0,0.0,0,0.0
4,0.0434,0.0,6.506,2.0,0,3,83.0,1.3,0.0,1.0518,0.0,2,0.0434,1.4096,1.5,0.04,0.0,0,0.0
4,0.072,0.024,1.2,2.0,0,4,79.0,0.7,0.0,0.984,0.0,2,0.057,0.84,1.5,0.06,0.0114,1,0.02
4,0.0,0.0,30.0,1.6667,1,2,57.6667,0.2,0.0,0.6,0.0,1,0.052,1.2,1.5,0.0,0.0104,0,0.0
2,0.0,0.0,72.0,1.0,1,3,5.0,1.5,10.8,10.26,0.0,1,0.0,27.0,1.5,0.0,0.0,0,0.0
3,0.0,0.0,270.0,1.0,1,2,1.0,0.0,27.0,0.0,0.0,1,0.0,0.0,1.5,0.0,0.0,1,0.0
2,0.0,0.0,8.0,1.0,1,4,45.0,0.2,1.2,0.96,0.0,1,0.0,0.4,1.5,0.0,0.0,0,0.0
2,0.0,0.0247,12.3288,1.0,0,3,59.0,0.9,1.8493,2.4534,0.0,1,0.0,1.1096,1.5,0.0,0.0153,0,0.02
2,0.0,0.3,120.0,1.0,0,4,40.3333,0.4,18.0,2.7,0.0,1,0.0,12.0,1.5,0.0,0.0223,0,0.01
2,0.0,0.0,54.0,1.0,1,3,31.5,0.1,8.1,0.0,0.0,1,0.0,1.8,1.5,0.0,0.0214,0,0.0
4,0.0,0.0,90.0,1.0,1,3,1.0,0.0,0.0,0.0,0.0,1,0.0,0.0,1.5,0.0,0.0,1,0.0
4,0.0,0.0,18.0,1.0,0,2,5.5,0.2,0.0,2.88,0.0,1,0.0,1.8,1.5,0.0,0.0,0,0.0
4,0.0,0.0,135.0,1.0,1,3,4.3333,0.0,0.0,0.0,0.0,1,0.0,0.0,1.5,0.0,0.0,0,0.0
2,0.0,0.0,90.0,1.0,0,3,3.0,0.1,13.5,0.0,0.0,1,0.0,3.0,1.5,0.0,0.0,0,0.0
3,0.0,0.0,270.0,1.0,1,3,1.0,0.1,27.0,4.5,0.0,1,0.0,9.0,1.5,0.0,0.0,0,0.0
3,0.0,0.0,45.0,1.0,0,2,1.5,0.0,4.5,0.0,0.0,1,0.0,0.0,1.5,0.0,0.0,1,0.0
